Terme_Wikidata,ID_Wikidata,Match_1_IEML,Score_1,Match_2_IEML,Score_2,Match_3_IEML,Score_3
maître de chapelle,Q215793,agent de,0.2727,ancêtre,0.1959,manager,0.0856
informaticien ou informaticienne,Q82594,informaticien,0.9882,réformateur,0.2947,politicien,0.2734
South Asianist,Q105397736,assureur,0.1309,étudiant,0.1248,acteurs sociaux,0.0742
spécialiste de l'Asie de l'Est,Q84505214,journaliste,0.3615,agent de,0.3054,activiste,0.154
chanteur ou chanteuse,Q177220,inventeur,0.4251,acteur,0.1658,auteur,0.143
orientaliste,Q1731155,journaliste,0.5182,activiste,0.2208,archiviste,0.2003
commissaire municipal,Q4573805,notaire,0.2605,publicitaire,0.219,secrétaire,0.207
patriot,Q16351788,partenaire,0.2059,guerrier,0.0,législateur,0.0
militant ou militante politique,Q11499147,politicien,0.3756,consultant,0.1885,familier,0.1841
musicien ou musicienne,Q639669,musicien,0.9799,politicien,0.2255,technicien,0.2176
activité,Q1914636,activiste,0.7447,acteur,0.2396,acteurs sociaux,0.1239
travail,Q192581,travailleur social,0.5949,traducteur,0.1327,transporteur,0.111
employment opportunities,Q2266417,mentor,0.2286,transporteur,0.1925,client,0.174
professeur d'histoire,Q58209937,investisseur,0.3468,précurseur,0.2416,procureur,0.2073
professeur de géographie,Q100709106,cartographe,0.3597,investisseur,0.246,précurseur,0.1713
éditeur ou éditrice,Q1607826,éditeur,0.9304,médiateur,0.1344,acteur,0.0931
juge,Q16533,juré,0.3333,traducteur,0.0,spectateur,0.0
artiste de concept,Q28107590,archiviste,0.2535,activiste,0.2161,agent de,0.2143
écologue,Q15839134,écologiste,0.5256,psychologue,0.4607,guerrier,0.0431
mathématicien ou mathématicienne,Q170790,informaticien,0.6181,politicien,0.3695,musicien,0.2591
statisticien ou statisticienne,Q2732142,politicien,0.4365,informaticien,0.4231,musicien,0.3061
harpiste,Q3127709,activiste,0.3698,archiviste,0.3355,secouriste,0.3339
luthiste,Q21166956,activiste,0.4206,archiviste,0.3816,secouriste,0.3798
enseignant ou enseignante,Q37226,enseignant,0.9771,infirmier / soignant,0.2664,enfant,0.0992
être humain,Q5,ancêtre,0.519,témoin,0.0773,voisin,0.0773
orateur ou oratrice,Q12859263,médiateur,0.3571,fondateur,0.3538,spectateur,0.333
propriétaire de biens,Q12794619,secrétaire,0.4561,notaire,0.3735,publicitaire,0.274
fraude fiscale,Q6502151,agent de,0.1389,frère/socur,0.1153,bénévole,0.112
protestation,Q273120,relation publique,0.3725,procureur,0.1526,producteur,0.1522
scientifique des religions,Q19829980,relation publique,0.3949,client,0.1523,agent de,0.1125
handball national coach,Q63349579,relation publique,0.2811,fonctionnaire,0.1468,allié,0.0953
Bundestrainer,Q115042469,vendeur,0.1286,défendeur,0.1071,investisseur,0.107
artisan manuel,Q19101121,manager,0.2326,guide spirituel,0.171,archiviste,0.0702
blogueur ou blogueuse,Q8246794,psychologue,0.3816,joueur,0.2399,guerrier,0.0704
auteur ou autrice de non-fiction,Q15980158,auteur,0.7176,fonctionnaire,0.1634,relation publique,0.1513
biologiste moléculaire,Q15839206,écologiste,0.6741,notaire,0.1988,activiste,0.173
botaniste,Q2374149,activiste,0.3339,archiviste,0.3029,secouriste,0.3015
écologiste,Q3578589,écologiste,1.0,activiste,0.1594,archiviste,0.1446
défenseur des droits de l'Homme,Q1476215,défendeur,0.4674,agent de,0.2277,précurseur,0.14
musicien ou musicienne,Q639669,musicien,0.9799,politicien,0.2255,technicien,0.2176
musicien ou musicienne,Q639669,musicien,0.9799,politicien,0.2255,technicien,0.2176
prêtre anglican,Q3409375,ancêtre,0.5401,publicitaire,0.089,policier,0.0743
professionnel des musées,Q47090899,musicien,0.2272,procureur,0.1703,producteur,0.1699
photographe,Q33231,cartographe,0.7546,philosophe,0.1521,pharmacien,0.0399
chercheur ou chercheuse,Q1650915,archiviste,0.1748,ouvrier,0.1058,acteur,0.0897
anthropogéographe,Q60332470,cartographe,0.6694,philosophe,0.1221,ancêtre,0.0601
föreståndare,Q101248873,fondateur,0.1525,investisseur,0.1187,père,0.1027
chercheur ou chercheuse en sciences sociales,Q15319501,travailleur social,0.3971,acteurs sociaux,0.321,musicien,0.1212
professeur de langues,Q30002353,investisseur,0.3257,précurseur,0.2268,agent de,0.2207
professeur de langues,Q30002353,investisseur,0.3257,précurseur,0.2268,agent de,0.2207
professeur de langues,Q30002353,investisseur,0.3257,précurseur,0.2268,agent de,0.2207
professeur de langues,Q30002353,investisseur,0.3257,précurseur,0.2268,agent de,0.2207
enseignant ou enseignante,Q37226,enseignant,0.9771,infirmier / soignant,0.2664,enfant,0.0992
professeur de langues,Q30002353,investisseur,0.3257,précurseur,0.2268,agent de,0.2207
professeur de langues,Q30002353,investisseur,0.3257,précurseur,0.2268,agent de,0.2207
professeur de langues,Q30002353,investisseur,0.3257,précurseur,0.2268,agent de,0.2207
professeur de science,Q101445634,investisseur,0.3156,précurseur,0.2198,agent de,0.2139
enseignant ou enseignante,Q37226,enseignant,0.9771,infirmier / soignant,0.2664,enfant,0.0992
athlète,Q2066131,hôte,0.2343,adulte,0.182,activiste,0.1553
membre d'équipe de cinéma,Q17291399,agent de,0.2883,mere,0.169,citoyen,0.0902
aircrew member,Q373021,mere,0.1707,aidant,0.1601,mentor,0.1295
steward,Q95613235,activiste,0.1748,archiviste,0.1586,secouriste,0.1578
travailleurs du secteur aérien,Q57610536,travailleur social,0.6399,lecteur,0.2614,acteurs sociaux,0.2147
professeur de langues,Q30002353,investisseur,0.3257,précurseur,0.2268,agent de,0.2207
professeur de langues,Q30002353,investisseur,0.3257,précurseur,0.2268,agent de,0.2207
océanographe,Q3546255,cartographe,0.7031,philosophe,0.1283,guerrier,0.0
professeur ou professeure de musique,Q2675537,investisseur,0.2976,procureur,0.2124,musicien,0.2118
violoniste,Q1259917,écologiste,0.4228,activiste,0.3769,archiviste,0.3419
professeur ou professeure de musique,Q2675537,investisseur,0.2976,procureur,0.2124,musicien,0.2118
violoncelliste,Q13219637,journaliste,0.4084,écologiste,0.2865,activiste,0.2554
professeur ou professeure de musique,Q2675537,investisseur,0.2976,procureur,0.2124,musicien,0.2118
altiste,Q899758,activiste,0.3067,archiviste,0.2783,secouriste,0.277
professeur ou professeure de musique,Q2675537,investisseur,0.2976,procureur,0.2124,musicien,0.2118
flûtiste,Q12902372,activiste,0.3698,archiviste,0.3355,secouriste,0.3339
professeur ou professeure de musique,Q2675537,investisseur,0.2976,procureur,0.2124,musicien,0.2118
guitariste,Q855091,secouriste,0.4118,activiste,0.2426,archiviste,0.2201
professeur ou professeure de musique,Q2675537,investisseur,0.2976,procureur,0.2124,musicien,0.2118
percussionniste,Q4351403,activiste,0.3108,archiviste,0.2819,secouriste,0.2806
fonction,Q4164871,fonctionnaire,0.671,relation publique,0.197,fondateur,0.1348
entraîneur sportif,Q41583,entrepreneur,0.4025,transporteur,0.3451,spectateur,0.0793
arbitre sportif ou arbitre sportive,Q202648,transporteur,0.3527,ancêtre,0.1699,archiviste,0.0635
commis,Q738142,comptable,0.3461,consultant,0.0991,guerrier,0.0
fonction,Q4164871,fonctionnaire,0.671,relation publique,0.197,fondateur,0.1348
directeur ou directrice,Q1162163,lecteur,0.4729,inspecteur,0.3673,acteur,0.2853
biologie,Q420,écologiste,0.4815,psychologue,0.1978,juré,0.0
biomédecine,Q864601,médecin,0.8287,médiateur,0.0587,guerrier,0.0
pédiatrie,Q123028,médiateur,0.5376,éditeur,0.0898,ouvrier,0.082
orthodox deacon,Q105169009,agent de,0.1358,consultant,0.0999,transporteur,0.0957
professeur de cuivre,Q103958625,investisseur,0.3176,précurseur,0.2212,agent de,0.2152
trompettiste,Q12377274,activiste,0.3135,archiviste,0.2844,secouriste,0.2831
mathématicien ou mathématicienne,Q170790,informaticien,0.6181,politicien,0.3695,musicien,0.2591
applied scientist,Q102323692,client,0.3427,musicien,0.1661,politicien,0.148
évêque catholique,Q611644,relation publique,0.4001,psychologue,0.1079,avocat,0.0563
western bishop,Q104049627,investisseur,0.1478,activiste,0.1064,archiviste,0.0966
clerc catholique romain,Q105200154,relation publique,0.3541,psychologue,0.0871,client,0.0703
Roman Catholic,Q7361618,policier,0.2431,avocat,0.0942,diplomate,0.077
armurier,Q1371796,ouvrier,0.3763,guerrier,0.3483,policier,0.1382
évêque protestant,Q102040941,consultant,0.2745,procureur,0.1662,producteur,0.1658
neurobiologiste,Q6337803,écologiste,0.7353,activiste,0.1886,archiviste,0.1712
scientifique numéricien,Q5157338,musicien,0.3895,politicien,0.3471,technicien,0.335
métier du théâtre,Q15839299,ancêtre,0.2579,ouvrier,0.1707,policier,0.1701
auteur ou autrice,Q482980,auteur,0.9201,acteur,0.116,lecteur,0.0955
peintre,Q1028181,ancêtre,0.2667,entrepreneur,0.2507,mere,0.0778
technicien ou technicienne,Q5352191,technicien,0.9852,musicien,0.2158,politicien,0.1923
stagehand,Q2328828,agent de,0.2483,manager,0.2208,guerrier,0.0
métier du théâtre,Q15839299,ancêtre,0.2579,ouvrier,0.1707,policier,0.1701
athlète,Q2066131,hôte,0.2343,adulte,0.182,activiste,0.1553
guerrier,Q1250916,guerrier,1.0,ouvrier,0.2301,policier,0.0845
universitaire,Q3400985,publicitaire,0.5629,notaire,0.4995,secrétaire,0.397
personnel académique,Q5428874,relation publique,0.3119,acteur,0.0901,syndiqué,0.0632
être humain,Q5,ancêtre,0.519,témoin,0.0773,voisin,0.0773
statut légal,Q2628882,législateur,0.2762,spectateur,0.1008,travailleur social,0.0706
archiviste,Q635734,archiviste,1.0,activiste,0.3964,secouriste,0.1449
musicologue,Q14915627,musicien,0.4529,psychologue,0.4298,écologiste,0.2347
anthropologue,Q4773904,psychologue,0.563,écologiste,0.1399,ancêtre,0.0654
militant ou militante,Q15253558,consultant,0.2383,familier,0.2326,enfant,0.0938
défenseur des droits de l'Homme,Q1476215,défendeur,0.4674,agent de,0.2277,précurseur,0.14
océanographe,Q3546255,cartographe,0.7031,philosophe,0.1283,guerrier,0.0
océanographe,Q3546255,cartographe,0.7031,philosophe,0.1283,guerrier,0.0
chanteur ou chanteuse,Q177220,inventeur,0.4251,acteur,0.1658,auteur,0.143
criminel ou criminelle,Q2159907,ouvrier,0.1278,bénévole,0.0935,comptable,0.0877
militant ou militante politique,Q11499147,politicien,0.3756,consultant,0.1885,familier,0.1841
artiste interprète,Q713200,archiviste,0.3324,activiste,0.2913,secouriste,0.263
chanteur ou chanteuse,Q177220,inventeur,0.4251,acteur,0.1658,auteur,0.143
gospel musician,Q63243029,musicien,0.7153,étudiant,0.0584,inspecteur,0.0492
directeur ou directrice,Q1162163,lecteur,0.4729,inspecteur,0.3673,acteur,0.2853
archéologue,Q3621491,psychologue,0.4993,archiviste,0.2991,écologiste,0.1241
scientifique,Q901,relation publique,0.3032,client,0.1961,musicien,0.1323
scientifique,Q901,relation publique,0.3032,client,0.1961,musicien,0.1323
entreprise individuelle,Q2912172,entrepreneur,0.575,inventeur,0.0596,syndiqué,0.0485
évêque,Q29182,relation publique,0.2684,psychologue,0.0919,juré,0.0
éparque,Q18246606,relation publique,0.2055,époux,0.1331,partenaire,0.0936
évêque orthodoxe oriental,Q102385896,client,0.2093,relation publique,0.1618,ouvrier,0.0749
éparque,Q18246606,relation publique,0.2055,époux,0.1331,partenaire,0.0936
commerçant,Q215536,comptable,0.2522,consultant,0.2022,enfant,0.1789
archiviste,Q635734,archiviste,1.0,activiste,0.3964,secouriste,0.1449
personnalité politique,Q82955,politicien,0.5083,policier,0.2419,relation publique,0.1787
orateur ou oratrice,Q12859263,médiateur,0.3571,fondateur,0.3538,spectateur,0.333
député,Q1055894,défendeur,0.223,guerrier,0.0,législateur,0.0
technicien ou technicienne,Q5352191,technicien,0.9852,musicien,0.2158,politicien,0.1923
éditeur ou éditrice,Q1607826,éditeur,0.9304,médiateur,0.1344,acteur,0.0931
rôle,Q4897819,bénévole,0.2003,comptable,0.1879,guerrier,0.0
ingénieur ou ingénieure,Q81096,inventeur,0.1874,inspecteur,0.1802,innovateur,0.1759
agronome,Q1781198,agent de,0.2716,guerrier,0.0,frère/socur,0.0
ingénieur ou ingénieure,Q81096,inventeur,0.1874,inspecteur,0.1802,innovateur,0.1759
artiste interprète,Q713200,archiviste,0.3324,activiste,0.2913,secouriste,0.263
mannequin de charme,Q3286043,agent de,0.2388,manager,0.2124,pharmacien,0.1902
travailleur ou travailleuse du sexe,Q852857,travailleur social,0.7965,traducteur,0.1145,transporteur,0.0958
artiste visuel ou artiste visuelle,Q3391743,archiviste,0.3556,activiste,0.3172,secouriste,0.2301
artiste,Q483501,archiviste,0.3646,activiste,0.3108,secouriste,0.2806
harceleur,Q3824194,travailleur social,0.2399,acteur,0.0897,archiviste,0.0874
aide à l'enfance,Q66305973,enfant,0.4604,aidant,0.2279,guide spirituel,0.1328
géographe,Q901402,cartographe,0.7031,philosophe,0.1283,guerrier,0.0
écrivain ou écrivaine,Q36180,écologiste,0.1108,travailleur social,0.0853,cultivateur / éleveur,0.0847
éducateur ou éducatrice,Q974144,éditeur,0.2431,traducteur,0.1835,producteur,0.1817
Other Teaching Professional,Q108285020,procureur,0.1963,producteur,0.1958,technicien,0.0751
enseignant ou enseignante,Q37226,enseignant,0.9771,infirmier / soignant,0.2664,enfant,0.0992
militant ou militante politique,Q11499147,politicien,0.3756,consultant,0.1885,familier,0.1841
magistrat ou magistrate,Q4594605,écologiste,0.2406,manager,0.1066,législateur,0.097
fonction,Q4164871,fonctionnaire,0.671,relation publique,0.197,fondateur,0.1348
chanoine,Q1104153,témoin,0.2606,guerrier,0.0,diplomate,0.0
chef ou cheffe de chœur,Q1076502,agent de,0.3836,ouvrier,0.1246,guide spirituel,0.0699
évêque gréco-catholique,Q102392295,relation publique,0.3909,psychologue,0.1054,avocat,0.055
ordinaire,Q1638918,partenaire,0.5009,fonctionnaire,0.4316,notaire,0.367
croyant ou croyante,Q17573152,enfant,0.2356,aidant,0.2332,étudiant,0.1948
sociologue,Q2306091,psychologue,0.5177,acteurs sociaux,0.2227,travailleur social,0.1896
artisan,Q1294787,archiviste,0.1227,investisseur,0.1106,partenaire,0.1022
sculpteur ou sculptrice,Q1281618,cultivateur / éleveur,0.2503,acteur,0.2065,auteur,0.178
scientifique de l'esprit,Q16727193,agent de,0.2607,relation publique,0.2534,client,0.1639
thérapeute,Q2419397,auteur,0.1969,cartographe,0.1176,hôte,0.1017
médecin,Q39631,médecin,1.0,médiateur,0.146,voisin,0.0457
professionnel ou professionnelle de la santé,Q11974939,procureur,0.2055,producteur,0.205,fonctionnaire,0.1898
expert,Q381160,guerrier,0.0,traducteur,0.0,spectateur,0.0
ingénieur du son,Q128124,inventeur,0.1595,inspecteur,0.1534,innovateur,0.1497
pilote,Q378622,philosophe,0.161,hôte,0.132,adulte,0.1025
aviateur ou aviatrice,Q2095549,médiateur,0.4488,fondateur,0.1878,spectateur,0.1769
producteur,Q13235160,producteur,1.0,traducteur,0.4194,acteur,0.2505
localité,Q486972,avocat,0.1491,politicien,0.1247,journaliste,0.1118
créateur ou créatrice,Q2500638,médiateur,0.2514,fondateur,0.249,spectateur,0.2344
instrumentiste,Q1278335,activiste,0.2515,archiviste,0.2281,secouriste,0.2271
avocat ou avocate,Q40348,avocat,0.9493,diplomate,0.0554,ouvrier,0.0341
explorateur ou exploratrice,Q11900058,médiateur,0.2514,fondateur,0.249,spectateur,0.2344
métier du théâtre,Q15839299,ancêtre,0.2579,ouvrier,0.1707,policier,0.1701
chercheur ou chercheuse,Q1650915,archiviste,0.1748,ouvrier,0.1058,acteur,0.0897
cordonnier,Q152355,ouvrier,0.2016,policier,0.2009,officier,0.1925
artisan,Q1294787,archiviste,0.1227,investisseur,0.1106,partenaire,0.1022
personnalité du monde de la mode,Q27943370,agent de,0.2857,journaliste,0.1356,fonctionnaire,0.1242
maroquinier,Q16402902,banquier,0.3,ouvrier,0.1968,policier,0.1961
shoemakers and related workers,Q108290642,relation publique,0.36,législateur,0.1211,acteurs sociaux,0.0949
contrebandier,Q17176618,consultant,0.1874,banquier,0.1847,entrepreneur,0.172
technicien ou technicienne,Q5352191,technicien,0.9852,musicien,0.2158,politicien,0.1923
technicien ou technicienne,Q5352191,technicien,0.9852,musicien,0.2158,politicien,0.1923
architecte,Q42973,archiviste,0.5309,lecteur,0.1686,inspecteur,0.1309
guide,Q14290559,guide spirituel,0.5733,agent de,0.0664,guerrier,0.0567
physicien ou physicienne,Q169470,musicien,0.6213,politicien,0.3222,technicien,0.3109
historien ou historienne des sciences,Q16063546,musicien,0.2146,politicien,0.1912,technicien,0.1845
historien ou historienne des technologies,Q17486338,technicien,0.43,écologiste,0.2526,ouvrier,0.1231
prêtre catholique,Q250867,relation publique,0.321,ancêtre,0.296,psychologue,0.0789
prêtre oriental,Q104050279,ancêtre,0.4031,client,0.1849,entrepreneur,0.0826
Eastern Catholic,Q117942801,policier,0.2662,avocat,0.1032,psychologue,0.074
building caretakers,Q108290507,cartographe,0.2769,acteurs sociaux,0.0928,législateur,0.0
entraîneur sportif,Q41583,entrepreneur,0.4025,transporteur,0.3451,spectateur,0.0793
militant ou militante politique,Q11499147,politicien,0.3756,consultant,0.1885,familier,0.1841
extrémiste,Q104080200,activiste,0.4206,archiviste,0.3816,secouriste,0.3798
détaillant,Q12049274,secrétaire,0.1978,travailleur social,0.1652,enfant,0.1441
entrepreneur ou entrepreneuse,Q131524,entrepreneur,0.9808,inventeur,0.0404,ancêtre,0.0385
designer,Q5322166,agent de,0.179,infirmier / soignant,0.1351,enseignant,0.1131
biotechnologiste,Q864835,écologiste,0.6645,technicien,0.2744,activiste,0.1705
horticulteur,Q3140857,cultivateur / éleveur,0.2649,adulte,0.2571,acteur,0.1853
botaniste,Q2374149,activiste,0.3339,archiviste,0.3029,secouriste,0.3015
personnalité liée au droit,Q57735705,journaliste,0.1937,fonctionnaire,0.1774,auteur,0.103
media executive,Q108800680,mere,0.1832,mentor,0.139,médiateur,0.1276
personne de la presse écrite,Q96050759,agent de,0.2432,guide spirituel,0.0973,écologiste,0.0949
scientifique,Q901,relation publique,0.3032,client,0.1961,musicien,0.1323
militaire,Q47064,publicitaire,0.465,notaire,0.4127,secrétaire,0.328
cinéaste,Q1414443,activiste,0.196,archiviste,0.1779,secouriste,0.177
amateur,Q455595,réformateur,0.4011,amant/e,0.2473,médiateur,0.2429
scientifique,Q901,relation publique,0.3032,client,0.1961,musicien,0.1323
policier ou policière,Q384593,policier,0.9261,politicien,0.3633,officier,0.2039
historien ou historienne,Q201788,ouvrier,0.1787,musicien,0.1431,mentor,0.1408
artiste,Q483501,archiviste,0.3646,activiste,0.3108,secouriste,0.2806
créateur ou créatrice de contenu,Q109459317,agent de,0.195,médiateur,0.1792,fondateur,0.1775
créateur ou créatrice numérique,Q111263847,relation publique,0.2451,médiateur,0.1919,fondateur,0.1901
chanteur ou chanteuse,Q177220,inventeur,0.4251,acteur,0.1658,auteur,0.143
rockeur,Q29017403,procureur,0.2864,acteur,0.1682,cultivateur / éleveur,0.1472
chanteur ou chanteuse,Q177220,inventeur,0.4251,acteur,0.1658,auteur,0.143
dansband musician,Q104224753,musicien,0.6893,aidant,0.0673,étudiant,0.0563
musicien ou musicienne,Q639669,musicien,0.9799,politicien,0.2255,technicien,0.2176
chanteur ou chanteuse,Q177220,inventeur,0.4251,acteur,0.1658,auteur,0.143
disco musician,Q104224860,musicien,0.7358,étudiant,0.0601,diplomate,0.0557
col blanc,Q255274,ancêtre,0.1428,écologiste,0.1218,comptable,0.102
photographe officiel,Q116586732,officier,0.5642,cartographe,0.5636,philosophe,0.1136
maître de chapelle,Q215793,agent de,0.2727,ancêtre,0.1959,manager,0.0856
militaire,Q47064,publicitaire,0.465,notaire,0.4127,secrétaire,0.328
enseignant ou enseignante,Q37226,enseignant,0.9771,infirmier / soignant,0.2664,enfant,0.0992
éducateur ou éducatrice,Q974144,éditeur,0.2431,traducteur,0.1835,producteur,0.1817
fonctionnaire,Q212238,fonctionnaire,1.0,partenaire,0.2162,notaire,0.1584
auteur ou autrice de non-fiction,Q15980158,auteur,0.7176,fonctionnaire,0.1634,relation publique,0.1513
librarians and related information professionals,Q108290372,informaticien,0.5086,relation publique,0.4277,réformateur,0.2464
scientifique de l'esprit,Q16727193,agent de,0.2607,relation publique,0.2534,client,0.1639
professeur d'art,Q15977927,investisseur,0.3719,précurseur,0.259,procureur,0.2223
instituteur ou institutrice,Q2251335,inspecteur,0.3086,auteur,0.2839,investisseur,0.1407
enseignant ou enseignante du secondaire,Q5758653,enseignant,0.915,infirmier / soignant,0.2495,secrétaire,0.1202
enseignant ou enseignante,Q37226,enseignant,0.9771,infirmier / soignant,0.2664,enfant,0.0992
activité,Q1914636,activiste,0.7447,acteur,0.2396,acteurs sociaux,0.1239
victime,Q1851760,activiste,0.2082,fonctionnaire,0.1622,guerrier,0.0
fonction,Q4164871,fonctionnaire,0.671,relation publique,0.197,fondateur,0.1348
activité,Q12737077,activiste,0.7447,acteur,0.2396,acteurs sociaux,0.1239
travailleur qualifié ou travailleuse qualifiée,Q2588761,travailleur social,0.7801,traducteur,0.1122,transporteur,0.0938
ornithologue,Q1225716,psychologue,0.6971,écologiste,0.1366,guerrier,0.0514
théologien ou théologienne,Q1234713,écologiste,0.4405,psychologue,0.181,musicien,0.1043
vicaire,Q193364,notaire,0.4834,secrétaire,0.3842,partenaire,0.3802
prêtre catholique,Q250867,relation publique,0.321,ancêtre,0.296,psychologue,0.0789
head of a diocese,Q112074151,officier,0.169,diplomate,0.1491,guerrier,0.0
maître de cérémonie,Q497240,agent de,0.2883,ancêtre,0.207,témoin,0.0975
militant ou militante,Q15253558,consultant,0.2383,familier,0.2326,enfant,0.0938
militant ou militante,Q15253558,consultant,0.2383,familier,0.2326,enfant,0.0938
vocaliste,Q2643890,journaliste,0.4978,activiste,0.2121,avocat,0.2115
soliste,Q1371914,journaliste,0.4398,activiste,0.275,archiviste,0.2495
frontman,Q61045693,manager,0.149,amant/e,0.1482,frère/socur,0.1391
militant ou militante,Q15253558,consultant,0.2383,familier,0.2326,enfant,0.0938
régent ou régente,Q477406,agent de,0.4527,inventeur,0.1688,client,0.1517
professionnel ou professionnelle,Q702269,procureur,0.2189,producteur,0.2184,fonctionnaire,0.2022
fluid mechanist,Q109588238,mere,0.1568,mentor,0.1189,technicien,0.1126
membre,Q9200127,mere,0.3958,mentor,0.193,père,0.1415
commandant,Q2054507,aidant,0.4046,comptable,0.1924,consultant,0.1543
ingénieur ou ingénieure,Q81096,inventeur,0.1874,inspecteur,0.1802,innovateur,0.1759
data professional,Q112598603,procureur,0.2182,producteur,0.2176,fondateur,0.0959
peintre,Q1028181,ancêtre,0.2667,entrepreneur,0.2507,mere,0.0778
agrochimiste,Q22809315,archiviste,0.3599,activiste,0.3067,secouriste,0.277
géochimiste,Q16335312,archiviste,0.4339,activiste,0.3698,secouriste,0.3339
scientifique des sols,Q12370538,relation publique,0.2774,client,0.1794,agent de,0.1324
officier supérieur,Q1053745,officier,0.9616,policier,0.3157,ouvrier,0.1322
profession,Q28640,procureur,0.2381,producteur,0.2375,relation publique,0.1975
chanteur ou chanteuse,Q177220,inventeur,0.4251,acteur,0.1658,auteur,0.143
service worker,Q16324756,secrétaire,0.1525,secouriste,0.1507,ouvrier,0.102
éducateur ou éducatrice,Q974144,éditeur,0.2431,traducteur,0.1835,producteur,0.1817
professeur de science,Q101445634,investisseur,0.3156,précurseur,0.2198,agent de,0.2139
confucianiste,Q9397505,activiste,0.2732,archiviste,0.2479,secouriste,0.2467
médecin,Q39631,médecin,1.0,médiateur,0.146,voisin,0.0457
organiste,Q765778,activiste,0.4206,archiviste,0.3816,secouriste,0.3798
musicien d'église,Q355493,musicien,0.9719,politicien,0.256,technicien,0.2471
reine douairière,Q718768,père,0.3611,notaire,0.1247,secrétaire,0.0992
reine,Q16511993,relation publique,0.1594,guerrier,0.0,législateur,0.0
commentateur sportif,Q2986228,spectateur,0.3576,transporteur,0.3348,médiateur,0.166
fabricant d'instruments de musique,Q1955150,musicien,0.3203,agent de,0.2327,relation publique,0.1991
parlementaire,Q486839,notaire,0.4379,partenaire,0.3947,secrétaire,0.3481
peintre en bâtiment,Q288728,entrepreneur,0.2476,mentor,0.2217,ancêtre,0.1798
artisan,Q1294787,archiviste,0.1227,investisseur,0.1106,partenaire,0.1022
directeur ou directrice,Q1162163,lecteur,0.4729,inspecteur,0.3673,acteur,0.2853
creative writing teacher,Q104824316,politicien,0.0953,technicien,0.0919,activiste,0.084
writing teacher,Q104248032,politicien,0.116,technicien,0.1119,guide spirituel,0.0902
professeur de science,Q101445634,investisseur,0.3156,précurseur,0.2198,agent de,0.2139
éducateur ou éducatrice,Q974144,éditeur,0.2431,traducteur,0.1835,producteur,0.1817
physiologiste,Q2055046,écologiste,0.7667,activiste,0.1967,archiviste,0.1785
zoologiste,Q350979,écologiste,0.7881,activiste,0.2022,archiviste,0.1834
chanteur ou chanteuse,Q177220,inventeur,0.4251,acteur,0.1658,auteur,0.143
personne,Q215627,fonctionnaire,0.1774,guerrier,0.0,traducteur,0.0
joueur de baseball,Q10871364,joueur,0.8453,agent de,0.1871,journaliste,0.118
directeur ou directrice,Q1162163,lecteur,0.4729,inspecteur,0.3673,acteur,0.2853
fonctionnaire,Q212238,fonctionnaire,1.0,partenaire,0.2162,notaire,0.1584
propriété,Q1400881,procureur,0.3517,producteur,0.3508,précurseur,0.0972
entité géographique artificielle,Q27096235,cartographe,0.3547,officier,0.2119,relation publique,0.1766
méthode,Q815844,agent de,0.1755,médiateur,0.1563,médecin,0.1557
special member functions,Q7574835,fonctionnaire,0.3098,spectateur,0.2522,travailleur social,0.1929
consultant ou consultante,Q15978655,consultant,0.9775,enfant,0.056,aidant,0.0554
ingénieur ou ingénieure,Q81096,inventeur,0.1874,inspecteur,0.1802,innovateur,0.1759
professeur de lycée,Q106392835,investisseur,0.3375,précurseur,0.235,agent de,0.2287
enseignant ou enseignante,Q37226,enseignant,0.9771,infirmier / soignant,0.2664,enfant,0.0992
instituteur ou institutrice,Q2251335,inspecteur,0.3086,auteur,0.2839,investisseur,0.1407
scientifique,Q901,relation publique,0.3032,client,0.1961,musicien,0.1323
explorateur ou exploratrice,Q11900058,médiateur,0.2514,fondateur,0.249,spectateur,0.2344
pédagogue,Q1231865,psychologue,0.4409,guerrier,0.0813,relation publique,0.0559
agronome,Q1781198,agent de,0.2716,guerrier,0.0,frère/socur,0.0
direction générale,Q2563977,fonctionnaire,0.2977,relation publique,0.2483,bénévole,0.1138
éboueur ou éboueuse,Q1391360,joueur,0.677,ouvrier,0.0614,acteur,0.0521
haut fonctionnaire ou haute fonctionnaire,Q599151,fonctionnaire,0.9719,partenaire,0.2101,notaire,0.1539
profession,Q28640,procureur,0.2381,producteur,0.2375,relation publique,0.1975
agent de renseignement,Q392651,agent de,0.7085,enseignant,0.4423,client,0.1752
personnalité juridique,Q3778211,juré,0.2314,relation publique,0.2092,syndiqué,0.1438
joueur de baseball,Q10871364,joueur,0.8453,agent de,0.1871,journaliste,0.118
joueur de softball,Q13388586,joueur,0.8521,agent de,0.1886,journaliste,0.119
joueur ou joueuse,Q4197743,joueur,0.9533,journaliste,0.1563,ouvrier,0.0403
primary school teachers,Q108290347,technicien,0.1079,acteurs sociaux,0.0961,psychologue,0.0959
elementary school teacher,Q112282453,mentor,0.3032,technicien,0.0927,psychologue,0.0823
boucher ou bouchère,Q329737,père,0.4115,ouvrier,0.1889,mere,0.0831
interprète,Q3153559,inventeur,0.2592,hôte,0.1128,adulte,0.0876
consultant en médias,Q6805589,consultant,0.8522,médiateur,0.3366,enfant,0.1045
expert,Q381160,guerrier,0.0,traducteur,0.0,spectateur,0.0
immunologiste,Q12119633,écologiste,0.7881,activiste,0.2022,archiviste,0.1834
chef cuisinier ou chef cuisinière,Q3499072,voisin,0.3431,père,0.1752,ouvrier,0.1353
cadre dirigeant ou cadre dirigeante,Q978044,enfant,0.1253,aidant,0.124,diplomate,0.1182
clergé bouddhiste,Q70901436,activiste,0.3698,archiviste,0.3355,secouriste,0.3339
novice,Q1183487,notaire,0.1851,innovateur,0.1582,joueur,0.0
diacre occidental,Q105169456,diplomate,0.0954,médiateur,0.0914,étudiant,0.0859
clerc catholique romain,Q105200154,relation publique,0.3541,psychologue,0.0871,client,0.0703
diacre catholique,Q25393460,relation publique,0.3591,psychologue,0.0883,avocat,0.0671
Roman Catholic,Q7361618,policier,0.2431,avocat,0.0942,diplomate,0.077
auditeur comptable,Q3344190,comptable,0.8452,éditeur,0.3555,auteur,0.1323
professionnel ou professionnelle de la santé,Q11974939,procureur,0.2055,producteur,0.205,fonctionnaire,0.1898
other health professionals,Q108289390,procureur,0.2513,producteur,0.2507,journaliste,0.0894
membre,Q9200127,mere,0.3958,mentor,0.193,père,0.1415
distinction,Q618779,fonctionnaire,0.3966,relation publique,0.2351,activiste,0.0869
fonction,Q4164871,fonctionnaire,0.671,relation publique,0.197,fondateur,0.1348
clerc catholique,Q105200214,relation publique,0.376,psychologue,0.0925,client,0.0747
Roman Catholic,Q7361618,policier,0.2431,avocat,0.0942,diplomate,0.077
clerc chrétien,Q105200223,client,0.2207,musicien,0.2111,politicien,0.1882
catholique,Q17549077,relation publique,0.3908,psychologue,0.0961,avocat,0.073
clerc,Q2259532,client,0.2746,guerrier,0.0,traducteur,0.0
Aumônier militaire chrétien,Q105233013,publicitaire,0.392,notaire,0.3478,secrétaire,0.3259
prêtre catholique,Q250867,relation publique,0.321,ancêtre,0.296,psychologue,0.0789
zoologiste,Q350979,écologiste,0.7881,activiste,0.2022,archiviste,0.1834
militant ou militante,Q15253558,consultant,0.2383,familier,0.2326,enfant,0.0938
aumônier militaire protestant,Q105273673,publicitaire,0.3444,notaire,0.3056,secrétaire,0.2429
ministre du culte,Q1423891,adulte,0.3833,cultivateur / éleveur,0.2485,ancêtre,0.1529
écologue,Q15839134,écologiste,0.5256,psychologue,0.4607,guerrier,0.0431
juriste,Q185351,secouriste,0.5493,juré,0.2839,activiste,0.2205
ouléma,Q189459,ouvrier,0.2502,guerrier,0.0,législateur,0.0
inspecteur,Q27214348,inspecteur,1.0,lecteur,0.3709,spectateur,0.3292
producteur ou productrice artistique,Q47541952,producteur,0.8896,traducteur,0.2852,procureur,0.1439
fiduciaire,Q2047357,notaire,0.396,secrétaire,0.3147,partenaire,0.3115
officier,Q189290,officier,1.0,policier,0.3283,musicien,0.0891
journaliste,Q1930187,journaliste,1.0,secouriste,0.1649,activiste,0.1505
fashion writer,Q123688705,relation publique,0.18,familier,0.1328,éditeur,0.1092
agent du gouvernement,Q5589126,agent de,0.7779,client,0.2356,mentor,0.19
artiste de cirque,Q17307272,archiviste,0.2535,activiste,0.2161,agent de,0.2143
artiste de rue,Q2914170,archiviste,0.2893,activiste,0.2466,agent de,0.2445
ministre,Q83307,ancêtre,0.3254,père,0.0949,mere,0.0949
athlète,Q2066131,hôte,0.2343,adulte,0.182,activiste,0.1553
professeur ou professeure de musique,Q2675537,investisseur,0.2976,procureur,0.2124,musicien,0.2118
clarinettiste,Q118865,activiste,0.3339,archiviste,0.3029,secouriste,0.3015
écologue,Q15839134,écologiste,0.5256,psychologue,0.4607,guerrier,0.0431
historien ou historienne,Q201788,ouvrier,0.1787,musicien,0.1431,mentor,0.1408
adjudicator,Q2234405,mentor,0.3225,adulte,0.109,avocat,0.1054
arbitre,Q105425483,ancêtre,0.3044,archiviste,0.1137,père,0.0888
profession,Q28640,procureur,0.2381,producteur,0.2375,relation publique,0.1975
fonction,Q4164871,fonctionnaire,0.671,relation publique,0.197,fondateur,0.1348
domestique,Q54128,relation publique,0.3069,investisseur,0.1898,syndiqué,0.0622
manager,Q2462658,manager,1.0,agent de,0.0548,amant/e,0.0485
fonctionnaire,Q212238,fonctionnaire,1.0,partenaire,0.2162,notaire,0.1584
massothérapeute,Q6005272,auteur,0.1463,manager,0.1143,assureur,0.1128
médecin du sport,Q2577681,médecin,0.8462,transporteur,0.234,médiateur,0.1236
traducteur-interprète,Q1790480,traducteur,0.9448,producteur,0.3759,acteur,0.192
annotator,Q105842399,mentor,0.2633,notaire,0.2618,ancêtre,0.0801
polémiste,Q1642960,activiste,0.3222,archiviste,0.2923,secouriste,0.291
cardiologue,Q3264451,psychologue,0.5496,cartographe,0.1471,écologiste,0.1366
personnalité politique,Q82955,politicien,0.5083,policier,0.2419,relation publique,0.1787
personne physique,Q154954,relation publique,0.3299,syndiqué,0.0668,fonctionnaire,0.0648
étudiant ou étudiante,Q48282,étudiant,0.9707,enfant,0.0641,aidant,0.0635
étudiant en sciences,Q105467331,étudiant,0.9326,enfant,0.1301,musicien,0.1114
chroniqueur,Q3330547,joueur,0.4073,relation publique,0.1783,acteur,0.0837
journaliste,Q1930187,journaliste,1.0,secouriste,0.1649,activiste,0.1505
travailleur social,Q7019111,travailleur social,1.0,acteurs sociaux,0.2198,traducteur,0.1003
chirurgien ou chirurgienne,Q774306,musicien,0.1859,politicien,0.1657,technicien,0.1599
oto-rhino-laryngologiste,Q2854916,écologiste,0.7881,activiste,0.2022,archiviste,0.1834
regional archivist,Q121579936,archiviste,0.8407,activiste,0.2235,journaliste,0.0634
fonctionnaire,Q212238,fonctionnaire,1.0,partenaire,0.2162,notaire,0.1584
militaire,Q47064,publicitaire,0.465,notaire,0.4127,secrétaire,0.328
aviateur ou aviatrice,Q2095549,médiateur,0.4488,fondateur,0.1878,spectateur,0.1769
scientifique,Q901,relation publique,0.3032,client,0.1961,musicien,0.1323
économiste,Q188094,écologiste,0.4832,activiste,0.2853,archiviste,0.2588
politologue,Q1238570,psychologue,0.4618,politicien,0.3809,policier,0.273
mise en forme d'un matériau,Q1651044,informaticien,0.2592,réformateur,0.2542,manager,0.0892
procédé de fabrication,Q1408288,relation publique,0.3085,procureur,0.2844,agent de,0.1787
scientifique,Q901,relation publique,0.3032,client,0.1961,musicien,0.1323
chercheur ou chercheuse,Q1650915,archiviste,0.1748,ouvrier,0.1058,acteur,0.0897
professeur ou professeure d'université,Q1622272,investisseur,0.3578,procureur,0.2553,précurseur,0.2326
danseur ou danseuse,Q5716684,précurseur,0.1886,investisseur,0.1699,aidant,0.1262
parlementaire,Q486839,notaire,0.4379,partenaire,0.3947,secrétaire,0.3481
législateur ou législatrice,Q4175034,législateur,0.9643,médiateur,0.0803,fondateur,0.0796
fonds de placement,Q4201895,fondateur,0.3771,agent de,0.3669,mentor,0.1949
cycliste,Q2125610,journaliste,0.4562,activiste,0.2853,archiviste,0.2588
athlète,Q2066131,hôte,0.2343,adulte,0.182,activiste,0.1553
évêque orthodoxe,Q15283040,relation publique,0.2308,transporteur,0.0977,psychologue,0.079
éparque,Q18246606,relation publique,0.2055,époux,0.1331,partenaire,0.0936
religieux,Q4504549,relation publique,0.2441,époux,0.1249,acteurs sociaux,0.0792
comptable,Q326653,comptable,1.0,bénévole,0.0376,consultant,0.0343
cadre de direction dans l'éducation,Q108290311,relation publique,0.3574,fonctionnaire,0.2558,agent de,0.1247
directeur ou directrice,Q1162163,lecteur,0.4729,inspecteur,0.3673,acteur,0.2853
administrateur académique,Q21281706,relation publique,0.2649,acteur,0.2303,médiateur,0.2074
enseignant ou enseignante,Q37226,enseignant,0.9771,infirmier / soignant,0.2664,enfant,0.0992
théologien ou théologienne,Q1234713,écologiste,0.4405,psychologue,0.181,musicien,0.1043
développeur ou développeuse,Q183888,défendeur,0.2444,ouvrier,0.1058,acteur,0.0897
défenseur,Q380075,défendeur,0.5504,précurseur,0.1649,enseignant,0.1584
musicien ou musicienne de musique classique,Q81729632,musicien,0.843,relation publique,0.164,politicien,0.1636
propriétaire de biens,Q12794619,secrétaire,0.4561,notaire,0.3735,publicitaire,0.274
bohémiste,Q71049101,activiste,0.4206,archiviste,0.3816,secouriste,0.3798
étudiant,Q2248623,étudiant,1.0,enfant,0.094,aidant,0.0931
ethnologue,Q1371378,psychologue,0.619,écologiste,0.1539,guerrier,0.0579
directeur ou directrice,Q1162163,lecteur,0.4729,inspecteur,0.3673,acteur,0.2853
espion ou espionne,Q9352089,fonctionnaire,0.1854,relation publique,0.1665,guide spirituel,0.0955
atmospheric scientist,Q17276189,client,0.2461,musicien,0.1661,politicien,0.148
chimiste,Q593644,archiviste,0.4339,activiste,0.3698,secouriste,0.3339
commentateur,Q106313281,spectateur,0.3967,médiateur,0.2101,fondateur,0.2081
ordinaire,Q1638918,partenaire,0.5009,fonctionnaire,0.4316,notaire,0.367
archiprêtre,Q1190552,archiviste,0.4917,ancêtre,0.337,père,0.0427
enquêteur de droit privé,Q3054575,agent de,0.2963,acteur,0.2019,producteur,0.191
détective,Q842782,activiste,0.2618,défendeur,0.096,lecteur,0.0925
auteur ou autrice culinaire,Q11500768,auteur,0.7679,partenaire,0.2248,fonctionnaire,0.1937
historien ou historienne du culturel,Q15462162,cultivateur / éleveur,0.1893,ouvrier,0.1408,musicien,0.1127
délinquant,Q1184268,enfant,0.2209,aidant,0.2187,étudiant,0.1827
thérapeute alternatif,Q29881694,adulte,0.1558,auteur,0.1232,allié,0.115
travailleur qualifié ou travailleuse qualifiée,Q2588761,travailleur social,0.7801,traducteur,0.1122,transporteur,0.0938
fidèle,Q3071477,bénévole,0.2003,comptable,0.1879,guerrier,0.0
groupe religieux,Q111252415,relation publique,0.2441,époux,0.1249,acteurs sociaux,0.0792
théiste,Q99521706,activiste,0.4206,archiviste,0.3816,secouriste,0.3798
personne,Q215627,fonctionnaire,0.1774,guerrier,0.0,traducteur,0.0
förtroendeman,Q10501673,vendeur,0.3672,défendeur,0.3058,manager,0.1104
lay judge,Q877944,juré,0.3333,traducteur,0.0,spectateur,0.0
stratège,Q7621877,traducteur,0.1952,transporteur,0.1633,travailleur social,0.1348
poète ou poétesse,Q49757,policier,0.1566,politicien,0.1356,pourvoyeur,0.1289
ministre,Q83307,ancêtre,0.3254,père,0.0949,mere,0.0949
activité,Q12737077,activiste,0.7447,acteur,0.2396,acteurs sociaux,0.1239
Bandit,Q16144978,banquier,0.3041,éditeur,0.1226,syndiqué,0.098
vitrier,Q664283,ouvrier,0.4986,guerrier,0.4615,policier,0.1831
constructeur naval,Q2106711,traducteur,0.349,producteur,0.3456,consultant,0.3181
manufacturing labourers not elsewhere classified,Q108290772,notaire,0.2374,mere,0.224,manager,0.1793
sculpteur ou sculptrice,Q1281618,cultivateur / éleveur,0.2503,acteur,0.2065,auteur,0.178
éditeur ou éditrice,Q1607826,éditeur,0.9304,médiateur,0.1344,acteur,0.0931
développement de logiciel,Q638608,agent de,0.3545,mentor,0.1883,écologiste,0.1608
auteur ou autrice,Q482980,auteur,0.9201,acteur,0.116,lecteur,0.0955
artiste des nouveaux médias,Q7016454,médiateur,0.4393,archiviste,0.2024,activiste,0.1725
artiste numérique,Q11079476,archiviste,0.264,relation publique,0.2618,activiste,0.225
artiste numérique,Q11079476,archiviste,0.264,relation publique,0.2618,activiste,0.225
rôle social,Q214339,travailleur social,0.5589,acteurs sociaux,0.3604,bénévole,0.0487
rich,Q106804044,guerrier,0.0,traducteur,0.0,spectateur,0.0
conseiller municipal,Q20748648,consultant,0.2844,travailleur social,0.1541,enseignant,0.1502
artiste vidéo,Q18216771,archiviste,0.3646,activiste,0.3108,secouriste,0.2806
artiste d'installations,Q18074503,relation publique,0.3123,archiviste,0.2183,activiste,0.1861
clinicien ou clinicienne,Q5133860,technicien,0.4729,musicien,0.3201,client,0.3074
pharmacologue,Q2114605,pharmacien,0.5555,psychologue,0.386,écologiste,0.2108
conservateur ou conservatrice de musée,Q674426,consultant,0.3592,innovateur,0.2162,cultivateur / éleveur,0.1659
conservateur-restaurateur ou conservatrice-restauratrice,Q446966,consultant,0.3401,innovateur,0.2775,cultivateur / éleveur,0.2126
naturaliste préparateur,Q12774499,journaliste,0.4548,activiste,0.1938,médiateur,0.1766
chanteur ou chanteuse,Q177220,inventeur,0.4251,acteur,0.1658,auteur,0.143
directeur ou directrice,Q1072363,lecteur,0.4729,inspecteur,0.3673,acteur,0.2853
ressources humaines,Q5467169,relation publique,0.1212,secouriste,0.1139,pourvoyeur,0.1137
historien ou historienne,Q201788,ouvrier,0.1787,musicien,0.1431,mentor,0.1408
ingénieur logiciel,Q1709010,écologiste,0.2281,informaticien,0.1516,policier,0.1504
acteur de film muet,Q26262117,acteur,0.8183,acteurs sociaux,0.3854,lecteur,0.2671
artiste de concept,Q28107590,archiviste,0.2535,activiste,0.2161,agent de,0.2143
soldat,Q4991371,avocat,0.1563,fondateur,0.145,acteurs sociaux,0.0818
étudiant,Q2248623,étudiant,1.0,enfant,0.094,aidant,0.0931
professeur de langues,Q30002353,investisseur,0.3257,précurseur,0.2268,agent de,0.2207
activité,Q12737077,activiste,0.7447,acteur,0.2396,acteurs sociaux,0.1239
ingénieur ou ingénieure,Q81096,inventeur,0.1874,inspecteur,0.1802,innovateur,0.1759
directeur ou directrice,Q1072363,lecteur,0.4729,inspecteur,0.3673,acteur,0.2853
chargé ou chargée de cours,Q1569495,agent de,0.2041,secouriste,0.1487,acteurs sociaux,0.1394
designer,Q5322166,agent de,0.179,infirmier / soignant,0.1351,enseignant,0.1131
relieur ou relieuse,Q1413170,relation publique,0.2324,client,0.1115,familier,0.0925
poète ou poétesse,Q49757,policier,0.1566,politicien,0.1356,pourvoyeur,0.1289
forgeron ou forgeronne,Q1639825,manager,0.1306,fonctionnaire,0.1281,fondateur,0.1082
enseignant ou enseignante,Q37226,enseignant,0.9771,infirmier / soignant,0.2664,enfant,0.0992
militant ou militante politique,Q11499147,politicien,0.3756,consultant,0.1885,familier,0.1841
médecin,Q39631,médecin,1.0,médiateur,0.146,voisin,0.0457
journaliste,Q1930187,journaliste,1.0,secouriste,0.1649,activiste,0.1505
archiviste,Q635734,archiviste,1.0,activiste,0.3964,secouriste,0.1449
informaticien ou informaticienne,Q82594,informaticien,0.9882,réformateur,0.2947,politicien,0.2734
haut fonctionnaire ou haute fonctionnaire,Q599151,fonctionnaire,0.9719,partenaire,0.2101,notaire,0.1539
embetsperson,Q61021680,inspecteur,0.1414,spectateur,0.1391,relation publique,0.1176
critique,Q6430706,relation publique,0.3263,politicien,0.078,syndiqué,0.0661
cantor,Q330679,mentor,0.5769,cartographe,0.0674,enfant,0.0501
church choirmaster,Q4391922,archiviste,0.1501,infirmier / soignant,0.1056,psychologue,0.0847
musicien d'église,Q355493,musicien,0.9719,politicien,0.256,technicien,0.2471
étudiant ou étudiante,Q48282,étudiant,0.9707,enfant,0.0641,aidant,0.0635
élève,Q48942,cultivateur / éleveur,0.1569,législateur,0.0,diplomate,0.0
dramaturge,Q214917,amant/e,0.1827,réformateur,0.1179,diplomate,0.1168
parolier ou parolière,Q822146,partenaire,0.2779,familier,0.2043,père,0.1667
acteur ou actrice,Q33999,acteur,0.9123,acteurs sociaux,0.4389,activiste,0.2541
chanteur ou chanteuse,Q177220,inventeur,0.4251,acteur,0.1658,auteur,0.143
neurobiologiste,Q20739288,écologiste,0.7353,activiste,0.1886,archiviste,0.1712
éthologue,Q16831721,psychologue,0.6737,écologiste,0.132,étudiant,0.0584
member of the parliament of Sweden,Q110516696,mentor,0.2448,partenaire,0.1677,officier,0.1599
entraîneur sportif,Q41583,entrepreneur,0.4025,transporteur,0.3451,spectateur,0.0793
instrumentiste,Q1278335,activiste,0.2515,archiviste,0.2281,secouriste,0.2271
éditeur ou éditrice,Q1607826,éditeur,0.9304,médiateur,0.1344,acteur,0.0931
historien du sport,Q17504998,transporteur,0.3472,musicien,0.1223,politicien,0.109
enseignant ou enseignante,Q37226,enseignant,0.9771,infirmier / soignant,0.2664,enfant,0.0992
gouverneur,Q3249024,entrepreneur,0.3073,ouvrier,0.1168,acteur,0.099
criminel ou criminelle,Q2159907,ouvrier,0.1278,bénévole,0.0935,comptable,0.0877
instrumentiste,Q1278335,activiste,0.2515,archiviste,0.2281,secouriste,0.2271
anthropologue,Q4773904,psychologue,0.563,écologiste,0.1399,ancêtre,0.0654
danseur ou danseuse,Q5716684,précurseur,0.1886,investisseur,0.1699,aidant,0.1262
chanteur ou chanteuse,Q177220,inventeur,0.4251,acteur,0.1658,auteur,0.143
praepositus,Q106674141,guide spirituel,0.1277,procureur,0.1257,producteur,0.1254
activité,Q12737077,activiste,0.7447,acteur,0.2396,acteurs sociaux,0.1239
participant,Q56512863,partenaire,0.3896,politicien,0.152,enfant,0.1341
chercheur ou chercheuse,Q1650915,archiviste,0.1748,ouvrier,0.1058,acteur,0.0897
sociologue,Q2306091,psychologue,0.5177,acteurs sociaux,0.2227,travailleur social,0.1896
théoricien ou théoricienne du management,Q48072011,manager,0.502,musicien,0.3603,politicien,0.3211
psychologue,Q212980,psychologue,1.0,écologiste,0.0952,guerrier,0.0358
éducateur ou éducatrice,Q974144,éditeur,0.2431,traducteur,0.1835,producteur,0.1817
enseignant ou enseignante,Q37226,enseignant,0.9771,infirmier / soignant,0.2664,enfant,0.0992
musicien ou musicienne,Q639669,musicien,0.9799,politicien,0.2255,technicien,0.2176
sideman,Q177718,manager,0.149,amant/e,0.1482,guide spirituel,0.1239
artiste,Q483501,archiviste,0.3646,activiste,0.3108,secouriste,0.2806
auteur ou autrice de non-fiction,Q15980158,auteur,0.7176,fonctionnaire,0.1634,relation publique,0.1513
juriste,Q185351,secouriste,0.5493,juré,0.2839,activiste,0.2205
financial economist,Q56352811,travailleur social,0.2878,secouriste,0.102,ancêtre,0.0751
théoricien ou théoricienne du management,Q48072011,manager,0.502,musicien,0.3603,politicien,0.3211
radio writer,Q122657929,éditeur,0.1473,traducteur,0.1229,guide spirituel,0.0902
journaliste,Q1930187,journaliste,1.0,secouriste,0.1649,activiste,0.1505
ministre,Q83307,ancêtre,0.3254,père,0.0949,mere,0.0949
officier,Q189290,officier,1.0,policier,0.3283,musicien,0.0891
naval personnel,Q13015400,travailleur social,0.158,fonctionnaire,0.0887,guide spirituel,0.0839
mental health counselor,Q6817463,mentor,0.5281,mere,0.0906,secouriste,0.0642
enseignant ou enseignante,Q37226,enseignant,0.9771,infirmier / soignant,0.2664,enfant,0.0992
comptable,Q326653,comptable,1.0,bénévole,0.0376,consultant,0.0343
psychologue,Q212980,psychologue,1.0,écologiste,0.0952,guerrier,0.0358
artiste,Q483501,archiviste,0.3646,activiste,0.3108,secouriste,0.2806
juge,Q16533,juré,0.3333,traducteur,0.0,spectateur,0.0
religieux,Q4504549,relation publique,0.2441,époux,0.1249,acteurs sociaux,0.0792
cantor,Q30906402,mentor,0.5769,cartographe,0.0674,enfant,0.0501
professeur ou professeure de musique,Q2675537,investisseur,0.2976,procureur,0.2124,musicien,0.2118
designer,Q5322166,agent de,0.179,infirmier / soignant,0.1351,enseignant,0.1131
chercheur médical,Q15401884,médiateur,0.5094,médecin,0.2144,éditeur,0.139
affiliate professor,Q101429521,médiateur,0.1951,procureur,0.1783,producteur,0.1779
piqueuse,Q67205775,relation publique,0.2308,joueur,0.1468,syndiqué,0.0935
théoricien ou théoricienne,Q18931911,musicien,0.5062,politicien,0.4511,technicien,0.4353
chef de mission diplomatique,Q1251687,diplomate,0.6617,relation publique,0.2636,agent de,0.1363
celebrity chef,Q3310583,guide spirituel,0.1678,traducteur,0.0,spectateur,0.0
personnalité de l'audiovisuel,Q44508716,agent de,0.201,guide spirituel,0.1681,journaliste,0.1517
cuisinier ou cuisinière,Q156839,voisin,0.3431,père,0.1752,ouvrier,0.1353
animateur ou animatrice de télévision,Q947873,réformateur,0.2876,agent de,0.1673,médiateur,0.1538
studio,Q19364326,étudiant,0.3939,guerrier,0.0,traducteur,0.0
société de production,Q11396960,producteur,0.5761,fonctionnaire,0.1734,acteurs sociaux,0.1629
société de production de cinéma,Q1762059,producteur,0.4955,agent de,0.2423,fonctionnaire,0.1492
television company,Q110357230,comptable,0.3392,relation publique,0.1278,voisin,0.0737
médecin,Q39631,médecin,1.0,médiateur,0.146,voisin,0.0457
personnel hospitalier,Q3140963,familier,0.3209,ouvrier,0.1201,policier,0.1196
health facility administrator,Q69943983,mentor,0.2588,familier,0.1491,adulte,0.0875
titre universitaire,Q3529618,publicitaire,0.5059,notaire,0.4613,secrétaire,0.3666
retraité,Q64825398,traducteur,0.1267,relation publique,0.1212,transporteur,0.106
pilote de moto,Q3014296,agent de,0.3713,philosophe,0.094,hôte,0.077
clerc catholique,Q105200214,relation publique,0.376,psychologue,0.0925,client,0.0747
membre de l'Opus Dei,Q106915299,agent de,0.3899,mere,0.169,mentor,0.0824
membre numérique de l'Opus Dei,Q7069642,agent de,0.291,relation publique,0.2526,mere,0.1261
artiste vidéo,Q18216771,archiviste,0.3646,activiste,0.3108,secouriste,0.2806
artiste interprète,Q713200,archiviste,0.3324,activiste,0.2913,secouriste,0.263
interprète,Q11085831,inventeur,0.2592,hôte,0.1128,adulte,0.0876
enseignant ou enseignante,Q37226,enseignant,0.9771,infirmier / soignant,0.2664,enfant,0.0992
commissaire de police,Q2101758,policier,0.4572,politicien,0.251,notaire,0.2114
artiste visuel ou artiste visuelle,Q3391743,archiviste,0.3556,activiste,0.3172,secouriste,0.2301
Tai-chi-chuan,Q167987,archiviste,0.1572,notaire,0.145,secrétaire,0.1152
répartiteur de services d'urgence,Q570755,éditeur,0.3399,agent de,0.2892,partenaire,0.1621
personne,Q215627,fonctionnaire,0.1774,guerrier,0.0,traducteur,0.0
chercheur ou chercheuse,Q1650915,archiviste,0.1748,ouvrier,0.1058,acteur,0.0897
historien ou historienne,Q201788,ouvrier,0.1787,musicien,0.1431,mentor,0.1408
clinique,Q1774898,relation publique,0.3069,client,0.2797,syndiqué,0.0622
agence publique,Q327333,relation publique,0.6114,agent de,0.3168,publicitaire,0.2887
commerçant,Q215536,comptable,0.2522,consultant,0.2022,enfant,0.1789
directeur ou directrice,Q1162163,lecteur,0.4729,inspecteur,0.3673,acteur,0.2853
dirigeant sportif,Q26481809,transporteur,0.357,enfant,0.1286,aidant,0.1273
gérant,Q705996,enfant,0.2613,aidant,0.2587,étudiant,0.2161
organisation,Q43229,relation publique,0.4603,fonctionnaire,0.154,informaticien,0.0538
cadre dirigeant ou cadre dirigeante,Q978044,enfant,0.1253,aidant,0.124,diplomate,0.1182
ingénieur électricien,Q1326886,musicien,0.3538,politicien,0.3153,technicien,0.3042
capitaine,Q19100,publicitaire,0.2713,notaire,0.0987,cartographe,0.0956
OF-2,Q18536820,officier,0.239,guerrier,0.0,législateur,0.0
officier subalterne (Espagne),Q107283643,officier,0.9726,policier,0.3193,musicien,0.0867
capitaine général,Q56923,publicitaire,0.2189,bénévole,0.0915,notaire,0.0796
gouverneur,Q132050,entrepreneur,0.3073,ouvrier,0.1168,acteur,0.099
gouverneur général,Q382844,entrepreneur,0.2565,travailleur social,0.0979,ouvrier,0.0975
instrumentiste,Q1278335,activiste,0.2515,archiviste,0.2281,secouriste,0.2271
directeur ou directrice,Q1072363,lecteur,0.4729,inspecteur,0.3673,acteur,0.2853
directeur ou directrice,Q1162163,lecteur,0.4729,inspecteur,0.3673,acteur,0.2853
forgeron ou forgeronne,Q1639825,manager,0.1306,fonctionnaire,0.1281,fondateur,0.1082
travailleur du bois,Q15977971,travailleur social,0.8025,traducteur,0.1205,transporteur,0.1008
professionnel ou professionnelle de la santé,Q11974939,procureur,0.2055,producteur,0.205,fonctionnaire,0.1898
scientifique,Q901,relation publique,0.3032,client,0.1961,musicien,0.1323
récipient,Q987767,client,0.4796,agent de,0.2024,réformateur,0.0839
travailleur manuel,Q33394058,travailleur social,0.7406,manager,0.12,traducteur,0.1112
"hairdressers, beauticians and related workers",Q108289644,relation publique,0.3157,législateur,0.1062,politicien,0.1051
artiste interprète,Q713200,archiviste,0.3324,activiste,0.2913,secouriste,0.263
fonctionnaire,Q212238,fonctionnaire,1.0,partenaire,0.2162,notaire,0.1584
entraîneur de patinage artistique,Q57199189,entrepreneur,0.313,agent de,0.2217,relation publique,0.1987
graveur ou graveuse d'estampes,Q11569986,cultivateur / éleveur,0.1997,travailleur social,0.1005,cartographe,0.0906
chroniqueur,Q3330547,joueur,0.4073,relation publique,0.1783,acteur,0.0837
directeur ou directrice,Q1072363,lecteur,0.4729,inspecteur,0.3673,acteur,0.2853
directeur ou directrice,Q1072363,lecteur,0.4729,inspecteur,0.3673,acteur,0.2853
poète ou poétesse,Q49757,policier,0.1566,politicien,0.1356,pourvoyeur,0.1289
femme de lettres,Q381353,agent de,0.3563,lecteur,0.1365,ancêtre,0.093
directeur ou directrice,Q1072363,lecteur,0.4729,inspecteur,0.3673,acteur,0.2853
journaliste,Q1930187,journaliste,1.0,secouriste,0.1649,activiste,0.1505
directeur ou directrice,Q1162163,lecteur,0.4729,inspecteur,0.3673,acteur,0.2853
chef ou cheffe d'entreprise,Q2961975,entrepreneur,0.5717,ouvrier,0.0683,secouriste,0.0561
directeur ou directrice,Q1072363,lecteur,0.4729,inspecteur,0.3673,acteur,0.2853
raciste,Q28528178,activiste,0.3698,archiviste,0.3355,secouriste,0.3339
suprémaciste,Q122143503,activiste,0.2853,archiviste,0.2588,secouriste,0.2576
Ethnic supremacist,Q122167190,technicien,0.2269,pharmacien,0.2227,entrepreneur,0.0666
procureur ou procureure,Q600751,procureur,0.9776,assureur,0.289,producteur,0.1418
Services juridiques de l'État,Q112684029,juré,0.2539,agent de,0.1955,syndiqué,0.1578
écologue,Q15839134,écologiste,0.5256,psychologue,0.4607,guerrier,0.0431
éthologue,Q16831721,psychologue,0.6737,écologiste,0.132,étudiant,0.0584
peintre,Q1028181,ancêtre,0.2667,entrepreneur,0.2507,mere,0.0778
récit,Q3328821,réformateur,0.1264,précurseur,0.1228,citoyen,0.1196
œuvre littéraire,Q7725634,notaire,0.3888,secrétaire,0.3091,partenaire,0.3059
bibliothécaire,Q182436,notaire,0.4332,publicitaire,0.3957,secrétaire,0.3443
ingénieur ou ingénieure,Q81096,inventeur,0.1874,inspecteur,0.1802,innovateur,0.1759
chercheur ou chercheuse en science de l'information,Q1265807,informaticien,0.5722,réformateur,0.285,relation publique,0.2254
géographe,Q901402,cartographe,0.7031,philosophe,0.1283,guerrier,0.0
joueur de jeu de plateau,Q84380764,joueur,0.6856,agent de,0.3035,législateur,0.1173
physicien ou physicienne,Q169470,musicien,0.6213,politicien,0.3222,technicien,0.3109
entomologiste,Q3055126,écologiste,0.6932,activiste,0.1778,archiviste,0.1613
pirate,Q4469127,diplomate,0.2377,guide spirituel,0.098,hôte,0.0933
délinquant,Q1184268,enfant,0.2209,aidant,0.2187,étudiant,0.1827
délinquant,Q897438,enfant,0.2209,aidant,0.2187,étudiant,0.1827
artiste graphique,Q1925963,cartographe,0.2901,archiviste,0.2095,relation publique,0.2078
disc jockey,Q130857,joueur,0.1773,diplomate,0.1556,journaliste,0.1195
animateur ou animatrice de radio,Q2722764,réformateur,0.3258,agent de,0.1895,médiateur,0.1742
sculpteur sur bois,Q6138343,acteur,0.2647,cultivateur / éleveur,0.2406,auteur,0.2282
colonisateur,Q20891597,médiateur,0.2755,fondateur,0.2729,spectateur,0.2569
escroc,Q10591707,procureur,0.227,guerrier,0.0,législateur,0.0
usurpation d'identité,Q471880,relation publique,0.4021,fonctionnaire,0.1345,assureur,0.0721
appropriation culturelle,Q5193258,relation publique,0.3365,cultivateur / éleveur,0.2031,fonctionnaire,0.1005
fraude,Q28813,agent de,0.1675,frère/socur,0.1391,guide spirituel,0.1035
Usurpation Raciale,Q7142648,relation publique,0.3552,travailleur social,0.1196,fonctionnaire,0.1188
imposteur,Q1413522,acteur,0.3664,auteur,0.3158,lecteur,0.3015
charlatan,Q1430956,pharmacien,0.1214,consultant,0.1186,législateur,0.1022
personnalité liée au sport,Q50995749,transporteur,0.2885,journaliste,0.146,fonctionnaire,0.1338
commentateur sportif,Q2986228,spectateur,0.3576,transporteur,0.3348,médiateur,0.166
membre,Q9200127,mere,0.3958,mentor,0.193,père,0.1415
conseiller royal,Q13311320,consultant,0.3196,travailleur social,0.1732,enseignant,0.1688
collectionneur ou collectionneuse,Q3243461,fonctionnaire,0.3723,lecteur,0.2245,entrepreneur,0.1059
directeur ou directrice,Q1162163,lecteur,0.4729,inspecteur,0.3673,acteur,0.2853
banquier,Q806798,banquier,1.0,ouvrier,0.083,policier,0.0827
professionnel ou professionnelle de la santé,Q11974939,procureur,0.2055,producteur,0.205,fonctionnaire,0.1898
scientifique de l'environnement,Q16529590,agent de,0.3421,client,0.2616,relation publique,0.2143
professeur adjoint,Q5669847,investisseur,0.3431,précurseur,0.239,procureur,0.2051
romancier ou romancière,Q6625963,policier,0.2119,officier,0.2032,père,0.1868
auteur ou autrice de bande dessinée,Q715301,auteur,0.7176,agent de,0.2187,banquier,0.1172
hydrologue,Q3644587,psychologue,0.619,écologiste,0.1539,guerrier,0.0579
historien ou historienne,Q201788,ouvrier,0.1787,musicien,0.1431,mentor,0.1408
artiste,Q483501,archiviste,0.3646,activiste,0.3108,secouriste,0.2806
artisan,Q1294787,archiviste,0.1227,investisseur,0.1106,partenaire,0.1022
joueur de pelote basque,Q19746576,joueur,0.7931,agent de,0.1756,journaliste,0.1313
consul,Q207978,consultant,0.6871,comptable,0.0499,guerrier,0.0
maîtresse,Q625369,manager,0.1435,ancêtre,0.1193,investisseur,0.1106
official lover,Q11796602,officier,0.6777,travailleur social,0.2185,policier,0.057
militant social,Q8359428,travailleur social,0.4401,acteurs sociaux,0.2838,consultant,0.1884
professeur ou professeure d'université,Q1622272,investisseur,0.3578,procureur,0.2553,précurseur,0.2326
professeur,Q121594,investisseur,0.3897,précurseur,0.2714,procureur,0.2329
instrumentiste,Q1278335,activiste,0.2515,archiviste,0.2281,secouriste,0.2271
meurtrier ou meurtrière,Q931260,ouvrier,0.3685,guerrier,0.2724,père,0.2366
tireur,Q109648129,assureur,0.3846,procureur,0.3663,acteur,0.1105
motorsports competitor,Q30339659,comptable,0.2764,transporteur,0.2645,mentor,0.2427
graphiste,Q627325,cartographe,0.3433,activiste,0.2407,archiviste,0.2184
graphiste,Q627325,cartographe,0.3433,activiste,0.2407,archiviste,0.2184
courtisan,Q1511216,secouriste,0.2626,investisseur,0.0872,comptable,0.0804
prosélytisme,Q217170,procureur,0.2954,producteur,0.2947,investisseur,0.101
classe supérieure,Q1155605,assureur,0.2096,client,0.1189,procureur,0.1013
rich,Q106804044,guerrier,0.0,traducteur,0.0,spectateur,0.0
personnalité du monde des affaires,Q43845,fonctionnaire,0.2398,journaliste,0.1648,agent de,0.1413
scientifique de l'esprit,Q16727193,agent de,0.2607,relation publique,0.2534,client,0.1639
informaticien ou informaticienne,Q82594,informaticien,0.9882,réformateur,0.2947,politicien,0.2734
doyen,Q723682,citoyen,0.5589,pourvoyeur,0.074,musicien,0.0564
développeur de jeux vidéo,Q58287519,agent de,0.3357,défendeur,0.1547,époux,0.1066
programmeur ou programmeuse,Q5482740,procureur,0.2541,producteur,0.2535,cartographe,0.23
chef religieux,Q15995642,relation publique,0.2441,époux,0.1249,acteurs sociaux,0.0792
clerc musulman,Q105275968,musicien,0.3009,client,0.1137,manager,0.0836
prédicateur,Q432386,médiateur,0.3324,fondateur,0.2561,précurseur,0.2508
imam,Q125482,guerrier,0.0,traducteur,0.0,spectateur,0.0
athlète,Q2066131,hôte,0.2343,adulte,0.182,activiste,0.1553
joueur professionnel ou joueuse professionnelle,Q18536342,joueur,0.75,procureur,0.1549,producteur,0.1546
éleveur,Q1368409,cultivateur / éleveur,0.6431,acteur,0.0537,auteur,0.0463
chef ou cheffe d'orchestre,Q158852,ancêtre,0.2402,ouvrier,0.1087,archiviste,0.0897
musicien ou musicienne,Q639669,musicien,0.9799,politicien,0.2255,technicien,0.2176
athlète,Q2066131,hôte,0.2343,adulte,0.182,activiste,0.1553
travailleur ou travailleuse,Q327055,travailleur social,0.7999,traducteur,0.115,transporteur,0.0962
sauveteur,Q17126809,acteur,0.4339,auteur,0.374,lecteur,0.357
intervenant d'urgence,Q19693316,enseignant,0.2842,infirmier / soignant,0.2477,inventeur,0.1955
poète ou poétesse,Q49757,policier,0.1566,politicien,0.1356,pourvoyeur,0.1289
hip-hop,Q11401,guerrier,0.0,traducteur,0.0,spectateur,0.0
musique instrumentale,Q639197,musicien,0.3461,relation publique,0.2152,mentor,0.1623
ceramic painter,Q56312678,familier,0.1791,inventeur,0.128,partenaire,0.1106
health activist,Q96036530,activiste,0.9002,archiviste,0.2492,acteur,0.1982
position au baseball,Q1151733,relation publique,0.2743,fonctionnaire,0.139,politicien,0.1166
activité,Q12737077,activiste,0.7447,acteur,0.2396,acteurs sociaux,0.1239
propriétaire d'équipe sportive,Q26837361,secrétaire,0.4032,notaire,0.3302,transporteur,0.2589
artiste visuel ou artiste visuelle,Q3391743,archiviste,0.3556,activiste,0.3172,secouriste,0.2301
artiste interprète,Q713200,archiviste,0.3324,activiste,0.2913,secouriste,0.263
grimpeur sur rochers,Q3951423,assureur,0.2084,procureur,0.1985,acteur,0.1381
fabricant d'instrument à clavier,Q94296450,client,0.2804,mentor,0.2076,agent de,0.1947
fonction publique,Q294414,relation publique,0.63,fonctionnaire,0.4785,publicitaire,0.2311
footballeur,Q937857,travailleur social,0.3587,fondateur,0.1178,allié,0.0994
paraprofessional,Q7135767,partenaire,0.223,journaliste,0.0699,procureur,0.0685
ingénieur logiciel,Q1709010,écologiste,0.2281,informaticien,0.1516,policier,0.1504
data professional,Q112598603,procureur,0.2182,producteur,0.2176,fondateur,0.0959
musical instrument makers and tuners,Q108290582,musicien,0.4604,mentor,0.1439,inspecteur,0.1229
postier,Q7234072,policier,0.3058,ouvrier,0.205,officier,0.1958
musical instrument makers and tuners,Q108290582,musicien,0.4604,mentor,0.1439,inspecteur,0.1229
athlète,Q2066131,hôte,0.2343,adulte,0.182,activiste,0.1553
mannequin,Q4610556,manager,0.3207,banquier,0.1061,amant/e,0.094
idole japonaise,Q226008,bénévole,0.3242,partenaire,0.0898,comptable,0.0896
acteur ou actrice de cinéma,Q10800557,acteur,0.7954,acteurs sociaux,0.3827,activiste,0.2216
travailleur ou travailleuse du sexe,Q852857,travailleur social,0.7965,traducteur,0.1145,transporteur,0.0958
acteur ou actrice pornographique,Q488111,acteur,0.6244,acteurs sociaux,0.3004,cartographe,0.2904
nageur ou nageuse,Q10843402,manager,0.3809,agent de,0.1262,ouvrier,0.0696
fabricant d'instrument à clavier,Q94296450,client,0.2804,mentor,0.2076,agent de,0.1947
gender studies scholar,Q63952000,étudiant,0.216,vendeur,0.2126,défendeur,0.177
profession paramédicale du secteur dentaire,Q5259404,secrétaire,0.3249,lecteur,0.3119,notaire,0.2823
performeur,Q10774753,réformateur,0.3747,informaticien,0.2649,acteur,0.1205
acteur ou actrice,Q33999,acteur,0.9123,acteurs sociaux,0.4389,activiste,0.2541
commerce,Q601401,comptable,0.2976,mere,0.1772,consultant,0.0852
photographe professionnel,Q98084799,cartographe,0.6519,philosophe,0.1314,procureur,0.1099
photographe,Q33231,cartographe,0.7546,philosophe,0.1521,pharmacien,0.0399
acteur ou actrice,Q33999,acteur,0.9123,acteurs sociaux,0.4389,activiste,0.2541
film people,Q34388953,bénévole,0.2003,comptable,0.1879,guerrier,0.0
auteur ou autrice de non-fiction,Q15980158,auteur,0.7176,fonctionnaire,0.1634,relation publique,0.1513
pédagogue,Q1231865,psychologue,0.4409,guerrier,0.0813,relation publique,0.0559
artiste visuel ou artiste visuelle,Q3391743,archiviste,0.3556,activiste,0.3172,secouriste,0.2301
conseiller ou conseillère de rédaction,Q876864,consultant,0.3034,enseignant,0.1603,fonctionnaire,0.1341
entraîneur sportif,Q41583,entrepreneur,0.4025,transporteur,0.3451,spectateur,0.0793
officier de marine,Q10669499,officier,0.9057,policier,0.2973,agent de,0.1667
aviateur militaire,Q105550321,publicitaire,0.3735,notaire,0.3315,médiateur,0.3243
haltérophile,Q13381376,philosophe,0.3544,bénévole,0.0833,comptable,0.0781
entraîneur sportif,Q41583,entrepreneur,0.4025,transporteur,0.3451,spectateur,0.0793
cinéma,Q590870,citoyen,0.1704,médecin,0.1703,guerrier,0.0
entraîneur sportif,Q41583,entrepreneur,0.4025,transporteur,0.3451,spectateur,0.0793
ingénieur électricien,Q1326886,musicien,0.3538,politicien,0.3153,technicien,0.3042
electrotechnology engineers,Q108289382,technicien,0.3472,lecteur,0.2236,écologiste,0.1429
disc jockey,Q130857,joueur,0.1773,diplomate,0.1556,journaliste,0.1195
entraîneur sportif,Q41583,entrepreneur,0.4025,transporteur,0.3451,spectateur,0.0793
peintre,Q1028181,ancêtre,0.2667,entrepreneur,0.2507,mere,0.0778
artiste textile,Q10694573,archiviste,0.3205,activiste,0.2732,secouriste,0.2467
dye artist,Q108605121,archiviste,0.1774,investisseur,0.1007,partenaire,0.093
romaniste,Q2504617,activiste,0.3391,archiviste,0.3076,secouriste,0.3062
peintre,Q1028181,ancêtre,0.2667,entrepreneur,0.2507,mere,0.0778
psychologue,Q212980,psychologue,1.0,écologiste,0.0952,guerrier,0.0358
biologiste,Q864503,écologiste,0.7881,activiste,0.2022,archiviste,0.1834
pasteur,Q352507,acteur,0.3004,auteur,0.259,lecteur,0.2472
business and administration professionals,Q108286992,relation publique,0.3307,fonctionnaire,0.1341,procureur,0.1231
teaching professionals,Q108284914,procureur,0.2182,producteur,0.2176,technicien,0.0834
building and related trades workers (excluding electricians),Q108289046,relation publique,0.2842,traducteur,0.2393,lecteur,0.1625
"manufacturing, mining, construction and distribution managers",Q108289369,manager,0.5458,relation publique,0.2266,fonctionnaire,0.1798
primary school and early childhood teachers,Q108289396,ancêtre,0.0927,technicien,0.0803,archiviste,0.0797
"Butchers, Fishmongers and Related Food Preparers",Q108286217,relation publique,0.3083,législateur,0.1037,acteurs sociaux,0.0812
athlète,Q2066131,hôte,0.2343,adulte,0.182,activiste,0.1553
joueur professionnel ou joueuse professionnelle,Q18536342,joueur,0.75,procureur,0.1549,producteur,0.1546
attaché de presse,Q4178004,agent de,0.3265,investisseur,0.079,entrepreneur,0.0777
mining and metallurgical technicians,Q108290386,technicien,0.7416,mere,0.059,travailleur social,0.059
écologue,Q15839134,écologiste,0.5256,psychologue,0.4607,guerrier,0.0431
prêtre,Q42603,ancêtre,0.519,procureur,0.0673,producteur,0.0672
cheminot,Q7063944,notaire,0.2618,traducteur,0.0,spectateur,0.0
haut fonctionnaire ou haute fonctionnaire,Q599151,fonctionnaire,0.9719,partenaire,0.2101,notaire,0.1539
chanteur ou chanteuse,Q177220,inventeur,0.4251,acteur,0.1658,auteur,0.143
chanteur classique,Q24841721,inventeur,0.2993,relation publique,0.2543,acteur,0.1477
peintre,Q1028181,ancêtre,0.2667,entrepreneur,0.2507,mere,0.0778
pilote automobile,Q10349745,auteur,0.4028,philosophe,0.0846,bénévole,0.0795
militant en faveur de la tempérance,Q97621558,familier,0.1978,consultant,0.1954,agent de,0.1947
pilote automobile,Q10349745,auteur,0.4028,philosophe,0.0846,bénévole,0.0795
athlète,Q2066131,hôte,0.2343,adulte,0.182,activiste,0.1553
joueur professionnel ou joueuse professionnelle,Q18536342,joueur,0.75,procureur,0.1549,producteur,0.1546
athlète,Q2066131,hôte,0.2343,adulte,0.182,activiste,0.1553
pédagogue,Q1231865,psychologue,0.4409,guerrier,0.0813,relation publique,0.0559
écologue,Q15839134,écologiste,0.5256,psychologue,0.4607,guerrier,0.0431
chercheur ou chercheuse,Q1650915,archiviste,0.1748,ouvrier,0.1058,acteur,0.0897
réalisateur de films pornographiques,Q17456089,cartographe,0.3369,réformateur,0.1695,agent de,0.1561
designer,Q5322166,agent de,0.179,infirmier / soignant,0.1351,enseignant,0.1131
ingénieur du son,Q128124,inventeur,0.1595,inspecteur,0.1534,innovateur,0.1497
participant à un concours de beauté,Q18581305,partenaire,0.2519,agent de,0.1879,consultant,0.1817
vainqueur,Q18560095,joueur,0.4022,travailleur social,0.0979,banquier,0.0883
maçon,Q327321,manager,0.1708,relation publique,0.1127,guerrier,0.0
maître d’œuvre,Q1340643,ancêtre,0.2786,père,0.1352,mere,0.1352
artiste visuel ou artiste visuelle,Q3391743,archiviste,0.3556,activiste,0.3172,secouriste,0.2301
haut fonctionnaire ou haute fonctionnaire,Q599151,fonctionnaire,0.9719,partenaire,0.2101,notaire,0.1539
secrétaire général,Q6501749,secrétaire,0.9593,notaire,0.2923,publicitaire,0.2144
conseiller en gestion de patrimoine,Q683476,consultant,0.2168,relation publique,0.1632,témoin,0.1454
chirurgien ou chirurgienne,Q774306,musicien,0.1859,politicien,0.1657,technicien,0.1599
patron,Q1240788,partenaire,0.1456,relation publique,0.1127,guerrier,0.0
chef d'équipe,Q743438,banquier,0.2267,guerrier,0.0,traducteur,0.0
officier,Q189290,officier,1.0,policier,0.3283,musicien,0.0891
médecin militaire,Q4002666,médecin,0.7601,publicitaire,0.3022,notaire,0.2681
scientifique,Q901,relation publique,0.3032,client,0.1961,musicien,0.1323
sociologue,Q2306091,psychologue,0.5177,acteurs sociaux,0.2227,travailleur social,0.1896
chercheur en santé publique,Q24017732,relation publique,0.6441,publicitaire,0.3041,enfant,0.0711
historien ou historienne des sciences,Q16063546,musicien,0.2146,politicien,0.1912,technicien,0.1845
agent de sécurité,Q856887,agent de,0.8611,précurseur,0.1319,client,0.1213
artiste visuel ou artiste visuelle,Q3391743,archiviste,0.3556,activiste,0.3172,secouriste,0.2301
zoologiste,Q350979,écologiste,0.7881,activiste,0.2022,archiviste,0.1834
graveur ou graveuse d'estampes,Q11569986,cultivateur / éleveur,0.1997,travailleur social,0.1005,cartographe,0.0906
monteur d'acier,Q15980591,inventeur,0.3348,policier,0.2851,officier,0.2733
sculpteur ou sculptrice,Q1281618,cultivateur / éleveur,0.2503,acteur,0.2065,auteur,0.178
patineur ou patineuse sur glace,Q9394993,entrepreneur,0.2159,assureur,0.1048,partenaire,0.1013
athlète,Q2066131,hôte,0.2343,adulte,0.182,activiste,0.1553
historien ou historienne des sciences,Q16063546,musicien,0.2146,politicien,0.1912,technicien,0.1845
publiciste,Q6051619,publicitaire,0.6073,relation publique,0.2987,activiste,0.1935
journaliste,Q1930187,journaliste,1.0,secouriste,0.1649,activiste,0.1505
écrivain ou écrivaine,Q36180,écologiste,0.1108,travailleur social,0.0853,cultivateur / éleveur,0.0847
applied scientist,Q102323692,client,0.3427,musicien,0.1661,politicien,0.148
marine painter,Q25616553,manager,0.1901,inventeur,0.128,partenaire,0.1106
auteur ou autrice,Q482980,auteur,0.9201,acteur,0.116,lecteur,0.0955
athlète,Q2066131,hôte,0.2343,adulte,0.182,activiste,0.1553
joueur professionnel ou joueuse professionnelle,Q18536342,joueur,0.75,procureur,0.1549,producteur,0.1546
médecin,Q39631,médecin,1.0,médiateur,0.146,voisin,0.0457
zoologiste,Q350979,écologiste,0.7881,activiste,0.2022,archiviste,0.1834
lieutenant général,Q152951,enseignant,0.2499,infirmier / soignant,0.1919,partenaire,0.1875
personnalité du jeu d'échecs,Q73145133,journaliste,0.2197,fonctionnaire,0.2012,politicien,0.0816
joueur de jeu de plateau,Q84380764,joueur,0.6856,agent de,0.3035,législateur,0.1173
athlète,Q2066131,hôte,0.2343,adulte,0.182,activiste,0.1553
abstract game player,Q11538946,acteur,0.1884,traducteur,0.1202,activiste,0.1196
pédagogue,Q1231865,psychologue,0.4409,guerrier,0.0813,relation publique,0.0559
technologies de l'information et de la communication pour l'enseignement,Q1662468,informaticien,0.3121,relation publique,0.2654,enseignant,0.2519
commerçant,Q215536,comptable,0.2522,consultant,0.2022,enfant,0.1789
profession libérale,Q13391392,procureur,0.2211,producteur,0.2206,relation publique,0.1834
expert maritime,Q4448548,manager,0.1395,politicien,0.1247,guide spirituel,0.0969
historien ou historienne militaire,Q1493121,publicitaire,0.3201,notaire,0.284,secrétaire,0.2258
prêtre de la Grèce antique,Q108799798,ancêtre,0.3783,relation publique,0.2257,agent de,0.1923
personnalité du monde des affaires,Q43845,fonctionnaire,0.2398,journaliste,0.1648,agent de,0.1413
professionnel des médias,Q15980804,médiateur,0.5037,médecin,0.1538,procureur,0.1387
préfet,Q371909,précurseur,0.2594,défendeur,0.1025,réformateur,0.0979
préfet,Q104290473,précurseur,0.2594,défendeur,0.1025,réformateur,0.0979
arts administrator,Q26903663,mentor,0.2953,archiviste,0.1228,adulte,0.0998
pilote,Q378622,philosophe,0.161,hôte,0.132,adulte,0.1025
artiste,Q483501,archiviste,0.3646,activiste,0.3108,secouriste,0.2806
maître de guilde,Q1284709,agent de,0.2943,guide spirituel,0.2233,ancêtre,0.1632
charpentier,Q154549,ouvrier,0.2096,policier,0.2088,officier,0.2002
érudit du judaïsme,Q5121550,juré,0.1925,éditeur,0.1583,étudiant,0.1313
ethnologue,Q1371378,psychologue,0.619,écologiste,0.1539,guerrier,0.0579
historien ou historienne,Q201788,ouvrier,0.1787,musicien,0.1431,mentor,0.1408
théoricien ou théoricienne de l'art,Q17391638,musicien,0.4565,politicien,0.4068,technicien,0.3925
militant ou militante,Q15253558,consultant,0.2383,familier,0.2326,enfant,0.0938
théologien chrétien,Q55737401,écologiste,0.3112,musicien,0.2228,politicien,0.1985
personnalité liée au sport,Q50995749,transporteur,0.2885,journaliste,0.146,fonctionnaire,0.1338
cybermilitant,Q19890746,consultant,0.2776,familier,0.2107,enfant,0.1276
hacker,Q5637247,ouvrier,0.1706,policier,0.17,manager,0.1647
cycliste,Q2309784,journaliste,0.4562,activiste,0.2853,archiviste,0.2588
lutteur,Q27978698,acteur,0.4339,auteur,0.374,lecteur,0.357
athlète,Q2066131,hôte,0.2343,adulte,0.182,activiste,0.1553
personne handicapée,Q15978181,syndiqué,0.1549,fonctionnaire,0.1255,guerrier,0.0
photographe,Q33231,cartographe,0.7546,philosophe,0.1521,pharmacien,0.0399
conseiller municipal,Q708492,consultant,0.2844,travailleur social,0.1541,enseignant,0.1502
pehtori,Q10536056,mentor,0.2633,guerrier,0.0,juré,0.0
designer,Q5322166,agent de,0.179,infirmier / soignant,0.1351,enseignant,0.1131
prêtre,Q42603,ancêtre,0.519,procureur,0.0673,producteur,0.0672
pécheur ou pécheresse,Q17573263,mere,0.1831,investisseur,0.1565,ouvrier,0.132
Decriminalizing sex work,Q17001582,journaliste,0.2223,secrétaire,0.1461,agent de,0.1039
femmes dans la guerre,Q21020787,guerrier,0.6018,aidant,0.0815,transporteur,0.0573
samouraï,Q38142,secouriste,0.1755,pourvoyeur,0.1752,journaliste,0.1653
épéiste,Q11397897,activiste,0.3698,archiviste,0.3355,secouriste,0.3339
acteur ou actrice de cinéma,Q10800557,acteur,0.7954,acteurs sociaux,0.3827,activiste,0.2216
agent de maintenance,Q63930359,agent de,0.8154,partenaire,0.1368,client,0.1149
technicien de surface,Q1760141,technicien,0.9259,musicien,0.2354,politicien,0.2098
organisation,Q43229,relation publique,0.4603,fonctionnaire,0.154,informaticien,0.0538
fonction,Q11348,fonctionnaire,0.671,relation publique,0.197,fondateur,0.1348
profession,Q28640,procureur,0.2381,producteur,0.2375,relation publique,0.1975
commerçant,Q7501153,comptable,0.2522,consultant,0.2022,enfant,0.1789
peintre,Q1028181,ancêtre,0.2667,entrepreneur,0.2507,mere,0.0778
entomologiste,Q3055126,écologiste,0.6932,activiste,0.1778,archiviste,0.1613
linguiste,Q14467526,activiste,0.3698,archiviste,0.3355,secouriste,0.3339
collectionneur scientifique,Q98544732,fonctionnaire,0.2882,relation publique,0.2537,lecteur,0.1907
zoologiste,Q350979,écologiste,0.7881,activiste,0.2022,archiviste,0.1834
physicien ou physicienne,Q169470,musicien,0.6213,politicien,0.3222,technicien,0.3109
applied scientist,Q102323692,client,0.3427,musicien,0.1661,politicien,0.148
policier ou policière,Q384593,policier,0.9261,politicien,0.3633,officier,0.2039
mathématicien ou mathématicienne,Q170790,informaticien,0.6181,politicien,0.3695,musicien,0.2591
amateur,Q455595,réformateur,0.4011,amant/e,0.2473,médiateur,0.2429
idole japonaise,Q226008,bénévole,0.3242,partenaire,0.0898,comptable,0.0896
neurobiologiste,Q6337803,écologiste,0.7353,activiste,0.1886,archiviste,0.1712
radiologue,Q18245236,psychologue,0.593,écologiste,0.1474,traducteur,0.0655
mayor of a place in Florida,Q99521021,aidant,0.1186,mentor,0.1147,manager,0.1052
fonctionnaire,Q212238,fonctionnaire,1.0,partenaire,0.2162,notaire,0.1584
ministre,Q83307,ancêtre,0.3254,père,0.0949,mere,0.0949
réalisateur ou réalisatrice,Q3455803,journaliste,0.2604,réformateur,0.2349,médiateur,0.1585
pédiatre,Q1919436,médiateur,0.4857,ancêtre,0.1959,éditeur,0.0812
généticien ou généticienne,Q3126128,politicien,0.5268,informaticien,0.4539,musicien,0.3694
vidéaste,Q2737906,activiste,0.2919,archiviste,0.2648,secouriste,0.2636
travailleur ou travailleuse du sexe,Q852857,travailleur social,0.7965,traducteur,0.1145,transporteur,0.0958
créateur ou créatrice de contenu,Q109459317,agent de,0.195,médiateur,0.1792,fondateur,0.1775
acteur ou actrice pornographique,Q488111,acteur,0.6244,acteurs sociaux,0.3004,cartographe,0.2904
chirurgien ou chirurgienne,Q774306,musicien,0.1859,politicien,0.1657,technicien,0.1599
médecin spécialiste,Q3332438,médecin,0.754,journaliste,0.3311,activiste,0.1411
traumatologue,Q26203274,psychologue,0.5513,écologiste,0.137,traducteur,0.1331
trauma surgeon,Q56678872,traducteur,0.2442,transporteur,0.2043,travailleur social,0.1687
electronic engineer,Q108140949,lecteur,0.3629,technicien,0.0939,enfant,0.0902
rider,Q11998775,guide spirituel,0.1387,ouvrier,0.0961,policier,0.0957
dresseur,Q8011071,investisseur,0.46,précurseur,0.2595,acteur,0.0859
entraîneur de chevaux,Q466640,entrepreneur,0.4175,agent de,0.2377,acteurs sociaux,0.1437
entraîneur sportif,Q41583,entrepreneur,0.4025,transporteur,0.3451,spectateur,0.0793
créateur ou créatrice,Q2500638,médiateur,0.2514,fondateur,0.249,spectateur,0.2344
personne du monde du divertissement,Q138858,investisseur,0.2929,agent de,0.1939,mentor,0.1786
comptable,Q326653,comptable,1.0,bénévole,0.0376,consultant,0.0343
conseiller conjugal et familial,Q2994359,familier,0.4555,consultant,0.278,travailleur social,0.1775
auteur ou autrice,Q482980,auteur,0.9201,acteur,0.116,lecteur,0.0955
technologie,Q11016,technicien,0.4923,écologiste,0.2967,psychologue,0.1219
catalogueur,Q33109310,psychologue,0.3128,joueur,0.3077,avocat,0.0769
serials librarian,Q109607335,étudiant,0.135,secrétaire,0.1033,secouriste,0.1021
militant social,Q8359428,travailleur social,0.4401,acteurs sociaux,0.2838,consultant,0.1884
professionnel du cinéma,Q3406858,procureur,0.1898,producteur,0.1894,fonctionnaire,0.1753
personnalité politique,Q82955,politicien,0.5083,policier,0.2419,relation publique,0.1787
éducateur ou éducatrice,Q974144,éditeur,0.2431,traducteur,0.1835,producteur,0.1817
microbiologiste,Q3779582,écologiste,0.7881,activiste,0.2022,archiviste,0.1834
écologue,Q15839134,écologiste,0.5256,psychologue,0.4607,guerrier,0.0431
physicien ou physicienne,Q169470,musicien,0.6213,politicien,0.3222,technicien,0.3109
ingénieur ou ingénieure,Q81096,inventeur,0.1874,inspecteur,0.1802,innovateur,0.1759
négus,Q2532681,guerrier,0.0,traducteur,0.0,spectateur,0.0
assistant,Q23835475,consultant,0.3162,assureur,0.2513,enfant,0.1454
pilote de moto,Q3014296,agent de,0.3713,philosophe,0.094,hôte,0.077
plongée sous-marine,Q179643,diplomate,0.1604,acteurs sociaux,0.1028,travailleur social,0.0875
participant à une émission de téléréalité,Q27658988,partenaire,0.2743,agent de,0.2046,politicien,0.1563
compétiteur,Q5165152,éditeur,0.3814,comptable,0.3737,acteur,0.1636
position d'autorité,Q15296531,relation publique,0.2743,fonctionnaire,0.139,politicien,0.1166
homme d'État,Q372436,avocat,0.1491,spectateur,0.1302,secrétaire,0.1201
responsable,Q1251441,comptable,0.4035,consultant,0.0672,transporteur,0.0644
personnalité politique,Q82955,politicien,0.5083,policier,0.2419,relation publique,0.1787
fonctionnaire,Q16258947,fonctionnaire,1.0,partenaire,0.2162,notaire,0.1584
travailleur qualifié ou travailleuse qualifiée,Q2588761,travailleur social,0.7801,traducteur,0.1122,transporteur,0.0938
sport combiné,Q43767805,transporteur,0.3691,comptable,0.1874,spectateur,0.0606
sport individuel,Q2755547,transporteur,0.3285,guide spirituel,0.1842,syndiqué,0.0627
sport olympique,Q212434,transporteur,0.3246,relation publique,0.2556,spectateur,0.0533
conseiller ou conseillère de rédaction,Q876864,consultant,0.3034,enseignant,0.1603,fonctionnaire,0.1341
bijoutier,Q336221,ouvrier,0.2415,policier,0.2406,officier,0.2306
court artist,Q59922524,secouriste,0.258,archiviste,0.1242,journaliste,0.0965
fonction,Q4164871,fonctionnaire,0.671,relation publique,0.197,fondateur,0.1348
bourgmestre,Q17175157,ancêtre,0.2756,investisseur,0.0928,mere,0.0804
arts visuels,Q36649,archiviste,0.1979,activiste,0.0993,partenaire,0.0898
marin,Q45199,manager,0.1838,voisin,0.1443,témoin,0.1443
fondeur ou fondeuse,Q12031226,fondateur,0.4623,vendeur,0.3613,défendeur,0.3009
agent,Q24229398,agent de,0.8893,client,0.1584,manager,0.0616
chercheur ou chercheuse en sciences sociales,Q15319501,travailleur social,0.3971,acteurs sociaux,0.321,musicien,0.1212
réformateur social,Q16611574,réformateur,0.7898,travailleur social,0.3691,acteurs sociaux,0.2518
manœuvres de l’agriculture et de l’élevage,Q108290757,agent de,0.3681,cultivateur / éleveur,0.1873,manager,0.1848
philologue,Q13418253,psychologue,0.4626,philosophe,0.3848,écologiste,0.115
technicien ou technicienne,Q5352191,technicien,0.9852,musicien,0.2158,politicien,0.1923
orientaliste,Q1731155,journaliste,0.5182,activiste,0.2208,archiviste,0.2003
détaillant,Q12049274,secrétaire,0.1978,travailleur social,0.1652,enfant,0.1441
sculpteur sur bois ou autre matériau  naturel,Q1840507,auteur,0.3502,assureur,0.152,acteur,0.1446
bijoutier,Q336221,ouvrier,0.2415,policier,0.2406,officier,0.2306
ouvrier,Q12713481,ouvrier,1.0,guerrier,0.2301,policier,0.0913
historien ou historienne de l'art,Q1792450,agent de,0.1832,ouvrier,0.1591,musicien,0.1274
magasin,Q213441,voisin,0.3682,manager,0.1251,témoin,0.0983
professeur ou professeure d'université,Q1622272,investisseur,0.3578,procureur,0.2553,précurseur,0.2326
investisseur,Q557880,investisseur,1.0,inventeur,0.2358,précurseur,0.1194
armurier,Q1371796,ouvrier,0.3763,guerrier,0.3483,policier,0.1382
médecin,Q39631,médecin,1.0,médiateur,0.146,voisin,0.0457
être humain féminin,Q84048852,ancêtre,0.4447,témoin,0.1324,voisin,0.1324
personnalité politique,Q82955,politicien,0.5083,policier,0.2419,relation publique,0.1787
consultant ou consultante,Q15978655,consultant,0.9775,enfant,0.056,aidant,0.0554
profession médicale,Q66811410,médiateur,0.3824,médecin,0.1788,procureur,0.1612
activité,Q1914636,activiste,0.7447,acteur,0.2396,acteurs sociaux,0.1239
scientifique,Q901,relation publique,0.3032,client,0.1961,musicien,0.1323
scientifique,Q901,relation publique,0.3032,client,0.1961,musicien,0.1323
soldat,Q4991371,avocat,0.1563,fondateur,0.145,acteurs sociaux,0.0818
engagement social,Q1283504,travailleur social,0.4853,acteurs sociaux,0.3129,agent de,0.1709
anthropologue,Q4773904,psychologue,0.563,écologiste,0.1399,ancêtre,0.0654
politologue,Q1238570,psychologue,0.4618,politicien,0.3809,policier,0.273
activité,Q12737077,activiste,0.7447,acteur,0.2396,acteurs sociaux,0.1239
ingénieur électricien,Q1326886,musicien,0.3538,politicien,0.3153,technicien,0.3042
prêtre chrétien,Q831474,ancêtre,0.4321,musicien,0.1371,politicien,0.1222
apprentissage,Q133500,entrepreneur,0.2415,investisseur,0.2051,agent de,0.142
mathématicien appliqué ou mathématicienne appliquée,Q102038373,informaticien,0.5288,politicien,0.3162,musicien,0.2217
psychologue,Q212980,psychologue,1.0,écologiste,0.0952,guerrier,0.0358
nationaliste,Q106399618,journaliste,0.5706,relation publique,0.2021,activiste,0.1843
white supremacist,Q107237082,pharmacien,0.2494,éditeur,0.1114,activiste,0.0975
personnalité politique,Q82955,politicien,0.5083,policier,0.2419,relation publique,0.1787
broadcasting executive,Q28050438,activiste,0.1405,investisseur,0.1375,cultivateur / éleveur,0.0968
artiste,Q483501,archiviste,0.3646,activiste,0.3108,secouriste,0.2806
entrepreneuriat,Q3908516,entrepreneur,0.9284,médiateur,0.0516,avocat,0.0461
chef de mission diplomatique,Q1251687,diplomate,0.6617,relation publique,0.2636,agent de,0.1363
plénipotentiaire,Q15217354,partenaire,0.4061,notaire,0.3992,secrétaire,0.3173
artisan,Q1294787,archiviste,0.1227,investisseur,0.1106,partenaire,0.1022
modeleur,Q3317836,travailleur social,0.2993,acteur,0.112,cultivateur / éleveur,0.098
professeur de biologie,Q104828277,investisseur,0.2768,écologiste,0.2753,précurseur,0.1928
célébrité d'internet,Q2045208,inventeur,0.1685,guide spirituel,0.1187,diplomate,0.0
vlogueur ou vlogueuse,Q4110598,psychologue,0.3816,joueur,0.2399,guerrier,0.0704
professionnel des médias,Q15980804,médiateur,0.5037,médecin,0.1538,procureur,0.1387
personne du monde du divertissement,Q138858,investisseur,0.2929,agent de,0.1939,mentor,0.1786
veterinary specialist,Q7923730,spectateur,0.3034,journaliste,0.2727,inspecteur,0.1447
veterinary scientist,Q106823762,client,0.2426,musicien,0.1637,politicien,0.1459
épidémiologiste,Q13416803,écologiste,0.7627,activiste,0.1957,archiviste,0.1775
pharaon,Q37110,pharmacien,0.4565,philosophe,0.0623,relation publique,0.061
Pharao im Mittleren Reich,Q110550696,pharmacien,0.4258,mere,0.1134,entrepreneur,0.0599
dirigeant,Q1097498,enfant,0.2209,aidant,0.2187,étudiant,0.1827
pharaon,Q37110,pharmacien,0.4565,philosophe,0.0623,relation publique,0.061
dirigeant,Q1097498,enfant,0.2209,aidant,0.2187,étudiant,0.1827
ministre,Q83307,ancêtre,0.3254,père,0.0949,mere,0.0949
spécialiste de la littérature,Q17167049,journaliste,0.4271,activiste,0.182,agent de,0.1804
commerçant,Q215536,comptable,0.2522,consultant,0.2022,enfant,0.1789
col blanc,Q255274,ancêtre,0.1428,écologiste,0.1218,comptable,0.102
chimiste organicien,Q34463094,technicien,0.4746,musicien,0.3458,politicien,0.3082
chimiste,Q593644,archiviste,0.4339,activiste,0.3698,secouriste,0.3339
scientifique,Q901,relation publique,0.3032,client,0.1961,musicien,0.1323
militant ou militante,Q15253558,consultant,0.2383,familier,0.2326,enfant,0.0938
ingénieur mécanicien,Q1906857,technicien,0.5294,musicien,0.3858,politicien,0.3438
ingénieur design,Q1779650,agent de,0.1576,inventeur,0.1566,inspecteur,0.1506
africaniste,Q15936497,activiste,0.4206,archiviste,0.3816,secouriste,0.3798
criminel ou criminelle,Q2159907,ouvrier,0.1278,bénévole,0.0935,comptable,0.0877
historien ou historienne,Q201788,ouvrier,0.1787,musicien,0.1431,mentor,0.1408
professeur ou professeure d'université,Q1622272,investisseur,0.3578,procureur,0.2553,précurseur,0.2326
business psychologist,Q108330379,psychologue,0.6826,écologiste,0.4033,voisin,0.0469
pirate en sécurité informatique,Q2798820,informaticien,0.6123,réformateur,0.2882,relation publique,0.1807
artiste des nouveaux médias,Q7016454,médiateur,0.4393,archiviste,0.2024,activiste,0.1725
informaticien ou informaticienne,Q82594,informaticien,0.9882,réformateur,0.2947,politicien,0.2734
mathématicien ou mathématicienne,Q170790,informaticien,0.6181,politicien,0.3695,musicien,0.2591
ingénieur ou ingénieure,Q81096,inventeur,0.1874,inspecteur,0.1802,innovateur,0.1759
écologue,Q15839134,écologiste,0.5256,psychologue,0.4607,guerrier,0.0431
linguiste,Q14467526,activiste,0.3698,archiviste,0.3355,secouriste,0.3339
ingénieur civil,Q13582652,inventeur,0.1566,inspecteur,0.1506,innovateur,0.147
journaliste,Q1930187,journaliste,1.0,secouriste,0.1649,activiste,0.1505
photographe,Q33231,cartographe,0.7546,philosophe,0.1521,pharmacien,0.0399
traducteur-interprète,Q1790480,traducteur,0.9448,producteur,0.3759,acteur,0.192
météorologue,Q2310145,psychologue,0.597,écologiste,0.1484,médiateur,0.0583
natural history museum curator,Q99439671,mentor,0.2904,musicien,0.2004,précurseur,0.0892
botaniste,Q2374149,activiste,0.3339,archiviste,0.3029,secouriste,0.3015
comptable,Q326653,comptable,1.0,bénévole,0.0376,consultant,0.0343
enseignant ou enseignante,Q37226,enseignant,0.9771,infirmier / soignant,0.2664,enfant,0.0992
prestataire de soins,Q55645123,notaire,0.3564,secrétaire,0.2833,publicitaire,0.2614
dame de compagnie,Q715222,comptable,0.4073,agent de,0.2615,consultant,0.0567
impératrice du Japon,Q595038,relation publique,0.1594,guerrier,0.0,législateur,0.0
éducateur ou éducatrice,Q974144,éditeur,0.2431,traducteur,0.1835,producteur,0.1817
juge en chef,Q3188089,juré,0.2213,enfant,0.1329,enseignant,0.0992
défenseur des droits de l'Homme,Q1476215,défendeur,0.4674,agent de,0.2277,précurseur,0.14
scientifique,Q901,relation publique,0.3032,client,0.1961,musicien,0.1323
célébrité d'internet,Q2045208,inventeur,0.1685,guide spirituel,0.1187,diplomate,0.0
professionnel des médias,Q15980804,médiateur,0.5037,médecin,0.1538,procureur,0.1387
posteur ou posteuse,Q111651501,acteur,0.2141,auteur,0.1846,lecteur,0.1762
professeur d'ingénierie,Q110996210,investisseur,0.3623,précurseur,0.2523,procureur,0.2165
enseignant ou enseignante,Q37226,enseignant,0.9771,infirmier / soignant,0.2664,enfant,0.0992
criminel ou criminelle,Q2159907,ouvrier,0.1278,bénévole,0.0935,comptable,0.0877
professeur d'ingénierie,Q110996210,investisseur,0.3623,précurseur,0.2523,procureur,0.2165
botaniste,Q2374149,activiste,0.3339,archiviste,0.3029,secouriste,0.3015
morphologist,Q41799705,écologiste,0.6009,psychologue,0.2731,législateur,0.0461
athlète,Q2066131,hôte,0.2343,adulte,0.182,activiste,0.1553
analyste,Q485178,journaliste,0.2376,activiste,0.1736,archiviste,0.1575
psychologue,Q212980,psychologue,1.0,écologiste,0.0952,guerrier,0.0358
juriste,Q185351,secouriste,0.5493,juré,0.2839,activiste,0.2205
avocat ou avocate,Q40348,avocat,0.9493,diplomate,0.0554,ouvrier,0.0341
auteur ou autrice de bande dessinée,Q715301,auteur,0.7176,agent de,0.2187,banquier,0.1172
chanteur ou chanteuse,Q177220,inventeur,0.4251,acteur,0.1658,auteur,0.143
sculpteur sur bois ou autre matériau  naturel,Q1840507,auteur,0.3502,assureur,0.152,acteur,0.1446
stone carver,Q17305500,cartographe,0.2975,ouvrier,0.0625,policier,0.0622
orientaliste,Q1731155,journaliste,0.5182,activiste,0.2208,archiviste,0.2003
reclus,Q2303143,relation publique,0.1594,guerrier,0.0,législateur,0.0
beguine,Q2893972,guide spirituel,0.1678,traducteur,0.0,spectateur,0.0
poète ou poétesse,Q49757,policier,0.1566,politicien,0.1356,pourvoyeur,0.1289
athlète,Q2066131,hôte,0.2343,adulte,0.182,activiste,0.1553
combattant,Q1414937,consultant,0.3937,comptable,0.2151,enfant,0.1526
ingénieur mécanicien,Q1906857,technicien,0.5294,musicien,0.3858,politicien,0.3438
créateur ou créatrice,Q2500638,médiateur,0.2514,fondateur,0.249,spectateur,0.2344
créateur ou créatrice de contenu,Q109459317,agent de,0.195,médiateur,0.1792,fondateur,0.1775
agent de joueurs,Q144662,agent de,0.6827,joueur,0.5704,acteurs sociaux,0.173
rite funéraire,Q201676,notaire,0.3683,secrétaire,0.2927,partenaire,0.2897
essayiste,Q11774202,activiste,0.4206,archiviste,0.3816,secouriste,0.3798
créateur ou créatrice de contenu,Q109459317,agent de,0.195,médiateur,0.1792,fondateur,0.1775
évêque diocésain,Q1144278,relation publique,0.2115,diplomate,0.0987,voisin,0.0888
atmospheric scientist,Q17276189,client,0.2461,musicien,0.1661,politicien,0.148
géophysicien ou géophysicienne,Q12094958,musicien,0.6149,politicien,0.3189,technicien,0.3077
psychologue,Q212980,psychologue,1.0,écologiste,0.0952,guerrier,0.0358
clinicien ou clinicienne,Q5133860,technicien,0.4729,musicien,0.3201,client,0.3074
food and nutritional scientist,Q123570858,fonctionnaire,0.1636,client,0.1612,politicien,0.1565
dirigeant sportif,Q26481809,transporteur,0.357,enfant,0.1286,aidant,0.1273
dirigeant sportif,Q26481809,transporteur,0.357,enfant,0.1286,aidant,0.1273
criminel ou criminelle,Q2159907,ouvrier,0.1278,bénévole,0.0935,comptable,0.0877
danseur ou danseuse,Q5716684,précurseur,0.1886,investisseur,0.1699,aidant,0.1262
dessinateur ou dessinatrice,Q15296811,médiateur,0.2049,fondateur,0.203,spectateur,0.1911
artiste graphique,Q1925963,cartographe,0.2901,archiviste,0.2095,relation publique,0.2078
résistant ou résistante,Q1397808,consultant,0.3065,enfant,0.1207,aidant,0.1195
rebelle,Q1125062,bénévole,0.1087,comptable,0.102,relation publique,0.0946
pseudo-scholarship,Q7254446,psychologue,0.3367,précurseur,0.0786,investisseur,0.0708
profession historique,Q16335296,relation publique,0.3835,procureur,0.1541,producteur,0.1537
administrateur,Q16532929,médiateur,0.309,fondateur,0.3061,spectateur,0.2882
cadre dirigeant ou cadre dirigeante,Q978044,enfant,0.1253,aidant,0.124,diplomate,0.1182
chimiste,Q593644,archiviste,0.4339,activiste,0.3698,secouriste,0.3339
scientifique de données,Q29169143,agent de,0.2607,relation publique,0.2534,client,0.1639
arts administrator,Q26903663,mentor,0.2953,archiviste,0.1228,adulte,0.0998
producteur de musique,Q3089940,producteur,0.7572,traducteur,0.3176,musicien,0.2493
activité,Q12737077,activiste,0.7447,acteur,0.2396,acteurs sociaux,0.1239
chef ou cheffe d'entreprise,Q2961975,entrepreneur,0.5717,ouvrier,0.0683,secouriste,0.0561
sexuality and gender-related activist,Q107145544,activiste,0.6468,archiviste,0.1791,relation publique,0.169
usurpateur,Q1136723,médiateur,0.3571,fondateur,0.3538,spectateur,0.333
dirigeant ou dirigeante,Q25713832,enfant,0.1501,aidant,0.1486,diplomate,0.1416
entraîneur sportif,Q41583,entrepreneur,0.4025,transporteur,0.3451,spectateur,0.0793
pharmacien,Q105186,pharmacien,1.0,musicien,0.1658,informaticien,0.155
chimiste,Q593644,archiviste,0.4339,activiste,0.3698,secouriste,0.3339
géographe,Q901402,cartographe,0.7031,philosophe,0.1283,guerrier,0.0
chimiste,Q593644,archiviste,0.4339,activiste,0.3698,secouriste,0.3339
historien ou historienne de l'Église,Q1743122,agent de,0.1824,ouvrier,0.1583,musicien,0.1268
théoricien ou théoricienne du management,Q48072011,manager,0.502,musicien,0.3603,politicien,0.3211
universitaire,Q3400985,publicitaire,0.5629,notaire,0.4995,secrétaire,0.397
président ou présidente,Q140686,précurseur,0.2403,inventeur,0.1614,client,0.145
chirurgien ou chirurgienne,Q774306,musicien,0.1859,politicien,0.1657,technicien,0.1599
technologue,Q12376667,psychologue,0.4607,technicien,0.4174,écologiste,0.1145
pharmacien,Q105186,pharmacien,1.0,musicien,0.1658,informaticien,0.155
pilote,Q475604,philosophe,0.161,hôte,0.132,adulte,0.1025
directeur ou directrice,Q1162163,lecteur,0.4729,inspecteur,0.3673,acteur,0.2853
commandant en chef,Q380782,aidant,0.3793,enfant,0.1899,comptable,0.1804
artiste,Q483501,archiviste,0.3646,activiste,0.3108,secouriste,0.2806
acteur d'opéra chinois,Q118464513,acteur,0.8919,acteurs sociaux,0.42,lecteur,0.2911
aquafortiste,Q10862983,activiste,0.3108,archiviste,0.2819,secouriste,0.2806
acteur d'opéra chinois,Q118464513,acteur,0.8919,acteurs sociaux,0.42,lecteur,0.2911
acteur ou actrice de théâtre,Q2259451,acteur,0.7896,acteurs sociaux,0.3799,activiste,0.2199
pratiquant de sports d'hiver,Q20965770,transporteur,0.296,agent de,0.2311,enfant,0.1066
mannequin promotionnel,Q1193763,fonctionnaire,0.2662,manager,0.1866,procureur,0.1484
maire,Q30185,notaire,0.4251,secrétaire,0.3379,partenaire,0.3343
amtsrådsmedlem i Danmark,Q112085554,aidant,0.1924,amant/e,0.1698,guerrier,0.0
historien ou historienne,Q201788,ouvrier,0.1787,musicien,0.1431,mentor,0.1408
théoricien ou théoricienne des systèmes,Q63993638,musicien,0.4772,politicien,0.4253,technicien,0.4104
entraîneur sportif,Q41583,entrepreneur,0.4025,transporteur,0.3451,spectateur,0.0793
médecin,Q39631,médecin,1.0,médiateur,0.146,voisin,0.0457
climatologue,Q1113838,psychologue,0.536,client,0.2133,écologiste,0.1332
toxicologue,Q4459623,psychologue,0.5496,écologiste,0.3001,guerrier,0.0514
météorologue,Q2310145,psychologue,0.597,écologiste,0.1484,médiateur,0.0583
compositeur,Q4108101,éditeur,0.3814,comptable,0.3737,acteur,0.1636
slaviste,Q15976341,activiste,0.5124,archiviste,0.4649,secouriste,0.2666
amateur actor,Q1800680,acteur,0.3538,réformateur,0.3161,mentor,0.2136
Ochotnik (osoba),Q11795712,philosophe,0.1378,psychologue,0.1309,guerrier,0.0
chirurgien plasticien,Q5770349,politicien,0.5215,informaticien,0.4493,musicien,0.4259
personne handicapée,Q15978181,syndiqué,0.1549,fonctionnaire,0.1255,guerrier,0.0
programmateur ou programmatrice,Q2548714,producteur,0.2578,réformateur,0.2406,procureur,0.2224
programmateur ou programmatrice,Q2548714,producteur,0.2578,réformateur,0.2406,procureur,0.2224
chirurgien ou chirurgienne,Q774306,musicien,0.1859,politicien,0.1657,technicien,0.1599
dentiste,Q27349,activiste,0.3171,archiviste,0.2877,secouriste,0.2863
ésotériste,Q16004492,secouriste,0.5207,activiste,0.3067,archiviste,0.2783
athlète,Q2066131,hôte,0.2343,adulte,0.182,activiste,0.1553
slaviste,Q15976341,activiste,0.5124,archiviste,0.4649,secouriste,0.2666
slaviste,Q15976341,activiste,0.5124,archiviste,0.4649,secouriste,0.2666
reporter,Q42909,transporteur,0.3875,entrepreneur,0.0636,partenaire,0.0597
polémiste,Q1642960,activiste,0.3222,archiviste,0.2923,secouriste,0.291
médecin,Q39631,médecin,1.0,médiateur,0.146,voisin,0.0457
formateur,Q3077353,réformateur,0.7461,informaticien,0.3645,fondateur,0.2417
domestique,Q54128,relation publique,0.3069,investisseur,0.1898,syndiqué,0.0622
thérapeute alternatif,Q29881694,adulte,0.1558,auteur,0.1232,allié,0.115
slaviste,Q15976341,activiste,0.5124,archiviste,0.4649,secouriste,0.2666
chasseur ou chasseresse,Q1714828,investisseur,0.3365,précurseur,0.1429,assureur,0.1378
sauveteur,Q17126809,acteur,0.4339,auteur,0.374,lecteur,0.357
ingénieur design,Q1779650,agent de,0.1576,inventeur,0.1566,inspecteur,0.1506
ouvrier,Q12713481,ouvrier,1.0,guerrier,0.2301,policier,0.0913
athlétisme,Q542,investisseur,0.1863,guerrier,0.0,législateur,0.0
sociologue,Q2306091,psychologue,0.5177,acteurs sociaux,0.2227,travailleur social,0.1896
thérapeute,Q2419397,auteur,0.1969,cartographe,0.1176,hôte,0.1017
domestique,Q54128,relation publique,0.3069,investisseur,0.1898,syndiqué,0.0622
enseignant ou enseignante,Q37226,enseignant,0.9771,infirmier / soignant,0.2664,enfant,0.0992
musulman ou musulmane,Q47740,musicien,0.3223,manager,0.0895,amant/e,0.089
religious fundamentalist,Q113996594,journaliste,0.3103,mentor,0.1953,relation publique,0.137
enseignant ou enseignante,Q37226,enseignant,0.9771,infirmier / soignant,0.2664,enfant,0.0992
scientifique des matériaux,Q21329070,acteurs sociaux,0.2591,relation publique,0.2164,client,0.1399
romancier ou romancière,Q6625963,policier,0.2119,officier,0.2032,père,0.1868
éleveur de chevaux,Q16000367,cultivateur / éleveur,0.5507,agent de,0.167,acteurs sociaux,0.1219
travailleur forestier,Q12335817,travailleur social,0.7372,investisseur,0.1166,traducteur,0.1107
hors-la-loi,Q254508,guerrier,0.0,traducteur,0.0,spectateur,0.0
cambrioleur,Q10659189,travailleur social,0.2399,bénévole,0.0926,acteur,0.0897
design,Q82604,agent de,0.2004,enseignant,0.1266,infirmier / soignant,0.0972
militant ou militante politique,Q11499147,politicien,0.3756,consultant,0.1885,familier,0.1841
chercheur ou chercheuse,Q1650915,archiviste,0.1748,ouvrier,0.1058,acteur,0.0897
historien ou historienne,Q201788,ouvrier,0.1787,musicien,0.1431,mentor,0.1408
escroc,Q10591707,procureur,0.227,guerrier,0.0,législateur,0.0
publiciste,Q6051619,publicitaire,0.6073,relation publique,0.2987,activiste,0.1935
maître spirituel,Q29352392,guide spirituel,0.7679,ancêtre,0.1062,manager,0.0464
physicien théoricien ou physicienne théoricienne,Q19350898,musicien,0.6298,politicien,0.413,technicien,0.3985
mathématicien ou mathématicienne,Q170790,informaticien,0.6181,politicien,0.3695,musicien,0.2591
massothérapeute,Q6005272,auteur,0.1463,manager,0.1143,assureur,0.1128
expert,Q381160,guerrier,0.0,traducteur,0.0,spectateur,0.0
bureaucrate,Q572700,diplomate,0.2447,assureur,0.1198,procureur,0.1141
chanteur ou chanteuse,Q177220,inventeur,0.4251,acteur,0.1658,auteur,0.143
analyste,Q485178,journaliste,0.2376,activiste,0.1736,archiviste,0.1575
professionnel ou professionnelle,Q702269,procureur,0.2189,producteur,0.2184,fonctionnaire,0.2022
athlète,Q2066131,hôte,0.2343,adulte,0.182,activiste,0.1553
maison d'édition,Q2085381,relation publique,0.2839,éditeur,0.2129,fonctionnaire,0.1218
compositeur ou compositrice,Q36834,comptable,0.447,éditeur,0.228,acteur,0.0978
musicien d'église,Q355493,musicien,0.9719,politicien,0.256,technicien,0.2471
peintre,Q1028181,ancêtre,0.2667,entrepreneur,0.2507,mere,0.0778
arbitre sportif ou arbitre sportive,Q202648,transporteur,0.3527,ancêtre,0.1699,archiviste,0.0635
président ou présidente,Q140686,précurseur,0.2403,inventeur,0.1614,client,0.145
fonction,Q4164871,fonctionnaire,0.671,relation publique,0.197,fondateur,0.1348
artiste,Q483501,archiviste,0.3646,activiste,0.3108,secouriste,0.2806
Chinese medicine practitioner,Q93923328,fonctionnaire,0.1822,activiste,0.1794,relation publique,0.1227
Internet user,Q115460164,inventeur,0.2592,infirmier / soignant,0.1118,inspecteur,0.0874
blagueur,Q1344569,joueur,0.4907,acteur,0.1009,guerrier,0.092
artiste,Q483501,archiviste,0.3646,activiste,0.3108,secouriste,0.2806
réalisateur ou réalisatrice,Q3455803,journaliste,0.2604,réformateur,0.2349,médiateur,0.1585
membre d'équipe de cinéma,Q17291399,agent de,0.2883,mere,0.169,citoyen,0.0902
spécialiste d'une littérature donnée,Q110040366,journaliste,0.4504,activiste,0.1919,archiviste,0.1741
scholar of British studies,Q96185705,étudiant,0.2157,psychologue,0.1756,officier,0.0756
angliciste,Q16308156,activiste,0.3027,archiviste,0.2747,secouriste,0.2734
designer,Q5322166,agent de,0.179,infirmier / soignant,0.1351,enseignant,0.1131
préhistorien,Q17488316,précurseur,0.216,musicien,0.1548,politicien,0.138
sportif olympique,Q58825429,transporteur,0.3246,relation publique,0.2556,spectateur,0.0533
pilote de moto,Q3014296,agent de,0.3713,philosophe,0.094,hôte,0.077
archéologue,Q3621491,psychologue,0.4993,archiviste,0.2991,écologiste,0.1241
designer industriel,Q11287574,ouvrier,0.1505,guerrier,0.1393,infirmier / soignant,0.1341
boxeur,Q11338576,acteur,0.2759,cultivateur / éleveur,0.2414,auteur,0.2378
écrivain ou écrivaine scientifique,Q3745071,relation publique,0.1901,client,0.1229,écologiste,0.0863
vulgarisateur ou vulgarisatrice scientifique,Q15143191,relation publique,0.2204,médiateur,0.1726,fondateur,0.171
médecin spécialiste,Q3332438,médecin,0.754,journaliste,0.3311,activiste,0.1411
dirigeant sportif,Q26481809,transporteur,0.357,enfant,0.1286,aidant,0.1273
directeur ou directrice,Q1162163,lecteur,0.4729,inspecteur,0.3673,acteur,0.2853
génie civil,Q77590,citoyen,0.1779,activiste,0.1405,archiviste,0.1274
athlète,Q2066131,hôte,0.2343,adulte,0.182,activiste,0.1553
joueur professionnel ou joueuse professionnelle,Q18536342,joueur,0.75,procureur,0.1549,producteur,0.1546
musicien ou musicienne,Q639669,musicien,0.9799,politicien,0.2255,technicien,0.2176
designer,Q5322166,agent de,0.179,infirmier / soignant,0.1351,enseignant,0.1131
instrumentiste,Q1278335,activiste,0.2515,archiviste,0.2281,secouriste,0.2271
tailleur ou tailleuse,Q242468,travailleur social,0.5171,notaire,0.0578,secrétaire,0.0459
pharmacien,Q105186,pharmacien,1.0,musicien,0.1658,informaticien,0.155
chef religieux islamique,Q2911636,relation publique,0.376,législateur,0.168,époux,0.0666
electronic engineer,Q108140949,lecteur,0.3629,technicien,0.0939,enfant,0.0902
opticien,Q71133019,politicien,0.593,informaticien,0.5109,musicien,0.4442
personnalité liée au sport,Q50995749,transporteur,0.2885,journaliste,0.146,fonctionnaire,0.1338
auteur ou autrice de non-fiction,Q15980158,auteur,0.7176,fonctionnaire,0.1634,relation publique,0.1513
journaliste,Q1930187,journaliste,1.0,secouriste,0.1649,activiste,0.1505
comportement,Q9332,comptable,0.3041,transporteur,0.283,mentor,0.1728
réplication,Q1156791,relation publique,0.3977,fonctionnaire,0.133,avocat,0.0772
deceptive communication technique,Q121757905,technicien,0.4667,relation publique,0.3848,comptable,0.1004
firme,Q4830453,infirmier / soignant,0.273,guerrier,0.0,législateur,0.0
spécialiste d'une littérature donnée,Q110040366,journaliste,0.4504,activiste,0.1919,archiviste,0.1741
germaniste,Q2599593,activiste,0.3177,archiviste,0.2883,secouriste,0.2869
cosmétologue,Q2752318,psychologue,0.597,écologiste,0.1484,guerrier,0.0558
tarento,Q2705098,mentor,0.3598,entrepreneur,0.1538,client,0.0854
idole japonaise,Q226008,bénévole,0.3242,partenaire,0.0898,comptable,0.0896
profession,Q28640,procureur,0.2381,producteur,0.2375,relation publique,0.1975
chroniqueur,Q3330547,joueur,0.4073,relation publique,0.1783,acteur,0.0837
historien ou historienne,Q201788,ouvrier,0.1787,musicien,0.1431,mentor,0.1408
geinin,Q11615883,voisin,0.2224,témoin,0.2224,médecin,0.2055
directeur ou directrice,Q1162163,lecteur,0.4729,inspecteur,0.3673,acteur,0.2853
romaniste,Q2504617,activiste,0.3391,archiviste,0.3076,secouriste,0.3062
speaker,Q1371925,spectateur,0.3401,inspecteur,0.1082,guide spirituel,0.0792
joueur de baseball,Q10871364,joueur,0.8453,agent de,0.1871,journaliste,0.118
"hairdressers, beauticians and related workers",Q108289644,relation publique,0.3157,législateur,0.1062,politicien,0.1051
artiste,Q483501,archiviste,0.3646,activiste,0.3108,secouriste,0.2806
athlète,Q2066131,hôte,0.2343,adulte,0.182,activiste,0.1553
pratiquant d'arts martiaux,Q11124885,acteurs sociaux,0.2885,enfant,0.1102,aidant,0.1091
chef de mission diplomatique,Q1251687,diplomate,0.6617,relation publique,0.2636,agent de,0.1363
plénipotentiaire,Q15217354,partenaire,0.4061,notaire,0.3992,secrétaire,0.3173
tarento,Q2705098,mentor,0.3598,entrepreneur,0.1538,client,0.0854
fonctionnaire,Q212238,fonctionnaire,1.0,partenaire,0.2162,notaire,0.1584
legal professionals not elsewhere classified,Q108290370,notaire,0.245,mere,0.2311,procureur,0.1472
idole japonaise,Q226008,bénévole,0.3242,partenaire,0.0898,comptable,0.0896
pompier ou pompière,Q107711,père,0.2337,policier,0.213,ouvrier,0.1804
écrivain ou écrivaine de science-fiction,Q18844224,fonctionnaire,0.1807,relation publique,0.1673,agent de,0.1467
astronome,Q11063,assureur,0.2383,guerrier,0.0,frère/socur,0.0
designer,Q5322166,agent de,0.179,infirmier / soignant,0.1351,enseignant,0.1131
tarento,Q2705098,mentor,0.3598,entrepreneur,0.1538,client,0.0854
Self-Defense Official,Q11613014,officier,0.5836,travailleur social,0.1958,enseignant,0.1307
fonction militaire,Q16631188,fonctionnaire,0.6311,publicitaire,0.2897,notaire,0.2571
Self-Defense Official,Q11613014,officier,0.5836,travailleur social,0.1958,enseignant,0.1307
naval personnel,Q13015400,travailleur social,0.158,fonctionnaire,0.0887,guide spirituel,0.0839
Self-Defense Official,Q11613014,officier,0.5836,travailleur social,0.1958,enseignant,0.1307
air force personnel,Q113548630,fonctionnaire,0.1876,aidant,0.1186,fondateur,0.0873
activité,Q12737077,activiste,0.7447,acteur,0.2396,acteurs sociaux,0.1239
mahant,Q6733150,enfant,0.2613,aidant,0.2587,étudiant,0.2161
moine bouddhiste,Q854997,témoin,0.3088,activiste,0.3067,archiviste,0.2783
bhikkhuni,Q854979,guerrier,0.0,traducteur,0.0,spectateur,0.0
mannequin,Q4610556,manager,0.3207,banquier,0.1061,amant/e,0.094
coureur à pied,Q12803959,assureur,0.4412,procureur,0.4203,secouriste,0.1853
traducteur ou traductrice,Q333634,traducteur,0.9583,producteur,0.3083,transporteur,0.1432
spécialiste d'une littérature donnée,Q110040366,journaliste,0.4504,activiste,0.1919,archiviste,0.1741
sinologue,Q15255771,psychologue,0.593,écologiste,0.1474,voisin,0.0747
propriétaire de biens,Q12794619,secrétaire,0.4561,notaire,0.3735,publicitaire,0.274
racehorse owner and breeder,Q11239464,ancêtre,0.1224,ouvrier,0.1184,policier,0.118
écrivain ou écrivaine,Q36180,écologiste,0.1108,travailleur social,0.0853,cultivateur / éleveur,0.0847
livestock worker,Q110007257,investisseur,0.3002,ouvrier,0.0625,policier,0.0622
médecin,Q39631,médecin,1.0,médiateur,0.146,voisin,0.0457
position d'autorité,Q15296531,relation publique,0.2743,fonctionnaire,0.139,politicien,0.1166
dirigeant,Q1097498,enfant,0.2209,aidant,0.2187,étudiant,0.1827
changement de régime,Q1673271,agent de,0.4344,mentor,0.2308,client,0.1756
fonctionnaire,Q212238,fonctionnaire,1.0,partenaire,0.2162,notaire,0.1584
éditeur logiciel,Q7554349,éditeur,0.8439,écologiste,0.1346,médiateur,0.1287
éditeur de jeux de société,Q3579158,éditeur,0.6628,agent de,0.2799,acteurs sociaux,0.2159
firme,Q4830453,infirmier / soignant,0.273,guerrier,0.0,législateur,0.0
video game company,Q112042224,comptable,0.4588,guide spirituel,0.0642,consultant,0.0638
plongeur militaire,Q3392544,publicitaire,0.4382,notaire,0.3888,secrétaire,0.309
board member in Japan,Q17214419,mere,0.181,mentor,0.1373,voisin,0.1184
infanterie légère,Q1598759,enfant,0.3923,père,0.2072,législateur,0.1603
mercenaire,Q178197,partenaire,0.5356,mere,0.3342,fonctionnaire,0.3062
soldat,Q4991371,avocat,0.1563,fondateur,0.145,acteurs sociaux,0.0818
officier,Q189290,officier,1.0,policier,0.3283,musicien,0.0891
poète ou poétesse,Q49757,policier,0.1566,politicien,0.1356,pourvoyeur,0.1289
spécialiste de la littérature,Q17167049,journaliste,0.4271,activiste,0.182,agent de,0.1804
membre,Q9200127,mere,0.3958,mentor,0.193,père,0.1415
affiliate,Q8191099,médiateur,0.2447,diplomate,0.1671,officier,0.0981
sciences cognitives,Q147638,politicien,0.2465,musicien,0.1714,technicien,0.1474
fonctionnaire,Q212238,fonctionnaire,1.0,partenaire,0.2162,notaire,0.1584
conseiller spécial,Q73228839,travailleur social,0.3204,consultant,0.2676,enseignant,0.1413
critique d'art,Q4164507,relation publique,0.3099,politicien,0.074,syndiqué,0.0628
expert interdisciplinaire d'une région géographique,Q17135920,cartographe,0.3087,relation publique,0.2519,partenaire,0.2264
technicien ou technicienne,Q5352191,technicien,0.9852,musicien,0.2158,politicien,0.1923
guérisseur,Q2518689,investisseur,0.5126,précurseur,0.1938,acteur,0.0642
herboriste,Q3133901,secouriste,0.5207,activiste,0.3067,archiviste,0.2783
pèlerin,Q542704,père,0.264,voisin,0.1443,témoin,0.1443
autorité,Q174834,auteur,0.4148,mentor,0.1177,guide spirituel,0.0751
fonction publique,Q11771944,relation publique,0.63,fonctionnaire,0.4785,publicitaire,0.2311
chef de gouvernement,Q2285706,agent de,0.4617,mentor,0.2453,client,0.1867
personnalité politique locale,Q10547393,politicien,0.491,policier,0.2337,relation publique,0.1726
charge élective,Q17279032,lecteur,0.2626,activiste,0.1984,cultivateur / éleveur,0.1963
spécialiste de la littérature,Q17167049,journaliste,0.4271,activiste,0.182,agent de,0.1804
pratiquant d'arts martiaux,Q11124885,acteurs sociaux,0.2885,enfant,0.1102,aidant,0.1091
arbitre sportif ou arbitre sportive,Q202648,transporteur,0.3527,ancêtre,0.1699,archiviste,0.0635
amateur artist,Q59939361,réformateur,0.3386,amant/e,0.2087,médiateur,0.205
designer,Q5322166,agent de,0.179,infirmier / soignant,0.1351,enseignant,0.1131
enseignant ou enseignante,Q37226,enseignant,0.9771,infirmier / soignant,0.2664,enfant,0.0992
militant ou militante,Q15253558,consultant,0.2383,familier,0.2326,enfant,0.0938
militant ou militante,Q15253558,consultant,0.2383,familier,0.2326,enfant,0.0938
militant ou militante,Q15253558,consultant,0.2383,familier,0.2326,enfant,0.0938
électrotechnicien,Q1327627,technicien,0.8224,musicien,0.2404,politicien,0.2142
militant ou militante,Q15253558,consultant,0.2383,familier,0.2326,enfant,0.0938
graveur ou graveuse sur métal,Q329439,cultivateur / éleveur,0.1955,travailleur social,0.1337,assureur,0.0952
coureur à pied,Q12803959,assureur,0.4412,procureur,0.4203,secouriste,0.1853
fondeur ou fondeuse,Q12031226,fondateur,0.4623,vendeur,0.3613,défendeur,0.3009
exploitant,Q10530883,consultant,0.3527,enfant,0.1621,aidant,0.1605
danseur ou danseuse,Q5716684,précurseur,0.1886,investisseur,0.1699,aidant,0.1262
travailleur ou travailleuse du sexe,Q852857,travailleur social,0.7965,traducteur,0.1145,transporteur,0.0958
fonctionnaire,Q212238,fonctionnaire,1.0,partenaire,0.2162,notaire,0.1584
orienteur ou orienteuse,Q13581129,inventeur,0.5011,client,0.2061,ouvrier,0.1178
vététiste,Q19799599,activiste,0.3698,archiviste,0.3355,secouriste,0.3339
œuvre audiovisuelle,Q2431196,auteur,0.1157,ouvrier,0.0937,étudiant,0.0851
image mouvante,Q10301427,ouvrier,0.1284,inventeur,0.1223,agent de,0.1164
œuvre d'art visuelle,Q4502142,partenaire,0.1096,ouvrier,0.1024,activiste,0.0779
série,Q20937557,ouvrier,0.2288,guerrier,0.2117,législateur,0.0
kanjin,Q11452075,voisin,0.2224,témoin,0.2224,médecin,0.2055
onomastician,Q15976327,politicien,0.1913,informaticien,0.1648,étudiant,0.0928
government employee,Q3796928,mentor,0.2849,client,0.2168,agent de,0.2144
Tonya (Japon),Q17214132,guerrier,0.0,traducteur,0.0,spectateur,0.0
maison d'édition,Q2085381,relation publique,0.2839,éditeur,0.2129,fonctionnaire,0.1218
scientifique,Q901,relation publique,0.3032,client,0.1961,musicien,0.1323
instructeur,Q777952,inspecteur,0.452,traducteur,0.4484,producteur,0.444
héros,Q162244,guerrier,0.0,traducteur,0.0,spectateur,0.0
school staff,Q11448772,psychologue,0.1851,guerrier,0.0,juré,0.0
conseiller ou conseillère de rédaction,Q876864,consultant,0.3034,enseignant,0.1603,fonctionnaire,0.1341
pharmacologue,Q2114605,pharmacien,0.5555,psychologue,0.386,écologiste,0.2108
vicaire,Q193364,notaire,0.4834,secrétaire,0.3842,partenaire,0.3802
clerc catholique,Q105200214,relation publique,0.376,psychologue,0.0925,client,0.0747
adjoint,Q3250324,adulte,0.1701,témoin,0.166,enfant,0.0814
substitut,Q1517802,investisseur,0.1317,guide spirituel,0.1187,législateur,0.0
critique,Q17955,relation publique,0.3263,politicien,0.078,syndiqué,0.0661
professeur de langues,Q30002353,investisseur,0.3257,précurseur,0.2268,agent de,0.2207
handisportif,Q10889302,transporteur,0.4339,syndiqué,0.0828,guerrier,0.0
athlète,Q2066131,hôte,0.2343,adulte,0.182,activiste,0.1553
astronome,Q11063,assureur,0.2383,guerrier,0.0,frère/socur,0.0
amateur,Q455595,réformateur,0.4011,amant/e,0.2473,médiateur,0.2429
évêque,Q29182,relation publique,0.2684,psychologue,0.0919,juré,0.0
ordinaire,Q1638918,partenaire,0.5009,fonctionnaire,0.4316,notaire,0.367
diocesan clergyman,Q106968578,client,0.163,diplomate,0.1252,manager,0.1199
head of a diocese,Q112074151,officier,0.169,diplomate,0.1491,guerrier,0.0
pasteur,Q352507,acteur,0.3004,auteur,0.259,lecteur,0.2472
col blanc,Q255274,ancêtre,0.1428,écologiste,0.1218,comptable,0.102
éditeur ou éditrice,Q1607826,éditeur,0.9304,médiateur,0.1344,acteur,0.0931
jochū,Q11446281,joueur,0.2628,journaliste,0.1771,législateur,0.0
travail,Q192581,travailleur social,0.5949,traducteur,0.1327,transporteur,0.111
auteur ou autrice,Q482980,auteur,0.9201,acteur,0.116,lecteur,0.0955
profession juridique,Q15987302,relation publique,0.3297,juré,0.2432,syndiqué,0.1511
joueur de shōgi professionnel,Q11538947,joueur,0.756,agent de,0.1674,procureur,0.1476
être humain féminin,Q84048852,ancêtre,0.4447,témoin,0.1324,voisin,0.1324
avocat ou avocate,Q40348,avocat,0.9493,diplomate,0.0554,ouvrier,0.0341
armée,Q8473,archiviste,0.1461,pharmacien,0.1446,guerrier,0.0
agriculture et sylviculture,Q1801887,cultivateur / éleveur,0.2012,assureur,0.0936,adulte,0.0914
government official,Q8985067,officier,0.5965,travailleur social,0.2001,mentor,0.148
designer,Q5322166,agent de,0.179,infirmier / soignant,0.1351,enseignant,0.1131
géologue,Q520549,psychologue,0.619,écologiste,0.1539,guerrier,0.0579
acteur d'opéra chinois,Q118464513,acteur,0.8919,acteurs sociaux,0.42,lecteur,0.2911
travailleur ou travailleuse,Q327055,travailleur social,0.7999,traducteur,0.115,transporteur,0.0962
spectrometrist,Q114575096,spectateur,0.5431,inspecteur,0.3499,secouriste,0.1656
chimiste analytique,Q43668003,archiviste,0.2519,relation publique,0.2499,journaliste,0.2362
Stay-at-home parent,Q16883812,partenaire,0.2545,client,0.2138,agent de,0.2114
personne au foyer,Q1934684,fonctionnaire,0.1601,auteur,0.152,citoyen,0.0991
aviateur ou aviatrice,Q2095549,médiateur,0.4488,fondateur,0.1878,spectateur,0.1769
vessel captain,Q110996085,investisseur,0.1364,vendeur,0.0981,comptable,0.0753
soigneur,Q2455451,infirmier / soignant,0.3871,entrepreneur,0.1889,acteur,0.0609
président ou présidente,Q140686,précurseur,0.2403,inventeur,0.1614,client,0.145
récit,Q3328821,réformateur,0.1264,précurseur,0.1228,citoyen,0.1196
ermite,Q189829,éditeur,0.1747,hôte,0.1017,infirmier / soignant,0.1004
moine ou moniale,Q733786,témoin,0.3236,ouvrier,0.1036,bénévole,0.0758
commerçant,Q215536,comptable,0.2522,consultant,0.2022,enfant,0.1789
cheminot,Q7063944,notaire,0.2618,traducteur,0.0,spectateur,0.0
personne,Q215627,fonctionnaire,0.1774,guerrier,0.0,traducteur,0.0
ministre du culte,Q1423891,adulte,0.3833,cultivateur / éleveur,0.2485,ancêtre,0.1529
acteur ou actrice de doublage,Q2405480,acteur,0.802,acteurs sociaux,0.3859,agent de,0.2239
bushi,Q1975935,guerrier,0.0,traducteur,0.0,spectateur,0.0
épidémiologiste,Q13416803,écologiste,0.7627,activiste,0.1957,archiviste,0.1775
chercheur en oncologie,Q30086937,écologiste,0.4964,psychologue,0.132,entrepreneur,0.0688
historien ou historienne de l'art,Q1792450,agent de,0.1832,ouvrier,0.1591,musicien,0.1274
architecte,Q42973,archiviste,0.5309,lecteur,0.1686,inspecteur,0.1309
écrivain sportif,Q11313148,transporteur,0.3532,écologiste,0.0631,témoin,0.0584
ingénieur ou ingénieure,Q81096,inventeur,0.1874,inspecteur,0.1802,innovateur,0.1759
fonction,Q4164871,fonctionnaire,0.671,relation publique,0.197,fondateur,0.1348
titre professionnel,Q828803,fonctionnaire,0.2004,ancêtre,0.1893,procureur,0.1865
profession,Q28640,procureur,0.2381,producteur,0.2375,relation publique,0.1975
artiste interprète,Q713200,archiviste,0.3324,activiste,0.2913,secouriste,0.263
transformiste,Q17379560,transporteur,0.4029,activiste,0.1998,archiviste,0.1813
artiste,Q483501,archiviste,0.3646,activiste,0.3108,secouriste,0.2806
humoriste,Q245068,secouriste,0.5207,activiste,0.3067,archiviste,0.2783
historien ou historienne,Q201788,ouvrier,0.1787,musicien,0.1431,mentor,0.1408
philosophe,Q4964182,philosophe,1.0,cartographe,0.0902,pharmacien,0.0333
médecin spécialiste,Q3332438,médecin,0.754,journaliste,0.3311,activiste,0.1411
correspondant ou correspondante de guerre,Q164236,guerrier,0.2968,aidant,0.2817,fondateur,0.2124
reporter-photographe,Q957729,cartographe,0.642,transporteur,0.2218,philosophe,0.097
auteur ou autrice,Q482980,auteur,0.9201,acteur,0.116,lecteur,0.0955
militant ou militante,Q15253558,consultant,0.2383,familier,0.2326,enfant,0.0938
polémiste,Q1642960,activiste,0.3222,archiviste,0.2923,secouriste,0.291
agent de renseignement,Q392651,agent de,0.7085,enseignant,0.4423,client,0.1752
physicien ou physicienne,Q169470,musicien,0.6213,politicien,0.3222,technicien,0.3109
auteur ou autrice de non-fiction,Q15980158,auteur,0.7176,fonctionnaire,0.1634,relation publique,0.1513
organisation,Q43229,relation publique,0.4603,fonctionnaire,0.154,informaticien,0.0538
travail,Q192581,travailleur social,0.5949,traducteur,0.1327,transporteur,0.111
expert,Q381160,guerrier,0.0,traducteur,0.0,spectateur,0.0
speaker,Q1371925,spectateur,0.3401,inspecteur,0.1082,guide spirituel,0.0792
fonction publique,Q294414,relation publique,0.63,fonctionnaire,0.4785,publicitaire,0.2311
législateur ou législatrice,Q4175034,législateur,0.9643,médiateur,0.0803,fondateur,0.0796
policier ou policière,Q384593,policier,0.9261,politicien,0.3633,officier,0.2039
Civil service of Japan,Q5124690,citoyen,0.1258,officier,0.1247,activiste,0.0993
司法警察職員,Q24886054,guerrier,0.0,traducteur,0.0,spectateur,0.0
spécialiste d'une littérature donnée,Q110040366,journaliste,0.4504,activiste,0.1919,archiviste,0.1741
japonologue,Q15991218,psychologue,0.619,écologiste,0.1539,guerrier,0.0579
participant,Q56512863,partenaire,0.3896,politicien,0.152,enfant,0.1341
professeur de langues,Q30002353,investisseur,0.3257,précurseur,0.2268,agent de,0.2207
athlète,Q2066131,hôte,0.2343,adulte,0.182,activiste,0.1553
joueur de Shamisen,Q51844772,joueur,0.857,agent de,0.1897,journaliste,0.1197
comédie,Q222749,médiateur,0.2752,comptable,0.2484,éditeur,0.0977
travailleur du bois,Q15977971,travailleur social,0.8025,traducteur,0.1205,transporteur,0.1008
tourneur sur bois,Q1716419,entrepreneur,0.2327,journaliste,0.1771,assureur,0.1427
avocat ou avocate,Q40348,avocat,0.9493,diplomate,0.0554,ouvrier,0.0341
travailleur qualifié ou travailleuse qualifiée,Q2588761,travailleur social,0.7801,traducteur,0.1122,transporteur,0.0938
donateur,Q1968442,médiateur,0.4137,fondateur,0.4097,spectateur,0.3858
militant ou militante politique,Q11499147,politicien,0.3756,consultant,0.1885,familier,0.1841
théoricien ou théoricienne des systèmes,Q63993638,musicien,0.4772,politicien,0.4253,technicien,0.4104
auteur ou autrice de bande dessinée,Q715301,auteur,0.7176,agent de,0.2187,banquier,0.1172
organisateur communautaire,Q28532974,notaire,0.4166,secrétaire,0.3311,publicitaire,0.3056
activité,Q12737077,activiste,0.7447,acteur,0.2396,acteurs sociaux,0.1239
profession,Q28640,procureur,0.2381,producteur,0.2375,relation publique,0.1975
oncologue,Q16062369,psychologue,0.5312,écologiste,0.29,guerrier,0.0497
officier,Q189290,officier,1.0,policier,0.3283,musicien,0.0891
milice,Q153936,familier,0.3487,policier,0.1064,publicitaire,0.0819
nageur ou nageuse,Q10843402,manager,0.3809,agent de,0.1262,ouvrier,0.0696
joueur de jeu de plateau,Q84380764,joueur,0.6856,agent de,0.3035,législateur,0.1173
abstract game player,Q11538946,acteur,0.1884,traducteur,0.1202,activiste,0.1196
chercheur ou chercheuse en sciences sociales,Q15319501,travailleur social,0.3971,acteurs sociaux,0.321,musicien,0.1212
meurtrier ou meurtrière,Q931260,ouvrier,0.3685,guerrier,0.2724,père,0.2366
animateur ou animatrice de télévision,Q947873,réformateur,0.2876,agent de,0.1673,médiateur,0.1538
présentateur ou présentatrice de journal,Q270389,journaliste,0.4293,spectateur,0.2431,précurseur,0.1947
animateur ou animatrice de radio,Q2722764,réformateur,0.3258,agent de,0.1895,médiateur,0.1742
officier,Q189290,officier,1.0,policier,0.3283,musicien,0.0891
seminary student,Q5947973,client,0.2688,agent de,0.2659,étudiant,0.1726
étudiant ou étudiante,Q48282,étudiant,0.9707,enfant,0.0641,aidant,0.0635
novice,Q1183487,notaire,0.1851,innovateur,0.1582,joueur,0.0
reporter,Q42909,transporteur,0.3875,entrepreneur,0.0636,partenaire,0.0597
écrivain ou écrivaine,Q36180,écologiste,0.1108,travailleur social,0.0853,cultivateur / éleveur,0.0847
pompier ou pompière,Q107711,père,0.2337,policier,0.213,ouvrier,0.1804
emergency service volunteer,Q110096986,mere,0.1383,agent de,0.1082,voisin,0.1038
bénévole,Q24716636,bénévole,1.0,comptable,0.0376,guerrier,0.0
mathématicien ou mathématicienne,Q170790,informaticien,0.6181,politicien,0.3695,musicien,0.2591
chanteur ou chanteuse,Q177220,inventeur,0.4251,acteur,0.1658,auteur,0.143
commerçant,Q215536,comptable,0.2522,consultant,0.2022,enfant,0.1789
soie,Q37681,infirmier / soignant,0.2603,acteurs sociaux,0.0818,travailleur social,0.0696
maison d'édition,Q2085381,relation publique,0.2839,éditeur,0.2129,fonctionnaire,0.1218
artiste graphique,Q1925963,cartographe,0.2901,archiviste,0.2095,relation publique,0.2078
éducateur ou éducatrice,Q974144,éditeur,0.2431,traducteur,0.1835,producteur,0.1817
trader,Q3704253,traducteur,0.4989,transporteur,0.1758,travailleur social,0.1452
militant ou militante politique,Q11499147,politicien,0.3756,consultant,0.1885,familier,0.1841
représentation,Q35140,relation publique,0.3853,entrepreneur,0.1703,fonctionnaire,0.1151
aristocrate,Q2478141,secouriste,0.2673,archiviste,0.1806,diplomate,0.1732
psychologue,Q212980,psychologue,1.0,écologiste,0.0952,guerrier,0.0358
profession,Q28640,procureur,0.2381,producteur,0.2375,relation publique,0.1975
local government officer,Q107199914,officier,0.5772,mentor,0.174,client,0.1324
Compagnon,Q582096,comptable,0.4588,consultant,0.0638,relation publique,0.061
forgeron ou forgeronne,Q1639825,manager,0.1306,fonctionnaire,0.1281,fondateur,0.1082
généticien ou généticienne,Q3126128,politicien,0.5268,informaticien,0.4539,musicien,0.3694
statisticien ou statisticienne,Q2732142,politicien,0.4365,informaticien,0.4231,musicien,0.3061
ouvrier,Q12713481,ouvrier,1.0,guerrier,0.2301,policier,0.0913
vendeur ou vendeuse,Q685433,vendeur,0.9634,défendeur,0.4247,inventeur,0.0783
écologue,Q15839134,écologiste,0.5256,psychologue,0.4607,guerrier,0.0431
biologiste de l'évolution,Q16063497,écologiste,0.5926,relation publique,0.1718,activiste,0.152
chōnin,Q115847,voisin,0.2224,témoin,0.2224,médecin,0.2055
fonctionnaire,Q212238,fonctionnaire,1.0,partenaire,0.2162,notaire,0.1584
prédicateur,Q432386,médiateur,0.3324,fondateur,0.2561,précurseur,0.2508
maison impériale du Japon,Q909452,relation publique,0.1219,manager,0.0924,bénévole,0.07
bureaucrate,Q572700,diplomate,0.2447,assureur,0.1198,procureur,0.1141
Professeur certifié,Q1849974,investisseur,0.3686,précurseur,0.2568,procureur,0.2203
enseignant ou enseignante,Q37226,enseignant,0.9771,infirmier / soignant,0.2664,enfant,0.0992
YouTubeur ou YouTubeuse,Q17125263,ouvrier,0.1983,acteur,0.1682,cultivateur / éleveur,0.1472
journaliste,Q1930187,journaliste,1.0,secouriste,0.1649,activiste,0.1505
journaliste,Q1930187,journaliste,1.0,secouriste,0.1649,activiste,0.1505
photographe professionnel,Q98084799,cartographe,0.6519,philosophe,0.1314,procureur,0.1099
psychologue éducationnel,Q5341297,psychologue,0.84,relation publique,0.1531,fonctionnaire,0.1519
dirigeant ou dirigeante,Q25713832,enfant,0.1501,aidant,0.1486,diplomate,0.1416
coureur cycliste sur piste,Q15117395,journaliste,0.3835,secouriste,0.3685,assureur,0.3042
critique,Q6430706,relation publique,0.3263,politicien,0.078,syndiqué,0.0661
travail,Q192581,travailleur social,0.5949,traducteur,0.1327,transporteur,0.111
souverain,Q2304859,ouvrier,0.1597,voisin,0.1211,témoin,0.1211
fonction,Q4164871,fonctionnaire,0.671,relation publique,0.197,fondateur,0.1348
diététicien ou diététicienne,Q842811,politicien,0.5268,informaticien,0.4539,musicien,0.3694
joueur professionnel ou joueuse professionnelle,Q18536342,joueur,0.75,procureur,0.1549,producteur,0.1546
joueur de balle,Q3892689,joueur,0.8029,agent de,0.1777,journaliste,0.1121
histoire,Q1066186,notaire,0.2879,secrétaire,0.2288,partenaire,0.2264
teinturier,Q6147194,ouvrier,0.4066,guerrier,0.3764,policier,0.1493
peintre,Q1028181,ancêtre,0.2667,entrepreneur,0.2507,mere,0.0778
religious artist,Q107560891,relation publique,0.1886,archiviste,0.1295,investisseur,0.0735
clergé bouddhiste,Q70901436,activiste,0.3698,archiviste,0.3355,secouriste,0.3339
écrivain ou écrivaine,Q36180,écologiste,0.1108,travailleur social,0.0853,cultivateur / éleveur,0.0847
pratiquant d'arts martiaux,Q11124885,acteurs sociaux,0.2885,enfant,0.1102,aidant,0.1091
moine bouddhiste,Q854997,témoin,0.3088,activiste,0.3067,archiviste,0.2783
artiste interprète,Q713200,archiviste,0.3324,activiste,0.2913,secouriste,0.263
special service,Q11570799,spectateur,0.3339,travailleur social,0.2555,inspecteur,0.1593
scenic designer,Q51085009,agent de,0.1495,technicien,0.1147,infirmier / soignant,0.1128
theatre maker,Q79044120,ancêtre,0.285,manager,0.1824,mere,0.0831
designer,Q5322166,agent de,0.179,infirmier / soignant,0.1351,enseignant,0.1131
Tonya (Japon),Q17214132,guerrier,0.0,traducteur,0.0,spectateur,0.0
compagnie maritime,Q1807108,comptable,0.4035,manager,0.0813,politicien,0.0726
charity worker,Q66660783,pharmacien,0.1303,guide spirituel,0.1069,ouvrier,0.0741
zwanzeur,Q115941290,acteur,0.2759,cultivateur / éleveur,0.2414,auteur,0.2378
collecteur de fonds,Q13219244,lecteur,0.5646,fondateur,0.3765,inspecteur,0.2834
danseur ou danseuse,Q5716684,précurseur,0.1886,investisseur,0.1699,aidant,0.1262
garde urbain,Q120112168,agent de,0.1815,voisin,0.1517,témoin,0.1517
zwanzeur,Q115941290,acteur,0.2759,cultivateur / éleveur,0.2414,auteur,0.2378
entraîneur de hockey sur glace,Q5137576,entrepreneur,0.4452,agent de,0.248,assureur,0.1136
fonction,Q4164871,fonctionnaire,0.671,relation publique,0.197,fondateur,0.1348
chef décorateur ou cheffe décoratrice,Q2962070,médiateur,0.2049,fondateur,0.203,spectateur,0.1911
émir,Q166382,guerrier,0.0,traducteur,0.0,spectateur,0.0
géochimiste,Q16335312,archiviste,0.4339,activiste,0.3698,secouriste,0.3339
management scientist,Q89000321,manager,0.6074,client,0.2377,agent de,0.1939
agriculteur ou agricultrice,Q131512,cultivateur / éleveur,0.2678,adulte,0.2096,agent de,0.1234
animal scientist,Q104998289,client,0.2241,musicien,0.1512,politicien,0.1348
personnalité liée au sport,Q50995749,transporteur,0.2885,journaliste,0.146,fonctionnaire,0.1338
catch,Q131359,avocat,0.1826,cartographe,0.1305,juré,0.0
imposteur,Q1413522,acteur,0.3664,auteur,0.3158,lecteur,0.3015
psychophysicien ou psychophysicienne,Q116182858,psychologue,0.4968,musicien,0.3888,politicien,0.2017
pratiquant d'arts martiaux,Q11124885,acteurs sociaux,0.2885,enfant,0.1102,aidant,0.1091
artiste floral,Q96044701,archiviste,0.3385,activiste,0.2885,secouriste,0.2605
narrateur,Q755070,médiateur,0.4137,fondateur,0.4097,spectateur,0.3858
personne,Q215627,fonctionnaire,0.1774,guerrier,0.0,traducteur,0.0
dirigeant ou dirigeante,Q25713832,enfant,0.1501,aidant,0.1486,diplomate,0.1416
chef,Q20920693,guerrier,0.0,traducteur,0.0,spectateur,0.0
activité,Q12737077,activiste,0.7447,acteur,0.2396,acteurs sociaux,0.1239
instructeur,Q777952,inspecteur,0.452,traducteur,0.4484,producteur,0.444
"sales, marketing and public relations professionals",Q108289399,relation publique,0.6741,publicitaire,0.3294,fonctionnaire,0.0983
érudit du judaïsme,Q5121550,juré,0.1925,éditeur,0.1583,étudiant,0.1313
pilote de moto,Q3014296,agent de,0.3713,philosophe,0.094,hôte,0.077
ingénieur industriel,Q2267418,inventeur,0.186,inspecteur,0.1789,innovateur,0.1747
agronome,Q1781198,agent de,0.2716,guerrier,0.0,frère/socur,0.0
écologue,Q15839134,écologiste,0.5256,psychologue,0.4607,guerrier,0.0431
bushi,Q1975935,guerrier,0.0,traducteur,0.0,spectateur,0.0
biologiste,Q864503,écologiste,0.7881,activiste,0.2022,archiviste,0.1834
microbiologiste,Q3779582,écologiste,0.7881,activiste,0.2022,archiviste,0.1834
botaniste,Q2374149,activiste,0.3339,archiviste,0.3029,secouriste,0.3015
érudit,Q20826540,éditeur,0.1939,étudiant,0.1608,traducteur,0.0
chercheur ou chercheuse en sciences sociales,Q15319501,travailleur social,0.3971,acteurs sociaux,0.321,musicien,0.1212
poète ou poétesse,Q49757,policier,0.1566,politicien,0.1356,pourvoyeur,0.1289
récitateur,Q23037330,spectateur,0.4074,réformateur,0.2548,médiateur,0.2157
activité,Q1914636,activiste,0.7447,acteur,0.2396,acteurs sociaux,0.1239
arts visuels,Q36649,archiviste,0.1979,activiste,0.0993,partenaire,0.0898
aircrew member,Q373021,mere,0.1707,aidant,0.1601,mentor,0.1295
scientifique,Q901,relation publique,0.3032,client,0.1961,musicien,0.1323
monarque,Q116,relation publique,0.2684,psychologue,0.0919,juré,0.0
commerçant,Q215536,comptable,0.2522,consultant,0.2022,enfant,0.1789
commerçant,Q215536,comptable,0.2522,consultant,0.2022,enfant,0.1789
spectacle vivant,Q184485,spectateur,0.6455,inspecteur,0.2997,enfant,0.1102
activité physique,Q747883,activiste,0.5871,relation publique,0.2179,acteur,0.1889
œuvre créative,Q17537576,secrétaire,0.1498,ouvrier,0.123,activiste,0.0936
danseur ou danseuse,Q5716684,précurseur,0.1886,investisseur,0.1699,aidant,0.1262
commentateur sportif,Q2986228,spectateur,0.3576,transporteur,0.3348,médiateur,0.166
patineur ou patineuse artistique,Q13219587,relation publique,0.2339,entrepreneur,0.1683,partenaire,0.1167
photographe professionnel,Q98084799,cartographe,0.6519,philosophe,0.1314,procureur,0.1099
railfan photographer,Q11649704,cartographe,0.6431,philosophe,0.0765,enfant,0.0646
ferroviphilie,Q1323006,familier,0.2469,philosophe,0.2236,guerrier,0.0886
photographe,Q33231,cartographe,0.7546,philosophe,0.1521,pharmacien,0.0399
prêtre,Q42603,ancêtre,0.519,procureur,0.0673,producteur,0.0672
croyant ou croyante,Q17573152,enfant,0.2356,aidant,0.2332,étudiant,0.1948
Taoist,Q116865146,voisin,0.2067,activiste,0.1064,archiviste,0.0966
théologien ou théologienne,Q1234713,écologiste,0.4405,psychologue,0.181,musicien,0.1043
peintre,Q1028181,ancêtre,0.2667,entrepreneur,0.2507,mere,0.0778
éditeur,Q105044823,éditeur,1.0,médiateur,0.1525,acteur,0.1439
arbitre sportif ou arbitre sportive,Q202648,transporteur,0.3527,ancêtre,0.1699,archiviste,0.0635
officiel d'un match de football,Q38088701,officier,0.7071,agent de,0.1683,informaticien,0.0922
peintre,Q1028181,ancêtre,0.2667,entrepreneur,0.2507,mere,0.0778
émailleur,Q21148249,travailleur social,0.5605,acteur,0.0598,cultivateur / éleveur,0.0523
agent de joueurs,Q144662,agent de,0.6827,joueur,0.5704,acteurs sociaux,0.173
person associated with football,Q116763437,acteurs sociaux,0.2505,travailleur social,0.2133,assureur,0.1967
travailleur ou travailleuse du sexe,Q852857,travailleur social,0.7965,traducteur,0.1145,transporteur,0.0958
géologue,Q520549,psychologue,0.619,écologiste,0.1539,guerrier,0.0579
agent de sécurité,Q856887,agent de,0.8611,précurseur,0.1319,client,0.1213
ministre du culte,Q1423891,adulte,0.3833,cultivateur / éleveur,0.2485,ancêtre,0.1529
compositeur ou compositrice,Q36834,comptable,0.447,éditeur,0.228,acteur,0.0978
musicien ou musicienne de jazz,Q15981151,musicien,0.9589,politicien,0.2206,technicien,0.2129
ingénieur de l'apprentissage automatique,Q23515215,agent de,0.2331,auteur,0.2237,relation publique,0.209
prêtre régulier,Q2029179,ancêtre,0.3786,familier,0.2908,ouvrier,0.1088
prêtre catholique,Q250867,relation publique,0.321,ancêtre,0.296,psychologue,0.0789
chapelain,Q208762,voisin,0.1443,témoin,0.1443,médecin,0.1334
entraîneur sportif,Q41583,entrepreneur,0.4025,transporteur,0.3451,spectateur,0.0793
biologiste,Q864503,écologiste,0.7881,activiste,0.2022,archiviste,0.1834
vice-président,Q42178,client,0.2631,agent de,0.2602,précurseur,0.1048
président du Sénat,Q2269913,précurseur,0.2193,client,0.2017,agent de,0.1995
technicien ou technicienne,Q5352191,technicien,0.9852,musicien,0.2158,politicien,0.1923
scientifique,Q901,relation publique,0.3032,client,0.1961,musicien,0.1323
other health professionals,Q108289390,procureur,0.2513,producteur,0.2507,journaliste,0.0894
criminel ou criminelle,Q2159907,ouvrier,0.1278,bénévole,0.0935,comptable,0.0877
entraîneur sportif,Q41583,entrepreneur,0.4025,transporteur,0.3451,spectateur,0.0793
entomologiste,Q3055126,écologiste,0.6932,activiste,0.1778,archiviste,0.1613
biologiste,Q864503,écologiste,0.7881,activiste,0.2022,archiviste,0.1834
skieur ou skieuse,Q4270517,ouvrier,0.1983,acteur,0.1682,cultivateur / éleveur,0.1472
joueur de jeu de plateau,Q84380764,joueur,0.6856,agent de,0.3035,législateur,0.1173
athlète,Q2066131,hôte,0.2343,adulte,0.182,activiste,0.1553
entraîneur sportif,Q41583,entrepreneur,0.4025,transporteur,0.3451,spectateur,0.0793
compositeur ou compositrice,Q36834,comptable,0.447,éditeur,0.228,acteur,0.0978
data professional,Q112598603,procureur,0.2182,producteur,0.2176,fondateur,0.0959
musulman ou musulmane,Q47740,musicien,0.3223,manager,0.0895,amant/e,0.089
thérapeute,Q2419397,auteur,0.1969,cartographe,0.1176,hôte,0.1017
massothérapeute,Q6005272,auteur,0.1463,manager,0.1143,assureur,0.1128
athlète,Q2066131,hôte,0.2343,adulte,0.182,activiste,0.1553
personnalité liée au sport,Q50995749,transporteur,0.2885,journaliste,0.146,fonctionnaire,0.1338
artiste textile,Q10694573,archiviste,0.3205,activiste,0.2732,secouriste,0.2467
communicateur,Q5780518,médiateur,0.254,fondateur,0.2516,spectateur,0.2369
activité,Q12737077,activiste,0.7447,acteur,0.2396,acteurs sociaux,0.1239
trader,Q3704253,traducteur,0.4989,transporteur,0.1758,travailleur social,0.1452
avocat ou avocate,Q40348,avocat,0.9493,diplomate,0.0554,ouvrier,0.0341
entomologiste,Q3055126,écologiste,0.6932,activiste,0.1778,archiviste,0.1613
urząd ziemski,Q9367329,guerrier,0.0,traducteur,0.0,spectateur,0.0
mahjong player,Q105064360,manager,0.2924,ouvrier,0.0961,policier,0.0957
professeur d'art,Q15977927,investisseur,0.3719,précurseur,0.259,procureur,0.2223
marine scientist,Q61745762,client,0.2426,musicien,0.1637,politicien,0.1459
marine scientist,Q61745762,client,0.2426,musicien,0.1637,politicien,0.1459
biogéochimiste,Q18176481,archiviste,0.4339,activiste,0.3698,secouriste,0.3339
maître queux,Q120728408,ancêtre,0.2233,joueur,0.1161,époux,0.0988
thérapeute,Q2419397,auteur,0.1969,cartographe,0.1176,hôte,0.1017
artiste interprète,Q713200,archiviste,0.3324,activiste,0.2913,secouriste,0.263
danseurs et chorégraphes,Q108290379,cartographe,0.369,acteurs sociaux,0.2111,précurseur,0.1264
comes,Q1071047,comptable,0.3461,consultant,0.0991,guerrier,0.0
ministre des Finances,Q7614320,ancêtre,0.3316,agent de,0.1135,enseignant,0.0717
notaire,Q189010,notaire,1.0,secrétaire,0.3047,publicitaire,0.2812
organisation,Q43229,relation publique,0.4603,fonctionnaire,0.154,informaticien,0.0538
activité,Q1914636,activiste,0.7447,acteur,0.2396,acteurs sociaux,0.1239
autobiographe,Q18814623,cartographe,0.6401,auteur,0.2217,philosophe,0.1168
prosateur ou prosatrice,Q12144794,producteur,0.3857,procureur,0.3328,médiateur,0.1924
courtier,Q160117,secouriste,0.2502,ouvrier,0.1633,policier,0.1627
personnalité du monde des affaires,Q43845,fonctionnaire,0.2398,journaliste,0.1648,agent de,0.1413
trader,Q3704253,traducteur,0.4989,transporteur,0.1758,travailleur social,0.1452
patineur ou patineuse sur glace,Q9394993,entrepreneur,0.2159,assureur,0.1048,partenaire,0.1013
joueur professionnel ou joueuse professionnelle,Q18536342,joueur,0.75,procureur,0.1549,producteur,0.1546
forgeron ou forgeronne,Q838566,manager,0.1306,fonctionnaire,0.1281,fondateur,0.1082
monteur d'acier,Q15980591,inventeur,0.3348,policier,0.2851,officier,0.2733
artiste,Q483501,archiviste,0.3646,activiste,0.3108,secouriste,0.2806
policier ou policière,Q384593,policier,0.9261,politicien,0.3633,officier,0.2039
officier,Q189290,officier,1.0,policier,0.3283,musicien,0.0891
géomètre,Q294126,ancêtre,0.3647,mere,0.1064,père,0.1064
soldat volontaire,Q1454940,notaire,0.4384,secrétaire,0.3485,publicitaire,0.3216
combattant,Q1414937,consultant,0.3937,comptable,0.2151,enfant,0.1526
partisan,Q212948,partenaire,0.4596,investisseur,0.0712,cartographe,0.059
paramilitary,Q117804716,familier,0.4118,partenaire,0.1862,politicien,0.0651
bénévole,Q24716636,bénévole,1.0,comptable,0.0376,guerrier,0.0
affiliate,Q8191099,médiateur,0.2447,diplomate,0.1671,officier,0.0981
carlist,Q117814407,cartographe,0.2343,journaliste,0.2122,activiste,0.0567
militaire carliste,Q117814561,publicitaire,0.3518,notaire,0.3122,journaliste,0.2647
Milicien,Q65274801,musicien,0.3729,politicien,0.3323,policier,0.3208
factieux,Q118162105,activiste,0.2784,acteurs sociaux,0.1383,acteur,0.1245
militant ou militante,Q15253558,consultant,0.2383,familier,0.2326,enfant,0.0938
médiéviste,Q3332711,activiste,0.4016,médiateur,0.385,archiviste,0.3644
spécialiste de la littérature,Q17167049,journaliste,0.4271,activiste,0.182,agent de,0.1804
personnalité politique,Q82955,politicien,0.5083,policier,0.2419,relation publique,0.1787
partisan,Q7140620,partenaire,0.4596,investisseur,0.0712,cartographe,0.059
conservateur,Q12716218,innovateur,0.3471,consultant,0.3327,cultivateur / éleveur,0.27
soldat,Q4991371,avocat,0.1563,fondateur,0.145,acteurs sociaux,0.0818
militaire,Q47064,publicitaire,0.465,notaire,0.4127,secrétaire,0.328
carlist,Q117814407,cartographe,0.2343,journaliste,0.2122,activiste,0.0567
partisan,Q212948,partenaire,0.4596,investisseur,0.0712,cartographe,0.059
auteur-compositeur ou autrice-compositrice,Q753110,auteur,0.7159,éditeur,0.2334,comptable,0.2007
pratiquant d'arts martiaux,Q11124885,acteurs sociaux,0.2885,enfant,0.1102,aidant,0.1091
objet artificiel physique,Q8205328,officier,0.2911,relation publique,0.2426,policier,0.103
élément d'une collection ou d'une exposition,Q18593264,relation publique,0.2873,fonctionnaire,0.228,lecteur,0.1318
Milicien,Q65274801,musicien,0.3729,politicien,0.3323,policier,0.3208
anarchiste,Q12961474,archiviste,0.5756,activiste,0.2299,secouriste,0.2076
anarcho-syndicaliste,Q24293741,journaliste,0.394,archiviste,0.2862,syndiqué,0.2841
factieux,Q118162105,activiste,0.2784,acteurs sociaux,0.1383,acteur,0.1245
révolutionnaire,Q3242115,fonctionnaire,0.6679,partenaire,0.2632,notaire,0.1929
republican militiaman  (Spanish Civil War),Q117878883,publicitaire,0.3327,relation publique,0.2116,familier,0.1507
combattant,Q1414937,consultant,0.3937,comptable,0.2151,enfant,0.1526
joueur de football américain ou de football canadien,Q14128148,joueur,0.5704,agent de,0.2526,allié,0.0947
missionnaire,Q219477,fonctionnaire,0.6595,partenaire,0.307,notaire,0.2249
missionnaire,Q219477,fonctionnaire,0.6595,partenaire,0.307,notaire,0.2249
missionnaire chrétien,Q117936247,fonctionnaire,0.6098,partenaire,0.2839,secrétaire,0.2138
catholique,Q17549077,relation publique,0.3908,psychologue,0.0961,avocat,0.073
entomologiste,Q3055126,écologiste,0.6932,activiste,0.1778,archiviste,0.1613
historien ou historienne,Q201788,ouvrier,0.1787,musicien,0.1431,mentor,0.1408
historien ou historienne des technologies,Q17486338,technicien,0.43,écologiste,0.2526,ouvrier,0.1231
dirigeant sportif,Q26481809,transporteur,0.357,enfant,0.1286,aidant,0.1273
person associated with football,Q116763437,acteurs sociaux,0.2505,travailleur social,0.2133,assureur,0.1967
former member,Q118132367,mere,0.2402,réformateur,0.2012,informaticien,0.1758
nonbeliever,Q7049197,familier,0.1629,notaire,0.1441,client,0.1263
mécréant,Q1587978,enfant,0.2263,aidant,0.224,étudiant,0.1872
impious person,Q17573118,relation publique,0.1594,guerrier,0.0,législateur,0.0
créateur ou créatrice,Q2500638,médiateur,0.2514,fondateur,0.249,spectateur,0.2344
médecin,Q39631,médecin,1.0,médiateur,0.146,voisin,0.0457
enseignant ou enseignante,Q37226,enseignant,0.9771,infirmier / soignant,0.2664,enfant,0.0992
administration de la république des Deux Nations,Q2662430,relation publique,0.6362,agent de,0.1726,publicitaire,0.1266
officier de marine,Q10669499,officier,0.9057,policier,0.2973,agent de,0.1667
officier,Q189290,officier,1.0,policier,0.3283,musicien,0.0891
universitaire,Q3400985,publicitaire,0.5629,notaire,0.4995,secrétaire,0.397
professeur ou professeure d'université,Q1622272,investisseur,0.3578,procureur,0.2553,précurseur,0.2326
professeur titulaire,Q25339110,investisseur,0.3162,notaire,0.2484,précurseur,0.2202
industrie légère,Q770899,père,0.309,législateur,0.239,ouvrier,0.0809
nationaliste,Q106399618,journaliste,0.5706,relation publique,0.2021,activiste,0.1843
black supremacist,Q118289006,pharmacien,0.2864,entrepreneur,0.0856,activiste,0.0626
guide culturel,Q1039099,guide spirituel,0.4727,cultivateur / éleveur,0.1998,agent de,0.0505
peintre,Q1028181,ancêtre,0.2667,entrepreneur,0.2507,mere,0.0778
créateur ou créatrice de contenu,Q109459317,agent de,0.195,médiateur,0.1792,fondateur,0.1775
professeur de langues,Q30002353,investisseur,0.3257,précurseur,0.2268,agent de,0.2207
écrivain ou écrivaine,Q36180,écologiste,0.1108,travailleur social,0.0853,cultivateur / éleveur,0.0847
criminel ou criminelle,Q2159907,ouvrier,0.1278,bénévole,0.0935,comptable,0.0877
pédagogue,Q1231865,psychologue,0.4409,guerrier,0.0813,relation publique,0.0559
acteur ou actrice de théâtre,Q2259451,acteur,0.7896,acteurs sociaux,0.3799,activiste,0.2199
infirmière ou infirmier,Q186360,infirmier / soignant,0.6878,informaticien,0.1001,père,0.0971
national technical qualification,Q16164134,technicien,0.4541,relation publique,0.3169,fonctionnaire,0.1293
ministre,Q83307,ancêtre,0.3254,père,0.0949,mere,0.0949
maître de cérémonie,Q497240,agent de,0.2883,ancêtre,0.207,témoin,0.0975
fonctionnaire,Q212238,fonctionnaire,1.0,partenaire,0.2162,notaire,0.1584
agronome,Q1781198,agent de,0.2716,guerrier,0.0,frère/socur,0.0
météorologue,Q2310145,psychologue,0.597,écologiste,0.1484,médiateur,0.0583
artisan,Q1294787,archiviste,0.1227,investisseur,0.1106,partenaire,0.1022
modéliste,Q3501317,journaliste,0.4905,activiste,0.3067,archiviste,0.2783
entraîneur sportif,Q41583,entrepreneur,0.4025,transporteur,0.3451,spectateur,0.0793
huissier de justice,Q2005653,agent de,0.27,investisseur,0.1306,ouvrier,0.1284
charpentier,Q154549,ouvrier,0.2096,policier,0.2088,officier,0.2002
botaniste,Q2374149,activiste,0.3339,archiviste,0.3029,secouriste,0.3015
commissioner,Q12492080,comptable,0.2572,investisseur,0.0822,consultant,0.0737
signalman,Q16915158,enseignant,0.2469,infirmier / soignant,0.1896,manager,0.0969
professionnel des médias,Q15980804,médiateur,0.5037,médecin,0.1538,procureur,0.1387
speaker,Q1371925,spectateur,0.3401,inspecteur,0.1082,guide spirituel,0.0792
auxiliaire de santé,Q55071047,notaire,0.2859,agent de,0.2467,secrétaire,0.2273
assistant,Q23835475,consultant,0.3162,assureur,0.2513,enfant,0.1454
auxiliaire de santé,Q55071047,notaire,0.2859,agent de,0.2467,secrétaire,0.2273
médecin,Q39631,médecin,1.0,médiateur,0.146,voisin,0.0457
musicien d'un instrument de la famille des bois,Q25616474,musicien,0.6284,familier,0.3119,agent de,0.2367
mathématicien ou mathématicienne,Q170790,informaticien,0.6181,politicien,0.3695,musicien,0.2591
théoricien ou théoricienne,Q18931911,musicien,0.5062,politicien,0.4511,technicien,0.4353
capitaine de navire,Q849424,publicitaire,0.293,agent de,0.2688,notaire,0.2167
auteur ou autrice,Q482980,auteur,0.9201,acteur,0.116,lecteur,0.0955
écrivain ou écrivaine,Q36180,écologiste,0.1108,travailleur social,0.0853,cultivateur / éleveur,0.0847
auteur de bande dessinée,Q109517242,auteur,0.6653,agent de,0.2609,banquier,0.1399
critique,Q6430706,relation publique,0.3263,politicien,0.078,syndiqué,0.0661
composing,Q116751803,comptable,0.4588,voisin,0.0997,consultant,0.0638
musique,Q638,musicien,0.4255,relation publique,0.2646,syndiqué,0.0536
salarié,Q703534,allié,0.2887,guerrier,0.0,législateur,0.0
directeur exécutif,Q267936,lecteur,0.5695,inspecteur,0.4423,acteur,0.3892
naval personnel,Q13015400,travailleur social,0.158,fonctionnaire,0.0887,guide spirituel,0.0839
enseignant ou enseignante,Q37226,enseignant,0.9771,infirmier / soignant,0.2664,enfant,0.0992
instructeur,Q777952,inspecteur,0.452,traducteur,0.4484,producteur,0.444
voyageur ou voyageuse,Q22813352,pourvoyeur,0.148,voisin,0.1449,agent de,0.1262
aventurier ou aventurière,Q2873500,ouvrier,0.2489,inventeur,0.2313,guerrier,0.184
enquêteur,Q30093123,acteur,0.2938,auteur,0.2533,lecteur,0.2418
slaviste,Q15976341,activiste,0.5124,archiviste,0.4649,secouriste,0.2666
magistrat romain,Q20778343,écologiste,0.1897,avocat,0.0984,manager,0.0921
maire,Q30185,notaire,0.4251,secrétaire,0.3379,partenaire,0.3343
commerçant,Q7501153,comptable,0.2522,consultant,0.2022,enfant,0.1789
prêtre chrétien,Q831474,ancêtre,0.4321,musicien,0.1371,politicien,0.1222
bibliothécaire,Q182436,notaire,0.4332,publicitaire,0.3957,secrétaire,0.3443
educational personnel,Q93918935,relation publique,0.2547,fonctionnaire,0.1861,avocat,0.0772
musical instrument tuner,Q109641311,musicien,0.5305,mentor,0.1659,inspecteur,0.1416
enseignant ou enseignante,Q37226,enseignant,0.9771,infirmier / soignant,0.2664,enfant,0.0992
dramaturge,Q214917,amant/e,0.1827,réformateur,0.1179,diplomate,0.1168
écrivain ou écrivaine,Q36180,écologiste,0.1108,travailleur social,0.0853,cultivateur / éleveur,0.0847
chef cuisinier ou chef cuisinière,Q3499072,voisin,0.3431,père,0.1752,ouvrier,0.1353
boulanger ou boulangère,Q160131,père,0.3326,manager,0.248,ouvrier,0.1526
professeur de littérature,Q99398506,investisseur,0.3077,procureur,0.2353,précurseur,0.2143
patron,Q1240788,partenaire,0.1456,relation publique,0.1127,guerrier,0.0
travailleur ou travailleuse,Q327055,travailleur social,0.7999,traducteur,0.115,transporteur,0.0962
musicien ou musicienne,Q639669,musicien,0.9799,politicien,0.2255,technicien,0.2176
écrivain ou écrivaine,Q36180,écologiste,0.1108,travailleur social,0.0853,cultivateur / éleveur,0.0847
mannequin,Q4610556,manager,0.3207,banquier,0.1061,amant/e,0.094
policier ou policière,Q384593,policier,0.9261,politicien,0.3633,officier,0.2039
athlète,Q2066131,hôte,0.2343,adulte,0.182,activiste,0.1553
civil rights,Q25447176,citoyen,0.1779,activiste,0.1405,archiviste,0.1274
sport hippique,Q187916,transporteur,0.3246,relation publique,0.2556,spectateur,0.0533
ouvrier,Q12713481,ouvrier,1.0,guerrier,0.2301,policier,0.0913
typographe,Q1229025,cartographe,0.7031,philosophe,0.1283,guerrier,0.0
militant ou militante,Q15253558,consultant,0.2383,familier,0.2326,enfant,0.0938
militant ou militante culturel,Q21993562,consultant,0.2354,familier,0.2082,cultivateur / éleveur,0.137
avocat ou avocate,Q40348,avocat,0.9493,diplomate,0.0554,ouvrier,0.0341
artiste interprète,Q713200,archiviste,0.3324,activiste,0.2913,secouriste,0.263
col bleu,Q1191714,comptable,0.1927,écologiste,0.1048,consultant,0.0852
producteur,Q13235160,producteur,1.0,traducteur,0.4194,acteur,0.2505
personnalité du monde des affaires,Q43845,fonctionnaire,0.2398,journaliste,0.1648,agent de,0.1413
significant other,Q11493441,enseignant,0.2461,infirmier / soignant,0.2266,enfant,0.212
artisan,Q1294787,archiviste,0.1227,investisseur,0.1106,partenaire,0.1022
maison noble,Q13417114,comptable,0.2413,notaire,0.1084,manager,0.1
aristocrate,Q2478141,secouriste,0.2673,archiviste,0.1806,diplomate,0.1732
intendant,Q6491450,aidant,0.4113,enfant,0.1388,inventeur,0.1232
marin,Q45199,manager,0.1838,voisin,0.1443,témoin,0.1443
fonctionnaire,Q212238,fonctionnaire,1.0,partenaire,0.2162,notaire,0.1584
professeur ou professeure d'université,Q1622272,investisseur,0.3578,procureur,0.2553,précurseur,0.2326
professeur ou professeure d'université,Q1622272,investisseur,0.3578,procureur,0.2553,précurseur,0.2326
professions intellectuelles et scientifiques,Q110281945,lecteur,0.1734,relation publique,0.126,client,0.1259
prestataire de soins,Q55645123,notaire,0.3564,secrétaire,0.2833,publicitaire,0.2614
métallurgiste,Q18576582,écologiste,0.4253,activiste,0.2577,archiviste,0.2338
forgeron ou forgeronne,Q838566,manager,0.1306,fonctionnaire,0.1281,fondateur,0.1082
militant ou militante,Q15253558,consultant,0.2383,familier,0.2326,enfant,0.0938
directeur ou directrice,Q1162163,lecteur,0.4729,inspecteur,0.3673,acteur,0.2853
processus biologique,Q2996394,procureur,0.2924,écologiste,0.2695,relation publique,0.2156
création,Q11398090,relation publique,0.435,fonctionnaire,0.1455,secrétaire,0.0681
fonctionnaire,Q212238,fonctionnaire,1.0,partenaire,0.2162,notaire,0.1584
service worker,Q16324756,secrétaire,0.1525,secouriste,0.1507,ouvrier,0.102
haut fonctionnaire ou haute fonctionnaire,Q599151,fonctionnaire,0.9719,partenaire,0.2101,notaire,0.1539
phycologue,Q12358881,psychologue,0.5341,écologiste,0.2916,guerrier,0.05
juriste,Q185351,secouriste,0.5493,juré,0.2839,activiste,0.2205
artisan,Q1294787,archiviste,0.1227,investisseur,0.1106,partenaire,0.1022
agent,Q24229398,agent de,0.8893,client,0.1584,manager,0.0616
fonction,Q4164871,fonctionnaire,0.671,relation publique,0.197,fondateur,0.1348
économiste,Q188094,écologiste,0.4832,activiste,0.2853,archiviste,0.2588
rights holder,Q63378287,psychologue,0.153,ouvrier,0.0961,policier,0.0957
producteur ou productrice artistique,Q47541952,producteur,0.8896,traducteur,0.2852,procureur,0.1439
consultant ou consultante,Q15978655,consultant,0.9775,enfant,0.056,aidant,0.0554
conseiller ou conseillère,Q2994387,consultant,0.3471,enseignant,0.1833,père,0.1189
étudiant ou étudiante à l'université,Q315247,étudiant,0.9707,enfant,0.0641,aidant,0.0635
centenaire,Q2944360,partenaire,0.6442,fonctionnaire,0.2757,notaire,0.2344
bibliothécaire,Q182436,notaire,0.4332,publicitaire,0.3957,secrétaire,0.3443
réalisateur ou réalisatrice,Q3455803,journaliste,0.2604,réformateur,0.2349,médiateur,0.1585
partisan,Q7140620,partenaire,0.4596,investisseur,0.0712,cartographe,0.059
militant ou militante,Q15253558,consultant,0.2383,familier,0.2326,enfant,0.0938
militant ou militante politique,Q11499147,politicien,0.3756,consultant,0.1885,familier,0.1841
YouTubeur ou YouTubeuse,Q17125263,ouvrier,0.1983,acteur,0.1682,cultivateur / éleveur,0.1472
célébrité d'internet,Q2045208,inventeur,0.1685,guide spirituel,0.1187,diplomate,0.0
créateur ou créatrice de contenu,Q109459317,agent de,0.195,médiateur,0.1792,fondateur,0.1775
streameur,Q57414145,entrepreneur,0.2191,acteur,0.1776,ancêtre,0.1682
gamer,Q5276395,mere,0.2868,ouvrier,0.0961,policier,0.0957
personnel médical,Q3486937,médiateur,0.4473,médecin,0.2091,éditeur,0.0793
médecin spécialiste,Q3332438,médecin,0.754,journaliste,0.3311,activiste,0.1411
professionnel de la vue,Q5422651,agent de,0.2447,procureur,0.1731,producteur,0.1727
prêtre occidental,Q104050289,ancêtre,0.4341,entrepreneur,0.089,guide spirituel,0.0572
ministre du culte,Q1423891,adulte,0.3833,cultivateur / éleveur,0.2485,ancêtre,0.1529
évêque protestant,Q102040941,consultant,0.2745,procureur,0.1662,producteur,0.1658
western bishop,Q104049627,investisseur,0.1478,activiste,0.1064,archiviste,0.0966
Aglipayan clergyman,Q120186900,client,0.163,agent de,0.1613,manager,0.1199
diacre,Q161944,diplomate,0.139,médiateur,0.1332,étudiant,0.1253
diacre occidental,Q105169456,diplomate,0.0954,médiateur,0.0914,étudiant,0.0859
Aglipayan clergyman,Q120186900,client,0.163,agent de,0.1613,manager,0.1199
entraîneur sportif,Q41583,entrepreneur,0.4025,transporteur,0.3451,spectateur,0.0793
thérapeute alternatif,Q29881694,adulte,0.1558,auteur,0.1232,allié,0.115
pseudo-scientifique,Q22082749,relation publique,0.276,client,0.1785,musicien,0.1205
chercheur ou chercheuse,Q1650915,archiviste,0.1748,ouvrier,0.1058,acteur,0.0897
imprimeur,Q175151,acteur,0.2759,cultivateur / éleveur,0.2414,auteur,0.2378
financier,Q1979607,policier,0.3874,officier,0.3714,ouvrier,0.1566
ingénieur ou ingénieure,Q81096,inventeur,0.1874,inspecteur,0.1802,innovateur,0.1759
conservateur ou conservatrice de musée,Q674426,consultant,0.3592,innovateur,0.2162,cultivateur / éleveur,0.1659
juriste,Q185351,secouriste,0.5493,juré,0.2839,activiste,0.2205
partisan,Q7140620,partenaire,0.4596,investisseur,0.0712,cartographe,0.059
militant ou militante,Q15253558,consultant,0.2383,familier,0.2326,enfant,0.0938
militant ou militante politique,Q11499147,politicien,0.3756,consultant,0.1885,familier,0.1841
artisan,Q1294787,archiviste,0.1227,investisseur,0.1106,partenaire,0.1022
forgeron ou forgeronne,Q838566,manager,0.1306,fonctionnaire,0.1281,fondateur,0.1082
monteur d'acier,Q15980591,inventeur,0.3348,policier,0.2851,officier,0.2733
Compagnon,Q582096,comptable,0.4588,consultant,0.0638,relation publique,0.061
peintre,Q1028181,ancêtre,0.2667,entrepreneur,0.2507,mere,0.0778
pharmacien,Q105186,pharmacien,1.0,musicien,0.1658,informaticien,0.155
terroriste,Q12414919,secouriste,0.4546,activiste,0.2678,archiviste,0.243
anarchiste,Q12961474,archiviste,0.5756,activiste,0.2299,secouriste,0.2076
anarcho-syndicaliste,Q24293741,journaliste,0.394,archiviste,0.2862,syndiqué,0.2841
délinquant,Q1184268,enfant,0.2209,aidant,0.2187,étudiant,0.1827
délinquant,Q897438,enfant,0.2209,aidant,0.2187,étudiant,0.1827
révolutionnaire,Q3242115,fonctionnaire,0.6679,partenaire,0.2632,notaire,0.1929
criminel ou criminelle,Q2159907,ouvrier,0.1278,bénévole,0.0935,comptable,0.0877
radical,Q122167768,traducteur,0.1617,travailleur social,0.1117,frère/socur,0.0
tanneur,Q365461,entrepreneur,0.3073,acteur,0.099,consultant,0.0932
coursier,Q848466,secouriste,0.2317,ouvrier,0.1512,policier,0.1507
hand and pedal vehicle drivers,Q108290773,vendeur,0.1218,ancêtre,0.1093,acteurs sociaux,0.0844
motard,Q45787133,notaire,0.2618,traducteur,0.0,spectateur,0.0
navigateur ou navigatrice,Q254651,médiateur,0.3571,fondateur,0.3538,spectateur,0.333
marin,Q45199,manager,0.1838,voisin,0.1443,témoin,0.1443
joueur de jeu de plateau,Q84380764,joueur,0.6856,agent de,0.3035,législateur,0.1173
athlète,Q2066131,hôte,0.2343,adulte,0.182,activiste,0.1553
abstract game player,Q11538946,acteur,0.1884,traducteur,0.1202,activiste,0.1196
clown,Q7358,client,0.2746,guerrier,0.0,traducteur,0.0
scientifique biomédical,Q4915128,relation publique,0.255,médiateur,0.1823,client,0.1649
infirmière ou infirmier,Q186360,infirmier / soignant,0.6878,informaticien,0.1001,père,0.0971
poète ou poétesse,Q49757,policier,0.1566,politicien,0.1356,pourvoyeur,0.1289
personnalité du monde des affaires,Q43845,fonctionnaire,0.2398,journaliste,0.1648,agent de,0.1413
direction d'orchestre,Q6989196,fonctionnaire,0.2934,relation publique,0.2269,ancêtre,0.143
géophysicien ou géophysicienne,Q12094958,musicien,0.6149,politicien,0.3189,technicien,0.3077
agriculteur ou agricultrice,Q131512,cultivateur / éleveur,0.2678,adulte,0.2096,agent de,0.1234
paysan,Q838811,partenaire,0.2059,guerrier,0.0,législateur,0.0
inventeur,Q205375,inventeur,1.0,investisseur,0.2358,acteur,0.1251
psychologue,Q212980,psychologue,1.0,écologiste,0.0952,guerrier,0.0358
personnalité politique,Q82955,politicien,0.5083,policier,0.2419,relation publique,0.1787
fonction,Q4164871,fonctionnaire,0.671,relation publique,0.197,fondateur,0.1348
imprimeur,Q175151,acteur,0.2759,cultivateur / éleveur,0.2414,auteur,0.2378
ingénieur ou ingénieure,Q81096,inventeur,0.1874,inspecteur,0.1802,innovateur,0.1759
éditeur ou éditrice,Q2516866,éditeur,0.9304,médiateur,0.1344,acteur,0.0931
développeur ou développeuse,Q183888,défendeur,0.2444,ouvrier,0.1058,acteur,0.0897
technicien d'animations,Q22916729,technicien,0.8605,informaticien,0.2535,musicien,0.2188
exploitant,Q1970438,consultant,0.3527,enfant,0.1621,aidant,0.1605
enseignant ou enseignante,Q37226,enseignant,0.9771,infirmier / soignant,0.2664,enfant,0.0992
scénario,Q3691017,guerrier,0.0,traducteur,0.0,spectateur,0.0
régie,Q2137554,réformateur,0.1505,législateur,0.1456,traducteur,0.0
gemcutter,Q1283397,ouvrier,0.1706,policier,0.17,manager,0.1647
gouverneur,Q132050,entrepreneur,0.3073,ouvrier,0.1168,acteur,0.099
designer,Q5322166,agent de,0.179,infirmier / soignant,0.1351,enseignant,0.1131
architecte,Q42973,archiviste,0.5309,lecteur,0.1686,inspecteur,0.1309
patron,Q1240788,partenaire,0.1456,relation publique,0.1127,guerrier,0.0
militaire,Q47064,publicitaire,0.465,notaire,0.4127,secrétaire,0.328
responsable,Q1251441,comptable,0.4035,consultant,0.0672,transporteur,0.0644
activité,Q12737077,activiste,0.7447,acteur,0.2396,acteurs sociaux,0.1239
médecin militaire,Q4002666,médecin,0.7601,publicitaire,0.3022,notaire,0.2681
géoscientifique,Q11424604,relation publique,0.3032,client,0.1961,musicien,0.1323
physicien ou physicienne,Q169470,musicien,0.6213,politicien,0.3222,technicien,0.3109
géologue,Q520549,psychologue,0.619,écologiste,0.1539,guerrier,0.0579
juriste,Q185351,secouriste,0.5493,juré,0.2839,activiste,0.2205
poète ou poétesse,Q49757,policier,0.1566,politicien,0.1356,pourvoyeur,0.1289
monarque,Q116,relation publique,0.2684,psychologue,0.0919,juré,0.0
homme,Q8441,guerrier,0.0,traducteur,0.0,spectateur,0.0
cadre dirigeant ou cadre dirigeante,Q978044,enfant,0.1253,aidant,0.124,diplomate,0.1182
directeur délégué,Q19940089,lecteur,0.5099,inspecteur,0.396,acteur,0.3485
docteur ès sciences,Q2628227,acteur,0.5095,lecteur,0.4192,inspecteur,0.3256
géologue,Q520549,psychologue,0.619,écologiste,0.1539,guerrier,0.0579
travailleur du textile,Q66035178,travailleur social,0.7907,traducteur,0.1187,transporteur,0.0993
médecine,Q11190,médecin,0.9174,médiateur,0.1592,guerrier,0.0
biologiste,Q864503,écologiste,0.7881,activiste,0.2022,archiviste,0.1834
neurochirurgien,Q9385011,musicien,0.167,entrepreneur,0.1662,politicien,0.1488
chirurgien pédiatrique,Q19842050,médiateur,0.3663,relation publique,0.2415,musicien,0.108
député,Q1055894,défendeur,0.223,guerrier,0.0,législateur,0.0
structure,Q6671777,assureur,0.1363,traducteur,0.1308,procureur,0.1298
écrivain ou écrivaine,Q36180,écologiste,0.1108,travailleur social,0.0853,cultivateur / éleveur,0.0847
commandant en chef,Q380782,aidant,0.3793,enfant,0.1899,comptable,0.1804
rab,Q3415837,guerrier,0.0,traducteur,0.0,spectateur,0.0
instrumentiste,Q1278335,activiste,0.2515,archiviste,0.2281,secouriste,0.2271
musicien ou musicienne,Q639669,musicien,0.9799,politicien,0.2255,technicien,0.2176
para-athlete,Q114414171,partenaire,0.3318,hôte,0.0858,adulte,0.0667
céiste,Q13382566,activiste,0.4206,archiviste,0.3816,secouriste,0.3798
universitaire,Q3400985,publicitaire,0.5629,notaire,0.4995,secrétaire,0.397
enseignant ou enseignante,Q37226,enseignant,0.9771,infirmier / soignant,0.2664,enfant,0.0992
photographe,Q33231,cartographe,0.7546,philosophe,0.1521,pharmacien,0.0399
artiste visuel ou artiste visuelle,Q3391743,archiviste,0.3556,activiste,0.3172,secouriste,0.2301
Bossierer,Q48767789,mere,0.2477,ouvrier,0.1721,policier,0.1715
personne,Q215627,fonctionnaire,0.1774,guerrier,0.0,traducteur,0.0
artisan,Q1294787,archiviste,0.1227,investisseur,0.1106,partenaire,0.1022
administrateur,Q16532929,médiateur,0.309,fondateur,0.3061,spectateur,0.2882
échevin,Q87736953,écologiste,0.1561,voisin,0.1443,témoin,0.1443
muletier,Q99603787,ouvrier,0.2333,policier,0.2325,officier,0.2228
chef de mission diplomatique,Q1251687,diplomate,0.6617,relation publique,0.2636,agent de,0.1363
plénipotentiaire,Q15217354,partenaire,0.4061,notaire,0.3992,secrétaire,0.3173
fonction,Q4164871,fonctionnaire,0.671,relation publique,0.197,fondateur,0.1348
service occupation,Q1221060,relation publique,0.4389,fonctionnaire,0.1468,secrétaire,0.0574
transportation occupation,Q56148021,transporteur,0.5194,relation publique,0.3606,fonctionnaire,0.1206
drivers of animal-drawn vehicles and machinery,Q109968673,ancêtre,0.1521,vendeur,0.0847,manager,0.0764
Nobilitas,Q1001045,notaire,0.1309,familier,0.1138,politicien,0.108
science de la santé,Q843601,agent de,0.3456,musicien,0.1771,politicien,0.1578
artisan,Q1294787,archiviste,0.1227,investisseur,0.1106,partenaire,0.1022
artiste visuel ou artiste visuelle,Q3391743,archiviste,0.3556,activiste,0.3172,secouriste,0.2301
plasticien,Q98552221,politicien,0.5572,informaticien,0.4801,musicien,0.4174
chanteur ou chanteuse,Q177220,inventeur,0.4251,acteur,0.1658,auteur,0.143
ingénieur ou ingénieure,Q81096,inventeur,0.1874,inspecteur,0.1802,innovateur,0.1759
electrotechnology engineers,Q108289382,technicien,0.3472,lecteur,0.2236,écologiste,0.1429
travailleur manuel,Q33394058,travailleur social,0.7406,manager,0.12,traducteur,0.1112
artiste de rue,Q2914170,archiviste,0.2893,activiste,0.2466,agent de,0.2445
chanteur ou chanteuse,Q177220,inventeur,0.4251,acteur,0.1658,auteur,0.143
zoologiste des vertébrés,Q105898711,écologiste,0.7396,activiste,0.1897,archiviste,0.1721
psychologue,Q212980,psychologue,1.0,écologiste,0.0952,guerrier,0.0358
operations researcher,Q112114257,relation publique,0.3075,archiviste,0.1885,fonctionnaire,0.1353
délinquant,Q1184268,enfant,0.2209,aidant,0.2187,étudiant,0.1827
théologien ou théologienne,Q1234713,écologiste,0.4405,psychologue,0.181,musicien,0.1043
enseignant ou enseignante,Q37226,enseignant,0.9771,infirmier / soignant,0.2664,enfant,0.0992
pédagogue,Q1231865,psychologue,0.4409,guerrier,0.0813,relation publique,0.0559
grade universitaire,Q189533,publicitaire,0.4881,notaire,0.4332,secrétaire,0.3443
diplôme de deuxième cycle,Q23015928,diplomate,0.3442,agent de,0.2834,vendeur,0.0609
économiste,Q188094,écologiste,0.4832,activiste,0.2853,archiviste,0.2588
pédagogue,Q1231865,psychologue,0.4409,guerrier,0.0813,relation publique,0.0559
travailleur social,Q7019111,travailleur social,1.0,acteurs sociaux,0.2198,traducteur,0.1003
grade universitaire,Q189533,publicitaire,0.4881,notaire,0.4332,secrétaire,0.3443
conservationniste,Q16060693,consultant,0.2645,fonctionnaire,0.2217,relation publique,0.1932
acteur ou actrice,Q33999,acteur,0.9123,acteurs sociaux,0.4389,activiste,0.2541
mycologue,Q2487799,psychologue,0.5496,écologiste,0.3001,guerrier,0.0514
chercheur médical,Q15401884,médiateur,0.5094,médecin,0.2144,éditeur,0.139
psychologue,Q212980,psychologue,1.0,écologiste,0.0952,guerrier,0.0358
activité,Q12737077,activiste,0.7447,acteur,0.2396,acteurs sociaux,0.1239
commercial pilot,Q10349748,travailleur social,0.2822,comptable,0.1784,mere,0.1063
rebelle,Q1125062,bénévole,0.1087,comptable,0.102,relation publique,0.0946
chanteur ou chanteuse,Q177220,inventeur,0.4251,acteur,0.1658,auteur,0.143
pre-press technicians,Q108290599,technicien,0.7283,entrepreneur,0.0732,étudiant,0.0454
nature recordist,Q122926321,secouriste,0.1657,assureur,0.101,procureur,0.0962
sound recordist,Q27148032,secouriste,0.1794,relation publique,0.0875,acteurs sociaux,0.0742
personne,Q215627,fonctionnaire,0.1774,guerrier,0.0,traducteur,0.0
artisan,Q1294787,archiviste,0.1227,investisseur,0.1106,partenaire,0.1022
sociologue,Q2306091,psychologue,0.5177,acteurs sociaux,0.2227,travailleur social,0.1896
athlète,Q2066131,hôte,0.2343,adulte,0.182,activiste,0.1553
joueur professionnel ou joueuse professionnelle,Q18536342,joueur,0.75,procureur,0.1549,producteur,0.1546
mystique,Q45996,relation publique,0.3499,investisseur,0.0721,syndiqué,0.0709
Jewish theology,Q108487806,écologiste,0.3249,psychologue,0.2931,juré,0.0
Jewish mysticism,Q12409136,politicien,0.2632,informaticien,0.2268,investisseur,0.1046
téfiline,Q48296,témoin,0.1843,familier,0.161,législateur,0.0
vendeur ou vendeuse,Q685433,vendeur,0.9634,défendeur,0.4247,inventeur,0.0783
courtier d'assurances,Q285759,assureur,0.3962,secouriste,0.1554,ouvrier,0.1015
aviateur ou aviatrice,Q2095549,médiateur,0.4488,fondateur,0.1878,spectateur,0.1769
scientifique,Q901,relation publique,0.3032,client,0.1961,musicien,0.1323
menuisier,Q326358,mentor,0.3243,ouvrier,0.1591,policier,0.1585
ébéniste,Q19382184,activiste,0.3698,archiviste,0.3355,secouriste,0.3339
charpentier,Q154549,ouvrier,0.2096,policier,0.2088,officier,0.2002
maître de cérémonie,Q497240,agent de,0.2883,ancêtre,0.207,témoin,0.0975
négociant,Q18242306,étudiant,0.3868,acteurs sociaux,0.1757,enfant,0.1562
musicien d'un instrument de la famille des bois,Q25616474,musicien,0.6284,familier,0.3119,agent de,0.2367
maître d'école élémentaire,Q10509151,notaire,0.3615,secrétaire,0.2873,publicitaire,0.2652
parlementaire,Q486839,notaire,0.4379,partenaire,0.3947,secrétaire,0.3481
cascadeur ou cascadeuse,Q465501,vendeur,0.3235,défendeur,0.2694,cartographe,0.1134
théoricien ou théoricienne du complot,Q19831149,musicien,0.4236,politicien,0.3775,technicien,0.3643
enseignant ou enseignante,Q37226,enseignant,0.9771,infirmier / soignant,0.2664,enfant,0.0992
chercheur ou chercheuse en sciences sociales,Q15319501,travailleur social,0.3971,acteurs sociaux,0.321,musicien,0.1212
chef religieux,Q15995642,relation publique,0.2441,époux,0.1249,acteurs sociaux,0.0792
administrateur apostolique,Q1993358,relation publique,0.3598,médiateur,0.1843,fondateur,0.1825
prêtre catholique,Q250867,relation publique,0.321,ancêtre,0.296,psychologue,0.0789
diocesan clergyman,Q106968578,client,0.163,diplomate,0.1252,manager,0.1199
prêtre,Q42603,ancêtre,0.519,procureur,0.0673,producteur,0.0672
clerc régulier,Q2138822,familier,0.3899,client,0.2008,ouvrier,0.1459
éducateur ou éducatrice,Q974144,éditeur,0.2431,traducteur,0.1835,producteur,0.1817
clerc catholique romain,Q105200154,relation publique,0.3541,psychologue,0.0871,client,0.0703
érudit,Q20826540,éditeur,0.1939,étudiant,0.1608,traducteur,0.0
attaché de presse,Q4178004,agent de,0.3265,investisseur,0.079,entrepreneur,0.0777
prêtre,Q42603,ancêtre,0.519,procureur,0.0673,producteur,0.0672
informer collaborator,Q13615267,informaticien,0.4833,mentor,0.1915,réformateur,0.1294
artisan,Q1294787,archiviste,0.1227,investisseur,0.1106,partenaire,0.1022
résistant ou résistante,Q1397808,consultant,0.3065,enfant,0.1207,aidant,0.1195
pilote de moto,Q3014296,agent de,0.3713,philosophe,0.094,hôte,0.077
motorsports competitor,Q30339659,comptable,0.2764,transporteur,0.2645,mentor,0.2427
religieux,Q4504549,relation publique,0.2441,époux,0.1249,acteurs sociaux,0.0792
policier ou policière,Q384593,policier,0.9261,politicien,0.3633,officier,0.2039
humoriste,Q245068,secouriste,0.5207,activiste,0.3067,archiviste,0.2783
tarento,Q2705098,mentor,0.3598,entrepreneur,0.1538,client,0.0854
écrivain ou écrivaine,Q36180,écologiste,0.1108,travailleur social,0.0853,cultivateur / éleveur,0.0847
auteur ou autrice,Q482980,auteur,0.9201,acteur,0.116,lecteur,0.0955
propriétaire terrien,Q1549283,secrétaire,0.4049,notaire,0.3316,guerrier,0.3061
propriétaire de biens,Q12794619,secrétaire,0.4561,notaire,0.3735,publicitaire,0.274
courtisan,Q1511216,secouriste,0.2626,investisseur,0.0872,comptable,0.0804
travailleur ou travailleuse,Q327055,travailleur social,0.7999,traducteur,0.115,transporteur,0.0962
"manœuvres de l’agriculture, de la pêche et de la sylviculture",Q108289052,agent de,0.3409,cultivateur / éleveur,0.1264,manager,0.1011
forêt,Q4421,fondateur,0.1548,réformateur,0.1376,informaticien,0.1203
entrepreneur ou entrepreneuse,Q131524,entrepreneur,0.9808,inventeur,0.0404,ancêtre,0.0385
écrivain public,Q1318187,publicitaire,0.5299,relation publique,0.3194,policier,0.0555
gardien de but,Q172964,agent de,0.3628,musicien,0.1905,politicien,0.1698
commissaire aux comptes,Q1051798,comptable,0.4742,notaire,0.1765,secrétaire,0.1403
ministre,Q83307,ancêtre,0.3254,père,0.0949,mere,0.0949
skieur ou skieuse,Q4270517,ouvrier,0.1983,acteur,0.1682,cultivateur / éleveur,0.1472
sports promoter,Q30892161,transporteur,0.3686,procureur,0.1749,producteur,0.1745
chanteur ou chanteuse,Q177220,inventeur,0.4251,acteur,0.1658,auteur,0.143
chef religieux,Q15995642,relation publique,0.2441,époux,0.1249,acteurs sociaux,0.0792
scientifique des religions,Q19829980,relation publique,0.3949,client,0.1523,agent de,0.1125
chercheur ou chercheuse en sciences sociales,Q15319501,travailleur social,0.3971,acteurs sociaux,0.321,musicien,0.1212
cinéaste,Q1414443,activiste,0.196,archiviste,0.1779,secouriste,0.177
documentariste,Q11814411,secouriste,0.4203,activiste,0.2476,archiviste,0.2247
réalisateur ou réalisatrice,Q2526255,journaliste,0.2604,réformateur,0.2349,médiateur,0.1585
producteur ou productrice de cinéma,Q3282637,producteur,0.9238,traducteur,0.2962,procureur,0.1495
bibliothécaire,Q182436,notaire,0.4332,publicitaire,0.3957,secrétaire,0.3443
intervenant d'urgence,Q19693316,enseignant,0.2842,infirmier / soignant,0.2477,inventeur,0.1955
rescueman,Q123521161,manager,0.149,amant/e,0.1482,relation publique,0.1176
parachutiste,Q6060450,activiste,0.2853,archiviste,0.2588,secouriste,0.2576
valet,Q13472752,guerrier,0.0,traducteur,0.0,spectateur,0.0
annonceur sportif,Q73267024,transporteur,0.3905,innovateur,0.1103,spectateur,0.0997
ring announcer,Q7334758,ancêtre,0.1531,innovateur,0.1425,ouvrier,0.0741
professional wrestling announcer,Q123523208,procureur,0.1847,producteur,0.1842,ancêtre,0.0815
éthicien ou éthicienne,Q5403434,musicien,0.4527,politicien,0.4034,technicien,0.3893
chercheur ou chercheuse en intelligence artificielle,Q15976092,officier,0.2514,archiviste,0.1437,inventeur,0.1178
botaniste,Q2374149,activiste,0.3339,archiviste,0.3029,secouriste,0.3015
guitariste,Q855091,secouriste,0.4118,activiste,0.2426,archiviste,0.2201
bassiste,Q584301,activiste,0.3339,archiviste,0.3029,secouriste,0.3015
scientifique,Q901,relation publique,0.3032,client,0.1961,musicien,0.1323
bienfaiteur ou bienfaitrice,Q4887411,enfant,0.3723,éditeur,0.2763,acteur,0.1185
évêque catholique,Q611644,relation publique,0.4001,psychologue,0.1079,avocat,0.0563
évêque catholique romain,Q102039658,relation publique,0.3846,psychologue,0.1037,avocat,0.0541
évêque diocésain,Q1144278,relation publique,0.2115,diplomate,0.0987,voisin,0.0888
suffragant,Q13426709,enfant,0.3372,aidant,0.3337,étudiant,0.2789
ordinaire,Q1638918,partenaire,0.5009,fonctionnaire,0.4316,notaire,0.367
photographe professionnel,Q98084799,cartographe,0.6519,philosophe,0.1314,procureur,0.1099
tisserand,Q437512,investisseur,0.4224,transporteur,0.0723,guerrier,0.0
lutteur,Q27978698,acteur,0.4339,auteur,0.374,lecteur,0.357
chef de mission diplomatique,Q1251687,diplomate,0.6617,relation publique,0.2636,agent de,0.1363
haut-commissaire,Q99318874,notaire,0.3526,secrétaire,0.2802,partenaire,0.2773
ambassadeur ou ambassadrice,Q121998,vendeur,0.2385,défendeur,0.1987,assureur,0.1776
doyen,Q4958876,citoyen,0.5589,pourvoyeur,0.074,musicien,0.0564
géoscientifique,Q11424604,relation publique,0.3032,client,0.1961,musicien,0.1323
clerc catholique,Q105200214,relation publique,0.376,psychologue,0.0925,client,0.0747
ingénieur ou ingénieure,Q81096,inventeur,0.1874,inspecteur,0.1802,innovateur,0.1759
cuivriste,Q25829748,secouriste,0.4546,activiste,0.2678,archiviste,0.243
scientifique,Q901,relation publique,0.3032,client,0.1961,musicien,0.1323
théologien chrétien,Q55737401,écologiste,0.3112,musicien,0.2228,politicien,0.1985
écrivain ou écrivaine,Q36180,écologiste,0.1108,travailleur social,0.0853,cultivateur / éleveur,0.0847
membre d'équipe de cinéma,Q17291399,agent de,0.2883,mere,0.169,citoyen,0.0902
scénographe,Q2707485,cartographe,0.7031,philosophe,0.1283,guerrier,0.0
chercheur ou chercheuse en sciences sociales,Q15319501,travailleur social,0.3971,acteurs sociaux,0.321,musicien,0.1212
naturaliste,Q18805,journaliste,0.5943,activiste,0.2532,archiviste,0.2297
chercheur médical,Q15401884,médiateur,0.5094,médecin,0.2144,éditeur,0.139
military scientist,Q104176943,familier,0.2181,client,0.1867,politicien,0.1812
guide de haute montagne,Q819677,guide spirituel,0.4736,agent de,0.225,auteur,0.2093
athlète,Q2066131,hôte,0.2343,adulte,0.182,activiste,0.1553
marin,Q45199,manager,0.1838,voisin,0.1443,témoin,0.1443
humaniste,Q10527030,activiste,0.3769,archiviste,0.3419,secouriste,0.3403
artiste,Q483501,archiviste,0.3646,activiste,0.3108,secouriste,0.2806
auteur ou autrice,Q482980,auteur,0.9201,acteur,0.116,lecteur,0.0955
intellectuel ou intellectuelle,Q58968,lecteur,0.2458,guide spirituel,0.2306,inventeur,0.1121
manager,Q2462658,manager,1.0,agent de,0.0548,amant/e,0.0485
work colleague,Q1863288,psychologue,0.2107,écologiste,0.0874,guerrier,0.0825
survivant,Q6136036,enfant,0.1948,aidant,0.1929,étudiant,0.1612
victime du régime nazi,Q2026714,réformateur,0.1264,législateur,0.1222,activiste,0.113
témoin contemporain,Q187157,témoin,0.8636,consultant,0.1214,voisin,0.0814
victime de crime de guerre,Q46076028,guerrier,0.435,agent de,0.3336,guide spirituel,0.0911
sport de puissance,Q337979,transporteur,0.3246,agent de,0.2177,guide spirituel,0.0793
rabbin,Q133485,voisin,0.2224,témoin,0.2224,médecin,0.2055
aumônier militaire,Q918824,publicitaire,0.4253,notaire,0.3774,secrétaire,0.3
service militaire,Q209572,publicitaire,0.4503,notaire,0.3996,secrétaire,0.3651
criminel ou criminelle,Q2159907,ouvrier,0.1278,bénévole,0.0935,comptable,0.0877
militant ou militante politique,Q11499147,politicien,0.3756,consultant,0.1885,familier,0.1841
extrémiste,Q104080200,activiste,0.4206,archiviste,0.3816,secouriste,0.3798
militant ou militante,Q15253558,consultant,0.2383,familier,0.2326,enfant,0.0938
délinquant,Q1184268,enfant,0.2209,aidant,0.2187,étudiant,0.1827
délinquant,Q897438,enfant,0.2209,aidant,0.2187,étudiant,0.1827
radical,Q122167768,traducteur,0.1617,travailleur social,0.1117,frère/socur,0.0
haut fonctionnaire ou haute fonctionnaire,Q599151,fonctionnaire,0.9719,partenaire,0.2101,notaire,0.1539
reggae,Q9794,relation publique,0.1594,guerrier,0.0,législateur,0.0
mathématiques,Q395,informaticien,0.209,relation publique,0.1997,réformateur,0.1058
First Order of Saint Francis,Q2888028,officier,0.1438,infirmier / soignant,0.1249,ancêtre,0.0987
expert interdisciplinaire d'une région géographique,Q17135920,cartographe,0.3087,relation publique,0.2519,partenaire,0.2264
philologue,Q13418253,psychologue,0.4626,philosophe,0.3848,écologiste,0.115
Southeast Asianist,Q100253449,assureur,0.1309,étudiant,0.1248,acteurs sociaux,0.0742
gouverneur romain,Q1190123,entrepreneur,0.262,ouvrier,0.0995,acteur,0.0844
fonctionnaire,Q212238,fonctionnaire,1.0,partenaire,0.2162,notaire,0.1584
combattant,Q1414937,consultant,0.3937,comptable,0.2151,enfant,0.1526
personne,Q215627,fonctionnaire,0.1774,guerrier,0.0,traducteur,0.0
médecin,Q39631,médecin,1.0,médiateur,0.146,voisin,0.0457
activité,Q12737077,activiste,0.7447,acteur,0.2396,acteurs sociaux,0.1239
fonction,Q4164871,fonctionnaire,0.671,relation publique,0.197,fondateur,0.1348
diplomate,Q193391,diplomate,1.0,réformateur,0.0911,hôte,0.0337
directeur ou directrice,Q1162163,lecteur,0.4729,inspecteur,0.3673,acteur,0.2853
représentant,Q11997597,consultant,0.2832,entrepreneur,0.2071,enfant,0.1302
œuvre d'art visuelle à deux dimensions,Q110304307,agent de,0.074,partenaire,0.0729,mentor,0.0717
record,Q107435521,secouriste,0.1454,relation publique,0.1127,guerrier,0.0
image,Q478798,agent de,0.2483,manager,0.2208,guerrier,0.0
œuvre audiovisuelle,Q2431196,auteur,0.1157,ouvrier,0.0937,étudiant,0.0851
distributeur,Q60614978,auteur,0.5609,acteur,0.2134,lecteur,0.1756
entreprise médiatique,Q1331793,médiateur,0.4717,entrepreneur,0.4528,relation publique,0.181
performeur,Q10774753,réformateur,0.3747,informaticien,0.2649,acteur,0.1205
transformiste,Q10384150,transporteur,0.4029,activiste,0.1998,archiviste,0.1813
Akyn,Q1370540,guerrier,0.0,traducteur,0.0,spectateur,0.0
auteur-compositeur-interprète ou autrice-compositrice-interprète,Q488205,auteur,0.6386,éditeur,0.1898,comptable,0.1882
migrant,Q1932461,enfant,0.2209,aidant,0.2187,étudiant,0.1827
chef religieux,Q15995642,relation publique,0.2441,époux,0.1249,acteurs sociaux,0.0792
clerc musulman,Q105275968,musicien,0.3009,client,0.1137,manager,0.0836
ministre,Q83307,ancêtre,0.3254,père,0.0949,mere,0.0949
dirigeant,Q1097498,enfant,0.2209,aidant,0.2187,étudiant,0.1827
neurobiologiste,Q6337803,écologiste,0.7353,activiste,0.1886,archiviste,0.1712
linguiste,Q14467526,activiste,0.3698,archiviste,0.3355,secouriste,0.3339
personne du monde du divertissement,Q138858,investisseur,0.2929,agent de,0.1939,mentor,0.1786
conseiller politique,Q8125919,politicien,0.4382,policier,0.2492,consultant,0.2169
sous-officier,Q158950,officier,0.8883,policier,0.3519,musicien,0.0955
gouverneur provincial de Corée du Sud,Q50616117,travailleur social,0.2499,agent de,0.1896,procureur,0.1672
Ministry of Patriots' and Veterans' Affairs,Q488980,transporteur,0.1895,partenaire,0.108,vendeur,0.0884
ministre des Affaires étrangères,Q7330070,notaire,0.1828,ancêtre,0.173,transporteur,0.1633
ordre religieux catholique,Q391009,relation publique,0.4537,psychologue,0.0829,avocat,0.063
phénomène météorologique,Q16332653,écologiste,0.3152,relation publique,0.2521,psychologue,0.1726
changement,Q1150070,mentor,0.3457,client,0.2631,agent de,0.2602
dirigeant,Q1097498,enfant,0.2209,aidant,0.2187,étudiant,0.1827
membres des corps législatifs et cadres supérieurs de l’administration publique,Q108289363,relation publique,0.5999,législateur,0.4583,publicitaire,0.18
instrumentiste,Q1278335,activiste,0.2515,archiviste,0.2281,secouriste,0.2271
fonctionnaire,Q16258947,fonctionnaire,1.0,partenaire,0.2162,notaire,0.1584
électrotechnique,Q43035,technicien,0.4152,relation publique,0.2001,lecteur,0.1782
exploitant,Q1970438,consultant,0.3527,enfant,0.1621,aidant,0.1605
personne physique,Q154954,relation publique,0.3299,syndiqué,0.0668,fonctionnaire,0.0648
explorateur ou exploratrice,Q11900058,médiateur,0.2514,fondateur,0.249,spectateur,0.2344
soldat,Q4991371,avocat,0.1563,fondateur,0.145,acteurs sociaux,0.0818
professionnel ou professionnelle de la santé,Q11974939,procureur,0.2055,producteur,0.205,fonctionnaire,0.1898
professionnel des médias,Q15980804,médiateur,0.5037,médecin,0.1538,procureur,0.1387
membre d'équipe de cinéma,Q17291399,agent de,0.2883,mere,0.169,citoyen,0.0902
astronaute,Q11631,auteur,0.4389,assureur,0.1128,hôte,0.0756
chanoine,Q1104153,témoin,0.2606,guerrier,0.0,diplomate,0.0
personne,Q215627,fonctionnaire,0.1774,guerrier,0.0,traducteur,0.0
élevage sélectif des animaux,Q227675,cultivateur / éleveur,0.2572,lecteur,0.1885,acteurs sociaux,0.1232
élevage,Q80962,cultivateur / éleveur,0.3601,agent de,0.0868,manager,0.0772
scientifique,Q901,relation publique,0.3032,client,0.1961,musicien,0.1323
bibliothécaire,Q182436,notaire,0.4332,publicitaire,0.3957,secrétaire,0.3443
prêtre,Q42603,ancêtre,0.519,procureur,0.0673,producteur,0.0672
professeur ou professeure d'université,Q1622272,investisseur,0.3578,procureur,0.2553,précurseur,0.2326
personnel académique,Q5428874,relation publique,0.3119,acteur,0.0901,syndiqué,0.0632
chargé ou chargée de cours,Q1569495,agent de,0.2041,secouriste,0.1487,acteurs sociaux,0.1394
ministre,Q83307,ancêtre,0.3254,père,0.0949,mere,0.0949
culture,Q11042,cultivateur / éleveur,0.3391,assureur,0.0751,adulte,0.0733
activité économique,Q8187769,activiste,0.5396,relation publique,0.2003,acteur,0.1736
lubie,Q13427002,guerrier,0.0,traducteur,0.0,spectateur,0.0
musicien ou musicienne,Q639669,musicien,0.9799,politicien,0.2255,technicien,0.2176
profession historique,Q16335296,relation publique,0.3835,procureur,0.1541,producteur,0.1537
vil métier,Q2493023,ouvrier,0.2415,policier,0.2406,officier,0.2306
folk musician,Q101084010,musicien,0.7401,étudiant,0.0604,fondateur,0.0532
distinction,Q618779,fonctionnaire,0.3966,relation publique,0.2351,activiste,0.0869
titre de civilité,Q216353,agent de,0.2571,ancêtre,0.1846,citoyen,0.0805
signe clinique,Q1441305,relation publique,0.2931,client,0.2671,syndiqué,0.0594
signes et symptômes digestifs,Q54926352,investisseur,0.2137,syndiqué,0.0838,diplomate,0.0806
expulsion,Q779939,relation publique,0.2684,fonctionnaire,0.0881,guerrier,0.0
col bleu,Q1191714,comptable,0.1927,écologiste,0.1048,consultant,0.0852
salarié,Q703534,allié,0.2887,guerrier,0.0,législateur,0.0
être humain,Q5,ancêtre,0.519,témoin,0.0773,voisin,0.0773
partisan,Q7140620,partenaire,0.4596,investisseur,0.0712,cartographe,0.059
jewish extremist,Q121122151,ancêtre,0.1683,entrepreneur,0.1284,activiste,0.1124
militant ou militante politique,Q11499147,politicien,0.3756,consultant,0.1885,familier,0.1841
soliste,Q1371914,journaliste,0.4398,activiste,0.275,archiviste,0.2495
littérature,Q8242,politicien,0.1424,assureur,0.1313,procureur,0.1251
littérature slave,Q7539371,politicien,0.1188,législateur,0.1133,assureur,0.1096
étudiant de troisième cycle,Q18245166,étudiant,0.8505,agent de,0.1733,voisin,0.1512
expert,Q381160,guerrier,0.0,traducteur,0.0,spectateur,0.0
propriété personnelle,Q499094,procureur,0.2381,producteur,0.2375,bénévole,0.08
prisonnier ou prisonnière,Q1862087,père,0.2017,ouvrier,0.1557,fonctionnaire,0.1104
produit,Q2424752,producteur,0.6563,procureur,0.188,précurseur,0.0519
biologiste,Q864503,écologiste,0.7881,activiste,0.2022,archiviste,0.1834
professionnel des musées,Q47090899,musicien,0.2272,procureur,0.1703,producteur,0.1699
musicien ou musicienne,Q639669,musicien,0.9799,politicien,0.2255,technicien,0.2176
courtier,Q160117,secouriste,0.2502,ouvrier,0.1633,policier,0.1627
homme de lettres,Q6673651,agent de,0.3563,lecteur,0.1365,ancêtre,0.093
personnalité juridique,Q3778211,juré,0.2314,relation publique,0.2092,syndiqué,0.1438
painters and related workers,Q108305399,relation publique,0.3385,législateur,0.1139,acteurs sociaux,0.0892
peintre en bâtiment,Q288728,entrepreneur,0.2476,mentor,0.2217,ancêtre,0.1798
instrumentiste,Q1278335,activiste,0.2515,archiviste,0.2281,secouriste,0.2271
percussionniste,Q4351403,activiste,0.3108,archiviste,0.2819,secouriste,0.2806
ministre du culte,Q1423891,adulte,0.3833,cultivateur / éleveur,0.2485,ancêtre,0.1529
archdeacon,Q99530891,archiviste,0.4383,consultant,0.0706,relation publique,0.0563
pseudo-scientifique,Q22082749,relation publique,0.276,client,0.1785,musicien,0.1205
musicien d'un instrument de la famille des bois,Q25616474,musicien,0.6284,familier,0.3119,agent de,0.2367
athlète,Q11513337,hôte,0.2343,adulte,0.182,activiste,0.1553
théoricien ou théoricienne,Q18931911,musicien,0.5062,politicien,0.4511,technicien,0.4353
peintre,Q1028181,ancêtre,0.2667,entrepreneur,0.2507,mere,0.0778
ingénieur ou ingénieure,Q81096,inventeur,0.1874,inspecteur,0.1802,innovateur,0.1759
artiste visuel ou artiste visuelle,Q3391743,archiviste,0.3556,activiste,0.3172,secouriste,0.2301
plasticien,Q98552221,politicien,0.5572,informaticien,0.4801,musicien,0.4174
artisan,Q1294787,archiviste,0.1227,investisseur,0.1106,partenaire,0.1022
théologie,Q34178,écologiste,0.4815,psychologue,0.1978,juré,0.0
fonction publique,Q294414,relation publique,0.63,fonctionnaire,0.4785,publicitaire,0.2311
haut fonctionnaire ou haute fonctionnaire,Q599151,fonctionnaire,0.9719,partenaire,0.2101,notaire,0.1539
artisan,Q1294787,archiviste,0.1227,investisseur,0.1106,partenaire,0.1022
athlète,Q2066131,hôte,0.2343,adulte,0.182,activiste,0.1553
joueur professionnel ou joueuse professionnelle,Q18536342,joueur,0.75,procureur,0.1549,producteur,0.1546
instrumentiste,Q1278335,activiste,0.2515,archiviste,0.2281,secouriste,0.2271
Meister,Q2309621,activiste,0.2298,archiviste,0.2085,secouriste,0.2075
artisan,Q1294787,archiviste,0.1227,investisseur,0.1106,partenaire,0.1022
personnalité politique,Q82955,politicien,0.5083,policier,0.2419,relation publique,0.1787
préfet,Q371909,précurseur,0.2594,défendeur,0.1025,réformateur,0.0979
speaker,Q28503751,spectateur,0.3401,inspecteur,0.1082,guide spirituel,0.0792
avocat ou avocate,Q40348,avocat,0.9493,diplomate,0.0554,ouvrier,0.0341
juriste,Q185351,secouriste,0.5493,juré,0.2839,activiste,0.2205
prêtre,Q42603,ancêtre,0.519,procureur,0.0673,producteur,0.0672
tribunal de première instance,Q3125101,père,0.2124,agent de,0.2048,inspecteur,0.1549
moine orthodoxe,Q91187063,témoin,0.3909,transporteur,0.0957,guerrier,0.0
prêtre orthodoxe,Q19340487,ancêtre,0.4807,transporteur,0.0722,procureur,0.0623
étudiant,Q2248623,étudiant,1.0,enfant,0.094,aidant,0.0931
historien ou historienne,Q201788,ouvrier,0.1787,musicien,0.1431,mentor,0.1408
philologue,Q13418253,psychologue,0.4626,philosophe,0.3848,écologiste,0.115
hagiographe,Q17166634,cartographe,0.7031,philosophe,0.1283,guerrier,0.0
musicien d'un instrument de la famille des bois,Q25616474,musicien,0.6284,familier,0.3119,agent de,0.2367
instrumentiste,Q1278335,activiste,0.2515,archiviste,0.2281,secouriste,0.2271
auteur ou autrice,Q482980,auteur,0.9201,acteur,0.116,lecteur,0.0955
exégète,Q21185790,hôte,0.2343,adulte,0.182,activiste,0.1553
justice environnementale,Q1479527,mentor,0.2412,juré,0.1179,entrepreneur,0.0855
fonctionnaire,Q212238,fonctionnaire,1.0,partenaire,0.2162,notaire,0.1584
poète ou poétesse,Q49757,policier,0.1566,politicien,0.1356,pourvoyeur,0.1289
porte-parole,Q17221,transporteur,0.3462,bénévole,0.1926,partenaire,0.1172
directeur musical ou directrice musicale,Q1198887,musicien,0.5998,lecteur,0.2521,inspecteur,0.1958
musicien d'église,Q355493,musicien,0.9719,politicien,0.256,technicien,0.2471
titre honorifique,Q3320743,relation publique,0.3201,ancêtre,0.1959,syndiqué,0.0648
artiste,Q483501,archiviste,0.3646,activiste,0.3108,secouriste,0.2806
créateur ou créatrice,Q2500638,médiateur,0.2514,fondateur,0.249,spectateur,0.2344
travailleur qualifié ou travailleuse qualifiée,Q2588761,travailleur social,0.7801,traducteur,0.1122,transporteur,0.0938
concepteur ou conceptrice de jeu,Q3630699,consultant,0.2493,agent de,0.1695,acteur,0.1155
opérateur de marché,Q1424605,agent de,0.2465,médiateur,0.2265,fondateur,0.2244
militant ou militante politique,Q11499147,politicien,0.3756,consultant,0.1885,familier,0.1841
extrémiste de gauche,Q121092921,activiste,0.2918,agent de,0.2894,archiviste,0.2648
extrémiste,Q104080200,activiste,0.4206,archiviste,0.3816,secouriste,0.3798
ingénieur civil,Q13582652,inventeur,0.1566,inspecteur,0.1506,innovateur,0.147
philosophe,Q4964182,philosophe,1.0,cartographe,0.0902,pharmacien,0.0333
réalisateur ou réalisatrice,Q3455803,journaliste,0.2604,réformateur,0.2349,médiateur,0.1585
voice director,Q4660927,mentor,0.2739,voisin,0.2711,lecteur,0.0745
marin,Q45199,manager,0.1838,voisin,0.1443,témoin,0.1443
militaire,Q47064,publicitaire,0.465,notaire,0.4127,secrétaire,0.328
arbitre sportif ou arbitre sportive,Q202648,transporteur,0.3527,ancêtre,0.1699,archiviste,0.0635
Conseil de gestion,Q29584790,consultant,0.2595,relation publique,0.1954,agent de,0.1714
conseil,Q63769412,consultant,0.3921,enseignant,0.2071,comptable,0.0578
mouvement religieux,Q1826286,mentor,0.2308,client,0.1756,agent de,0.1737
intercultural dialogue,Q3706689,psychologue,0.3864,cultivateur / éleveur,0.105,inventeur,0.0901
musicien ou musicienne,Q639669,musicien,0.9799,politicien,0.2255,technicien,0.2176
artiste de rue,Q2914170,archiviste,0.2893,activiste,0.2466,agent de,0.2445
acteur ou actrice,Q33999,acteur,0.9123,acteurs sociaux,0.4389,activiste,0.2541
pionnier,Q937283,fonctionnaire,0.2427,ouvrier,0.1766,policier,0.176
personne,Q215627,fonctionnaire,0.1774,guerrier,0.0,traducteur,0.0
sales and purchasing agents and brokers,Q108289423,agent de,0.5673,ancêtre,0.1192,voisin,0.0646
agent économique,Q1415187,agent de,0.6449,relation publique,0.2001,écologiste,0.1363
partie,Q1686000,partenaire,0.4974,cartographe,0.0639,guerrier,0.0
musicien ou musicienne,Q639669,musicien,0.9799,politicien,0.2255,technicien,0.2176
fonctionnaire,Q212238,fonctionnaire,1.0,partenaire,0.2162,notaire,0.1584
piéton,Q221488,relation publique,0.1594,guerrier,0.0,législateur,0.0
créateur ou créatrice,Q2500638,médiateur,0.2514,fondateur,0.249,spectateur,0.2344
manager,Q2462658,manager,1.0,agent de,0.0548,amant/e,0.0485
religieux,Q4504549,relation publique,0.2441,époux,0.1249,acteurs sociaux,0.0792
saxhorn,Q787557,guerrier,0.0,traducteur,0.0,spectateur,0.0
ensemble musical composé uniquement de chanteurs,Q29881373,musicien,0.3285,comptable,0.2685,enseignant,0.2069
éditeur,Q985394,éditeur,1.0,médiateur,0.1525,acteur,0.1439
application,Q166142,relation publique,0.4168,fonctionnaire,0.1394,avocat,0.0809
sport de combat,Q7128792,transporteur,0.3123,agent de,0.2095,comptable,0.1586
lutte,Q42486,hôte,0.2343,adulte,0.182,activiste,0.1553
divertissement,Q173799,investisseur,0.3387,mentor,0.2066,client,0.1572
musicien ou musicienne,Q639669,musicien,0.9799,politicien,0.2255,technicien,0.2176
athlète,Q2066131,hôte,0.2343,adulte,0.182,activiste,0.1553
joueur professionnel ou joueuse professionnelle,Q18536342,joueur,0.75,procureur,0.1549,producteur,0.1546
acteur ou actrice de doublage,Q2405480,acteur,0.802,acteurs sociaux,0.3859,agent de,0.2239
profession agricole,Q19261760,bénévole,0.1958,procureur,0.1717,producteur,0.1712
field crop and vegetable growers,Q108290536,comptable,0.5279,vendeur,0.0778,ancêtre,0.0699
personnalité du monde des affaires,Q43845,fonctionnaire,0.2398,journaliste,0.1648,agent de,0.1413
personnes déplacées,Q706601,défendeur,0.1577,fonctionnaire,0.1255,guerrier,0.0
hanshi,Q11625076,transporteur,0.1913,guerrier,0.0,législateur,0.0
médecin spécialiste,Q3332438,médecin,0.754,journaliste,0.3311,activiste,0.1411
business and administration professionals,Q108286992,relation publique,0.3307,fonctionnaire,0.1341,procureur,0.1231
jiangjun,Q15903946,étudiant,0.2274,guerrier,0.0,traducteur,0.0
chef de gouvernement,Q2285706,agent de,0.4617,mentor,0.2453,client,0.1867
responsable,Q1251441,comptable,0.4035,consultant,0.0672,transporteur,0.0644
copiste,Q499134,activiste,0.3769,archiviste,0.3419,secouriste,0.3403
télégraphiste,Q2024200,cartographe,0.3144,activiste,0.2205,archiviste,0.2
maison d'édition,Q2085381,relation publique,0.2839,éditeur,0.2129,fonctionnaire,0.1218
maraîcher,Q19914236,manager,0.2924,ouvrier,0.0961,policier,0.0957
voile,Q14085739,voisin,0.3991,bénévole,0.0935,comptable,0.0877
dirigeant,Q1097498,enfant,0.2209,aidant,0.2187,étudiant,0.1827
manager,Q2462658,manager,1.0,agent de,0.0548,amant/e,0.0485
impresario,Q943995,entrepreneur,0.1834,guerrier,0.0,législateur,0.0
orientaliste,Q1731155,journaliste,0.5182,activiste,0.2208,archiviste,0.2003
athlète,Q2066131,hôte,0.2343,adulte,0.182,activiste,0.1553
joueur professionnel ou joueuse professionnelle,Q18536342,joueur,0.75,procureur,0.1549,producteur,0.1546
législateur ou législatrice,Q4175034,législateur,0.9643,médiateur,0.0803,fondateur,0.0796
charge élective,Q17279032,lecteur,0.2626,activiste,0.1984,cultivateur / éleveur,0.1963
personne,Q215627,fonctionnaire,0.1774,guerrier,0.0,traducteur,0.0
profession,Q28640,procureur,0.2381,producteur,0.2375,relation publique,0.1975
entraîneur sportif,Q41583,entrepreneur,0.4025,transporteur,0.3451,spectateur,0.0793
journaliste,Q1930187,journaliste,1.0,secouriste,0.1649,activiste,0.1505
personnalité liée au sport,Q50995749,transporteur,0.2885,journaliste,0.146,fonctionnaire,0.1338
publiciste,Q6051619,publicitaire,0.6073,relation publique,0.2987,activiste,0.1935
patineur ou patineuse sur glace,Q9394993,entrepreneur,0.2159,assureur,0.1048,partenaire,0.1013
instrumentiste,Q1278335,activiste,0.2515,archiviste,0.2281,secouriste,0.2271
fan,Q193432,enfant,0.1944,familier,0.161,législateur,0.0
tailleur ou tailleuse,Q242468,travailleur social,0.5171,notaire,0.0578,secrétaire,0.0459
designer,Q5322166,agent de,0.179,infirmier / soignant,0.1351,enseignant,0.1131
rébellion,Q124734,relation publique,0.2055,allié,0.1313,réformateur,0.0968
prestataire,Q13420330,notaire,0.4796,secrétaire,0.3812,publicitaire,0.3518
ingénieur militaire,Q151197,publicitaire,0.4454,notaire,0.3953,secrétaire,0.3142
psychothérapie corporelle,Q1416259,psychologue,0.5285,comptable,0.0817,transporteur,0.0455
expressive therapy,Q838202,cartographe,0.1305,entrepreneur,0.1297,guerrier,0.0
électricien,Q165029,musicien,0.3719,politicien,0.3314,technicien,0.3198
"pelt dressers, tanners and fellmongers",Q108290640,acteurs sociaux,0.1312,manager,0.0854,ancêtre,0.085
tanneur,Q365461,entrepreneur,0.3073,acteur,0.099,consultant,0.0932
ingénieur ou ingénieure,Q81096,inventeur,0.1874,inspecteur,0.1802,innovateur,0.1759
travailleur qualifié ou travailleuse qualifiée,Q2588761,travailleur social,0.7801,traducteur,0.1122,transporteur,0.0938
electrotechnology engineers,Q108289382,technicien,0.3472,lecteur,0.2236,écologiste,0.1429
technicien ou technicienne,Q5352191,technicien,0.9852,musicien,0.2158,politicien,0.1923
instrumentiste,Q1278335,activiste,0.2515,archiviste,0.2281,secouriste,0.2271
acteur ou actrice,Q33999,acteur,0.9123,acteurs sociaux,0.4389,activiste,0.2541
technicien ou technicienne,Q5352191,technicien,0.9852,musicien,0.2158,politicien,0.1923
crime against life,Q16688120,agent de,0.192,inspecteur,0.1621,frère/socur,0.0
homicide,Q149086,guide spirituel,0.2606,agent de,0.1243,policier,0.0682
mort non naturelle,Q855919,relation publique,0.1234,notaire,0.1013,assureur,0.0771
crime,Q83267,guerrier,0.0,traducteur,0.0,spectateur,0.0
calamité,Q1689296,familier,0.161,cartographe,0.1305,guerrier,0.0
travailleur ou travailleuse,Q327055,travailleur social,0.7999,traducteur,0.115,transporteur,0.0962
notation navale,Q337902,notaire,0.3789,relation publique,0.3208,fonctionnaire,0.1073
idole japonaise,Q226008,bénévole,0.3242,partenaire,0.0898,comptable,0.0896
mannequin de charme,Q3286043,agent de,0.2388,manager,0.2124,pharmacien,0.1902
statisticien ou statisticienne,Q2732142,politicien,0.4365,informaticien,0.4231,musicien,0.3061
chercheur ou chercheuse en sciences sociales,Q15319501,travailleur social,0.3971,acteurs sociaux,0.321,musicien,0.1212
methodologist,Q12771457,écologiste,0.6539,psychologue,0.1353,mere,0.0846
architecture,Q12271,archiviste,0.5152,éditeur,0.076,lecteur,0.0595
décorateur d'intérieur,Q2133309,médiateur,0.3099,fondateur,0.307,spectateur,0.289
conseiller ou conseillère,Q2994387,consultant,0.3471,enseignant,0.1833,père,0.1189
consultor,Q5164608,consultant,0.6941,mentor,0.1885,adulte,0.0464
pirate en sécurité informatique,Q2798820,informaticien,0.6123,réformateur,0.2882,relation publique,0.1807
contrevenant ou contrevenante,Q1938980,consultant,0.2236,enseignant,0.185,entrepreneur,0.1517
éleveur,Q1368409,cultivateur / éleveur,0.6431,acteur,0.0537,auteur,0.0463
chef religieux,Q15995642,relation publique,0.2441,époux,0.1249,acteurs sociaux,0.0792
degré,Q586277,juré,0.2357,agent de,0.192,guerrier,0.0
entraîneur sportif,Q41583,entrepreneur,0.4025,transporteur,0.3451,spectateur,0.0793
graveur ou graveuse d'estampes,Q11569986,cultivateur / éleveur,0.1997,travailleur social,0.1005,cartographe,0.0906
gardien de prison,Q311396,agent de,0.2863,musicien,0.1504,politicien,0.134
warden,Q115472199,musicien,0.1781,citoyen,0.1771,politicien,0.1587
homme ou femme forte,Q7623231,transporteur,0.222,ouvrier,0.1024,fondateur,0.0819
athlète,Q11513337,hôte,0.2343,adulte,0.182,activiste,0.1553
cavalier,Q2730732,familier,0.3622,ouvrier,0.1355,policier,0.135
gymnaste,Q16947675,activiste,0.2919,archiviste,0.2648,secouriste,0.2636
athlète,Q11513337,hôte,0.2343,adulte,0.182,activiste,0.1553
coureur à pied,Q12803959,assureur,0.4412,procureur,0.4203,secouriste,0.1853
athlète,Q2066131,hôte,0.2343,adulte,0.182,activiste,0.1553
athlète,Q11513337,hôte,0.2343,adulte,0.182,activiste,0.1553
arbitre sportif ou arbitre sportive,Q202648,transporteur,0.3527,ancêtre,0.1699,archiviste,0.0635
athlète,Q2066131,hôte,0.2343,adulte,0.182,activiste,0.1553
coureur de fond,Q4439155,fondateur,0.349,assureur,0.3193,procureur,0.3041
athlète,Q2066131,hôte,0.2343,adulte,0.182,activiste,0.1553
athlète,Q2066131,hôte,0.2343,adulte,0.182,activiste,0.1553
joueur professionnel ou joueuse professionnelle,Q18536342,joueur,0.75,procureur,0.1549,producteur,0.1546
athlète,Q2066131,hôte,0.2343,adulte,0.182,activiste,0.1553
athlète,Q2066131,hôte,0.2343,adulte,0.182,activiste,0.1553
avironneur,Q26270618,entrepreneur,0.2785,avocat,0.1092,acteur,0.0897
athlète,Q2066131,hôte,0.2343,adulte,0.182,activiste,0.1553
batelier,Q2891167,familier,0.4076,banquier,0.2326,ouvrier,0.1525
skieur ou skieuse nordique,Q113510260,relation publique,0.2821,syndiqué,0.1939,notaire,0.0817
skieur ou skieuse nordique,Q113510260,relation publique,0.2821,syndiqué,0.1939,notaire,0.0817
skieur ou skieuse nordique,Q113510260,relation publique,0.2821,syndiqué,0.1939,notaire,0.0817
explorateur ou exploratrice,Q11900058,médiateur,0.2514,fondateur,0.249,spectateur,0.2344
géographe,Q901402,cartographe,0.7031,philosophe,0.1283,guerrier,0.0
pratiquant de sports d'hiver,Q20965770,transporteur,0.296,agent de,0.2311,enfant,0.1066
pratiquant de sports d'hiver,Q20965770,transporteur,0.296,agent de,0.2311,enfant,0.1066
soldat,Q4991371,avocat,0.1563,fondateur,0.145,acteurs sociaux,0.0818
pratiquant de sports d'hiver,Q20965770,transporteur,0.296,agent de,0.2311,enfant,0.1066
athlète,Q2066131,hôte,0.2343,adulte,0.182,activiste,0.1553
joueur professionnel ou joueuse professionnelle,Q18536342,joueur,0.75,procureur,0.1549,producteur,0.1546
profession,Q28640,procureur,0.2381,producteur,0.2375,relation publique,0.1975
poète ou poétesse,Q49757,policier,0.1566,politicien,0.1356,pourvoyeur,0.1289
chanteur ou chanteuse,Q177220,inventeur,0.4251,acteur,0.1658,auteur,0.143
auteur-compositeur ou autrice-compositrice,Q753110,auteur,0.7159,éditeur,0.2334,comptable,0.2007
avocat ou avocate,Q40348,avocat,0.9493,diplomate,0.0554,ouvrier,0.0341
soldat,Q4991371,avocat,0.1563,fondateur,0.145,acteurs sociaux,0.0818
recruteur,Q2072298,auteur,0.5428,acteur,0.2065,lecteur,0.1699
mécanisme,Q517596,médiateur,0.221,médecin,0.2202,guerrier,0.0
personnalité du monde des affaires,Q43845,fonctionnaire,0.2398,journaliste,0.1648,agent de,0.1413
Diplom,Q5978719,diplomate,0.7304,traducteur,0.0,spectateur,0.0
travailleur de la construction,Q811122,travailleur social,0.6331,consultant,0.1745,fonctionnaire,0.1419
manager,Q2462658,manager,1.0,agent de,0.0548,amant/e,0.0485
ingénieur ou ingénieure,Q81096,inventeur,0.1874,inspecteur,0.1802,innovateur,0.1759
architecte,Q42973,archiviste,0.5309,lecteur,0.1686,inspecteur,0.1309
maître,Q76771889,ancêtre,0.3044,manager,0.133,père,0.0888
prêtre,Q42603,ancêtre,0.519,procureur,0.0673,producteur,0.0672
prêtre anglican,Q3409375,ancêtre,0.5401,publicitaire,0.089,policier,0.0743
athlète,Q2066131,hôte,0.2343,adulte,0.182,activiste,0.1553
joueur professionnel ou joueuse professionnelle,Q18536342,joueur,0.75,procureur,0.1549,producteur,0.1546
athlète,Q2066131,hôte,0.2343,adulte,0.182,activiste,0.1553
joueur professionnel ou joueuse professionnelle,Q18536342,joueur,0.75,procureur,0.1549,producteur,0.1546
géologue,Q520549,psychologue,0.619,écologiste,0.1539,guerrier,0.0579
chercheur médical,Q15401884,médiateur,0.5094,médecin,0.2144,éditeur,0.139
scientifique de l'esprit,Q16727193,agent de,0.2607,relation publique,0.2534,client,0.1639
éducateur ou éducatrice,Q974144,éditeur,0.2431,traducteur,0.1835,producteur,0.1817
expert,Q381160,guerrier,0.0,traducteur,0.0,spectateur,0.0
agricultural and forestry production managers,Q108290300,manager,0.5207,producteur,0.4627,fonctionnaire,0.1611
pastoralist,Q55982999,journaliste,0.393,mentor,0.0956,partenaire,0.0747
livestock farmer,Q84271380,investisseur,0.2198,mere,0.1365,familier,0.1311
auteur-compositeur ou autrice-compositrice,Q753110,auteur,0.7159,éditeur,0.2334,comptable,0.2007
écrivain religieux,Q24262594,relation publique,0.1738,époux,0.0889,écologiste,0.0746
poète ou poétesse,Q49757,policier,0.1566,politicien,0.1356,pourvoyeur,0.1289
parolier ou parolière,Q822146,partenaire,0.2779,familier,0.2043,père,0.1667
microbiologiste,Q3779582,écologiste,0.7881,activiste,0.2022,archiviste,0.1834
pathologiste,Q3368718,écologiste,0.699,psychologue,0.2354,activiste,0.1793
samouraï,Q38142,secouriste,0.1755,pourvoyeur,0.1752,journaliste,0.1653
parlementaire,Q486839,notaire,0.4379,partenaire,0.3947,secrétaire,0.3481
courtier,Q160117,secouriste,0.2502,ouvrier,0.1633,policier,0.1627
chercheur ou chercheuse,Q1650915,archiviste,0.1748,ouvrier,0.1058,acteur,0.0897
humoriste,Q245068,secouriste,0.5207,activiste,0.3067,archiviste,0.2783
athlète,Q2066131,hôte,0.2343,adulte,0.182,activiste,0.1553
athlète,Q11513337,hôte,0.2343,adulte,0.182,activiste,0.1553
domestique,Q54128,relation publique,0.3069,investisseur,0.1898,syndiqué,0.0622
court rank,Q19631939,secouriste,0.2626,transporteur,0.0896,comptable,0.0804
personne du monde du divertissement,Q138858,investisseur,0.2929,agent de,0.1939,mentor,0.1786
lutteur,Q27978698,acteur,0.4339,auteur,0.374,lecteur,0.357
exploitation minière,Q306093,relation publique,0.36,père,0.2162,fonctionnaire,0.1428
procédé,Q10843872,procureur,0.5275,producteur,0.2339,précurseur,0.0648
extraction de pétrole brut et de gaz naturel,Q12089268,agent de,0.292,relation publique,0.1966,fonctionnaire,0.1797
saint ou sainte,Q43115,ouvrier,0.1462,inventeur,0.1392,hôte,0.0933
critique,Q6430706,relation publique,0.3263,politicien,0.078,syndiqué,0.0661
journaliste musical,Q20669622,journaliste,0.8527,musicien,0.3602,secouriste,0.1406
historien ou historienne,Q201788,ouvrier,0.1787,musicien,0.1431,mentor,0.1408
ancient Near Eastern scholar,Q110042402,client,0.3495,ancêtre,0.2073,psychologue,0.1596
africaniste,Q15936497,activiste,0.4206,archiviste,0.3816,secouriste,0.3798
archéologue,Q3621491,psychologue,0.4993,archiviste,0.2991,écologiste,0.1241
ministre,Q83307,ancêtre,0.3254,père,0.0949,mere,0.0949
emergency services personnel,Q681842,mere,0.1578,agent de,0.1235,fonctionnaire,0.0807
société de secours en mer,Q2551394,secouriste,0.4508,acteurs sociaux,0.2763,mere,0.192
organisme spécialisé chargé de l'application de la loi,Q7574898,agent de,0.285,relation publique,0.2461,journaliste,0.1076
arme,Q781132,archiviste,0.1461,pharmacien,0.1446,guerrier,0.0
officier,Q189290,officier,1.0,policier,0.3283,musicien,0.0891
frère,Q548320,frère/socur,0.5188,père,0.2488,mere,0.0503
moine ou moniale,Q733786,témoin,0.3236,ouvrier,0.1036,bénévole,0.0758
brother,Q16824629,ouvrier,0.1706,policier,0.17,manager,0.1647
haut fonctionnaire ou haute fonctionnaire,Q599151,fonctionnaire,0.9719,partenaire,0.2101,notaire,0.1539
président de tribunal,Q16474031,agent de,0.3837,précurseur,0.1687,client,0.1552
athlète,Q2066131,hôte,0.2343,adulte,0.182,activiste,0.1553
historien ou historienne,Q201788,ouvrier,0.1787,musicien,0.1431,mentor,0.1408
spécialiste de la littérature,Q17167049,journaliste,0.4271,activiste,0.182,agent de,0.1804
athlète,Q2066131,hôte,0.2343,adulte,0.182,activiste,0.1553
ingénieur ou ingénieure,Q81096,inventeur,0.1874,inspecteur,0.1802,innovateur,0.1759
engineering professionals (excluding electrotechnology),Q108289381,technicien,0.3014,lecteur,0.1941,procureur,0.1314
créateur ou créatrice,Q2500638,médiateur,0.2514,fondateur,0.249,spectateur,0.2344
modérateur ou modératrice de débat,Q16961937,agent de,0.2601,médiateur,0.2391,fondateur,0.2368
auxiliaire de santé,Q55071047,notaire,0.2859,agent de,0.2467,secrétaire,0.2273
Handwerkschirurg,Q1575252,archiviste,0.2066,guerrier,0.0,législateur,0.0
infirmière ou infirmier,Q186360,infirmier / soignant,0.6878,informaticien,0.1001,père,0.0971
maire,Q30185,notaire,0.4251,secrétaire,0.3379,partenaire,0.3343
chef de gouvernement,Q2285706,agent de,0.4617,mentor,0.2453,client,0.1867
ministre-président,Q23833126,client,0.2251,agent de,0.2226,entrepreneur,0.1133
modern philologist,Q110038490,écologiste,0.5045,philosophe,0.3872,psychologue,0.1044
professorat,Q81752537,procureur,0.2954,producteur,0.2947,avocat,0.14
médecin spécialiste,Q3332438,médecin,0.754,journaliste,0.3311,activiste,0.1411
membre d'équipe de cinéma,Q17291399,agent de,0.2883,mere,0.169,citoyen,0.0902
source d'information,Q3523102,informaticien,0.5952,réformateur,0.3114,relation publique,0.2662
confidente,Q24760463,inventeur,0.2197,consultant,0.2016,comptable,0.0612
exécutif d'une commune polonaise,Q99247352,policier,0.2128,comptable,0.2073,politicien,0.1843
guerrier,Q1250916,guerrier,1.0,ouvrier,0.2301,policier,0.0845
cavalier,Q2730732,familier,0.3622,ouvrier,0.1355,policier,0.135
chasseur ou chasseresse,Q1714828,investisseur,0.3365,précurseur,0.1429,assureur,0.1378
sexton,Q4129937,secrétaire,0.1283,secouriste,0.1269,relation publique,0.1176
commentateur sportif,Q2986228,spectateur,0.3576,transporteur,0.3348,médiateur,0.166
person associated with football,Q116763437,acteurs sociaux,0.2505,travailleur social,0.2133,assureur,0.1967
profession agricole,Q19261760,bénévole,0.1958,procureur,0.1717,producteur,0.1712
chanteur ou chanteuse,Q177220,inventeur,0.4251,acteur,0.1658,auteur,0.143
musicien ou musicienne,Q639669,musicien,0.9799,politicien,0.2255,technicien,0.2176
héritier,Q675316,ouvrier,0.1968,policier,0.1961,officier,0.1879
narrateur,Q755070,médiateur,0.4137,fondateur,0.4097,spectateur,0.3858
chercheur ou chercheuse en sciences sociales,Q15319501,travailleur social,0.3971,acteurs sociaux,0.321,musicien,0.1212
anthropologue,Q4773904,psychologue,0.563,écologiste,0.1399,ancêtre,0.0654
artisan,Q1294787,archiviste,0.1227,investisseur,0.1106,partenaire,0.1022
travailleur qualifié ou travailleuse qualifiée,Q2588761,travailleur social,0.7801,traducteur,0.1122,transporteur,0.0938
musicien ou musicienne,Q639669,musicien,0.9799,politicien,0.2255,technicien,0.2176
singleton,Q1165112,voisin,0.1843,relation publique,0.1127,législateur,0.0
professionnel des médias,Q15980804,médiateur,0.5037,médecin,0.1538,procureur,0.1387
athlète,Q11513337,hôte,0.2343,adulte,0.182,activiste,0.1553
indicateur,Q1364673,innovateur,0.3318,médiateur,0.3027,fondateur,0.2998
soprano d'enfant,Q53829839,enfant,0.7938,aidant,0.1125,infirmier / soignant,0.0967
voix,Q17172850,voisin,0.4513,traducteur,0.0,spectateur,0.0
service,Q7406919,secrétaire,0.1902,secouriste,0.188,guerrier,0.0
ingénieur ou ingénieure,Q81096,inventeur,0.1874,inspecteur,0.1802,innovateur,0.1759
officier,Q189290,officier,1.0,policier,0.3283,musicien,0.0891
panel,Q938236,partenaire,0.1456,guide spirituel,0.1187,guerrier,0.0
athlète,Q11513337,hôte,0.2343,adulte,0.182,activiste,0.1553
athlète,Q11513337,hôte,0.2343,adulte,0.182,activiste,0.1553
athlète,Q11513337,hôte,0.2343,adulte,0.182,activiste,0.1553
porte-parole,Q17221,transporteur,0.3462,bénévole,0.1926,partenaire,0.1172
artiste interprète,Q713200,archiviste,0.3324,activiste,0.2913,secouriste,0.263
attaché,Q544178,guerrier,0.0,traducteur,0.0,spectateur,0.0
avocat spécialisé,Q1257466,avocat,0.832,journaliste,0.1248,travailleur social,0.0962
avocat spécialisé,Q1257466,avocat,0.832,journaliste,0.1248,travailleur social,0.0962
avocat spécialisé,Q1257466,avocat,0.832,journaliste,0.1248,travailleur social,0.0962
avocat spécialisé,Q1257466,avocat,0.832,journaliste,0.1248,travailleur social,0.0962
informaticien ou informaticienne,Q82594,informaticien,0.9882,réformateur,0.2947,politicien,0.2734
personne,Q215627,fonctionnaire,0.1774,guerrier,0.0,traducteur,0.0
personne,Q215627,fonctionnaire,0.1774,guerrier,0.0,traducteur,0.0
lifting truck operator,Q108290738,mentor,0.4091,traducteur,0.0862,transporteur,0.0722
enseignant ou enseignante,Q37226,enseignant,0.9771,infirmier / soignant,0.2664,enfant,0.0992
cheminot,Q7063944,notaire,0.2618,traducteur,0.0,spectateur,0.0
transport clerk,Q43683884,transporteur,0.8354,traducteur,0.109,travailleur social,0.0753
sport équestre,Q902378,transporteur,0.344,ancêtre,0.1657,spectateur,0.0565
souverain,Q2304859,ouvrier,0.1597,voisin,0.1211,témoin,0.1211
infirmière ou infirmier,Q186360,infirmier / soignant,0.6878,informaticien,0.1001,père,0.0971
manager,Q2462658,manager,1.0,agent de,0.0548,amant/e,0.0485
liturgie,Q172331,politicien,0.1527,guide spirituel,0.1187,guerrier,0.0
laïcat,Q15407657,avocat,0.4472,guerrier,0.0,législateur,0.0
fonctionnaire,Q212238,fonctionnaire,1.0,partenaire,0.2162,notaire,0.1584
personnalité liée au droit,Q57735705,journaliste,0.1937,fonctionnaire,0.1774,auteur,0.103
militant ou militante politique,Q11499147,politicien,0.3756,consultant,0.1885,familier,0.1841
rebelle,Q1125062,bénévole,0.1087,comptable,0.102,relation publique,0.0946
prêtre,Q42603,ancêtre,0.519,procureur,0.0673,producteur,0.0672
fonction militaire,Q16631188,fonctionnaire,0.6311,publicitaire,0.2897,notaire,0.2571
gouverneur,Q132050,entrepreneur,0.3073,ouvrier,0.1168,acteur,0.099
chasseur professionnel,Q695521,investisseur,0.3111,précurseur,0.2167,procureur,0.186
officier,Q189290,officier,1.0,policier,0.3283,musicien,0.0891
responsable,Q1251441,comptable,0.4035,consultant,0.0672,transporteur,0.0644
professeur ou professeure d'université,Q1622272,investisseur,0.3578,procureur,0.2553,précurseur,0.2326
gangster,Q46961,activiste,0.1307,archiviste,0.1186,secouriste,0.118
fonction,Q4164871,fonctionnaire,0.671,relation publique,0.197,fondateur,0.1348
membre,Q9200127,mere,0.3958,mentor,0.193,père,0.1415
légat,Q212624,législateur,0.3088,avocat,0.1291,guerrier,0.0
dirigeant ou dirigeante,Q25713832,enfant,0.1501,aidant,0.1486,diplomate,0.1416
joueur de rugby,Q13415036,joueur,0.9001,agent de,0.1993,journaliste,0.1257
dirigeant,Q1097498,enfant,0.2209,aidant,0.2187,étudiant,0.1827
noble,Q16744001,comptable,0.2976,notaire,0.1337,bénévole,0.0935
propriétaire terrien,Q1549283,secrétaire,0.4049,notaire,0.3316,guerrier,0.3061
ouléma,Q189459,ouvrier,0.2502,guerrier,0.0,législateur,0.0
juriste,Q185351,secouriste,0.5493,juré,0.2839,activiste,0.2205
fürst,Q18244,guerrier,0.0,traducteur,0.0,spectateur,0.0
enseignement supérieur,Q136822,enseignant,0.6916,mentor,0.1529,client,0.1164
grade universitaire,Q189533,publicitaire,0.4881,notaire,0.4332,secrétaire,0.3443
flûtiste,Q12902372,activiste,0.3698,archiviste,0.3355,secouriste,0.3339
musicien ou musicienne,Q639669,musicien,0.9799,politicien,0.2255,technicien,0.2176
ambassadeur ou ambassadrice,Q121998,vendeur,0.2385,défendeur,0.1987,assureur,0.1776
athlète,Q2066131,hôte,0.2343,adulte,0.182,activiste,0.1553
joueur professionnel ou joueuse professionnelle,Q18536342,joueur,0.75,procureur,0.1549,producteur,0.1546
fan,Q193432,enfant,0.1944,familier,0.161,législateur,0.0
print finishing and binding workers,Q108290602,ancêtre,0.1174,syndiqué,0.107,acteurs sociaux,0.0906
délinquant,Q1184268,enfant,0.2209,aidant,0.2187,étudiant,0.1827
transformiste,Q17379560,transporteur,0.4029,activiste,0.1998,archiviste,0.1813
vacher,Q5179781,ouvrier,0.1706,policier,0.17,manager,0.1647
verrier,Q12184432,guerrier,0.6972,ouvrier,0.3,policier,0.1102
artiste,Q483501,archiviste,0.3646,activiste,0.3108,secouriste,0.2806
réalisateur ou réalisatrice,Q2526255,journaliste,0.2604,réformateur,0.2349,médiateur,0.1585
artiste visuel ou artiste visuelle,Q3391743,archiviste,0.3556,activiste,0.3172,secouriste,0.2301
personne,Q215627,fonctionnaire,0.1774,guerrier,0.0,traducteur,0.0
compositeur ou compositrice,Q36834,comptable,0.447,éditeur,0.228,acteur,0.0978
film people,Q34388953,bénévole,0.2003,comptable,0.1879,guerrier,0.0
agent,Q24229398,agent de,0.8893,client,0.1584,manager,0.0616
entité économique,Q12569864,relation publique,0.261,écologiste,0.1778,entrepreneur,0.1227
réalisateur ou réalisatrice,Q2526255,journaliste,0.2604,réformateur,0.2349,médiateur,0.1585
coordinateur,Q20481199,médiateur,0.3648,fondateur,0.3614,spectateur,0.3402
exploitant,Q1970438,consultant,0.3527,enfant,0.1621,aidant,0.1605
acteur ou actrice,Q33999,acteur,0.9123,acteurs sociaux,0.4389,activiste,0.2541
personne,Q215627,fonctionnaire,0.1774,guerrier,0.0,traducteur,0.0
financier,Q1979607,policier,0.3874,officier,0.3714,ouvrier,0.1566
analyste,Q485178,journaliste,0.2376,activiste,0.1736,archiviste,0.1575
métier de la finance,Q108286983,agent de,0.2917,ouvrier,0.1387,policier,0.1382
office supervisors,Q108290441,officier,0.6534,activiste,0.0578,acteurs sociaux,0.0564
salarié,Q703534,allié,0.2887,guerrier,0.0,législateur,0.0
travailleur social,Q7019111,travailleur social,1.0,acteurs sociaux,0.2198,traducteur,0.1003
éducation,Q8434,relation publique,0.3977,fonctionnaire,0.133,éditeur,0.082
école primaire,Q975085,écologiste,0.3418,notaire,0.2478,secrétaire,0.197
évêque,Q29182,relation publique,0.2684,psychologue,0.0919,juré,0.0
responsable marketing,Q88206817,comptable,0.3825,manager,0.077,consultant,0.0637
développeur ou développeuse,Q183888,défendeur,0.2444,ouvrier,0.1058,acteur,0.0897
miracle,Q170774,bénévole,0.2003,comptable,0.1879,guerrier,0.0
guérison,Q1581290,secouriste,0.1221,guerrier,0.1149,relation publique,0.0946
thérapie spirituelle,Q73470155,guide spirituel,0.7187,spectateur,0.0387,cartographe,0.0379
croyance religieuse,Q2728698,relation publique,0.2391,ancêtre,0.1202,guerrier,0.0
entrepreneur ou entrepreneuse,Q131524,entrepreneur,0.9808,inventeur,0.0404,ancêtre,0.0385
fonctionnaire,Q212238,fonctionnaire,1.0,partenaire,0.2162,notaire,0.1584
Premier ou Première ministre,Q14212,père,0.2232,infirmier / soignant,0.1636,ancêtre,0.1546
grands officiers d'État,Q1544356,officier,0.8058,policier,0.1985,musicien,0.08
chef de gouvernement,Q2285706,agent de,0.4617,mentor,0.2453,client,0.1867
ministre,Q83307,ancêtre,0.3254,père,0.0949,mere,0.0949
organe,Q895526,guerrier,0.0,traducteur,0.0,spectateur,0.0
ministre des Affaires étrangères,Q7330070,notaire,0.1828,ancêtre,0.173,transporteur,0.1633
secrétaire d'État,Q736559,secrétaire,0.9459,notaire,0.2763,publicitaire,0.2026
constructeur automobile,Q786820,auteur,0.3532,traducteur,0.3273,producteur,0.3241
gentry,Q844586,agent de,0.3282,entrepreneur,0.2216,client,0.0755
clerc chrétien,Q105200223,client,0.2207,musicien,0.2111,politicien,0.1882
ministère ecclésiastique,Q3315492,relation publique,0.2923,père,0.2582,investisseur,0.0602
étudiant ou étudiante,Q48282,étudiant,0.9707,enfant,0.0641,aidant,0.0635
commerçant,Q215536,comptable,0.2522,consultant,0.2022,enfant,0.1789
trader,Q3704253,traducteur,0.4989,transporteur,0.1758,travailleur social,0.1452
électricien,Q165029,musicien,0.3719,politicien,0.3314,technicien,0.3198
entraînement en force,Q12834857,entrepreneur,0.3089,mentor,0.2125,client,0.1728
fonction publique,Q294414,relation publique,0.63,fonctionnaire,0.4785,publicitaire,0.2311
agent étranger,Q4201315,agent de,0.7081,manager,0.1938,transporteur,0.1269
traître,Q13747838,ancêtre,0.2612,traducteur,0.2359,transporteur,0.1973
colonialist,Q63307578,journaliste,0.338,écologiste,0.2194,comptable,0.0536
structure artificielle,Q15710804,officier,0.3372,policier,0.1193,musicien,0.1159
installation sportive,Q1076486,relation publique,0.3765,transporteur,0.2426,inspecteur,0.123
guarantor,Q1493881,mentor,0.5472,guerrier,0.067,transporteur,0.0663
profession,Q28640,procureur,0.2381,producteur,0.2375,relation publique,0.1975
avocat ou avocate,Q40348,avocat,0.9493,diplomate,0.0554,ouvrier,0.0341
expert,Q381160,guerrier,0.0,traducteur,0.0,spectateur,0.0
technicien de théâtre,Q1020621,technicien,0.9043,musicien,0.2299,politicien,0.2049
mécanicien,Q327029,technicien,0.5621,musicien,0.4096,politicien,0.3651
chef religieux,Q15995642,relation publique,0.2441,époux,0.1249,acteurs sociaux,0.0792
couturier ou couturière,Q2034021,ouvrier,0.2883,guerrier,0.2132,secouriste,0.1907
tailleur ou tailleuse,Q242468,travailleur social,0.5171,notaire,0.0578,secrétaire,0.0459
religieux,Q4504549,relation publique,0.2441,époux,0.1249,acteurs sociaux,0.0792
ordres mineurs,Q15243077,acteurs sociaux,0.352,entrepreneur,0.1518,précurseur,0.0804
député,Q1055894,défendeur,0.223,guerrier,0.0,législateur,0.0
garde des Sceaux,Q1410563,acteurs sociaux,0.2434,agent de,0.2306,époux,0.1132
production de biens et de services,Q4459228,producteur,0.5251,agent de,0.2568,fonctionnaire,0.1581
cadre dirigeant ou cadre dirigeante,Q978044,enfant,0.1253,aidant,0.124,diplomate,0.1182
manager,Q2462658,manager,1.0,agent de,0.0548,amant/e,0.0485
banquier,Q806798,banquier,1.0,ouvrier,0.083,policier,0.0827
gérant de portefeuille,Q7231725,transporteur,0.3296,agent de,0.2259,travailleur social,0.1194
haut fonctionnaire ou haute fonctionnaire,Q599151,fonctionnaire,0.9719,partenaire,0.2101,notaire,0.1539
mate,Q16279992,diplomate,0.4042,réformateur,0.1842,manager,0.1031
joueur de rugby,Q13415036,joueur,0.9001,agent de,0.1993,journaliste,0.1257
collectionnisme,Q208165,fonctionnaire,0.3969,lecteur,0.2159,relation publique,0.1072
graveur ou graveuse d'estampes,Q11569986,cultivateur / éleveur,0.1997,travailleur social,0.1005,cartographe,0.0906
travailleur du bois,Q15977971,travailleur social,0.8025,traducteur,0.1205,transporteur,0.1008
photographe,Q33231,cartographe,0.7546,philosophe,0.1521,pharmacien,0.0399
fabricant d'instruments de musique,Q1955150,musicien,0.3203,agent de,0.2327,relation publique,0.1991
orthoprothésiste,Q2031939,activiste,0.3391,archiviste,0.3076,secouriste,0.3062
profession paramédicale du secteur dentaire,Q5259404,secrétaire,0.3249,lecteur,0.3119,notaire,0.2823
prêtre,Q42603,ancêtre,0.519,procureur,0.0673,producteur,0.0672
agent commercial,Q705908,agent de,0.6449,travailleur social,0.2041,comptable,0.1291
écrivain ou écrivaine,Q36180,écologiste,0.1108,travailleur social,0.0853,cultivateur / éleveur,0.0847
concepteur-rédacteur,Q96045115,acteur,0.6576,lecteur,0.3334,acteurs sociaux,0.3023
philologue,Q13418253,psychologue,0.4626,philosophe,0.3848,écologiste,0.115
political staffer,Q56027890,politicien,0.7609,policier,0.3434,travailleur social,0.0405
court appointment,Q1622925,mentor,0.2345,secouriste,0.193,client,0.1784
activité,Q12737077,activiste,0.7447,acteur,0.2396,acteurs sociaux,0.1239
bénévolat,Q188844,bénévole,0.8009,avocat,0.0629,législateur,0.0419
service,Q7406919,secrétaire,0.1902,secouriste,0.188,guerrier,0.0
guerrier,Q1250916,guerrier,1.0,ouvrier,0.2301,policier,0.0845
soldat,Q4991371,avocat,0.1563,fondateur,0.145,acteurs sociaux,0.0818
bénévole,Q24716636,bénévole,1.0,comptable,0.0376,guerrier,0.0
domestique,Q54128,relation publique,0.3069,investisseur,0.1898,syndiqué,0.0622
livestock farm labourers,Q108290755,investisseur,0.2032,familier,0.0828,pharmacien,0.0744
hydrobiologiste,Q11710359,écologiste,0.7881,activiste,0.2022,archiviste,0.1834
recteur ou rectrice,Q212071,lecteur,0.515,inspecteur,0.4,acteur,0.3107
scientifique,Q901,relation publique,0.3032,client,0.1961,musicien,0.1323
mathématicien ou mathématicienne,Q170790,informaticien,0.6181,politicien,0.3695,musicien,0.2591
philosophe,Q4964182,philosophe,1.0,cartographe,0.0902,pharmacien,0.0333
programme télévisé,Q15416,cartographe,0.2059,procureur,0.2025,producteur,0.202
gentry,Q844586,agent de,0.3282,entrepreneur,0.2216,client,0.0755
enseignant ou enseignante,Q37226,enseignant,0.9771,infirmier / soignant,0.2664,enfant,0.0992
athlète,Q11513337,hôte,0.2343,adulte,0.182,activiste,0.1553
soldat,Q4991371,avocat,0.1563,fondateur,0.145,acteurs sociaux,0.0818
dragon,Q194199,relation publique,0.1594,guerrier,0.0,législateur,0.0
parlementaire,Q486839,notaire,0.4379,partenaire,0.3947,secrétaire,0.3481
member of United States state lower house,Q106079967,spectateur,0.2777,diplomate,0.1261,officier,0.1152
dessinateur industriel ou dessinatrice industrielle,Q683754,innovateur,0.1992,médiateur,0.1572,fondateur,0.1557
directeur ou directrice,Q1162163,lecteur,0.4729,inspecteur,0.3673,acteur,0.2853
droit,Q7748,guerrier,0.0,traducteur,0.0,spectateur,0.0
travailleur qualifié ou travailleuse qualifiée,Q2588761,travailleur social,0.7801,traducteur,0.1122,transporteur,0.0938
fonction publique,Q294414,relation publique,0.63,fonctionnaire,0.4785,publicitaire,0.2311
prêtre catholique,Q250867,relation publique,0.321,ancêtre,0.296,psychologue,0.0789
prêtre occidental,Q104050289,ancêtre,0.4341,entrepreneur,0.089,guide spirituel,0.0572
clerc catholique romain,Q105200154,relation publique,0.3541,psychologue,0.0871,client,0.0703
Roman Catholic,Q7361618,policier,0.2431,avocat,0.0942,diplomate,0.077
fonction,Q4164871,fonctionnaire,0.671,relation publique,0.197,fondateur,0.1348
personne,Q215627,fonctionnaire,0.1774,guerrier,0.0,traducteur,0.0
responsable,Q1251441,comptable,0.4035,consultant,0.0672,transporteur,0.0644
heavy truck and lorry drivers,Q108326249,ancêtre,0.1456,acteurs sociaux,0.1123,traducteur,0.1008
guerrier,Q1250916,guerrier,1.0,ouvrier,0.2301,policier,0.0845
dispositif,Q1183543,politicien,0.1247,diplomate,0.1217,transporteur,0.1105
tuner,Q1544018,ouvrier,0.1706,policier,0.17,manager,0.1647
diagramme,Q28923,diplomate,0.1252,médiateur,0.12,étudiant,0.1129
représentation graphique de données statistiques,Q3427422,relation publique,0.4296,cartographe,0.1598,agent de,0.1342
moine bouddhiste,Q854997,témoin,0.3088,activiste,0.3067,archiviste,0.2783
moine guerrier,Q7970798,guerrier,0.9281,ouvrier,0.2136,témoin,0.168
collectionneur ou collectionneuse,Q3243461,fonctionnaire,0.3723,lecteur,0.2245,entrepreneur,0.1059
inspecteur,Q27214348,inspecteur,1.0,lecteur,0.3709,spectateur,0.3292
législateur ou législatrice,Q4175034,législateur,0.9643,médiateur,0.0803,fondateur,0.0796
religieuse,Q191808,relation publique,0.276,guerrier,0.0,législateur,0.0
militant ou militante politique,Q11499147,politicien,0.3756,consultant,0.1885,familier,0.1841
maire,Q30185,notaire,0.4251,secrétaire,0.3379,partenaire,0.3343
fonctionnaire,Q212238,fonctionnaire,1.0,partenaire,0.2162,notaire,0.1584
avocat ou avocate,Q40348,avocat,0.9493,diplomate,0.0554,ouvrier,0.0341
entraîneur ou entraîneuse de football,Q628099,entrepreneur,0.4625,agent de,0.1806,traducteur,0.0776
entraîneur d'équipe nationale,Q1969425,entrepreneur,0.387,relation publique,0.2017,fonctionnaire,0.1054
guide culturel,Q1039099,guide spirituel,0.4727,cultivateur / éleveur,0.1998,agent de,0.0505
conservation officer,Q22923679,officier,0.4481,relation publique,0.2634,consultant,0.2309
prisonnier d'opinion,Q4667873,relation publique,0.1705,ouvrier,0.1381,policier,0.1376
refuznik,Q126214,relation publique,0.1594,guerrier,0.0,législateur,0.0
activiste sioniste,Q50326480,activiste,0.9381,archiviste,0.4439,secouriste,0.2546
technicien ou technicienne,Q5352191,technicien,0.9852,musicien,0.2158,politicien,0.1923
technologue,Q12376667,psychologue,0.4607,technicien,0.4174,écologiste,0.1145
assistant,Q23835475,consultant,0.3162,assureur,0.2513,enfant,0.1454
propriétaire de biens,Q12794619,secrétaire,0.4561,notaire,0.3735,publicitaire,0.274
agricultural and forestry production managers,Q108290300,manager,0.5207,producteur,0.4627,fonctionnaire,0.1611
personnage de fiction,Q95074,fonctionnaire,0.3488,agent de,0.2349,relation publique,0.2068
musicien ou musicienne de musique classique,Q81729632,musicien,0.843,relation publique,0.164,politicien,0.1636
débat,Q179875,avocat,0.1826,défendeur,0.1577,juré,0.0
juriste,Q185351,secouriste,0.5493,juré,0.2839,activiste,0.2205
chercheur en relations internationales,Q96694579,relation publique,0.5633,fonctionnaire,0.1396,informaticien,0.0803
informaticien ou informaticienne,Q82594,informaticien,0.9882,réformateur,0.2947,politicien,0.2734
être humain,Q5,ancêtre,0.519,témoin,0.0773,voisin,0.0773
nerd,Q650031,guerrier,0.0,traducteur,0.0,spectateur,0.0
Geek,Q243697,guerrier,0.0,traducteur,0.0,spectateur,0.0
autorité portuaire,Q652812,auteur,0.2662,notaire,0.2562,secrétaire,0.2036
physicien ou physicienne,Q169470,musicien,0.6213,politicien,0.3222,technicien,0.3109
biologiste,Q864503,écologiste,0.7881,activiste,0.2022,archiviste,0.1834
diplomate,Q193391,diplomate,1.0,réformateur,0.0911,hôte,0.0337
scientifique de l'esprit,Q16727193,agent de,0.2607,relation publique,0.2534,client,0.1639
travailleur ou travailleuse du sexe,Q852857,travailleur social,0.7965,traducteur,0.1145,transporteur,0.0958
être humain,Q5,ancêtre,0.519,témoin,0.0773,voisin,0.0773
historien ou historienne,Q201788,ouvrier,0.1787,musicien,0.1431,mentor,0.1408
activité politique,Q12142141,activiste,0.4663,politicien,0.451,policier,0.2343
musicien ou musicienne,Q639669,musicien,0.9799,politicien,0.2255,technicien,0.2176
artiste de rue,Q2914170,archiviste,0.2893,activiste,0.2466,agent de,0.2445
naval personnel,Q13015400,travailleur social,0.158,fonctionnaire,0.0887,guide spirituel,0.0839
marin,Q45199,manager,0.1838,voisin,0.1443,témoin,0.1443
personne,Q215627,fonctionnaire,0.1774,guerrier,0.0,traducteur,0.0
critique,Q6430706,relation publique,0.3263,politicien,0.078,syndiqué,0.0661
auteur ou autrice culinaire,Q11500768,auteur,0.7679,partenaire,0.2248,fonctionnaire,0.1937
peinture,Q11629,assureur,0.1747,procureur,0.1664,père,0.1415
auxiliaire de santé,Q55071047,notaire,0.2859,agent de,0.2467,secrétaire,0.2273
emergency services personnel,Q681842,mere,0.1578,agent de,0.1235,fonctionnaire,0.0807
lexicologue,Q16314361,psychologue,0.5312,écologiste,0.29,lecteur,0.0757
occupation religieuse,Q63187345,relation publique,0.5367,fonctionnaire,0.1321,informaticien,0.0462
aumônier,Q1657500,ouvrier,0.2333,policier,0.2325,officier,0.2228
chapelain,Q208762,voisin,0.1443,témoin,0.1443,médecin,0.1334
prêtre,Q42603,ancêtre,0.519,procureur,0.0673,producteur,0.0672
officer,Q61022630,officier,0.7352,ouvrier,0.0378,policier,0.0377
fonction,Q4164871,fonctionnaire,0.671,relation publique,0.197,fondateur,0.1348
personnalité politique,Q82955,politicien,0.5083,policier,0.2419,relation publique,0.1787
gestion des ressources naturelles,Q3743137,relation publique,0.3189,investisseur,0.149,fonctionnaire,0.1186
directeur ou directrice,Q1072363,lecteur,0.4729,inspecteur,0.3673,acteur,0.2853
cadre dirigeant ou cadre dirigeante,Q978044,enfant,0.1253,aidant,0.124,diplomate,0.1182
prêtre,Q42603,ancêtre,0.519,procureur,0.0673,producteur,0.0672
fonction,Q4164871,fonctionnaire,0.671,relation publique,0.197,fondateur,0.1348
maître de poste,Q1416611,agent de,0.264,ancêtre,0.1896,activiste,0.1283
procureur général,Q3368517,procureur,0.9521,assureur,0.2888,producteur,0.1464
conseiller ou conseillère,Q2994387,consultant,0.3471,enseignant,0.1833,père,0.1189
entraîneur sportif,Q41583,entrepreneur,0.4025,transporteur,0.3451,spectateur,0.0793
road worker,Q19397650,ouvrier,0.1706,policier,0.17,manager,0.1647
road maintenance worker,Q109983547,partenaire,0.2286,manager,0.131,ancêtre,0.089
commission,Q4358176,comptable,0.2257,relation publique,0.175,investisseur,0.0721
juriste,Q185351,secouriste,0.5493,juré,0.2839,activiste,0.2205
fonction militaire,Q16631188,fonctionnaire,0.6311,publicitaire,0.2897,notaire,0.2571
agent des terres,Q6484023,agent de,0.8594,client,0.14,guerrier,0.0625
soldat,Q4991371,avocat,0.1563,fondateur,0.145,acteurs sociaux,0.0818
créateur ou créatrice,Q2500638,médiateur,0.2514,fondateur,0.249,spectateur,0.2344
barrister,Q808967,secouriste,0.3646,activiste,0.1497,archiviste,0.1358
médias de masse,Q11033,médiateur,0.5282,agent de,0.2057,médecin,0.1613
service de radiocommunication,Q1474334,relation publique,0.3323,agent de,0.1924,fonctionnaire,0.1112
activités de programmation et de diffusion,Q29584328,activiste,0.3514,relation publique,0.2571,agent de,0.2223
dissemination,Q112116869,relation publique,0.3785,investisseur,0.1591,fonctionnaire,0.1266
information and communication industry,Q11492876,informaticien,0.4805,relation publique,0.3481,réformateur,0.2036
commerçant,Q215536,comptable,0.2522,consultant,0.2022,enfant,0.1789
acheteur,Q1308239,acteur,0.5309,auteur,0.3056,lecteur,0.2917
fournisseur,Q1762621,investisseur,0.4763,précurseur,0.1801,journaliste,0.1485
constructeur automobile,Q786820,auteur,0.3532,traducteur,0.3273,producteur,0.3241
chasseur ou chasseresse,Q1714828,investisseur,0.3365,précurseur,0.1429,assureur,0.1378
artiste textile,Q10694573,archiviste,0.3205,activiste,0.2732,secouriste,0.2467
needleworker,Q28966333,ouvrier,0.1706,policier,0.17,manager,0.1647
peintre muraliste,Q3374326,journaliste,0.4753,activiste,0.2025,archiviste,0.1837
artiste de rue,Q2914170,archiviste,0.2893,activiste,0.2466,agent de,0.2445
artiste visuel ou artiste visuelle,Q3391743,archiviste,0.3556,activiste,0.3172,secouriste,0.2301
déménageur ou déménageuse,Q27105472,manager,0.3329,défendeur,0.1404,agent de,0.1103
aristocrate,Q2478141,secouriste,0.2673,archiviste,0.1806,diplomate,0.1732
charron,Q833418,pharmacien,0.1446,relation publique,0.1127,guerrier,0.0
conseiller municipal,Q708492,consultant,0.2844,travailleur social,0.1541,enseignant,0.1502
athlète,Q2066131,hôte,0.2343,adulte,0.182,activiste,0.1553
joueur professionnel ou joueuse professionnelle,Q18536342,joueur,0.75,procureur,0.1549,producteur,0.1546
cycliste,Q2309784,journaliste,0.4562,activiste,0.2853,archiviste,0.2588
cycliste,Q2309784,journaliste,0.4562,activiste,0.2853,archiviste,0.2588
ingénieur ou ingénieure,Q81096,inventeur,0.1874,inspecteur,0.1802,innovateur,0.1759
militaire,Q47064,publicitaire,0.465,notaire,0.4127,secrétaire,0.328
associé,Q2868277,assureur,0.2826,acteurs sociaux,0.176,travailleur social,0.1498
membre,Q9200127,mere,0.3958,mentor,0.193,père,0.1415
fonction,Q4164871,fonctionnaire,0.671,relation publique,0.197,fondateur,0.1348
chimiste,Q593644,archiviste,0.4339,activiste,0.3698,secouriste,0.3339
physicien ou physicienne,Q169470,musicien,0.6213,politicien,0.3222,technicien,0.3109
minéralogiste,Q13416354,écologiste,0.7132,activiste,0.2234,archiviste,0.2027
scientifique,Q901,relation publique,0.3032,client,0.1961,musicien,0.1323
communicateur,Q5780518,médiateur,0.254,fondateur,0.2516,spectateur,0.2369
rapporteur,Q202471,transporteur,0.5862,acteur,0.1562,auteur,0.1346
contre-révolutionnaire,Q12716225,fonctionnaire,0.6052,partenaire,0.2385,notaire,0.1747
activité,Q12737077,activiste,0.7447,acteur,0.2396,acteurs sociaux,0.1239
responsable événementiel,Q1419997,comptable,0.3403,mentor,0.1934,consultant,0.0567
escrimeur,Q13381863,acteur,0.2759,cultivateur / éleveur,0.2414,auteur,0.2378
ministère,Q192350,père,0.4697,mere,0.0949,frère/socur,0.0927
religieux,Q4504549,relation publique,0.2441,époux,0.1249,acteurs sociaux,0.0792
pasteur,Q352507,acteur,0.3004,auteur,0.259,lecteur,0.2472
femme,Q467,guerrier,0.0,traducteur,0.0,spectateur,0.0
état de sainteté,Q15978876,agent de,0.2751,avocat,0.0922,inventeur,0.0851
artiste interprète,Q713200,archiviste,0.3324,activiste,0.2913,secouriste,0.263
juriste,Q185351,secouriste,0.5493,juré,0.2839,activiste,0.2205
représentant,Q11997597,consultant,0.2832,entrepreneur,0.2071,enfant,0.1302
shoemakers and related workers,Q108290642,relation publique,0.36,législateur,0.1211,acteurs sociaux,0.0949
personnalité du monde de la mode,Q27943370,agent de,0.2857,journaliste,0.1356,fonctionnaire,0.1242
maroquinier,Q16402902,banquier,0.3,ouvrier,0.1968,policier,0.1961
foi,Q5410500,fondateur,0.2189,fonctionnaire,0.1622,guerrier,0.0
éleveur,Q1368409,cultivateur / éleveur,0.6431,acteur,0.0537,auteur,0.0463
gardien de troupeau,Q12059906,agent de,0.3366,musicien,0.1768,politicien,0.1576
personnalité juridique,Q3778211,juré,0.2314,relation publique,0.2092,syndiqué,0.1438
agent,Q24229398,agent de,0.8893,client,0.1584,manager,0.0616
personne,Q215627,fonctionnaire,0.1774,guerrier,0.0,traducteur,0.0
spécialiste de l'Asie de l'Est,Q84505214,journaliste,0.3615,agent de,0.3054,activiste,0.154
entreprise médiatique,Q1331793,médiateur,0.4717,entrepreneur,0.4528,relation publique,0.181
éparque,Q18246606,relation publique,0.2055,époux,0.1331,partenaire,0.0936
clerc orthodoxe,Q105275800,client,0.1941,transporteur,0.1353,guerrier,0.0
chrétien orthodoxe,Q97378570,musicien,0.2111,politicien,0.1882,technicien,0.1816
magasin,Q213441,voisin,0.3682,manager,0.1251,témoin,0.0983
agent,Q24229398,agent de,0.8893,client,0.1584,manager,0.0616
général,Q83460,bénévole,0.1549,travailleur social,0.1117,guerrier,0.0
three-star rank,Q6451216,transporteur,0.1913,guerrier,0.0,législateur,0.0
général,Q83460,bénévole,0.1549,travailleur social,0.1117,guerrier,0.0
joueur professionnel ou joueuse professionnelle,Q18536342,joueur,0.75,procureur,0.1549,producteur,0.1546
artiste visuel ou artiste visuelle,Q3391743,archiviste,0.3556,activiste,0.3172,secouriste,0.2301
peintre,Q1028181,ancêtre,0.2667,entrepreneur,0.2507,mere,0.0778
dessinateur ou dessinatrice,Q15296811,médiateur,0.2049,fondateur,0.203,spectateur,0.1911
céramiste,Q7541856,activiste,0.3698,archiviste,0.3355,secouriste,0.3339
artisan,Q1294787,archiviste,0.1227,investisseur,0.1106,partenaire,0.1022
peintre de vases,Q15301511,agent de,0.2883,ancêtre,0.207,entrepreneur,0.1946
peintre de vases,Q15301511,agent de,0.2883,ancêtre,0.207,entrepreneur,0.1946
athlète,Q2066131,hôte,0.2343,adulte,0.182,activiste,0.1553
expert judiciaire,Q663272,notaire,0.3437,publicitaire,0.289,secrétaire,0.2732
scientifique,Q901,relation publique,0.3032,client,0.1961,musicien,0.1323
étudiant ou étudiante,Q48282,étudiant,0.9707,enfant,0.0641,aidant,0.0635
élève,Q48942,cultivateur / éleveur,0.1569,législateur,0.0,diplomate,0.0
designer,Q5322166,agent de,0.179,infirmier / soignant,0.1351,enseignant,0.1131
architecte paysagiste,Q2815948,archiviste,0.5705,écologiste,0.2953,activiste,0.1892
travailleur manuel,Q33394058,travailleur social,0.7406,manager,0.12,traducteur,0.1112
freight handler,Q54967928,enseignant,0.1307,frère/socur,0.12,ouvrier,0.0741
chef de tribu,Q1259323,agent de,0.4079,traducteur,0.0882,guide spirituel,0.0743
brigand,Q20650523,guerrier,0.0,traducteur,0.0,spectateur,0.0
science de la littérature,Q208217,agent de,0.2961,politicien,0.2182,musicien,0.1517
artisan,Q1294787,archiviste,0.1227,investisseur,0.1106,partenaire,0.1022
scientifique,Q901,relation publique,0.3032,client,0.1961,musicien,0.1323
chercheur ou chercheuse,Q1650915,archiviste,0.1748,ouvrier,0.1058,acteur,0.0897
domestique,Q54128,relation publique,0.3069,investisseur,0.1898,syndiqué,0.0622
féminin,Q6581072,voisin,0.2224,témoin,0.2224,médecin,0.2055
éducateur ou éducatrice,Q974144,éditeur,0.2431,traducteur,0.1835,producteur,0.1817
administrative and specialized secretaries,Q108289425,spectateur,0.2598,secrétaire,0.2471,secouriste,0.1373
designer,Q5322166,agent de,0.179,infirmier / soignant,0.1351,enseignant,0.1131
auteur ou autrice,Q482980,auteur,0.9201,acteur,0.116,lecteur,0.0955
concepteur ou conceptrice de jeu,Q3630699,consultant,0.2493,agent de,0.1695,acteur,0.1155
cryptologue,Q16390131,psychologue,0.619,écologiste,0.1539,guerrier,0.0579
biologiste marin,Q3640160,écologiste,0.7456,activiste,0.1913,archiviste,0.1736
mammalogiste,Q16831394,écologiste,0.6854,activiste,0.2147,archiviste,0.1948
travailleur du bois,Q15977971,travailleur social,0.8025,traducteur,0.1205,transporteur,0.1008
travailleur qualifié ou travailleuse qualifiée,Q2588761,travailleur social,0.7801,traducteur,0.1122,transporteur,0.0938
travailleur de la construction,Q811122,travailleur social,0.6331,consultant,0.1745,fonctionnaire,0.1419
détaillant,Q12049274,secrétaire,0.1978,travailleur social,0.1652,enfant,0.1441
food trade,Q57262082,traducteur,0.4528,transporteur,0.1596,travailleur social,0.1318
historien ou historienne,Q201788,ouvrier,0.1787,musicien,0.1431,mentor,0.1408
culturologue,Q19829999,psychologue,0.5033,cultivateur / éleveur,0.2186,écologiste,0.1251
machiniste,Q3274496,archiviste,0.3599,activiste,0.3067,secouriste,0.277
bienfaiteur ou bienfaitrice,Q4887411,enfant,0.3723,éditeur,0.2763,acteur,0.1185
patron,Q516590,partenaire,0.1456,relation publique,0.1127,guerrier,0.0
notaire,Q189010,notaire,1.0,secrétaire,0.3047,publicitaire,0.2812
architecte systèmes,Q7663860,archiviste,0.5123,lecteur,0.1627,inspecteur,0.1263
ingénieur système,Q1572123,inventeur,0.1847,inspecteur,0.1777,innovateur,0.1734
propriétaire terrien,Q66495020,secrétaire,0.4049,notaire,0.3316,guerrier,0.3061
sultan,Q43292,consultant,0.5901,adulte,0.0658,cultivateur / éleveur,0.0387
chef d'État,Q48352,avocat,0.1491,spectateur,0.1302,secrétaire,0.1201
directeur ou directrice,Q1162163,lecteur,0.4729,inspecteur,0.3673,acteur,0.2853
forgeron ou forgeronne,Q838566,manager,0.1306,fonctionnaire,0.1281,fondateur,0.1082
artisan,Q1294787,archiviste,0.1227,investisseur,0.1106,partenaire,0.1022
repairperson,Q3606537,relation publique,0.1682,entrepreneur,0.0968,notaire,0.0814
pratiquant d'arts martiaux,Q11124885,acteurs sociaux,0.2885,enfant,0.1102,aidant,0.1091
maître ou maîtresse de conférences,Q462390,agent de,0.1842,ancêtre,0.1804,consultant,0.1355
professeur ou professeure d'université,Q1622272,investisseur,0.3578,procureur,0.2553,précurseur,0.2326
responsable,Q1251441,comptable,0.4035,consultant,0.0672,transporteur,0.0644
personnalité politique,Q82955,politicien,0.5083,policier,0.2419,relation publique,0.1787
régulation,Q428148,relation publique,0.5105,fonctionnaire,0.1275,réformateur,0.061
organe,Q895526,guerrier,0.0,traducteur,0.0,spectateur,0.0
émission,Q11578774,relation publique,0.2308,investisseur,0.0951,fonctionnaire,0.0757
médias de masse,Q11033,médiateur,0.5282,agent de,0.2057,médecin,0.1613
œuvre audio,Q110879422,auteur,0.1661,ouvrier,0.1344,étudiant,0.1222
аудио-трансляция,Q119649004,guerrier,0.0,traducteur,0.0,spectateur,0.0
mystique,Q12328016,relation publique,0.3499,investisseur,0.0721,syndiqué,0.0709
occultiste,Q12797895,cultivateur / éleveur,0.2823,activiste,0.2439,archiviste,0.2213
enseignant ou enseignante du secondaire,Q5758653,enseignant,0.915,infirmier / soignant,0.2495,secrétaire,0.1202
commissaire,Q524778,notaire,0.3316,secrétaire,0.2636,partenaire,0.2608
groupe d'humains,Q16334295,inspecteur,0.2292,guerrier,0.0,traducteur,0.0
sacerdoce,Q10366773,guerrier,0.0,traducteur,0.0,spectateur,0.0
rôle social,Q214339,travailleur social,0.5589,acteurs sociaux,0.3604,bénévole,0.0487
chef de projet,Q816432,agent de,0.3365,procureur,0.2381,producteur,0.2375
illusionniste,Q1658894,activiste,0.2705,archiviste,0.2454,secouriste,0.2442
hors-la-loi,Q254508,guerrier,0.0,traducteur,0.0,spectateur,0.0
géoscientifique,Q11424604,relation publique,0.3032,client,0.1961,musicien,0.1323
militant ou militante politique,Q11499147,politicien,0.3756,consultant,0.1885,familier,0.1841
militant social,Q8359428,travailleur social,0.4401,acteurs sociaux,0.2838,consultant,0.1884
parlementaire,Q486839,notaire,0.4379,partenaire,0.3947,secrétaire,0.3481
philosophe,Q4964182,philosophe,1.0,cartographe,0.0902,pharmacien,0.0333
historien ou historienne,Q201788,ouvrier,0.1787,musicien,0.1431,mentor,0.1408
microbiologiste,Q3779582,écologiste,0.7881,activiste,0.2022,archiviste,0.1834
neurologue,Q783906,psychologue,0.5659,écologiste,0.1407,entrepreneur,0.1101
médecin spécialiste,Q3332438,médecin,0.754,journaliste,0.3311,activiste,0.1411
pédiatre,Q1919436,médiateur,0.4857,ancêtre,0.1959,éditeur,0.0812
timonier,Q2309900,ouvrier,0.3027,policier,0.3016,officier,0.2891
reporter-photographe,Q957729,cartographe,0.642,transporteur,0.2218,philosophe,0.097
conducteur de travaux,Q811459,traducteur,0.4631,producteur,0.3611,travailleur social,0.273
infraction,Q1456832,fonctionnaire,0.2705,relation publique,0.2504,activiste,0.1666
trahison,Q160128,traducteur,0.28,transporteur,0.2342,travailleur social,0.1934
moine ou moniale,Q733786,témoin,0.3236,ouvrier,0.1036,bénévole,0.0758
clergé bouddhiste,Q70901436,activiste,0.3698,archiviste,0.3355,secouriste,0.3339
auteur ou autrice de non-fiction,Q15980158,auteur,0.7176,fonctionnaire,0.1634,relation publique,0.1513
artisan,Q1294787,archiviste,0.1227,investisseur,0.1106,partenaire,0.1022
édition,Q3972943,éditeur,0.4555,relation publique,0.2498,fonctionnaire,0.1266
éditeur,Q105044823,éditeur,1.0,médiateur,0.1525,acteur,0.1439
agriculteur ou agricultrice,Q131512,cultivateur / éleveur,0.2678,adulte,0.2096,agent de,0.1234
professeur ou professeure d'université,Q1622272,investisseur,0.3578,procureur,0.2553,précurseur,0.2326
personnel académique,Q5428874,relation publique,0.3119,acteur,0.0901,syndiqué,0.0632
titre d'autorité,Q7810129,ancêtre,0.2402,auteur,0.1343,mentor,0.1144
enseignant ou enseignante,Q37226,enseignant,0.9771,infirmier / soignant,0.2664,enfant,0.0992
ambassadeur d'un pays,Q29645880,vendeur,0.336,défendeur,0.2798,assureur,0.1536
légat pontifical,Q740369,législateur,0.2381,avocat,0.0995,officier,0.0921
mannequin,Q4610556,manager,0.3207,banquier,0.1061,amant/e,0.094
biologiste,Q864503,écologiste,0.7881,activiste,0.2022,archiviste,0.1834
mathématicien ou mathématicienne,Q170790,informaticien,0.6181,politicien,0.3695,musicien,0.2591
scientifique numéricien,Q5157338,musicien,0.3895,politicien,0.3471,technicien,0.335
pratiquant de sports d'hiver,Q20965770,transporteur,0.296,agent de,0.2311,enfant,0.1066
administrator,Q117846460,mentor,0.3425,adulte,0.1158,traducteur,0.0722
wikipédien,Q23038345,musicien,0.2555,politicien,0.2277,technicien,0.2197
général,Q83460,bénévole,0.1549,travailleur social,0.1117,guerrier,0.0
personne morale,Q155076,bénévole,0.1351,fonctionnaire,0.1309,comptable,0.1268
personne ou organisation,Q106559804,relation publique,0.4134,fonctionnaire,0.1935,ouvrier,0.0778
hospitality worker,Q87714331,politicien,0.1022,journaliste,0.0917,publicitaire,0.0909
waiters and bartenders,Q108289643,partenaire,0.2997,vendeur,0.1723,défendeur,0.1435
ingénieur ou ingénieure,Q81096,inventeur,0.1874,inspecteur,0.1802,innovateur,0.1759
designer,Q5322166,agent de,0.179,infirmier / soignant,0.1351,enseignant,0.1131
cadres supérieurs de l’administration publique,Q108290289,relation publique,0.7068,publicitaire,0.2326,acteurs sociaux,0.1503
fonction,Q4164871,fonctionnaire,0.671,relation publique,0.197,fondateur,0.1348
juge,Q16533,juré,0.3333,traducteur,0.0,spectateur,0.0
haut fonctionnaire ou haute fonctionnaire,Q599151,fonctionnaire,0.9719,partenaire,0.2101,notaire,0.1539
magistrat ou magistrate,Q4594605,écologiste,0.2406,manager,0.1066,législateur,0.097
auteur ou autrice,Q482980,auteur,0.9201,acteur,0.116,lecteur,0.0955
juge,Q16533,juré,0.3333,traducteur,0.0,spectateur,0.0
personnage de fiction,Q95074,fonctionnaire,0.3488,agent de,0.2349,relation publique,0.2068
horloger,Q2700922,manager,0.3277,écologiste,0.0944,psychologue,0.0852
marquis,Q209726,manager,0.1708,banquier,0.1603,guerrier,0.0
style,Q1292119,bénévole,0.2003,comptable,0.1879,guerrier,0.0
designer,Q5322166,agent de,0.179,infirmier / soignant,0.1351,enseignant,0.1131
officier,Q189290,officier,1.0,policier,0.3283,musicien,0.0891
journaliste,Q1930187,journaliste,1.0,secouriste,0.1649,activiste,0.1505
chroniqueur,Q3330547,joueur,0.4073,relation publique,0.1783,acteur,0.0837
microbiologiste,Q3779582,écologiste,0.7881,activiste,0.2022,archiviste,0.1834
président ou présidente,Q140686,précurseur,0.2403,inventeur,0.1614,client,0.145
supervisory board member,Q63858690,mere,0.1985,mentor,0.1506,activiste,0.1302
garment and related patternmakers and cutters,Q108290635,relation publique,0.2806,mentor,0.1358,client,0.1034
généticien ou généticienne,Q3126128,politicien,0.5268,informaticien,0.4539,musicien,0.3694
neurobiologiste,Q6337803,écologiste,0.7353,activiste,0.1886,archiviste,0.1712
technicien ou technicienne,Q5352191,technicien,0.9852,musicien,0.2158,politicien,0.1923
musique,Q115484611,musicien,0.4255,relation publique,0.2646,syndiqué,0.0536
divertissement,Q173799,investisseur,0.3387,mentor,0.2066,client,0.1572
scientifique,Q901,relation publique,0.3032,client,0.1961,musicien,0.1323
biologiste,Q864503,écologiste,0.7881,activiste,0.2022,archiviste,0.1834
biologiste,Q864503,écologiste,0.7881,activiste,0.2022,archiviste,0.1834
biologiste,Q864503,écologiste,0.7881,activiste,0.2022,archiviste,0.1834
généticien ou généticienne,Q3126128,politicien,0.5268,informaticien,0.4539,musicien,0.3694
biologiste,Q864503,écologiste,0.7881,activiste,0.2022,archiviste,0.1834
neurologue,Q783906,psychologue,0.5659,écologiste,0.1407,entrepreneur,0.1101
pathologiste,Q3368718,écologiste,0.699,psychologue,0.2354,activiste,0.1793
profession,Q28640,procureur,0.2381,producteur,0.2375,relation publique,0.1975
activité,Q12737077,activiste,0.7447,acteur,0.2396,acteurs sociaux,0.1239
Fachangestellter,Q108504472,familier,0.1656,adulte,0.1326,investisseur,0.0925
artiste interprète,Q713200,archiviste,0.3324,activiste,0.2913,secouriste,0.263
illusionniste,Q1658894,activiste,0.2705,archiviste,0.2454,secouriste,0.2442
artistes créateurs ou créatrices et exécutants ou exécutantes,Q108289408,acteurs sociaux,0.2051,consultant,0.1672,précurseur,0.1049
enseignant ou enseignante,Q37226,enseignant,0.9771,infirmier / soignant,0.2664,enfant,0.0992
mathématicien ou mathématicienne,Q170790,informaticien,0.6181,politicien,0.3695,musicien,0.2591
meurtrier ou meurtrière,Q931260,ouvrier,0.3685,guerrier,0.2724,père,0.2366
musicien ou musicienne,Q639669,musicien,0.9799,politicien,0.2255,technicien,0.2176
directeur musical ou directrice musicale,Q1198887,musicien,0.5998,lecteur,0.2521,inspecteur,0.1958
artiste interprète,Q713200,archiviste,0.3324,activiste,0.2913,secouriste,0.263
maîtrise,Q183816,manager,0.1708,secouriste,0.1454,guerrier,0.0
militaire,Q47064,publicitaire,0.465,notaire,0.4127,secrétaire,0.328
coopérative,Q4539,activiste,0.1202,comptable,0.1085,consultant,0.1054
technicien ou technicienne,Q5352191,technicien,0.9852,musicien,0.2158,politicien,0.1923
fonctionnaire,Q212238,fonctionnaire,1.0,partenaire,0.2162,notaire,0.1584
officiel du sport,Q15986539,officier,0.6998,transporteur,0.2483,policier,0.083
personnalité du jeu d'échecs,Q73145133,journaliste,0.2197,fonctionnaire,0.2012,politicien,0.0816
avocat ou avocate,Q40348,avocat,0.9493,diplomate,0.0554,ouvrier,0.0341
évêque diocésain,Q1144278,relation publique,0.2115,diplomate,0.0987,voisin,0.0888
évêque catholique romain,Q102039658,relation publique,0.3846,psychologue,0.1037,avocat,0.0541
ordinaire,Q1638918,partenaire,0.5009,fonctionnaire,0.4316,notaire,0.367
prince-évêque,Q22881,relation publique,0.2394,procureur,0.0876,producteur,0.0874
suffragant,Q13426709,enfant,0.3372,aidant,0.3337,étudiant,0.2789
designer,Q5322166,agent de,0.179,infirmier / soignant,0.1351,enseignant,0.1131
directeur ou directrice,Q1162163,lecteur,0.4729,inspecteur,0.3673,acteur,0.2853
médecin spécialiste,Q3332438,médecin,0.754,journaliste,0.3311,activiste,0.1411
mycologue,Q2487799,psychologue,0.5496,écologiste,0.3001,guerrier,0.0514
journaliste,Q1930187,journaliste,1.0,secouriste,0.1649,activiste,0.1505
enquêteur,Q30093123,acteur,0.2938,auteur,0.2533,lecteur,0.2418
école,Q3914,écologiste,0.4142,bénévole,0.209,comptable,0.0578
expert interdisciplinaire d'une région géographique,Q17135920,cartographe,0.3087,relation publique,0.2519,partenaire,0.2264
chroniqueur ou chroniqueuse,Q1086863,joueur,0.3034,relation publique,0.2077,syndiqué,0.0842
journaliste sportif ou journaliste sportive,Q13219447,journaliste,0.886,transporteur,0.197,activiste,0.1496
écrivain ou écrivaine,Q36180,écologiste,0.1108,travailleur social,0.0853,cultivateur / éleveur,0.0847
occultiste,Q12797895,cultivateur / éleveur,0.2823,activiste,0.2439,archiviste,0.2213
partisan,Q7140620,partenaire,0.4596,investisseur,0.0712,cartographe,0.059
raciste,Q28528178,activiste,0.3698,archiviste,0.3355,secouriste,0.3339
contraire,Q1498321,notaire,0.3161,secrétaire,0.2513,partenaire,0.2486
historien ou historienne,Q201788,ouvrier,0.1787,musicien,0.1431,mentor,0.1408
expert interdisciplinaire d'une région géographique,Q17135920,cartographe,0.3087,relation publique,0.2519,partenaire,0.2264
recteur ou rectrice,Q212071,lecteur,0.515,inspecteur,0.4,acteur,0.3107
théoricien ou théoricienne,Q18931911,musicien,0.5062,politicien,0.4511,technicien,0.4353
auteur ou autrice de non-fiction,Q15980158,auteur,0.7176,fonctionnaire,0.1634,relation publique,0.1513
professionnel des médias,Q15980804,médiateur,0.5037,médecin,0.1538,procureur,0.1387
théoricien ou théoricienne,Q18931911,musicien,0.5062,politicien,0.4511,technicien,0.4353
spécialiste de la littérature,Q17167049,journaliste,0.4271,activiste,0.182,agent de,0.1804
rebelle,Q1125062,bénévole,0.1087,comptable,0.102,relation publique,0.0946
criminel ou criminelle,Q2159907,ouvrier,0.1278,bénévole,0.0935,comptable,0.0877
chanteur ou chanteuse,Q177220,inventeur,0.4251,acteur,0.1658,auteur,0.143
enfant,Q7569,enfant,1.0,enseignant,0.1259,aidant,0.1125
athlète,Q2066131,hôte,0.2343,adulte,0.182,activiste,0.1553
haut fonctionnaire ou haute fonctionnaire,Q599151,fonctionnaire,0.9719,partenaire,0.2101,notaire,0.1539
journaliste,Q1930187,journaliste,1.0,secouriste,0.1649,activiste,0.1505
orientaliste,Q1731155,journaliste,0.5182,activiste,0.2208,archiviste,0.2003
africaniste,Q15936497,activiste,0.4206,archiviste,0.3816,secouriste,0.3798
informaticien ou informaticienne,Q82594,informaticien,0.9882,réformateur,0.2947,politicien,0.2734
chercheur ou chercheuse en sciences cognitives,Q14565186,politicien,0.1962,musicien,0.1507,technicien,0.1296
chercheur ou chercheuse en intelligence artificielle,Q15976092,officier,0.2514,archiviste,0.1437,inventeur,0.1178
linguiste,Q14467526,activiste,0.3698,archiviste,0.3355,secouriste,0.3339
linguiste,Q14467526,activiste,0.3698,archiviste,0.3355,secouriste,0.3339
expert interdisciplinaire d'une région géographique,Q17135920,cartographe,0.3087,relation publique,0.2519,partenaire,0.2264
modern philologist,Q110038490,écologiste,0.5045,philosophe,0.3872,psychologue,0.1044
sociolinguiste,Q15976717,acteurs sociaux,0.2809,activiste,0.245,travailleur social,0.2392
linguiste,Q14467526,activiste,0.3698,archiviste,0.3355,secouriste,0.3339
sociologue,Q2306091,psychologue,0.5177,acteurs sociaux,0.2227,travailleur social,0.1896
artiste,Q483501,archiviste,0.3646,activiste,0.3108,secouriste,0.2806
enseignant ou enseignante,Q37226,enseignant,0.9771,infirmier / soignant,0.2664,enfant,0.0992
artisan,Q1294787,archiviste,0.1227,investisseur,0.1106,partenaire,0.1022
eugéniste,Q22082717,activiste,0.4206,archiviste,0.3816,secouriste,0.3798
critique,Q6430706,relation publique,0.3263,politicien,0.078,syndiqué,0.0661
col blanc,Q255274,ancêtre,0.1428,écologiste,0.1218,comptable,0.102
écrivain ou écrivaine,Q36180,écologiste,0.1108,travailleur social,0.0853,cultivateur / éleveur,0.0847
promotion immobilière,Q695829,relation publique,0.2622,père,0.2385,procureur,0.1627
artisan,Q1294787,archiviste,0.1227,investisseur,0.1106,partenaire,0.1022
col bleu,Q1191714,comptable,0.1927,écologiste,0.1048,consultant,0.0852
militant des droits civiques,Q1021386,consultant,0.2309,familier,0.1753,relation publique,0.116
polémiste,Q1642960,activiste,0.3222,archiviste,0.2923,secouriste,0.291
professionnel ou professionnelle,Q702269,procureur,0.2189,producteur,0.2184,fonctionnaire,0.2022
système social,Q1639378,travailleur social,0.5557,acteurs sociaux,0.3584,syndiqué,0.0579
musicien ou musicienne,Q639669,musicien,0.9799,politicien,0.2255,technicien,0.2176
personnalité juridique,Q3778211,juré,0.2314,relation publique,0.2092,syndiqué,0.1438
firme,Q4830453,infirmier / soignant,0.273,guerrier,0.0,législateur,0.0
athlète,Q2066131,hôte,0.2343,adulte,0.182,activiste,0.1553
orateur ou oratrice,Q12859263,médiateur,0.3571,fondateur,0.3538,spectateur,0.333
soldat,Q4991371,avocat,0.1563,fondateur,0.145,acteurs sociaux,0.0818
archéologue,Q3621491,psychologue,0.4993,archiviste,0.2991,écologiste,0.1241
érudit classique,Q2468727,relation publique,0.2906,client,0.0883,éditeur,0.0882
historien ou historienne de l'art,Q1792450,agent de,0.1832,ouvrier,0.1591,musicien,0.1274
historien ou historienne des sciences,Q16063546,musicien,0.2146,politicien,0.1912,technicien,0.1845
rédacteur d'ouvrages de médecine,Q18533509,médecin,0.6644,acteur,0.3739,agent de,0.1896
dirigeant sportif,Q26481809,transporteur,0.357,enfant,0.1286,aidant,0.1273
travailleur qualifié ou travailleuse qualifiée,Q2588761,travailleur social,0.7801,traducteur,0.1122,transporteur,0.0938
"sports coaches, instructors and officials",Q108290465,officier,0.5158,transporteur,0.2155,inspecteur,0.1093
journaliste,Q1930187,journaliste,1.0,secouriste,0.1649,activiste,0.1505
profession,Q28640,procureur,0.2381,producteur,0.2375,relation publique,0.1975
"spécialistes de la justice, des sciences sociales et de la culture",Q108289030,travailleur social,0.2793,agent de,0.2437,acteurs sociaux,0.2032
personnalité liée au droit,Q57735705,journaliste,0.1937,fonctionnaire,0.1774,auteur,0.103
linguiste,Q14467526,activiste,0.3698,archiviste,0.3355,secouriste,0.3339
indianiste,Q18524037,activiste,0.2783,archiviste,0.2525,secouriste,0.2513
spécialiste de l'Asie de l'Est,Q84505214,journaliste,0.3615,agent de,0.3054,activiste,0.154
receveur des finances,Q1139055,cultivateur / éleveur,0.3491,agent de,0.0841,ancêtre,0.0745
receveur général,Q106753996,cultivateur / éleveur,0.364,travailleur social,0.0812,bénévole,0.0707
théoricien ou théoricienne,Q18931911,musicien,0.5062,politicien,0.4511,technicien,0.4353
écrivain ou écrivaine politique,Q15958642,politicien,0.4278,policier,0.2222,relation publique,0.1642
philosophe politique,Q18930007,philosophe,0.7834,politicien,0.3595,policier,0.1867
dirigeant ou dirigeante,Q25713832,enfant,0.1501,aidant,0.1486,diplomate,0.1416
livestock worker,Q110007257,investisseur,0.3002,ouvrier,0.0625,policier,0.0622
éleveur,Q1368409,cultivateur / éleveur,0.6431,acteur,0.0537,auteur,0.0463
dresseur,Q8011071,investisseur,0.46,précurseur,0.2595,acteur,0.0859
maire,Q30185,notaire,0.4251,secrétaire,0.3379,partenaire,0.3343
président ou présidente,Q140686,précurseur,0.2403,inventeur,0.1614,client,0.145
élève,Q48942,cultivateur / éleveur,0.1569,législateur,0.0,diplomate,0.0
étudiant ou étudiante,Q48282,étudiant,0.9707,enfant,0.0641,aidant,0.0635
philosophe,Q4964182,philosophe,1.0,cartographe,0.0902,pharmacien,0.0333
élève,Q48942,cultivateur / éleveur,0.1569,législateur,0.0,diplomate,0.0
étudiant ou étudiante,Q48282,étudiant,0.9707,enfant,0.0641,aidant,0.0635
musicien d'un instrument de la famille des bois,Q25616474,musicien,0.6284,familier,0.3119,agent de,0.2367
athlète,Q2066131,hôte,0.2343,adulte,0.182,activiste,0.1553
plongeur,Q16004431,acteur,0.1682,diplomate,0.1671,cultivateur / éleveur,0.1472
athlète,Q2066131,hôte,0.2343,adulte,0.182,activiste,0.1553
batelier,Q2891167,familier,0.4076,banquier,0.2326,ouvrier,0.1525
occultiste,Q12797895,cultivateur / éleveur,0.2823,activiste,0.2439,archiviste,0.2213
magistrat ou magistrate,Q4594605,écologiste,0.2406,manager,0.1066,législateur,0.097
bourgmestre,Q177529,ancêtre,0.2756,investisseur,0.0928,mere,0.0804
procureur ou procureure,Q600751,procureur,0.9776,assureur,0.289,producteur,0.1418
magistrat,Q16009129,écologiste,0.2192,avocat,0.1137,manager,0.1064
artiste interprète,Q713200,archiviste,0.3324,activiste,0.2913,secouriste,0.263
officier de la Marine française,Q3349700,officier,0.866,policier,0.2843,agent de,0.1594
personnalité du monde des affaires,Q43845,fonctionnaire,0.2398,journaliste,0.1648,agent de,0.1413
juriste,Q185351,secouriste,0.5493,juré,0.2839,activiste,0.2205
érudit,Q20826540,éditeur,0.1939,étudiant,0.1608,traducteur,0.0
"bakers, pastry-cooks and confectionery makers",Q108290615,fonctionnaire,0.2542,consultant,0.1519,relation publique,0.1072
plongeur,Q16004431,acteur,0.1682,diplomate,0.1671,cultivateur / éleveur,0.1472
ingénierie côtière,Q1797362,père,0.3908,ouvrier,0.1635,guerrier,0.1513
ingénieur ou ingénieure,Q81096,inventeur,0.1874,inspecteur,0.1802,innovateur,0.1759
forestier ou forestière,Q1895303,investisseur,0.2308,père,0.1649,ouvrier,0.1273
personnalité du monde des affaires,Q43845,fonctionnaire,0.2398,journaliste,0.1648,agent de,0.1413
financier,Q1979607,policier,0.3874,officier,0.3714,ouvrier,0.1566
investisseur,Q557880,investisseur,1.0,inventeur,0.2358,précurseur,0.1194
artiste interprète,Q713200,archiviste,0.3324,activiste,0.2913,secouriste,0.263
dilettante,Q1225491,consultant,0.2241,diplomate,0.1386,inventeur,0.107
formation,Q16861871,informaticien,0.4388,réformateur,0.3617,relation publique,0.3093
fondeur ou fondeuse,Q13382608,fondateur,0.4623,vendeur,0.3613,défendeur,0.3009
tireur sportif,Q17486376,transporteur,0.3888,assureur,0.2277,procureur,0.2169
chirurgien ou chirurgienne,Q774306,musicien,0.1859,politicien,0.1657,technicien,0.1599
orthopedian,Q71134636,étudiant,0.3292,médiateur,0.1032,transporteur,0.0977
musicologue,Q14915627,musicien,0.4529,psychologue,0.4298,écologiste,0.2347
théoricien ou théoricienne,Q18931911,musicien,0.5062,politicien,0.4511,technicien,0.4353
biologiste,Q864503,écologiste,0.7881,activiste,0.2022,archiviste,0.1834
paléontologue,Q1662561,psychologue,0.5701,écologiste,0.1417,mentor,0.0725
enseignant ou enseignante,Q37226,enseignant,0.9771,infirmier / soignant,0.2664,enfant,0.0992
écologiste,Q3578589,écologiste,1.0,activiste,0.1594,archiviste,0.1446
médecin spécialiste,Q3332438,médecin,0.754,journaliste,0.3311,activiste,0.1411
musicien ou musicienne,Q639669,musicien,0.9799,politicien,0.2255,technicien,0.2176
enseignant ou enseignante,Q37226,enseignant,0.9771,infirmier / soignant,0.2664,enfant,0.0992
médecin spécialiste,Q3332438,médecin,0.754,journaliste,0.3311,activiste,0.1411
pathologiste,Q3368718,écologiste,0.699,psychologue,0.2354,activiste,0.1793
médecin légiste,Q17143199,médecin,0.7399,législateur,0.3242,écologiste,0.2284
biologiste,Q864503,écologiste,0.7881,activiste,0.2022,archiviste,0.1834
historien ou historienne,Q201788,ouvrier,0.1787,musicien,0.1431,mentor,0.1408
écrivain ou écrivaine scientifique,Q3745071,relation publique,0.1901,client,0.1229,écologiste,0.0863
écrivain ou écrivaine,Q36180,écologiste,0.1108,travailleur social,0.0853,cultivateur / éleveur,0.0847
métier des médias,Q58635633,médiateur,0.6011,médecin,0.2221,ouvrier,0.101
general,Q19759076,agent de,0.1568,entrepreneur,0.1059,travailleur social,0.0912
five-star rank,Q4897084,transporteur,0.1913,guerrier,0.0,législateur,0.0
membre,Q9200127,mere,0.3958,mentor,0.193,père,0.1415
officier de marine,Q10669499,officier,0.9057,policier,0.2973,agent de,0.1667
prisoner of a Nazi concentration camp,Q1719325,relation publique,0.2997,fonctionnaire,0.1402,consultant,0.1276
rabbin,Q133485,voisin,0.2224,témoin,0.2224,médecin,0.2055
avocat ou avocate,Q40348,avocat,0.9493,diplomate,0.0554,ouvrier,0.0341
défenseur des droits de l'Homme,Q1476215,défendeur,0.4674,agent de,0.2277,précurseur,0.14
cambrioleur,Q10659189,travailleur social,0.2399,bénévole,0.0926,acteur,0.0897
éducateur ou éducatrice,Q974144,éditeur,0.2431,traducteur,0.1835,producteur,0.1817
musicien ou musicienne,Q639669,musicien,0.9799,politicien,0.2255,technicien,0.2176
professeur ou professeure de musique,Q2675537,investisseur,0.2976,procureur,0.2124,musicien,0.2118
pédagogue,Q1231865,psychologue,0.4409,guerrier,0.0813,relation publique,0.0559
évêque protestant,Q102040941,consultant,0.2745,procureur,0.1662,producteur,0.1658
Travail forcé sous domination nazie pendant la Seconde Guerre mondiale,Q513760,travailleur social,0.3351,guerrier,0.2678,relation publique,0.1773
société foncière,Q1660104,fonctionnaire,0.2984,acteurs sociaux,0.2508,père,0.2249
top,Q384561,guerrier,0.0,traducteur,0.0,spectateur,0.0
cuivriste,Q25829748,secouriste,0.4546,activiste,0.2678,archiviste,0.243
hetman,Q625652,manager,0.2208,amant/e,0.2196,guerrier,0.0
chef d'État,Q48352,avocat,0.1491,spectateur,0.1302,secrétaire,0.1201
artiste,Q483501,archiviste,0.3646,activiste,0.3108,secouriste,0.2806
chanteur folk,Q2532239,inventeur,0.4417,fondateur,0.2287,acteur,0.218
magicien,Q2488257,musicien,0.4966,politicien,0.4426,technicien,0.4271
gouverneur provincial de Corée du Sud,Q50616117,travailleur social,0.2499,agent de,0.1896,procureur,0.1672
service,Q7406919,secrétaire,0.1902,secouriste,0.188,guerrier,0.0
modèle,Q1630100,bénévole,0.2003,comptable,0.1879,guerrier,0.0
mannequin,Q4610556,manager,0.3207,banquier,0.1061,amant/e,0.094
nudité,Q10791,éditeur,0.1939,étudiant,0.1608,traducteur,0.0
personnalité politique,Q82955,politicien,0.5083,policier,0.2419,relation publique,0.1787
consultant ou consultante,Q15978655,consultant,0.9775,enfant,0.056,aidant,0.0554
ministre du culte,Q1423891,adulte,0.3833,cultivateur / éleveur,0.2485,ancêtre,0.1529
dispositif,Q1183543,politicien,0.1247,diplomate,0.1217,transporteur,0.1105
travailleur de la construction,Q811122,travailleur social,0.6331,consultant,0.1745,fonctionnaire,0.1419
personnel académique,Q5428874,relation publique,0.3119,acteur,0.0901,syndiqué,0.0632
enseignant ou enseignante,Q37226,enseignant,0.9771,infirmier / soignant,0.2664,enfant,0.0992
humain possiblement fictif,Q21070568,mentor,0.2383,client,0.1814,agent de,0.1794
grand-rabbin,Q4501412,transporteur,0.1158,voisin,0.1149,témoin,0.1149
lutte populaire,Q327248,notaire,0.4161,secrétaire,0.3307,partenaire,0.3273
jardinier,Q758780,ouvrier,0.3027,policier,0.3016,officier,0.2891
architecte paysagiste,Q2815948,archiviste,0.5705,écologiste,0.2953,activiste,0.1892
court rank,Q19631939,secouriste,0.2626,transporteur,0.0896,comptable,0.0804
soldat,Q4991371,avocat,0.1563,fondateur,0.145,acteurs sociaux,0.0818
capitaine,Q19100,publicitaire,0.2713,notaire,0.0987,cartographe,0.0956
building surveyor,Q95360317,mentor,0.152,assureur,0.1376,pourvoyeur,0.1185
fabricant d'instruments de musique,Q1955150,musicien,0.3203,agent de,0.2327,relation publique,0.1991
écrivain ou écrivaine,Q36180,écologiste,0.1108,travailleur social,0.0853,cultivateur / éleveur,0.0847
fonctionnaire,Q212238,fonctionnaire,1.0,partenaire,0.2162,notaire,0.1584
écrivain ou écrivaine,Q36180,écologiste,0.1108,travailleur social,0.0853,cultivateur / éleveur,0.0847
institution universitaire,Q4671277,publicitaire,0.3822,notaire,0.3392,secrétaire,0.2696
société savante,Q955824,travailleur social,0.3288,acteurs sociaux,0.3195,inventeur,0.0855
établissement d'enseignement supérieur,Q38723,enseignant,0.4213,mentor,0.2193,client,0.1669
école,Q3914,écologiste,0.4142,bénévole,0.209,comptable,0.0578
chercheur ou chercheuse en sciences sociales,Q15319501,travailleur social,0.3971,acteurs sociaux,0.321,musicien,0.1212
politologue,Q1238570,psychologue,0.4618,politicien,0.3809,policier,0.273
érudit classique,Q2468727,relation publique,0.2906,client,0.0883,éditeur,0.0882
philologue,Q13418253,psychologue,0.4626,philosophe,0.3848,écologiste,0.115
érudit classique,Q2468727,relation publique,0.2906,client,0.0883,éditeur,0.0882
linguiste,Q14467526,activiste,0.3698,archiviste,0.3355,secouriste,0.3339
philologue,Q13418253,psychologue,0.4626,philosophe,0.3848,écologiste,0.115
activité,Q12737077,activiste,0.7447,acteur,0.2396,acteurs sociaux,0.1239
biologiste,Q864503,écologiste,0.7881,activiste,0.2022,archiviste,0.1834
théoricien ou théoricienne,Q18931911,musicien,0.5062,politicien,0.4511,technicien,0.4353
artisan,Q1294787,archiviste,0.1227,investisseur,0.1106,partenaire,0.1022
zoologiste des vertébrés,Q105898711,écologiste,0.7396,activiste,0.1897,archiviste,0.1721
zoologiste des invertébrés,Q108614246,écologiste,0.669,inventeur,0.2485,investisseur,0.1943
biologiste,Q864503,écologiste,0.7881,activiste,0.2022,archiviste,0.1834
médecin spécialiste,Q3332438,médecin,0.754,journaliste,0.3311,activiste,0.1411
pharmacien,Q105186,pharmacien,1.0,musicien,0.1658,informaticien,0.155
athlète,Q2066131,hôte,0.2343,adulte,0.182,activiste,0.1553
joueur professionnel ou joueuse professionnelle,Q18536342,joueur,0.75,procureur,0.1549,producteur,0.1546
Camériste,Q2935715,secouriste,0.4843,activiste,0.2853,archiviste,0.2588
domestique,Q54128,relation publique,0.3069,investisseur,0.1898,syndiqué,0.0622
femme de chambre,Q25110562,agent de,0.4239,mere,0.0888,père,0.0888
femme de ménage,Q833860,agent de,0.3908,manager,0.2685,médiateur,0.0792
militaire,Q47064,publicitaire,0.465,notaire,0.4127,secrétaire,0.328
soldat volontaire,Q1454940,notaire,0.4384,secrétaire,0.3485,publicitaire,0.3216
mannequin,Q4610556,manager,0.3207,banquier,0.1061,amant/e,0.094
lutteur,Q12369333,acteur,0.4339,auteur,0.374,lecteur,0.357
modern philologist,Q110038490,écologiste,0.5045,philosophe,0.3872,psychologue,0.1044
expert interdisciplinaire d'une région géographique,Q17135920,cartographe,0.3087,relation publique,0.2519,partenaire,0.2264
personnalité du monde des affaires,Q43845,fonctionnaire,0.2398,journaliste,0.1648,agent de,0.1413
personnel hôtelier,Q60534774,hôte,0.588,familier,0.279,ouvrier,0.1044
hotel and restaurant managers,Q108289372,manager,0.7526,enfant,0.0878,aidant,0.0869
linguiste,Q14467526,activiste,0.3698,archiviste,0.3355,secouriste,0.3339
prêtre,Q42603,ancêtre,0.519,procureur,0.0673,producteur,0.0672
linguiste,Q14467526,activiste,0.3698,archiviste,0.3355,secouriste,0.3339
auteur ou autrice de non-fiction,Q15980158,auteur,0.7176,fonctionnaire,0.1634,relation publique,0.1513
expert interdisciplinaire d'une région géographique,Q17135920,cartographe,0.3087,relation publique,0.2519,partenaire,0.2264
artiste,Q483501,archiviste,0.3646,activiste,0.3108,secouriste,0.2806
militant ou militante politique,Q11499147,politicien,0.3756,consultant,0.1885,familier,0.1841
pacifiste,Q16003550,activiste,0.3339,archiviste,0.3029,secouriste,0.3015
travailleur ou travailleuse,Q327055,travailleur social,0.7999,traducteur,0.115,transporteur,0.0962
col blanc,Q255274,ancêtre,0.1428,écologiste,0.1218,comptable,0.102
géomètre,Q294126,ancêtre,0.3647,mere,0.1064,père,0.1064
géodésie appliquée,Q1986550,syndiqué,0.2825,relation publique,0.2055,guerrier,0.0
député,Q18915989,défendeur,0.223,guerrier,0.0,législateur,0.0
design,Q82604,agent de,0.2004,enseignant,0.1266,infirmier / soignant,0.0972
expert interdisciplinaire d'une région géographique,Q17135920,cartographe,0.3087,relation publique,0.2519,partenaire,0.2264
anthropologue,Q4773904,psychologue,0.563,écologiste,0.1399,ancêtre,0.0654
botaniste,Q2374149,activiste,0.3339,archiviste,0.3029,secouriste,0.3015
botaniste,Q2374149,activiste,0.3339,archiviste,0.3029,secouriste,0.3015
médecin,Q39631,médecin,1.0,médiateur,0.146,voisin,0.0457
géoscientifique,Q11424604,relation publique,0.3032,client,0.1961,musicien,0.1323
chimiste,Q593644,archiviste,0.4339,activiste,0.3698,secouriste,0.3339
chapelain,Q208762,voisin,0.1443,témoin,0.1443,médecin,0.1334
manager,Q2462658,manager,1.0,agent de,0.0548,amant/e,0.0485
personne,Q215627,fonctionnaire,0.1774,guerrier,0.0,traducteur,0.0
trait de personnalité,Q2393196,agent de,0.2221,journaliste,0.1676,fonctionnaire,0.1535
éditeur ou éditrice,Q1607826,éditeur,0.9304,médiateur,0.1344,acteur,0.0931
humaniste,Q10527030,activiste,0.3769,archiviste,0.3419,secouriste,0.3403
dresseur,Q8011071,investisseur,0.46,précurseur,0.2595,acteur,0.0859
prêtre chrétien,Q831474,ancêtre,0.4321,musicien,0.1371,politicien,0.1222
philosophe,Q4964182,philosophe,1.0,cartographe,0.0902,pharmacien,0.0333
mathématicien ou mathématicienne,Q170790,informaticien,0.6181,politicien,0.3695,musicien,0.2591
artisan,Q1294787,archiviste,0.1227,investisseur,0.1106,partenaire,0.1022
travailleur du textile,Q66035178,travailleur social,0.7907,traducteur,0.1187,transporteur,0.0993
headdress maker,Q87646528,manager,0.2924,ouvrier,0.0961,policier,0.0957
modéliste,Q3501317,journaliste,0.4905,activiste,0.3067,archiviste,0.2783
cadreur,Q1208175,assureur,0.3648,procureur,0.3475,acteur,0.1048
forgeron ou forgeronne,Q838566,manager,0.1306,fonctionnaire,0.1281,fondateur,0.1082
monteur d'acier,Q15980591,inventeur,0.3348,policier,0.2851,officier,0.2733
joueur de jeu de plateau,Q84380764,joueur,0.6856,agent de,0.3035,législateur,0.1173
artisan,Q1294787,archiviste,0.1227,investisseur,0.1106,partenaire,0.1022
philosophe du langage,Q18930236,philosophe,0.9845,cartographe,0.0888,agent de,0.0435
linguiste,Q14467526,activiste,0.3698,archiviste,0.3355,secouriste,0.3339
scientifique de l'esprit,Q16727193,agent de,0.2607,relation publique,0.2534,client,0.1639
généticien ou généticienne,Q3126128,politicien,0.5268,informaticien,0.4539,musicien,0.3694
scientifique biomédical,Q4915128,relation publique,0.255,médiateur,0.1823,client,0.1649
bourgmestre,Q17175157,ancêtre,0.2756,investisseur,0.0928,mere,0.0804
magasin,Q213441,voisin,0.3682,manager,0.1251,témoin,0.0983
officier judiciaire,Q6302990,officier,0.8564,policier,0.2981,notaire,0.1776
correspondant local de presse,Q1155838,aidant,0.2981,agent de,0.218,fondateur,0.1748
journaliste,Q1930187,journaliste,1.0,secouriste,0.1649,activiste,0.1505
reporter,Q42909,transporteur,0.3875,entrepreneur,0.0636,partenaire,0.0597
professionnel des médias,Q15980804,médiateur,0.5037,médecin,0.1538,procureur,0.1387
critique,Q6430706,relation publique,0.3263,politicien,0.078,syndiqué,0.0661
musicien ou musicienne,Q639669,musicien,0.9799,politicien,0.2255,technicien,0.2176
ingénieur ou ingénieure,Q81096,inventeur,0.1874,inspecteur,0.1802,innovateur,0.1759
chimiste,Q593644,archiviste,0.4339,activiste,0.3698,secouriste,0.3339
religieuse catholique,Q55631411,relation publique,0.4724,psychologue,0.0863,avocat,0.0656
supérieur,Q1776501,acteur,0.1776,ouvrier,0.175,guerrier,0.162
religieuse,Q191808,relation publique,0.276,guerrier,0.0,législateur,0.0
ordinaire,Q1638918,partenaire,0.5009,fonctionnaire,0.4316,notaire,0.367
rapport sexuel,Q5873,transporteur,0.205,guide spirituel,0.1799,cartographe,0.0659
pénétration,Q2148678,relation publique,0.419,fonctionnaire,0.1402,bénévole,0.069
intromission,Q123507833,relation publique,0.1949,investisseur,0.1237,entrepreneur,0.0791
sûreté,Q2526135,guerrier,0.0,traducteur,0.0,spectateur,0.0
dirigeant ou dirigeante,Q25713832,enfant,0.1501,aidant,0.1486,diplomate,0.1416
juge,Q16533,juré,0.3333,traducteur,0.0,spectateur,0.0
président ou présidente,Q140686,précurseur,0.2403,inventeur,0.1614,client,0.145
cryptologue,Q16390131,psychologue,0.619,écologiste,0.1539,guerrier,0.0579
professeur ou professeure d'université,Q1622272,investisseur,0.3578,procureur,0.2553,précurseur,0.2326
professeur titulaire,Q25339110,investisseur,0.3162,notaire,0.2484,précurseur,0.2202
peintre,Q1028181,ancêtre,0.2667,entrepreneur,0.2507,mere,0.0778
ordre religieux,Q2061186,relation publique,0.2306,époux,0.118,père,0.0778
ordre religieux catholique,Q391009,relation publique,0.4537,psychologue,0.0829,avocat,0.063
travailleur qualifié,Q1391083,travailleur social,0.7884,traducteur,0.1184,transporteur,0.099
travailleur qualifié ou travailleuse qualifiée,Q2588761,travailleur social,0.7801,traducteur,0.1122,transporteur,0.0938
Personnel de hall,Q3376056,agent de,0.3188,guide spirituel,0.1275,allié,0.1195
universitaire,Q66666685,publicitaire,0.5629,notaire,0.4995,secrétaire,0.397
auteur ou autrice de non-fiction,Q15980158,auteur,0.7176,fonctionnaire,0.1634,relation publique,0.1513
ingénieur civil,Q13582652,inventeur,0.1566,inspecteur,0.1506,innovateur,0.147
monarque,Q116,relation publique,0.2684,psychologue,0.0919,juré,0.0
Femmes de la noblesse,Q113291098,agent de,0.3188,notaire,0.1084,comptable,0.0851
enseignant ou enseignante,Q37226,enseignant,0.9771,infirmier / soignant,0.2664,enfant,0.0992
serrurier ou serrurière,Q3479990,guerrier,0.3205,ouvrier,0.2883,père,0.1851
thérapeute alternatif,Q29881694,adulte,0.1558,auteur,0.1232,allié,0.115
géoscientifique,Q11424604,relation publique,0.3032,client,0.1961,musicien,0.1323
directeur ou directrice,Q1162163,lecteur,0.4729,inspecteur,0.3673,acteur,0.2853
utilisateur ou utilisatrice,Q613354,médiateur,0.2049,fondateur,0.203,spectateur,0.1911
juriste,Q185351,secouriste,0.5493,juré,0.2839,activiste,0.2205
profession juridique,Q15987302,relation publique,0.3297,juré,0.2432,syndiqué,0.1511
officier judiciaire,Q6302990,officier,0.8564,policier,0.2981,notaire,0.1776
conseiller ou conseillère,Q2994387,consultant,0.3471,enseignant,0.1833,père,0.1189
maître ou maîtresse de conférences,Q462390,agent de,0.1842,ancêtre,0.1804,consultant,0.1355
enseignant ou enseignante,Q37226,enseignant,0.9771,infirmier / soignant,0.2664,enfant,0.0992
noble,Q16744001,comptable,0.2976,notaire,0.1337,bénévole,0.0935
protestantisme,Q23540,procureur,0.2074,producteur,0.2069,consultant,0.1901
Réforme radicale,Q1786655,réformateur,0.6706,informaticien,0.1277,traducteur,0.0626
Réforme protestante,Q12562,réformateur,0.5639,procureur,0.1254,producteur,0.1251
bâtiment,Q41176,mentor,0.3457,client,0.2631,agent de,0.2602
enseignant ou enseignante,Q37226,enseignant,0.9771,infirmier / soignant,0.2664,enfant,0.0992
prêtre,Q42603,ancêtre,0.519,procureur,0.0673,producteur,0.0672
artiste,Q483501,archiviste,0.3646,activiste,0.3108,secouriste,0.2806
Clandestine HUMINT,Q3782242,investisseur,0.2427,client,0.1747,vendeur,0.0972
crime,Q83267,guerrier,0.0,traducteur,0.0,spectateur,0.0
dentiste,Q27349,activiste,0.3171,archiviste,0.2877,secouriste,0.2863
personnalité du monde des affaires,Q43845,fonctionnaire,0.2398,journaliste,0.1648,agent de,0.1413
militant social,Q8359428,travailleur social,0.4401,acteurs sociaux,0.2838,consultant,0.1884
thérapeute,Q2419397,auteur,0.1969,cartographe,0.1176,hôte,0.1017
instrument de percussion,Q133163,agent de,0.3689,mentor,0.196,inspecteur,0.1673
Ausbildungsberuf,Q778000,auteur,0.3091,guerrier,0.0,spectateur,0.0
mécanicien,Q327029,technicien,0.5621,musicien,0.4096,politicien,0.3651
Meister,Q2309621,activiste,0.2298,archiviste,0.2085,secouriste,0.2075
col blanc,Q255274,ancêtre,0.1428,écologiste,0.1218,comptable,0.102
hand launderers and pressers,Q108290746,acteurs sociaux,0.12,mere,0.1122,ancêtre,0.0777
biologiste,Q864503,écologiste,0.7881,activiste,0.2022,archiviste,0.1834
géologue,Q520549,psychologue,0.619,écologiste,0.1539,guerrier,0.0579
naturaliste,Q18805,journaliste,0.5943,activiste,0.2532,archiviste,0.2297
préhistorien,Q17488316,précurseur,0.216,musicien,0.1548,politicien,0.138
psychothérapeute,Q1900167,psychologue,0.5841,auteur,0.0813,cartographe,0.0485
religieux,Q4504549,relation publique,0.2441,époux,0.1249,acteurs sociaux,0.0792
psychothérapeute,Q1900167,psychologue,0.5841,auteur,0.0813,cartographe,0.0485
psychothérapeute,Q1900167,psychologue,0.5841,auteur,0.0813,cartographe,0.0485
frère,Q548320,frère/socur,0.5188,père,0.2488,mere,0.0503
dirigeant,Q1097498,enfant,0.2209,aidant,0.2187,étudiant,0.1827
urbaniste,Q131062,activiste,0.3698,archiviste,0.3355,secouriste,0.3339
travailleur ou travailleuse indépendant,Q215279,travailleur social,0.773,aidant,0.1201,traducteur,0.1111
fonction publique,Q294414,relation publique,0.63,fonctionnaire,0.4785,publicitaire,0.2311
juriste,Q185351,secouriste,0.5493,juré,0.2839,activiste,0.2205
religieux,Q4504549,relation publique,0.2441,époux,0.1249,acteurs sociaux,0.0792
magistrat ou magistrate,Q4594605,écologiste,0.2406,manager,0.1066,législateur,0.097
ingénieur ou ingénieure,Q81096,inventeur,0.1874,inspecteur,0.1802,innovateur,0.1759
géographe,Q901402,cartographe,0.7031,philosophe,0.1283,guerrier,0.0
science politique,Q36442,politicien,0.6343,policier,0.3159,relation publique,0.2118
politique internationale,Q1762091,politicien,0.4592,relation publique,0.3423,policier,0.2386
scandinaviste,Q26700841,activiste,0.5124,archiviste,0.4649,secouriste,0.2666
organisation non gouvernementale,Q79913,relation publique,0.3636,mentor,0.1665,fonctionnaire,0.1086
association,Q15911314,relation publique,0.3201,acteurs sociaux,0.2192,travailleur social,0.1866
groupe de défense d'intérêts,Q431603,défendeur,0.521,agent de,0.1999,enseignant,0.1598
club,Q988108,client,0.2746,guerrier,0.0,traducteur,0.0
personne,Q215627,fonctionnaire,0.1774,guerrier,0.0,traducteur,0.0
haut fonctionnaire ou haute fonctionnaire,Q599151,fonctionnaire,0.9719,partenaire,0.2101,notaire,0.1539
receveur général,Q106753996,cultivateur / éleveur,0.364,travailleur social,0.0812,bénévole,0.0707
fan,Q193432,enfant,0.1944,familier,0.161,législateur,0.0
faculté,Q180958,cultivateur / éleveur,0.2217,familier,0.1179,adulte,0.1007
poète ou poétesse,Q49757,policier,0.1566,politicien,0.1356,pourvoyeur,0.1289
famille cistercienne,Q12899866,familier,0.4935,travailleur social,0.1142,activiste,0.097
monarque,Q116,relation publique,0.2684,psychologue,0.0919,juré,0.0
commerçant,Q215536,comptable,0.2522,consultant,0.2022,enfant,0.1789
parlementaire,Q486839,notaire,0.4379,partenaire,0.3947,secrétaire,0.3481
garde du corps,Q851436,agent de,0.1755,comptable,0.1329,consultant,0.1291
scientifique des religions,Q19829980,relation publique,0.3949,client,0.1523,agent de,0.1125
érudit,Q20826540,éditeur,0.1939,étudiant,0.1608,traducteur,0.0
personne,Q215627,fonctionnaire,0.1774,guerrier,0.0,traducteur,0.0
minéralogiste,Q13416354,écologiste,0.7132,activiste,0.2234,archiviste,0.2027
voleur,Q3562775,bénévole,0.2385,travailleur social,0.2059,voisin,0.0946
physicien ou physicienne,Q169470,musicien,0.6213,politicien,0.3222,technicien,0.3109
géologue,Q520549,psychologue,0.619,écologiste,0.1539,guerrier,0.0579
astronome,Q11063,assureur,0.2383,guerrier,0.0,frère/socur,0.0
commerçant,Q7501153,comptable,0.2522,consultant,0.2022,enfant,0.1789
chiffonnier,Q203658,ouvrier,0.1766,policier,0.176,officier,0.1687
métaphysicien,Q16743941,musicien,0.5905,politicien,0.3298,technicien,0.3182
philosophe,Q4964182,philosophe,1.0,cartographe,0.0902,pharmacien,0.0333
aristocrate,Q2478141,secouriste,0.2673,archiviste,0.1806,diplomate,0.1732
chimiste,Q593644,archiviste,0.4339,activiste,0.3698,secouriste,0.3339
physicien ou physicienne,Q169470,musicien,0.6213,politicien,0.3222,technicien,0.3109
physicien ou physicienne,Q169470,musicien,0.6213,politicien,0.3222,technicien,0.3109
psychothérapeute,Q1900167,psychologue,0.5841,auteur,0.0813,cartographe,0.0485
psychologue,Q212980,psychologue,1.0,écologiste,0.0952,guerrier,0.0358
hypnotiseur,Q16746942,investisseur,0.3381,précurseur,0.2838,notaire,0.1159
psychothérapeute,Q1900167,psychologue,0.5841,auteur,0.0813,cartographe,0.0485
femme,Q467,guerrier,0.0,traducteur,0.0,spectateur,0.0
théoricien ou théoricienne,Q18931911,musicien,0.5062,politicien,0.4511,technicien,0.4353
pseudo-scientifique,Q22082749,relation publique,0.276,client,0.1785,musicien,0.1205
économiste,Q188094,écologiste,0.4832,activiste,0.2853,archiviste,0.2588
chevalier,Q102083,familier,0.4251,ouvrier,0.1591,policier,0.1585
guerrier,Q1250916,guerrier,1.0,ouvrier,0.2301,policier,0.0845
mammalogiste,Q16831394,écologiste,0.6854,activiste,0.2147,archiviste,0.1948
titre de civilité,Q216353,agent de,0.2571,ancêtre,0.1846,citoyen,0.0805
prêtre catholique,Q250867,relation publique,0.321,ancêtre,0.296,psychologue,0.0789
prêtre régulier,Q2029179,ancêtre,0.3786,familier,0.2908,ouvrier,0.1088
zoologiste des vertébrés,Q105898711,écologiste,0.7396,activiste,0.1897,archiviste,0.1721
zoologiste,Q350979,écologiste,0.7881,activiste,0.2022,archiviste,0.1834
biologiste,Q864503,écologiste,0.7881,activiste,0.2022,archiviste,0.1834
orientaliste,Q1731155,journaliste,0.5182,activiste,0.2208,archiviste,0.2003
analyse,Q217602,manager,0.1395,ancêtre,0.1388,journaliste,0.1118
consultant ou consultante,Q15978655,consultant,0.9775,enfant,0.056,aidant,0.0554
militant ou militante politique,Q11499147,politicien,0.3756,consultant,0.1885,familier,0.1841
officier,Q189290,officier,1.0,policier,0.3283,musicien,0.0891
auxiliaire de santé,Q55071047,notaire,0.2859,agent de,0.2467,secrétaire,0.2273
éducation,Q8434,relation publique,0.3977,fonctionnaire,0.133,éditeur,0.082
entraînement,Q918385,entrepreneur,0.3249,mentor,0.251,client,0.2041
educational activity,Q61788126,activiste,0.5462,relation publique,0.191,acteur,0.1757
agent de la force publique,Q6503343,agent de,0.6276,relation publique,0.5213,publicitaire,0.2462
poète ou poétesse,Q49757,policier,0.1566,politicien,0.1356,pourvoyeur,0.1289
zoologiste des invertébrés,Q108614246,écologiste,0.669,inventeur,0.2485,investisseur,0.1943
informant,Q6030589,informaticien,0.6015,réformateur,0.2575,infirmier / soignant,0.1443
police,Q35535,policier,0.6937,politicien,0.3808,publicitaire,0.0577
organisme spécialisé chargé de l'application de la loi,Q7574898,agent de,0.285,relation publique,0.2461,journaliste,0.1076
peintre,Q1028181,ancêtre,0.2667,entrepreneur,0.2507,mere,0.0778
artiste animalier,Q5116158,familier,0.2763,archiviste,0.2573,journaliste,0.2412
linguiste,Q14467526,activiste,0.3698,archiviste,0.3355,secouriste,0.3339
personnage conceptuel,Q3375719,guide spirituel,0.2544,fonctionnaire,0.1793,manager,0.173
prophète ou prophétesse,Q42857,procureur,0.2718,producteur,0.2712,philosophe,0.0972
personnage coranique,Q18563360,relation publique,0.2474,manager,0.1875,fonctionnaire,0.1457
grade d'un ordre,Q60754876,traducteur,0.1259,agent de,0.1249,cartographe,0.1016
personnalité politique,Q82955,politicien,0.5083,policier,0.2419,relation publique,0.1787
gouverneur militaire,Q1400381,publicitaire,0.3981,notaire,0.3533,secrétaire,0.2808
philosophe,Q4964182,philosophe,1.0,cartographe,0.0902,pharmacien,0.0333
philosophe,Q4964182,philosophe,1.0,cartographe,0.0902,pharmacien,0.0333
enseignant ou enseignante,Q37226,enseignant,0.9771,infirmier / soignant,0.2664,enfant,0.0992
calligraphe,Q3303330,cartographe,0.5863,allié,0.2199,philosophe,0.1241
barreur,Q15647248,assureur,0.3648,procureur,0.3475,banquier,0.112
rameur,Q13382576,acteur,0.2759,cultivateur / éleveur,0.2414,auteur,0.2378
juge,Q16533,juré,0.3333,traducteur,0.0,spectateur,0.0
col blanc,Q255274,ancêtre,0.1428,écologiste,0.1218,comptable,0.102
oligarque,Q2006045,relation publique,0.2359,policier,0.1087,politicien,0.0942
scientifique,Q901,relation publique,0.3032,client,0.1961,musicien,0.1323
politologue,Q1238570,psychologue,0.4618,politicien,0.3809,policier,0.273
pre-press technicians,Q108290599,technicien,0.7283,entrepreneur,0.0732,étudiant,0.0454
athlète,Q2066131,hôte,0.2343,adulte,0.182,activiste,0.1553
réduction à l'état laïc,Q1800765,fonctionnaire,0.246,relation publique,0.2278,traducteur,0.1488
prêtre catholique,Q250867,relation publique,0.321,ancêtre,0.296,psychologue,0.0789
personne,Q215627,fonctionnaire,0.1774,guerrier,0.0,traducteur,0.0
érudit du judaïsme,Q5121550,juré,0.1925,éditeur,0.1583,étudiant,0.1313
théoricien ou théoricienne de la littérature,Q15962340,musicien,0.4403,politicien,0.4394,technicien,0.3787
scientifique interdisciplinaire,Q17136179,partenaire,0.2925,fonctionnaire,0.2521,relation publique,0.217
militant ou militante politique,Q11499147,politicien,0.3756,consultant,0.1885,familier,0.1841
membre,Q9200127,mere,0.3958,mentor,0.193,père,0.1415
aviation medical examiner,Q1428506,relation publique,0.36,fonctionnaire,0.1204,familier,0.0903
gouverneur,Q132050,entrepreneur,0.3073,ouvrier,0.1168,acteur,0.099
assistant de recherche,Q5405633,consultant,0.2341,agent de,0.2332,assureur,0.1861
medical and pharmaceutical technicians,Q108289416,technicien,0.5655,pharmacien,0.4619,travailleur social,0.0695
pasteur,Q152002,acteur,0.3004,auteur,0.259,lecteur,0.2472
juriste,Q185351,secouriste,0.5493,juré,0.2839,activiste,0.2205
aventurier ou aventurière,Q2873500,ouvrier,0.2489,inventeur,0.2313,guerrier,0.184
chercheur ou chercheuse,Q1650915,archiviste,0.1748,ouvrier,0.1058,acteur,0.0897
scientifique,Q901,relation publique,0.3032,client,0.1961,musicien,0.1323
imam,Q125482,guerrier,0.0,traducteur,0.0,spectateur,0.0
aumônier militaire,Q918824,publicitaire,0.4253,notaire,0.3774,secrétaire,0.3
clerc musulman,Q105275968,musicien,0.3009,client,0.1137,manager,0.0836
sculpteur ou sculptrice,Q1281618,cultivateur / éleveur,0.2503,acteur,0.2065,auteur,0.178
graveur ou graveuse sur métal,Q329439,cultivateur / éleveur,0.1955,travailleur social,0.1337,assureur,0.0952
responsable,Q1251441,comptable,0.4035,consultant,0.0672,transporteur,0.0644
étudiant ou étudiante,Q48282,étudiant,0.9707,enfant,0.0641,aidant,0.0635
professeur de langues,Q30002353,investisseur,0.3257,précurseur,0.2268,agent de,0.2207
architecte logiciel,Q1548249,archiviste,0.4493,écologiste,0.1556,lecteur,0.1427
ingénieur système,Q1572123,inventeur,0.1847,inspecteur,0.1777,innovateur,0.1734
professionnel de l'informatique,Q5157565,informaticien,0.5363,réformateur,0.2806,relation publique,0.2111
manager,Q2462658,manager,1.0,agent de,0.0548,amant/e,0.0485
dessinateur ou dessinatrice,Q15296811,médiateur,0.2049,fondateur,0.203,spectateur,0.1911
auteur de bande dessinée,Q109517242,auteur,0.6653,agent de,0.2609,banquier,0.1399
maire,Q30185,notaire,0.4251,secrétaire,0.3379,partenaire,0.3343
conseiller municipal,Q708492,consultant,0.2844,travailleur social,0.1541,enseignant,0.1502
journaliste,Q1930187,journaliste,1.0,secouriste,0.1649,activiste,0.1505
producteur ou productrice de télévision,Q578109,producteur,0.8996,traducteur,0.2884,procureur,0.1455
célébrité d'internet,Q2045208,inventeur,0.1685,guide spirituel,0.1187,diplomate,0.0
vlogueur ou vlogueuse,Q4110598,psychologue,0.3816,joueur,0.2399,guerrier,0.0704
professionnel des médias,Q15980804,médiateur,0.5037,médecin,0.1538,procureur,0.1387
créateur ou créatrice de contenu,Q109459317,agent de,0.195,médiateur,0.1792,fondateur,0.1775
créateur ou créatrice numérique,Q111263847,relation publique,0.2451,médiateur,0.1919,fondateur,0.1901
posteur ou posteuse,Q111651501,acteur,0.2141,auteur,0.1846,lecteur,0.1762
vidéaste web,Q118371929,activiste,0.2919,archiviste,0.2648,secouriste,0.2636
travailleur manuel,Q33394058,travailleur social,0.7406,manager,0.12,traducteur,0.1112
juriste,Q185351,secouriste,0.5493,juré,0.2839,activiste,0.2205
consultant ou consultante,Q15978655,consultant,0.9775,enfant,0.056,aidant,0.0554
scientifique de l'esprit,Q16727193,agent de,0.2607,relation publique,0.2534,client,0.1639
médecin spécialiste,Q3332438,médecin,0.754,journaliste,0.3311,activiste,0.1411
scientifique médico-légal,Q15941468,médiateur,0.3206,relation publique,0.2243,médecin,0.1499
haut fonctionnaire ou haute fonctionnaire,Q599151,fonctionnaire,0.9719,partenaire,0.2101,notaire,0.1539
ministre,Q83307,ancêtre,0.3254,père,0.0949,mere,0.0949
conseiller ou conseillère fiscale,Q688576,consultant,0.3439,enseignant,0.1816,père,0.1178
travailleur ou travailleuse,Q327055,travailleur social,0.7999,traducteur,0.115,transporteur,0.0962
prédateur,Q29017578,fondateur,0.4825,médiateur,0.2406,précurseur,0.2333
chasseur-cueilleur,Q27443,travailleur social,0.3883,investisseur,0.2554,précurseur,0.1277
membre d'équipe de cinéma,Q17291399,agent de,0.2883,mere,0.169,citoyen,0.0902
biologiste,Q864503,écologiste,0.7881,activiste,0.2022,archiviste,0.1834
médecin,Q39631,médecin,1.0,médiateur,0.146,voisin,0.0457
craftsman,Q57260825,manager,0.2208,amant/e,0.2196,guerrier,0.0
joueur de billard,Q18544928,joueur,0.8714,agent de,0.1929,journaliste,0.1217
biographe,Q864380,cartographe,0.7031,philosophe,0.1283,guerrier,0.0
philologue,Q13418253,psychologue,0.4626,philosophe,0.3848,écologiste,0.115
management,Q2920921,manager,0.7147,agent de,0.1876,mentor,0.1728
évêque,Q29182,relation publique,0.2684,psychologue,0.0919,juré,0.0
head of a diocese,Q112074151,officier,0.169,diplomate,0.1491,guerrier,0.0
maire,Q30185,notaire,0.4251,secrétaire,0.3379,partenaire,0.3343
criminel ou criminelle,Q2159907,ouvrier,0.1278,bénévole,0.0935,comptable,0.0877
prisonnier ou prisonnière,Q1862087,père,0.2017,ouvrier,0.1557,fonctionnaire,0.1104
chanteur ou chanteuse,Q177220,inventeur,0.4251,acteur,0.1658,auteur,0.143
représentant,Q11997597,consultant,0.2832,entrepreneur,0.2071,enfant,0.1302
col blanc,Q255274,ancêtre,0.1428,écologiste,0.1218,comptable,0.102
éclairagiste,Q1823479,écologiste,0.5311,activiste,0.2775,archiviste,0.2517
court rank,Q19631939,secouriste,0.2626,transporteur,0.0896,comptable,0.0804
domestique,Q54128,relation publique,0.3069,investisseur,0.1898,syndiqué,0.0622
officiel du sport,Q15986539,officier,0.6998,transporteur,0.2483,policier,0.083
technicien ou technicienne,Q5352191,technicien,0.9852,musicien,0.2158,politicien,0.1923
dessinateur ou dessinatrice,Q15296811,médiateur,0.2049,fondateur,0.203,spectateur,0.1911
détective,Q842782,activiste,0.2618,défendeur,0.096,lecteur,0.0925
aquatic scientist,Q110974141,informaticien,0.2925,client,0.2138,politicien,0.1946
chef religieux,Q15995642,relation publique,0.2441,époux,0.1249,acteurs sociaux,0.0792
prétendant au trône,Q845929,aidant,0.3426,précurseur,0.1577,enfant,0.1156
géoscientifique,Q11424604,relation publique,0.3032,client,0.1961,musicien,0.1323
astronome,Q11063,assureur,0.2383,guerrier,0.0,frère/socur,0.0
cartographe,Q1734662,cartographe,1.0,philosophe,0.0902,partenaire,0.0318
député,Q1055894,défendeur,0.223,guerrier,0.0,législateur,0.0
Ōzumō,Q10937013,guerrier,0.0,traducteur,0.0,spectateur,0.0
entraîneur sportif,Q41583,entrepreneur,0.4025,transporteur,0.3451,spectateur,0.0793
docteur ès sciences,Q2628227,acteur,0.5095,lecteur,0.4192,inspecteur,0.3256
habilitation universitaire,Q308678,publicitaire,0.3847,notaire,0.3058,relation publique,0.2776
docteur ès sciences,Q2628227,acteur,0.5095,lecteur,0.4192,inspecteur,0.3256
docteur ès sciences,Q2628227,acteur,0.5095,lecteur,0.4192,inspecteur,0.3256
docteur ès sciences,Q2628227,acteur,0.5095,lecteur,0.4192,inspecteur,0.3256
docteur ès sciences,Q2628227,acteur,0.5095,lecteur,0.4192,inspecteur,0.3256
agent économique,Q1415187,agent de,0.6449,relation publique,0.2001,écologiste,0.1363
investisseur,Q557880,investisseur,1.0,inventeur,0.2358,précurseur,0.1194
vicaire,Q193364,notaire,0.4834,secrétaire,0.3842,partenaire,0.3802
head of a diocese,Q112074151,officier,0.169,diplomate,0.1491,guerrier,0.0
cardinal,Q45722,cartographe,0.2477,journaliste,0.0866,travailleur social,0.0706
évêque diocésain,Q1144278,relation publique,0.2115,diplomate,0.0987,voisin,0.0888
personne,Q215627,fonctionnaire,0.1774,guerrier,0.0,traducteur,0.0
professionnel des médias,Q15980804,médiateur,0.5037,médecin,0.1538,procureur,0.1387
medizinischer Sachverständiger,Q1916611,manager,0.2965,mere,0.1216,ouvrier,0.0975
athlète,Q2066131,hôte,0.2343,adulte,0.182,activiste,0.1553
lieutenant du roi,Q5263369,enseignant,0.2767,infirmier / soignant,0.2125,partenaire,0.2077
adjoint,Q3250324,adulte,0.1701,témoin,0.166,enfant,0.0814
professeur ou professeure de musique,Q2675537,investisseur,0.2976,procureur,0.2124,musicien,0.2118
pianiste,Q486748,activiste,0.3698,archiviste,0.3355,secouriste,0.3339
sculpteur ou sculptrice,Q1281618,cultivateur / éleveur,0.2503,acteur,0.2065,auteur,0.178
travailleur de la construction,Q811122,travailleur social,0.6331,consultant,0.1745,fonctionnaire,0.1419
commerçant,Q7501153,comptable,0.2522,consultant,0.2022,enfant,0.1789
ingénieur ou ingénieure,Q81096,inventeur,0.1874,inspecteur,0.1802,innovateur,0.1759
opticien-lunetier,Q1996635,politicien,0.4659,informaticien,0.4014,musicien,0.2977
artisan,Q1294787,archiviste,0.1227,investisseur,0.1106,partenaire,0.1022
monteur d'acier,Q15980591,inventeur,0.3348,policier,0.2851,officier,0.2733
artiste interprète,Q713200,archiviste,0.3324,activiste,0.2913,secouriste,0.263
agent de maintenance,Q63930359,agent de,0.8154,partenaire,0.1368,client,0.1149
balayeurs et manœuvres assimilés,Q108290805,acteurs sociaux,0.2343,assureur,0.1912,manager,0.172
technicien de surface,Q1760141,technicien,0.9259,musicien,0.2354,politicien,0.2098
accusation,Q19357312,relation publique,0.4415,fonctionnaire,0.1477,acteur,0.0867
procès,Q1301203,procureur,0.5275,producteur,0.2339,précurseur,0.0648
fonctionnaire,Q212238,fonctionnaire,1.0,partenaire,0.2162,notaire,0.1584
philologue,Q13418253,psychologue,0.4626,philosophe,0.3848,écologiste,0.115
expert interdisciplinaire d'une région géographique,Q17135920,cartographe,0.3087,relation publique,0.2519,partenaire,0.2264
plongeur,Q1866686,acteur,0.1682,diplomate,0.1671,cultivateur / éleveur,0.1472
athlète,Q2066131,hôte,0.2343,adulte,0.182,activiste,0.1553
artisan,Q1294787,archiviste,0.1227,investisseur,0.1106,partenaire,0.1022
critique,Q6430706,relation publique,0.3263,politicien,0.078,syndiqué,0.0661
theatre maker,Q79044120,ancêtre,0.285,manager,0.1824,mere,0.0831
arts journalism,Q1791760,journaliste,0.8344,joueur,0.1534,archiviste,0.044
chroniqueur ou chroniqueuse,Q1086863,joueur,0.3034,relation publique,0.2077,syndiqué,0.0842
editorial writer,Q122657794,éditeur,0.1885,travailleur social,0.1629,mentor,0.0905
constructeur automobile,Q786820,auteur,0.3532,traducteur,0.3273,producteur,0.3241
zoologiste des invertébrés,Q108614246,écologiste,0.669,inventeur,0.2485,investisseur,0.1943
médecin spécialiste,Q3332438,médecin,0.754,journaliste,0.3311,activiste,0.1411
géographe,Q901402,cartographe,0.7031,philosophe,0.1283,guerrier,0.0
dessinateur ou dessinatrice,Q15296811,médiateur,0.2049,fondateur,0.203,spectateur,0.1911
personne de la presse écrite,Q96050759,agent de,0.2432,guide spirituel,0.0973,écologiste,0.0949
conseiller ou conseillère de rédaction,Q876864,consultant,0.3034,enseignant,0.1603,fonctionnaire,0.1341
athlète,Q2066131,hôte,0.2343,adulte,0.182,activiste,0.1553
joueur professionnel ou joueuse professionnelle,Q18536342,joueur,0.75,procureur,0.1549,producteur,0.1546
vendeur ou vendeuse,Q685433,vendeur,0.9634,défendeur,0.4247,inventeur,0.0783
conseil municipal,Q701632,consultant,0.3192,enseignant,0.1686,technicien,0.1426
discipline académique,Q11862829,relation publique,0.3119,diplomate,0.1455,acteur,0.0901
occupation religieuse,Q63187345,relation publique,0.5367,fonctionnaire,0.1321,informaticien,0.0462
enseignant ou enseignante,Q37226,enseignant,0.9771,infirmier / soignant,0.2664,enfant,0.0992
patineur ou patineuse artistique,Q13219587,relation publique,0.2339,entrepreneur,0.1683,partenaire,0.1167
danseur ou danseuse,Q5716684,précurseur,0.1886,investisseur,0.1699,aidant,0.1262
volleyeur,Q15117302,pourvoyeur,0.2872,voisin,0.1015,travailleur social,0.0979
surfeur,Q13561328,assureur,0.3007,acteur,0.1682,cultivateur / éleveur,0.1472
profession,Q28640,procureur,0.2381,producteur,0.2375,relation publique,0.1975
vocaliste,Q2643890,journaliste,0.4978,activiste,0.2121,avocat,0.2115
être humain,Q5,ancêtre,0.519,témoin,0.0773,voisin,0.0773
théoricien ou théoricienne,Q18931911,musicien,0.5062,politicien,0.4511,technicien,0.4353
théoricien ou théoricienne du cinéma,Q4220878,musicien,0.4772,politicien,0.4253,technicien,0.4104
théoricien ou théoricienne,Q18931911,musicien,0.5062,politicien,0.4511,technicien,0.4353
critique d'art,Q4164507,relation publique,0.3099,politicien,0.074,syndiqué,0.0628
théoricien ou théoricienne de l'art,Q17391638,musicien,0.4565,politicien,0.4068,technicien,0.3925
ingénieur ou ingénieure en aéronautique,Q10497074,relation publique,0.2453,auteur,0.1499,inventeur,0.1207
commerçant,Q215536,comptable,0.2522,consultant,0.2022,enfant,0.1789
vendeur,Q104099828,vendeur,1.0,défendeur,0.4844,inventeur,0.0911
travailleur qualifié ou travailleuse qualifiée,Q2588761,travailleur social,0.7801,traducteur,0.1122,transporteur,0.0938
artisan,Q1294787,archiviste,0.1227,investisseur,0.1106,partenaire,0.1022
athlète,Q11513337,hôte,0.2343,adulte,0.182,activiste,0.1553
piéton,Q221488,relation publique,0.1594,guerrier,0.0,législateur,0.0
office,Q18173381,officier,0.7169,guerrier,0.0,législateur,0.0
processus planifié,Q104637332,procureur,0.4506,producteur,0.1998,allié,0.1061
intellectual activity,Q105606485,activiste,0.5913,lecteur,0.1955,acteur,0.1902
processus,Q3249551,procureur,0.4845,producteur,0.2148,assureur,0.0942
activité économique,Q8187769,activiste,0.5396,relation publique,0.2003,acteur,0.1736
psychothérapeute,Q1900167,psychologue,0.5841,auteur,0.0813,cartographe,0.0485
salle,Q180516,allié,0.1714,bénévole,0.1087,comptable,0.102
pédagogue,Q1231865,psychologue,0.4409,guerrier,0.0813,relation publique,0.0559
professionnel du cinéma,Q3406858,procureur,0.1898,producteur,0.1894,fonctionnaire,0.1753
historien ou historienne des religions,Q17488357,ouvrier,0.1501,relation publique,0.1373,musicien,0.1202
peintre,Q1028181,ancêtre,0.2667,entrepreneur,0.2507,mere,0.0778
journaliste,Q1930187,journaliste,1.0,secouriste,0.1649,activiste,0.1505
vulgarisateur ou vulgarisatrice scientifique,Q15143191,relation publique,0.2204,médiateur,0.1726,fondateur,0.171
écrivain ou écrivaine scientifique,Q3745071,relation publique,0.1901,client,0.1229,écologiste,0.0863
armée,Q8473,archiviste,0.1461,pharmacien,0.1446,guerrier,0.0
ingénieur des mines,Q18524075,agent de,0.186,inventeur,0.1847,inspecteur,0.1777
réalisateur ou réalisatrice,Q2526255,journaliste,0.2604,réformateur,0.2349,médiateur,0.1585
producteur ou productrice de cinéma,Q3282637,producteur,0.9238,traducteur,0.2962,procureur,0.1495
domaine agricole,Q3034376,bénévole,0.2572,agent de,0.1124,diplomate,0.0873
petite bourgeoisie,Q75617,voisin,0.343,éditeur,0.1203,secouriste,0.1077
chef religieux,Q15995642,relation publique,0.2441,époux,0.1249,acteurs sociaux,0.0792
administrateur,Q358832,médiateur,0.309,fondateur,0.3061,spectateur,0.2882
chanteur ou chanteuse,Q177220,inventeur,0.4251,acteur,0.1658,auteur,0.143
poète ou poétesse,Q49757,policier,0.1566,politicien,0.1356,pourvoyeur,0.1289
troubadour,Q186370,traducteur,0.1643,pourvoyeur,0.1475,transporteur,0.1374
médium,Q583271,médiateur,0.5589,médecin,0.2613,éditeur,0.0991
pouvoir,Q25107,pourvoyeur,0.2464,voisin,0.122,ouvrier,0.1171
tailleur ou tailleuse,Q242468,travailleur social,0.5171,notaire,0.0578,secrétaire,0.0459
musicologue,Q14915627,musicien,0.4529,psychologue,0.4298,écologiste,0.2347
ethnologue,Q1371378,psychologue,0.619,écologiste,0.1539,guerrier,0.0579
ethnographe,Q12347522,cartographe,0.7031,philosophe,0.1283,guerrier,0.0
folkloriste,Q3075052,secouriste,0.4897,activiste,0.2885,archiviste,0.2618
historien ou historienne,Q201788,ouvrier,0.1787,musicien,0.1431,mentor,0.1408
historien ou historienne des sciences,Q16063546,musicien,0.2146,politicien,0.1912,technicien,0.1845
historien ou historienne,Q201788,ouvrier,0.1787,musicien,0.1431,mentor,0.1408
athlète,Q2066131,hôte,0.2343,adulte,0.182,activiste,0.1553
tireur,Q109648129,assureur,0.3846,procureur,0.3663,acteur,0.1105
coordinateur,Q20481199,médiateur,0.3648,fondateur,0.3614,spectateur,0.3402
historien ou historienne,Q201788,ouvrier,0.1787,musicien,0.1431,mentor,0.1408
archéologue,Q3621491,psychologue,0.4993,archiviste,0.2991,écologiste,0.1241
historien ou historienne,Q201788,ouvrier,0.1787,musicien,0.1431,mentor,0.1408
scientifique des religions,Q19829980,relation publique,0.3949,client,0.1523,agent de,0.1125
historien ou historienne,Q201788,ouvrier,0.1787,musicien,0.1431,mentor,0.1408
économiste,Q188094,écologiste,0.4832,activiste,0.2853,archiviste,0.2588
historien ou historienne,Q201788,ouvrier,0.1787,musicien,0.1431,mentor,0.1408
historien local,Q1595570,musicien,0.1638,politicien,0.146,technicien,0.1409
historien ou historienne,Q201788,ouvrier,0.1787,musicien,0.1431,mentor,0.1408
écrivain ou écrivaine,Q36180,écologiste,0.1108,travailleur social,0.0853,cultivateur / éleveur,0.0847
artisan,Q1294787,archiviste,0.1227,investisseur,0.1106,partenaire,0.1022
artisan,Q1294787,archiviste,0.1227,investisseur,0.1106,partenaire,0.1022
forgeron ou forgeronne,Q1639825,manager,0.1306,fonctionnaire,0.1281,fondateur,0.1082
roller athlete,Q124020978,hôte,0.115,travailleur social,0.1137,adulte,0.0893
plongeur,Q1866686,acteur,0.1682,diplomate,0.1671,cultivateur / éleveur,0.1472
historien ou historienne,Q201788,ouvrier,0.1787,musicien,0.1431,mentor,0.1408
historien ou historienne,Q201788,ouvrier,0.1787,musicien,0.1431,mentor,0.1408
historien ou historienne,Q201788,ouvrier,0.1787,musicien,0.1431,mentor,0.1408
historien ou historienne,Q201788,ouvrier,0.1787,musicien,0.1431,mentor,0.1408
peintre,Q1028181,ancêtre,0.2667,entrepreneur,0.2507,mere,0.0778
peintre,Q1028181,ancêtre,0.2667,entrepreneur,0.2507,mere,0.0778
member of the Diet of Japan,Q28692897,officier,0.2205,mere,0.1086,mentor,0.0824
juge,Q16533,juré,0.3333,traducteur,0.0,spectateur,0.0
enseignant ou enseignante,Q37226,enseignant,0.9771,infirmier / soignant,0.2664,enfant,0.0992
travailleur qualifié,Q1391083,travailleur social,0.7884,traducteur,0.1184,transporteur,0.099
printing trades workers,Q108289668,traducteur,0.451,transporteur,0.159,travailleur social,0.1312
pratiquant de sports d'hiver,Q20965770,transporteur,0.296,agent de,0.2311,enfant,0.1066
joueur professionnel ou joueuse professionnelle,Q18536342,joueur,0.75,procureur,0.1549,producteur,0.1546
athlète,Q2066131,hôte,0.2343,adulte,0.182,activiste,0.1553
ministre,Q83307,ancêtre,0.3254,père,0.0949,mere,0.0949
athlète,Q2066131,hôte,0.2343,adulte,0.182,activiste,0.1553
joueur professionnel ou joueuse professionnelle,Q18536342,joueur,0.75,procureur,0.1549,producteur,0.1546
écrivain ou écrivaine,Q36180,écologiste,0.1108,travailleur social,0.0853,cultivateur / éleveur,0.0847
prêtre catholique,Q250867,relation publique,0.321,ancêtre,0.296,psychologue,0.0789
chanteur ou chanteuse,Q177220,inventeur,0.4251,acteur,0.1658,auteur,0.143
réalisateur ou réalisatrice,Q3455803,journaliste,0.2604,réformateur,0.2349,médiateur,0.1585
directeur ou directrice,Q1162163,lecteur,0.4729,inspecteur,0.3673,acteur,0.2853
utilisateur ou utilisatrice,Q278368,médiateur,0.2049,fondateur,0.203,spectateur,0.1911
modérateur ou modératrice de débat,Q16961937,agent de,0.2601,médiateur,0.2391,fondateur,0.2368
arbitre sportif ou arbitre sportive,Q202648,transporteur,0.3527,ancêtre,0.1699,archiviste,0.0635
officiel du sport,Q15986539,officier,0.6998,transporteur,0.2483,policier,0.083
firme,Q4830453,infirmier / soignant,0.273,guerrier,0.0,législateur,0.0
ministre,Q83307,ancêtre,0.3254,père,0.0949,mere,0.0949
président ou présidente,Q140686,précurseur,0.2403,inventeur,0.1614,client,0.145
fonction,Q4164871,fonctionnaire,0.671,relation publique,0.197,fondateur,0.1348
organisme,Q7239,guerrier,0.0,traducteur,0.0,spectateur,0.0
source,Q31464082,secouriste,0.1241,pourvoyeur,0.1239,journaliste,0.1169
artiste,Q483501,archiviste,0.3646,activiste,0.3108,secouriste,0.2806
producteur,Q13235160,producteur,1.0,traducteur,0.4194,acteur,0.2505
theatre maker,Q79044120,ancêtre,0.285,manager,0.1824,mere,0.0831
philologue classique,Q16267607,psychologue,0.4105,philosophe,0.3177,relation publique,0.1914
travailleur manuel,Q33394058,travailleur social,0.7406,manager,0.12,traducteur,0.1112
métiers du nettoyage,Q17173061,citoyen,0.118,agent de,0.1111,médiateur,0.0989
sénateur d'État,Q7603534,spectateur,0.3637,médiateur,0.2907,fondateur,0.2879
enseignant ou enseignante,Q37226,enseignant,0.9771,infirmier / soignant,0.2664,enfant,0.0992
associate director,Q20155512,acteurs sociaux,0.2198,mentor,0.1907,travailleur social,0.1871
travailleur qualifié ou travailleuse qualifiée,Q2588761,travailleur social,0.7801,traducteur,0.1122,transporteur,0.0938
athlète,Q2066131,hôte,0.2343,adulte,0.182,activiste,0.1553
joueur professionnel ou joueuse professionnelle,Q18536342,joueur,0.75,procureur,0.1549,producteur,0.1546
chef ou cheffe d'entreprise,Q2961975,entrepreneur,0.5717,ouvrier,0.0683,secouriste,0.0561
propriétaire d'équipe sportive,Q26837361,secrétaire,0.4032,notaire,0.3302,transporteur,0.2589
juge,Q16533,juré,0.3333,traducteur,0.0,spectateur,0.0
fonctionnaire,Q212238,fonctionnaire,1.0,partenaire,0.2162,notaire,0.1584
avocat ou avocate,Q40348,avocat,0.9493,diplomate,0.0554,ouvrier,0.0341
athlète,Q2066131,hôte,0.2343,adulte,0.182,activiste,0.1553
joueur professionnel ou joueuse professionnelle,Q18536342,joueur,0.75,procureur,0.1549,producteur,0.1546
procureur général,Q3368517,procureur,0.9521,assureur,0.2888,producteur,0.1464
firme,Q4830453,infirmier / soignant,0.273,guerrier,0.0,législateur,0.0
parlementaire,Q486839,notaire,0.4379,partenaire,0.3947,secrétaire,0.3481
musulman ou musulmane,Q47740,musicien,0.3223,manager,0.0895,amant/e,0.089
prédicateur,Q432386,médiateur,0.3324,fondateur,0.2561,précurseur,0.2508
prophète ou prophétesse,Q42857,procureur,0.2718,producteur,0.2712,philosophe,0.0972
maritime occupation,Q99547053,relation publique,0.3948,fonctionnaire,0.1321,manager,0.0717
fonction,Q4164871,fonctionnaire,0.671,relation publique,0.197,fondateur,0.1348
athlète,Q2066131,hôte,0.2343,adulte,0.182,activiste,0.1553
joueur professionnel ou joueuse professionnelle,Q18536342,joueur,0.75,procureur,0.1549,producteur,0.1546
journaliste free-lance,Q71472040,journaliste,0.9645,secouriste,0.159,activiste,0.1451
juge,Q16533,juré,0.3333,traducteur,0.0,spectateur,0.0
vocaliste,Q2643890,journaliste,0.4978,activiste,0.2121,avocat,0.2115
musicien ou musicienne,Q639669,musicien,0.9799,politicien,0.2255,technicien,0.2176
artistes créateurs ou créatrices et exécutants ou exécutantes,Q108289408,acteurs sociaux,0.2051,consultant,0.1672,précurseur,0.1049
maire,Q30185,notaire,0.4251,secrétaire,0.3379,partenaire,0.3343
Chief magistrate,Q5096992,écologiste,0.2228,archiviste,0.1595,diplomate,0.1529
religieux,Q4504549,relation publique,0.2441,époux,0.1249,acteurs sociaux,0.0792
ordinaire,Q1638918,partenaire,0.5009,fonctionnaire,0.4316,notaire,0.367
dirigeant,Q1097498,enfant,0.2209,aidant,0.2187,étudiant,0.1827
haut fonctionnaire ou haute fonctionnaire,Q599151,fonctionnaire,0.9719,partenaire,0.2101,notaire,0.1539
"sports, recreation and cultural centre managers",Q108290315,manager,0.5144,relation publique,0.2161,transporteur,0.1666
directeur ou directrice,Q1162163,lecteur,0.4729,inspecteur,0.3673,acteur,0.2853
theatre maker,Q79044120,ancêtre,0.285,manager,0.1824,mere,0.0831
trafiquant d'êtres humains,Q2239540,ancêtre,0.2358,traducteur,0.1728,transporteur,0.1445
ordre,Q657326,père,0.2366,mere,0.2366,notaire,0.1784
moine digambara,Q23068007,témoin,0.3909,diplomate,0.1054,guerrier,0.0
ingénieur ou ingénieure,Q81096,inventeur,0.1874,inspecteur,0.1802,innovateur,0.1759
histoire des sciences naturelles,Q56296765,notaire,0.155,musicien,0.1422,politicien,0.1267
Dienststellung,Q1221126,diplomate,0.1192,enseignant,0.116,client,0.0838
jeune femme,Q73273453,guerrier,0.0,traducteur,0.0,spectateur,0.0
socialite,Q512314,travailleur social,0.4387,acteurs sociaux,0.3653,journaliste,0.0765
soldat,Q4991371,avocat,0.1563,fondateur,0.145,acteurs sociaux,0.0818
rebelle,Q1125062,bénévole,0.1087,comptable,0.102,relation publique,0.0946
scientifique,Q901,relation publique,0.3032,client,0.1961,musicien,0.1323
ingénieur ou ingénieure,Q81096,inventeur,0.1874,inspecteur,0.1802,innovateur,0.1759
crop production worker,Q110002200,producteur,0.6608,fonctionnaire,0.1989,relation publique,0.1842
archimandrite,Q213159,archiviste,0.5576,éditeur,0.0782,manager,0.0576
guerrier,Q1250916,guerrier,1.0,ouvrier,0.2301,policier,0.0845
évêque catholique,Q611644,relation publique,0.4001,psychologue,0.1079,avocat,0.0563
chanteur ou chanteuse,Q177220,inventeur,0.4251,acteur,0.1658,auteur,0.143
concertiste,Q106750916,activiste,0.2705,archiviste,0.2454,secouriste,0.2442
chanteur classique,Q24841721,inventeur,0.2993,relation publique,0.2543,acteur,0.1477
pianiste,Q486748,activiste,0.3698,archiviste,0.3355,secouriste,0.3339
professeur ou professeure de musique,Q16145150,investisseur,0.2976,procureur,0.2124,musicien,0.2118
médecine,Q11190,médecin,0.9174,médiateur,0.1592,guerrier,0.0
sciences cliniques,Q113129019,client,0.3558,relation publique,0.1654,musicien,0.1444
vacher,Q5179781,ouvrier,0.1706,policier,0.17,manager,0.1647
court rank,Q19631939,secouriste,0.2626,transporteur,0.0896,comptable,0.0804
court appointment,Q1622925,mentor,0.2345,secouriste,0.193,client,0.1784
conducteur,Q352388,traducteur,0.5361,producteur,0.5309,acteur,0.3201
occupation religieuse,Q63187345,relation publique,0.5367,fonctionnaire,0.1321,informaticien,0.0462
chapelain,Q208762,voisin,0.1443,témoin,0.1443,médecin,0.1334
ésotérisme,Q131505,secouriste,0.2056,guerrier,0.0,législateur,0.0
occultisme,Q178934,cultivateur / éleveur,0.3465,adulte,0.0749,investisseur,0.0718
religion,Q9174,relation publique,0.385,fonctionnaire,0.0614,guerrier,0.0
fonctionnaire,Q16258947,fonctionnaire,1.0,partenaire,0.2162,notaire,0.1584
responsable,Q1251441,comptable,0.4035,consultant,0.0672,transporteur,0.0644
fonction,Q4164871,fonctionnaire,0.671,relation publique,0.197,fondateur,0.1348
syndicat,Q681615,syndiqué,0.5692,avocat,0.2236,guerrier,0.0
serveur,Q157195,cultivateur / éleveur,0.312,acteur,0.1009,auteur,0.0869
counter attendant,Q33417672,aidant,0.3758,consultant,0.1433,enfant,0.1268
chef ou cheffe de chœur,Q1076502,agent de,0.3836,ouvrier,0.1246,guide spirituel,0.0699
minorité sexuelle et de genre,Q589656,agent de,0.3477,guide spirituel,0.1589,secrétaire,0.0903
minorité de genre,Q11894636,agent de,0.4524,guide spirituel,0.1338,mere,0.0701
linguiste,Q14467526,activiste,0.3698,archiviste,0.3355,secouriste,0.3339
polyglotte,Q323081,policier,0.3535,politicien,0.3061,hôte,0.0944
aire protégée,Q473972,notaire,0.3421,secrétaire,0.2719,partenaire,0.2691
espace naturel,Q1286517,assureur,0.1183,procureur,0.1127,guide spirituel,0.0997
activité,Q1914636,activiste,0.7447,acteur,0.2396,acteurs sociaux,0.1239
travailleur ou travailleuse,Q327055,travailleur social,0.7999,traducteur,0.115,transporteur,0.0962
historien ou historienne,Q201788,ouvrier,0.1787,musicien,0.1431,mentor,0.1408
musicien ou musicienne,Q639669,musicien,0.9799,politicien,0.2255,technicien,0.2176
médecin,Q39631,médecin,1.0,médiateur,0.146,voisin,0.0457
homme,Q8441,guerrier,0.0,traducteur,0.0,spectateur,0.0
castrated creature,Q16516071,assureur,0.1066,procureur,0.1015,cartographe,0.0988
cardinal,Q45722,cartographe,0.2477,journaliste,0.0866,travailleur social,0.0706
fonction,Q4164871,fonctionnaire,0.671,relation publique,0.197,fondateur,0.1348
maître d’œuvre,Q1340643,ancêtre,0.2786,père,0.1352,mere,0.1352
musulman ou musulmane,Q47740,musicien,0.3223,manager,0.0895,amant/e,0.089
locomotion aquatique,Q3467704,relation publique,0.5308,fonctionnaire,0.1233,comptable,0.057
réalisateur ou réalisatrice,Q3455803,journaliste,0.2604,réformateur,0.2349,médiateur,0.1585
système mécanique,Q15297198,relation publique,0.3299,syndiqué,0.1468,médiateur,0.0738
appareil ménager,Q212920,manager,0.6298,agent de,0.0713,partenaire,0.0647
officer,Q61022630,officier,0.7352,ouvrier,0.0378,policier,0.0377
adjoint,Q3250324,adulte,0.1701,témoin,0.166,enfant,0.0814
entrepreneur ou entrepreneuse,Q131524,entrepreneur,0.9808,inventeur,0.0404,ancêtre,0.0385
statisticien ou statisticienne,Q2732142,politicien,0.4365,informaticien,0.4231,musicien,0.3061
insurance expert,Q1000156,inspecteur,0.2276,ancêtre,0.094,assureur,0.0932
histoire des religions,Q846742,relation publique,0.2152,fonctionnaire,0.1548,notaire,0.1514
théologie chrétienne,Q216545,écologiste,0.4257,psychologue,0.1748,secrétaire,0.0784
exploration,Q6502154,relation publique,0.435,fonctionnaire,0.1455,diplomate,0.069
space research,Q15706425,archiviste,0.2819,spectateur,0.0857,relation publique,0.0725
acteur ou actrice,Q33999,acteur,0.9123,acteurs sociaux,0.4389,activiste,0.2541
hobbyist,Q65720209,activiste,0.1748,archiviste,0.1586,secouriste,0.1578
dirigeant,Q1097498,enfant,0.2209,aidant,0.2187,étudiant,0.1827
haut fonctionnaire ou haute fonctionnaire,Q599151,fonctionnaire,0.9719,partenaire,0.2101,notaire,0.1539
parlementaire,Q486839,notaire,0.4379,partenaire,0.3947,secrétaire,0.3481
médecin généraliste,Q6500773,médecin,0.7896,journaliste,0.3467,activiste,0.1477
fonction,Q4164871,fonctionnaire,0.671,relation publique,0.197,fondateur,0.1348
juge,Q16533,juré,0.3333,traducteur,0.0,spectateur,0.0
membre d'une assemblée législative d'Inde,Q3526627,législateur,0.696,assureur,0.1368,mere,0.0864
conseiller ou conseillère de rédaction,Q876864,consultant,0.3034,enseignant,0.1603,fonctionnaire,0.1341
artiste visuel ou artiste visuelle,Q3391743,archiviste,0.3556,activiste,0.3172,secouriste,0.2301
inspecteur général,Q2305417,inspecteur,0.9513,lecteur,0.3528,spectateur,0.3132
composante d'un établissement d'enseignement,Q23005223,enseignant,0.4056,comptable,0.2706,mentor,0.2032
militant ou militante,Q15253558,consultant,0.2383,familier,0.2326,enfant,0.0938
chimiste,Q593644,archiviste,0.4339,activiste,0.3698,secouriste,0.3339
collectionneur de livres,Q28776412,fonctionnaire,0.3283,lecteur,0.2173,agent de,0.1708
directeur ou directrice,Q1162163,lecteur,0.4729,inspecteur,0.3673,acteur,0.2853
chercheur ou chercheuse,Q1650915,archiviste,0.1748,ouvrier,0.1058,acteur,0.0897
nom commercial,Q1417728,travailleur social,0.2822,comptable,0.1784,mere,0.1063
marque,Q431289,relation publique,0.2308,manager,0.1233,psychologue,0.079
propriétaire terrien,Q66495020,secrétaire,0.4049,notaire,0.3316,guerrier,0.3061
étoile,Q1929552,étudiant,0.1678,bénévole,0.1351,comptable,0.1268
ingénieur ou ingénieure,Q81096,inventeur,0.1874,inspecteur,0.1802,innovateur,0.1759
chief engineer,Q106366524,archiviste,0.1395,enfant,0.1352,enseignant,0.1009
chimiste,Q593644,archiviste,0.4339,activiste,0.3698,secouriste,0.3339
biologiste,Q864503,écologiste,0.7881,activiste,0.2022,archiviste,0.1834
géologue,Q520549,psychologue,0.619,écologiste,0.1539,guerrier,0.0579
gouverneur,Q132050,entrepreneur,0.3073,ouvrier,0.1168,acteur,0.099
monarque,Q116,relation publique,0.2684,psychologue,0.0919,juré,0.0
explorateur ou exploratrice,Q11900058,médiateur,0.2514,fondateur,0.249,spectateur,0.2344
colonisation,Q815962,relation publique,0.3836,écologiste,0.1679,fonctionnaire,0.1283
correspondant local de presse,Q1155838,aidant,0.2981,agent de,0.218,fondateur,0.1748
calligraphe,Q3303330,cartographe,0.5863,allié,0.2199,philosophe,0.1241
athlète,Q2066131,hôte,0.2343,adulte,0.182,activiste,0.1553
personnalité du monde de la mode,Q27943370,agent de,0.2857,journaliste,0.1356,fonctionnaire,0.1242
chapelier,Q1639239,familier,0.472,ouvrier,0.1766,policier,0.176
sénateur d'État,Q7603534,spectateur,0.3637,médiateur,0.2907,fondateur,0.2879
patineur ou patineuse sur glace,Q9394993,entrepreneur,0.2159,assureur,0.1048,partenaire,0.1013
directeur sportif,Q1130252,lecteur,0.4339,transporteur,0.3829,inspecteur,0.337
artiste des nouveaux médias,Q7016454,médiateur,0.4393,archiviste,0.2024,activiste,0.1725
cinéaste,Q1414443,activiste,0.196,archiviste,0.1779,secouriste,0.177
musicien de rue,Q14948018,musicien,0.907,politicien,0.239,technicien,0.2306
designer,Q5322166,agent de,0.179,infirmier / soignant,0.1351,enseignant,0.1131
ordinaire,Q1638918,partenaire,0.5009,fonctionnaire,0.4316,notaire,0.367
chancelier,Q5070767,familier,0.4251,ouvrier,0.1591,policier,0.1585
personnalité du monde des affaires,Q43845,fonctionnaire,0.2398,journaliste,0.1648,agent de,0.1413
commerçant,Q215536,comptable,0.2522,consultant,0.2022,enfant,0.1789
ombudsman,Q169180,manager,0.2208,amant/e,0.2196,guerrier,0.0
professionnel de l'information,Q1662485,informaticien,0.508,réformateur,0.2658,relation publique,0.25
personnel de la bibliothèque,Q118248036,agent de,0.264,relation publique,0.2006,guide spirituel,0.1056
musicien d'église,Q355493,musicien,0.9719,politicien,0.256,technicien,0.2471
musicien ou musicienne,Q639669,musicien,0.9799,politicien,0.2255,technicien,0.2176
étudiant ou étudiante à l'université,Q315247,étudiant,0.9707,enfant,0.0641,aidant,0.0635
médecin spécialiste,Q3332438,médecin,0.754,journaliste,0.3311,activiste,0.1411
évêque,Q29182,relation publique,0.2684,psychologue,0.0919,juré,0.0
Eastern Christian,Q118108768,secouriste,0.2872,activiste,0.1179,archiviste,0.107
artiste visuel ou artiste visuelle,Q3391743,archiviste,0.3556,activiste,0.3172,secouriste,0.2301
peintre,Q1028181,ancêtre,0.2667,entrepreneur,0.2507,mere,0.0778
producteur ou productrice artistique,Q47541952,producteur,0.8896,traducteur,0.2852,procureur,0.1439
manager,Q2462658,manager,1.0,agent de,0.0548,amant/e,0.0485
musicien ou musicienne,Q639669,musicien,0.9799,politicien,0.2255,technicien,0.2176
instrumentiste,Q1278335,activiste,0.2515,archiviste,0.2281,secouriste,0.2271
profession,Q28640,procureur,0.2381,producteur,0.2375,relation publique,0.1975
programme informatique,Q40056,informaticien,0.6294,réformateur,0.2867,relation publique,0.1912
implémentation d'un langage de programmation,Q4117406,relation publique,0.3848,agent de,0.1674,fonctionnaire,0.1287
chef d'État,Q48352,avocat,0.1491,spectateur,0.1302,secrétaire,0.1201
dresseur,Q8011071,investisseur,0.46,précurseur,0.2595,acteur,0.0859
artiste de cirque,Q17307272,archiviste,0.2535,activiste,0.2161,agent de,0.2143
géologue,Q520549,psychologue,0.619,écologiste,0.1539,guerrier,0.0579
média oral,Q17584038,médiateur,0.6527,médecin,0.1993,éditeur,0.0756
activité,Q1914636,activiste,0.7447,acteur,0.2396,acteurs sociaux,0.1239
expert,Q381160,guerrier,0.0,traducteur,0.0,spectateur,0.0
organe,Q895526,guerrier,0.0,traducteur,0.0,spectateur,0.0
ingénieur logiciel,Q1709010,écologiste,0.2281,informaticien,0.1516,policier,0.1504
software and applications developers and analysts,Q108289400,relation publique,0.1761,ancêtre,0.1723,fonctionnaire,0.1091
résistant ou résistante,Q1397808,consultant,0.3065,enfant,0.1207,aidant,0.1195
sculpteur ou sculptrice,Q1281618,cultivateur / éleveur,0.2503,acteur,0.2065,auteur,0.178
grand maître,Q622601,ancêtre,0.2402,manager,0.1049,transporteur,0.0831
responsable,Q1251441,comptable,0.4035,consultant,0.0672,transporteur,0.0644
évêque,Q29182,relation publique,0.2684,psychologue,0.0919,juré,0.0
militaire,Q47064,publicitaire,0.465,notaire,0.4127,secrétaire,0.328
ordinaire militaire,Q1431647,notaire,0.4683,publicitaire,0.458,partenaire,0.3816
agriculteur ou agricultrice,Q131512,cultivateur / éleveur,0.2678,adulte,0.2096,agent de,0.1234
propriétaire terrien,Q1549283,secrétaire,0.4049,notaire,0.3316,guerrier,0.3061
mission diplomatique,Q213283,diplomate,0.6933,relation publique,0.2762,informaticien,0.0885
expert interdisciplinaire d'une région géographique,Q17135920,cartographe,0.3087,relation publique,0.2519,partenaire,0.2264
géographe,Q901402,cartographe,0.7031,philosophe,0.1283,guerrier,0.0
artisan,Q1294787,archiviste,0.1227,investisseur,0.1106,partenaire,0.1022
verrier,Q2865798,guerrier,0.6972,ouvrier,0.3,policier,0.1102
peintre décorateur,Q1183704,médiateur,0.233,fondateur,0.2308,spectateur,0.2173
joueur professionnel ou joueuse professionnelle,Q18536342,joueur,0.75,procureur,0.1549,producteur,0.1546
athlète,Q2066131,hôte,0.2343,adulte,0.182,activiste,0.1553
clerc musulman,Q105275968,musicien,0.3009,client,0.1137,manager,0.0836
Shia Muslim,Q71986641,musicien,0.4196,guerrier,0.0,frère/socur,0.0
attaché militaire,Q302691,publicitaire,0.465,notaire,0.4127,secrétaire,0.328
Self-Defense Official,Q11613014,officier,0.5836,travailleur social,0.1958,enseignant,0.1307
transportation worker,Q91143339,transporteur,0.7013,relation publique,0.2435,traducteur,0.0915
receveur des finances,Q1139055,cultivateur / éleveur,0.3491,agent de,0.0841,ancêtre,0.0745
gouverneur,Q132050,entrepreneur,0.3073,ouvrier,0.1168,acteur,0.099
artiste visuel ou artiste visuelle,Q3391743,archiviste,0.3556,activiste,0.3172,secouriste,0.2301
militant social,Q8359428,travailleur social,0.4401,acteurs sociaux,0.2838,consultant,0.1884
défenseur des droits de l'Homme,Q1476215,défendeur,0.4674,agent de,0.2277,précurseur,0.14
athlète,Q11513337,hôte,0.2343,adulte,0.182,activiste,0.1553
membre de l'Assemblée fédérale suisse,Q18515554,agent de,0.2226,investisseur,0.2153,mere,0.1305
criminel ou criminelle,Q2159907,ouvrier,0.1278,bénévole,0.0935,comptable,0.0877
artiste,Q483501,archiviste,0.3646,activiste,0.3108,secouriste,0.2806
mammalogiste,Q16831394,écologiste,0.6854,activiste,0.2147,archiviste,0.1948
joueur professionnel ou joueuse professionnelle,Q18536342,joueur,0.75,procureur,0.1549,producteur,0.1546
érudit,Q20826540,éditeur,0.1939,étudiant,0.1608,traducteur,0.0
personne,Q215627,fonctionnaire,0.1774,guerrier,0.0,traducteur,0.0
professionnel ou professionnelle de la santé,Q11974939,procureur,0.2055,producteur,0.205,fonctionnaire,0.1898
gynécologie obstétrique,Q80015,écologiste,0.5697,relation publique,0.2181,psychologue,0.1493
homme ou femme forte,Q7623231,transporteur,0.222,ouvrier,0.1024,fondateur,0.0819
South Asianist,Q105397736,assureur,0.1309,étudiant,0.1248,acteurs sociaux,0.0742
ingénieur ou ingénieure,Q81096,inventeur,0.1874,inspecteur,0.1802,innovateur,0.1759
écrivain ou écrivaine scientifique,Q3745071,relation publique,0.1901,client,0.1229,écologiste,0.0863
promoteur,Q2378505,producteur,0.4451,procureur,0.3455,acteur,0.267
athlète,Q11513337,hôte,0.2343,adulte,0.182,activiste,0.1553
professionnel ou professionnelle,Q702269,procureur,0.2189,producteur,0.2184,fonctionnaire,0.2022
personne,Q215627,fonctionnaire,0.1774,guerrier,0.0,traducteur,0.0
joueur ou joueuse,Q4197743,joueur,0.9533,journaliste,0.1563,ouvrier,0.0403
philosophe,Q4964182,philosophe,1.0,cartographe,0.0902,pharmacien,0.0333
joueur professionnel ou joueuse professionnelle,Q18536342,joueur,0.75,procureur,0.1549,producteur,0.1546
humoriste,Q245068,secouriste,0.5207,activiste,0.3067,archiviste,0.2783
animateur ou animatrice,Q13590141,réformateur,0.3718,médiateur,0.1988,fondateur,0.1969
performeur,Q10774753,réformateur,0.3747,informaticien,0.2649,acteur,0.1205
biologiste,Q864503,écologiste,0.7881,activiste,0.2022,archiviste,0.1834
instrumentiste,Q1278335,activiste,0.2515,archiviste,0.2281,secouriste,0.2271
personnage légendaire,Q13002315,fonctionnaire,0.2929,notaire,0.2299,secrétaire,0.1827
personnage littéraire,Q3658341,fonctionnaire,0.3553,notaire,0.2789,secrétaire,0.2217
management,Q2920921,manager,0.7147,agent de,0.1876,mentor,0.1728
arbitre sportif ou arbitre sportive,Q202648,transporteur,0.3527,ancêtre,0.1699,archiviste,0.0635
athlète,Q2066131,hôte,0.2343,adulte,0.182,activiste,0.1553
propriétaire de biens,Q12794619,secrétaire,0.4561,notaire,0.3735,publicitaire,0.274
croyant ou croyante,Q17573152,enfant,0.2356,aidant,0.2332,étudiant,0.1948
scientifique des matériaux,Q21329070,acteurs sociaux,0.2591,relation publique,0.2164,client,0.1399
métallurgiste,Q18576582,écologiste,0.4253,activiste,0.2577,archiviste,0.2338
personne du monde du divertissement,Q138858,investisseur,0.2929,agent de,0.1939,mentor,0.1786
mannequin,Q4610556,manager,0.3207,banquier,0.1061,amant/e,0.094
compétiteur,Q5165152,éditeur,0.3814,comptable,0.3737,acteur,0.1636
noble,Q16744001,comptable,0.2976,notaire,0.1337,bénévole,0.0935
célébrité,Q211236,guide spirituel,0.1678,traducteur,0.0,spectateur,0.0
héros,Q162244,guerrier,0.0,traducteur,0.0,spectateur,0.0
physiologie,Q521,écologiste,0.4487,psychologue,0.1843,pharmacien,0.0679
botanique,Q441,relation publique,0.3263,notaire,0.0945,consultant,0.0721
chef religieux islamique,Q2911636,relation publique,0.376,législateur,0.168,époux,0.0666
conseiller juridique,Q2135469,consultant,0.2381,juré,0.2042,relation publique,0.1846
économiste,Q188094,écologiste,0.4832,activiste,0.2853,archiviste,0.2588
officier subalterne,Q1156796,officier,0.9726,policier,0.3193,musicien,0.0867
travail,Q192581,travailleur social,0.5949,traducteur,0.1327,transporteur,0.111
designer,Q5322166,agent de,0.179,infirmier / soignant,0.1351,enseignant,0.1131
artiste visuel ou artiste visuelle,Q3391743,archiviste,0.3556,activiste,0.3172,secouriste,0.2301
body artist,Q111363164,archiviste,0.1774,investisseur,0.1007,partenaire,0.093
fabricant de jouets,Q2310380,joueur,0.4807,agent de,0.2721,journaliste,0.1475
skieur ou skieuse,Q4270517,ouvrier,0.1983,acteur,0.1682,cultivateur / éleveur,0.1472
habitant,Q22947,consultant,0.3835,enfant,0.1763,aidant,0.1745
statut légal,Q2628882,législateur,0.2762,spectateur,0.1008,travailleur social,0.0706
collectionneur scientifique,Q98544732,fonctionnaire,0.2882,relation publique,0.2537,lecteur,0.1907
zoological collector,Q109120509,écologiste,0.3439,lecteur,0.2074,mentor,0.2035
soldat,Q4991371,avocat,0.1563,fondateur,0.145,acteurs sociaux,0.0818
claviériste,Q1075651,secouriste,0.4843,activiste,0.2853,archiviste,0.2588
instrumentiste,Q1278335,activiste,0.2515,archiviste,0.2281,secouriste,0.2271
nursing professional,Q108290334,procureur,0.2049,producteur,0.2044,précurseur,0.1216
poète ou poétesse,Q49757,policier,0.1566,politicien,0.1356,pourvoyeur,0.1289
auteur-compositeur-interprète ou autrice-compositrice-interprète,Q488205,auteur,0.6386,éditeur,0.1898,comptable,0.1882
musicien ou musicienne,Q639669,musicien,0.9799,politicien,0.2255,technicien,0.2176
chanteur ou chanteuse,Q177220,inventeur,0.4251,acteur,0.1658,auteur,0.143
spécialiste de l'Asie de l'Est,Q84505214,journaliste,0.3615,agent de,0.3054,activiste,0.154
peintre,Q1028181,ancêtre,0.2667,entrepreneur,0.2507,mere,0.0778
artiste visuel ou artiste visuelle,Q3391743,archiviste,0.3556,activiste,0.3172,secouriste,0.2301
mathématicien ou mathématicienne,Q170790,informaticien,0.6181,politicien,0.3695,musicien,0.2591
fondeur ou fondeuse,Q13382608,fondateur,0.4623,vendeur,0.3613,défendeur,0.3009
orienteur ou orienteuse,Q13581129,inventeur,0.5011,client,0.2061,ouvrier,0.1178
nageur ou nageuse,Q10843402,manager,0.3809,agent de,0.1262,ouvrier,0.0696
intermédiaire,Q1666223,médiateur,0.4118,notaire,0.276,secrétaire,0.2194
athlète,Q2066131,hôte,0.2343,adulte,0.182,activiste,0.1553
joueur professionnel ou joueuse professionnelle,Q18536342,joueur,0.75,procureur,0.1549,producteur,0.1546
animateur ou animatrice de télévision,Q947873,réformateur,0.2876,agent de,0.1673,médiateur,0.1538
animateur ou animatrice de radio,Q2722764,réformateur,0.3258,agent de,0.1895,médiateur,0.1742
soldat de carrière,Q829064,père,0.2318,agent de,0.2236,cartographe,0.1608
politique économique,Q582577,politicien,0.3841,relation publique,0.2948,policier,0.1995
athlète,Q2066131,hôte,0.2343,adulte,0.182,activiste,0.1553
joueur professionnel ou joueuse professionnelle,Q18536342,joueur,0.75,procureur,0.1549,producteur,0.1546
coursier,Q848466,secouriste,0.2317,ouvrier,0.1512,policier,0.1507
salarié,Q703534,allié,0.2887,guerrier,0.0,législateur,0.0
patineur ou patineuse sur glace,Q9394993,entrepreneur,0.2159,assureur,0.1048,partenaire,0.1013
joueur professionnel ou joueuse professionnelle,Q18536342,joueur,0.75,procureur,0.1549,producteur,0.1546
peintre de vases,Q15301511,agent de,0.2883,ancêtre,0.207,entrepreneur,0.1946
témoin,Q196939,témoin,1.0,voisin,0.0494,médecin,0.0457
nageur ou nageuse,Q10843402,manager,0.3809,agent de,0.1262,ouvrier,0.0696
expert médiatique,Q6386271,médiateur,0.6427,relation publique,0.2466,médecin,0.1436
instrumentiste,Q1278335,activiste,0.2515,archiviste,0.2281,secouriste,0.2271
claviériste,Q1075651,secouriste,0.4843,activiste,0.2853,archiviste,0.2588
percussionniste,Q4351403,activiste,0.3108,archiviste,0.2819,secouriste,0.2806
migration humaine,Q177626,relation publique,0.435,fonctionnaire,0.1455,cartographe,0.0604
estampe,Q271588,investisseur,0.1863,guerrier,0.0,législateur,0.0
estampe,Q11060274,investisseur,0.1863,guerrier,0.0,législateur,0.0
industrie,Q8148,ouvrier,0.1783,guerrier,0.165,inventeur,0.1097
presse typographique,Q144334,cartographe,0.3873,relation publique,0.2107,philosophe,0.0454
commerçant,Q7501153,comptable,0.2522,consultant,0.2022,enfant,0.1789
trader,Q3704253,traducteur,0.4989,transporteur,0.1758,travailleur social,0.1452
réfugié,Q131572,réformateur,0.3193,allié,0.1443,guerrier,0.0
scientifique,Q901,relation publique,0.3032,client,0.1961,musicien,0.1323
chercheur ou chercheuse en sciences sociales,Q15319501,travailleur social,0.3971,acteurs sociaux,0.321,musicien,0.1212
spécialistes des sciences sociales et du clergé,Q108289406,travailleur social,0.3726,acteurs sociaux,0.2711,journaliste,0.2701
costumier ou costumière,Q1323191,père,0.2396,infirmier / soignant,0.2111,ouvrier,0.185
rôliste,Q65408013,journaliste,0.4905,activiste,0.3067,archiviste,0.2783
critique,Q6430706,relation publique,0.3263,politicien,0.078,syndiqué,0.0661
assistante administrative,Q4683453,assureur,0.2005,activiste,0.1583,consultant,0.14
chef de gouvernement,Q2285706,agent de,0.4617,mentor,0.2453,client,0.1867
vizir,Q175240,guerrier,0.0,traducteur,0.0,spectateur,0.0
biographe,Q864380,cartographe,0.7031,philosophe,0.1283,guerrier,0.0
joueur ou joueuse de tennis,Q10833314,joueur,0.8987,journaliste,0.1474,agent de,0.1168
para-athlete,Q114414171,partenaire,0.3318,hôte,0.0858,adulte,0.0667
speculative/fantastic fiction writer,Q108710753,relation publique,0.2557,spectateur,0.2363,fonctionnaire,0.1859
personnalité de la science-fiction,Q28225718,fonctionnaire,0.3245,relation publique,0.1924,agent de,0.1688
action,Q1762165,activiste,0.323,fonctionnaire,0.2678,relation publique,0.248
film,Q11424,guerrier,0.0,traducteur,0.0,spectateur,0.0
professionnel des médias,Q15980804,médiateur,0.5037,médecin,0.1538,procureur,0.1387
célébrité,Q211236,guide spirituel,0.1678,traducteur,0.0,spectateur,0.0
anarchisme,Q6199,archiviste,0.4383,manager,0.0854,ancêtre,0.085
communisme,Q6186,comptable,0.3461,consultant,0.0991,guerrier,0.0
follower,Q116112084,fondateur,0.1755,fonctionnaire,0.13,ouvrier,0.102
gardien du feu,Q5451875,musicien,0.313,politicien,0.279,technicien,0.2692
religieux,Q4504549,relation publique,0.2441,époux,0.1249,acteurs sociaux,0.0792
prêtresse romaine,Q63974739,ancêtre,0.289,diplomate,0.0894,investisseur,0.079
concepteur ou conceptrice de jeu,Q3630699,consultant,0.2493,agent de,0.1695,acteur,0.1155
être humain féminin,Q84048852,ancêtre,0.4447,témoin,0.1324,voisin,0.1324
conjoint,Q1196129,consultant,0.3179,témoin,0.1257,comptable,0.0828
political thought,Q11499141,politicien,0.7728,policier,0.3186,travailleur social,0.0411
clerc musulman,Q105275968,musicien,0.3009,client,0.1137,manager,0.0836
juriste,Q185351,secouriste,0.5493,juré,0.2839,activiste,0.2205
designer,Q5322166,agent de,0.179,infirmier / soignant,0.1351,enseignant,0.1131
philologue classique,Q16267607,psychologue,0.4105,philosophe,0.3177,relation publique,0.1914
athlète,Q2066131,hôte,0.2343,adulte,0.182,activiste,0.1553
joueur professionnel ou joueuse professionnelle,Q18536342,joueur,0.75,procureur,0.1549,producteur,0.1546
pseudo-scientifique,Q22082749,relation publique,0.276,client,0.1785,musicien,0.1205
pirate en sécurité informatique,Q2798820,informaticien,0.6123,réformateur,0.2882,relation publique,0.1807
militaire,Q47064,publicitaire,0.465,notaire,0.4127,secrétaire,0.328
officer,Q61022630,officier,0.7352,ouvrier,0.0378,policier,0.0377
soldat,Q4991371,avocat,0.1563,fondateur,0.145,acteurs sociaux,0.0818
philosophe,Q4964182,philosophe,1.0,cartographe,0.0902,pharmacien,0.0333
philosophe,Q4964182,philosophe,1.0,cartographe,0.0902,pharmacien,0.0333
philosophe,Q4964182,philosophe,1.0,cartographe,0.0902,pharmacien,0.0333
scientifique,Q901,relation publique,0.3032,client,0.1961,musicien,0.1323
universitaire,Q3400985,publicitaire,0.5629,notaire,0.4995,secrétaire,0.397
cardiopathie,Q190805,cartographe,0.3197,guerrier,0.0,législateur,0.0
signe clinique,Q1441305,relation publique,0.2931,client,0.2671,syndiqué,0.0594
finding of cardiac rhythm,Q44492082,cartographe,0.2293,officier,0.0989,syndiqué,0.0907
symptôme cardio-vasculaire,Q102186826,notaire,0.291,secrétaire,0.2313,partenaire,0.2289
mathématicien ou mathématicienne,Q170790,informaticien,0.6181,politicien,0.3695,musicien,0.2591
mémorialiste,Q11774156,journaliste,0.5209,activiste,0.2219,archiviste,0.2013
magistrat romain,Q20778343,écologiste,0.1897,avocat,0.0984,manager,0.0921
théologien ou théologienne,Q1234713,écologiste,0.4405,psychologue,0.181,musicien,0.1043
juriste,Q185351,secouriste,0.5493,juré,0.2839,activiste,0.2205
clerc musulman,Q105275968,musicien,0.3009,client,0.1137,manager,0.0836
membre d'une assemblée nobiliaire,Q110315045,notaire,0.374,secrétaire,0.2363,partenaire,0.2338
travailleur forestier,Q12335817,travailleur social,0.7372,investisseur,0.1166,traducteur,0.1107
sciences cliniques,Q113129019,client,0.3558,relation publique,0.1654,musicien,0.1444
science de la santé,Q843601,agent de,0.3456,musicien,0.1771,politicien,0.1578
sénateur ou sénatrice,Q15686806,médiateur,0.3571,fondateur,0.3538,spectateur,0.333
capitaine de navire,Q849424,publicitaire,0.293,agent de,0.2688,notaire,0.2167
croyant ou croyante,Q17573152,enfant,0.2356,aidant,0.2332,étudiant,0.1948
personne,Q215627,fonctionnaire,0.1774,guerrier,0.0,traducteur,0.0
archevêque,Q49476,archiviste,0.4171,relation publique,0.152,psychologue,0.0521
infanterie,Q29171,enfant,0.4893,infirmier / soignant,0.1383,informaticien,0.1332
unité d'infanterie de marine,Q10408306,enfant,0.4363,agent de,0.2222,manager,0.0697
arme,Q781132,archiviste,0.1461,pharmacien,0.1446,guerrier,0.0
thérapeute,Q2419397,auteur,0.1969,cartographe,0.1176,hôte,0.1017
professionnel ou professionnelle de la santé mentale,Q6817473,mentor,0.2379,procureur,0.1815,producteur,0.181
psychiatre,Q211346,psychologue,0.4569,ancêtre,0.1517,médiateur,0.0663
psychologue,Q212980,psychologue,1.0,écologiste,0.0952,guerrier,0.0358
personnalité du monde des affaires,Q43845,fonctionnaire,0.2398,journaliste,0.1648,agent de,0.1413
publicitaire,Q10355417,publicitaire,1.0,notaire,0.2812,relation publique,0.2302
activités de fabrication,Q187939,activiste,0.4984,relation publique,0.2721,acteur,0.1603
technicien ou technicienne,Q5352191,technicien,0.9852,musicien,0.2158,politicien,0.1923
ingénieur ou ingénieure,Q81096,inventeur,0.1874,inspecteur,0.1802,innovateur,0.1759
engineering professionals (excluding electrotechnology),Q108289381,technicien,0.3014,lecteur,0.1941,procureur,0.1314
ontologiste,Q16743936,écologiste,0.7627,activiste,0.1957,archiviste,0.1775
biologiste,Q864503,écologiste,0.7881,activiste,0.2022,archiviste,0.1834
professionnel ou professionnelle de la santé,Q11974939,procureur,0.2055,producteur,0.205,fonctionnaire,0.1898
science technician,Q2399383,technicien,0.8704,musicien,0.1126,politicien,0.1003
officier subalterne,Q1156796,officier,0.9726,policier,0.3193,musicien,0.0867
activité,Q1914636,activiste,0.7447,acteur,0.2396,acteurs sociaux,0.1239
religieux,Q4504549,relation publique,0.2441,époux,0.1249,acteurs sociaux,0.0792
sport de l'esprit,Q1188693,transporteur,0.3514,agent de,0.2357,guide spirituel,0.1372
échecs,Q718,écologiste,0.2052,législateur,0.0,diplomate,0.0
professeur ou professeure d'université,Q1622272,investisseur,0.3578,procureur,0.2553,précurseur,0.2326
artiste,Q483501,archiviste,0.3646,activiste,0.3108,secouriste,0.2806
auteur ou autrice de bande dessinée,Q715301,auteur,0.7176,agent de,0.2187,banquier,0.1172
physicien ou physicienne,Q169470,musicien,0.6213,politicien,0.3222,technicien,0.3109
médecin,Q39631,médecin,1.0,médiateur,0.146,voisin,0.0457
technologue,Q12376667,psychologue,0.4607,technicien,0.4174,écologiste,0.1145
auxiliaire de santé,Q55071047,notaire,0.2859,agent de,0.2467,secrétaire,0.2273
cavalerie légère,Q912949,père,0.2799,législateur,0.2165,ouvrier,0.0733
maison d'édition,Q2085381,relation publique,0.2839,éditeur,0.2129,fonctionnaire,0.1218
firme,Q4830453,infirmier / soignant,0.273,guerrier,0.0,législateur,0.0
organisation musicale,Q32178211,musicien,0.5114,relation publique,0.3119,fonctionnaire,0.1043
religieux,Q4504549,relation publique,0.2441,époux,0.1249,acteurs sociaux,0.0792
religious personnel,Q69944008,relation publique,0.2138,fonctionnaire,0.0793,guide spirituel,0.0751
pédiatre,Q1919436,médiateur,0.4857,ancêtre,0.1959,éditeur,0.0812
médecin spécialiste,Q3332438,médecin,0.754,journaliste,0.3311,activiste,0.1411
joueur de football américain ou de football canadien,Q14128148,joueur,0.5704,agent de,0.2526,allié,0.0947
stylo,Q165447,guerrier,0.0,traducteur,0.0,spectateur,0.0
critique,Q6430706,relation publique,0.3263,politicien,0.078,syndiqué,0.0661
artiste visuel ou artiste visuelle,Q3391743,archiviste,0.3556,activiste,0.3172,secouriste,0.2301
ouvrier,Q12713481,ouvrier,1.0,guerrier,0.2301,policier,0.0913
field crop and vegetable growers,Q108290536,comptable,0.5279,vendeur,0.0778,ancêtre,0.0699
"manœuvres de l’agriculture, de la pêche et de la sylviculture",Q108289052,agent de,0.3409,cultivateur / éleveur,0.1264,manager,0.1011
prisonnier ou prisonnière,Q1862087,père,0.2017,ouvrier,0.1557,fonctionnaire,0.1104
kidnapping victim,Q73168492,activiste,0.2082,fonctionnaire,0.1622,guerrier,0.0
victime de crimes,Q10436169,agent de,0.4019,activiste,0.0993,fonctionnaire,0.0774
médecin spécialiste,Q3332438,médecin,0.754,journaliste,0.3311,activiste,0.1411
médecin interniste,Q15924224,médecin,0.8814,activiste,0.1649,archiviste,0.1496
prisonnier ou prisonnière,Q1862087,père,0.2017,ouvrier,0.1557,fonctionnaire,0.1104
statut légal,Q2628882,législateur,0.2762,spectateur,0.1008,travailleur social,0.0706
jardinier,Q758780,ouvrier,0.3027,policier,0.3016,officier,0.2891
joueur ou joueuse,Q24114117,joueur,0.9533,journaliste,0.1563,ouvrier,0.0403
soloist,Q7558519,écologiste,0.1646,voisin,0.1467,psychologue,0.0871
professionnel des médias,Q15980804,médiateur,0.5037,médecin,0.1538,procureur,0.1387
auteur ou autrice,Q482980,auteur,0.9201,acteur,0.116,lecteur,0.0955
métier des médias,Q58635633,médiateur,0.6011,médecin,0.2221,ouvrier,0.101
"authors, journalists and linguists",Q108289407,journaliste,0.8338,auteur,0.1705,joueur,0.1325
écrivain ou écrivaine,Q36180,écologiste,0.1108,travailleur social,0.0853,cultivateur / éleveur,0.0847
sénateur ou sénatrice,Q15686806,médiateur,0.3571,fondateur,0.3538,spectateur,0.333
enseignant ou enseignante,Q37226,enseignant,0.9771,infirmier / soignant,0.2664,enfant,0.0992
chercheur invité,Q28031130,inventeur,0.3426,investisseur,0.2678,inspecteur,0.133
prêtre,Q42603,ancêtre,0.519,procureur,0.0673,producteur,0.0672
magistrat de la Grèce ancienne,Q5989812,agent de,0.2168,ancêtre,0.2031,écologiste,0.1401
cadres supérieurs de l’administration publique,Q108290289,relation publique,0.7068,publicitaire,0.2326,acteurs sociaux,0.1503
fonction,Q4164871,fonctionnaire,0.671,relation publique,0.197,fondateur,0.1348
prêtre chrétien,Q831474,ancêtre,0.4321,musicien,0.1371,politicien,0.1222
prêtre oriental,Q104050279,ancêtre,0.4031,client,0.1849,entrepreneur,0.0826
clerc orthodoxe,Q105275800,client,0.1941,transporteur,0.1353,guerrier,0.0
chrétien orthodoxe,Q97378570,musicien,0.2111,politicien,0.1882,technicien,0.1816
personne,Q215627,fonctionnaire,0.1774,guerrier,0.0,traducteur,0.0
domestique,Q54128,relation publique,0.3069,investisseur,0.1898,syndiqué,0.0622
paysan,Q838811,partenaire,0.2059,guerrier,0.0,législateur,0.0
femme,Q467,guerrier,0.0,traducteur,0.0,spectateur,0.0
personne,Q215627,fonctionnaire,0.1774,guerrier,0.0,traducteur,0.0
conseiller ou conseillère,Q2994387,consultant,0.3471,enseignant,0.1833,père,0.1189
rang civil de l'Empire russe,Q28745974,agent de,0.2523,notaire,0.1409,secrétaire,0.112
physicien ou physicienne,Q169470,musicien,0.6213,politicien,0.3222,technicien,0.3109
théoricien ou théoricienne,Q18931911,musicien,0.5062,politicien,0.4511,technicien,0.4353
géologue,Q520549,psychologue,0.619,écologiste,0.1539,guerrier,0.0579
diplomate,Q193391,diplomate,1.0,réformateur,0.0911,hôte,0.0337
sociologue,Q2306091,psychologue,0.5177,acteurs sociaux,0.2227,travailleur social,0.1896
biologiste,Q864503,écologiste,0.7881,activiste,0.2022,archiviste,0.1834
footballeur,Q937857,travailleur social,0.3587,fondateur,0.1178,allié,0.0994
orientaliste,Q1731155,journaliste,0.5182,activiste,0.2208,archiviste,0.2003
ancient Near Eastern scholar,Q110042402,client,0.3495,ancêtre,0.2073,psychologue,0.1596
juriste,Q185351,secouriste,0.5493,juré,0.2839,activiste,0.2205
fonctionnaire,Q212238,fonctionnaire,1.0,partenaire,0.2162,notaire,0.1584
infirmière ou infirmier,Q186360,infirmier / soignant,0.6878,informaticien,0.1001,père,0.0971
femme,Q467,guerrier,0.0,traducteur,0.0,spectateur,0.0
explorateur ou exploratrice,Q11900058,médiateur,0.2514,fondateur,0.249,spectateur,0.2344
fabricant d'instrument à clavier,Q94296450,client,0.2804,mentor,0.2076,agent de,0.1947
fabricant d'instruments,Q2341443,mentor,0.2762,enfant,0.1675,aidant,0.1658
ingénieur ou ingénieure,Q81096,inventeur,0.1874,inspecteur,0.1802,innovateur,0.1759
engineering professionals (excluding electrotechnology),Q108289381,technicien,0.3014,lecteur,0.1941,procureur,0.1314
design,Q82604,agent de,0.2004,enseignant,0.1266,infirmier / soignant,0.0972
travailleur qualifié ou travailleuse qualifiée,Q2588761,travailleur social,0.7801,traducteur,0.1122,transporteur,0.0938
artisan,Q1294787,archiviste,0.1227,investisseur,0.1106,partenaire,0.1022
détective,Q842782,activiste,0.2618,défendeur,0.096,lecteur,0.0925
militaire,Q47064,publicitaire,0.465,notaire,0.4127,secrétaire,0.328
groupe d'humains,Q16334295,inspecteur,0.2292,guerrier,0.0,traducteur,0.0
modèle conceptuel,Q2623243,guide spirituel,0.3082,consultant,0.1734,comptable,0.1052
parlementaire,Q486839,notaire,0.4379,partenaire,0.3947,secrétaire,0.3481
travailleur de la construction,Q811122,travailleur social,0.6331,consultant,0.1745,fonctionnaire,0.1419
amateur,Q455595,réformateur,0.4011,amant/e,0.2473,médiateur,0.2429
opérateur radio,Q1318390,médiateur,0.3571,fondateur,0.3538,spectateur,0.333
technologue,Q12376667,psychologue,0.4607,technicien,0.4174,écologiste,0.1145
directeur ou directrice,Q1162163,lecteur,0.4729,inspecteur,0.3673,acteur,0.2853
processus,Q3249551,procureur,0.4845,producteur,0.2148,assureur,0.0942
activité,Q1914636,activiste,0.7447,acteur,0.2396,acteurs sociaux,0.1239
évêque anglican,Q93479414,relation publique,0.2091,ancêtre,0.1112,policier,0.0964
évêque diocésain,Q1144278,relation publique,0.2115,diplomate,0.0987,voisin,0.0888
commerce,Q601401,comptable,0.2976,mere,0.1772,consultant,0.0852
modèle d'entreprise,Q815823,entrepreneur,0.5753,secouriste,0.0565,ancêtre,0.0552
cavalerie,Q47315,ouvrier,0.1242,guerrier,0.1149,cartographe,0.1096
Infanteriste,Q15983773,enfant,0.3888,secouriste,0.339,activiste,0.1997
études de l'Asie de l'Est,Q162817,agent de,0.3596,étudiant,0.3186,guide spirituel,0.0655
maître anonyme,Q474968,ancêtre,0.3826,manager,0.1165,père,0.0778
législateur ou législatrice,Q4175034,législateur,0.9643,médiateur,0.0803,fondateur,0.0796
illustrateur ou illustratrice,Q644687,médiateur,0.215,fondateur,0.2129,traducteur,0.2028
militant des droits civiques,Q1021386,consultant,0.2309,familier,0.1753,relation publique,0.116
défenseur des droits de l'Homme,Q1476215,défendeur,0.4674,agent de,0.2277,précurseur,0.14
sexuality and gender-related activist,Q107145544,activiste,0.6468,archiviste,0.1791,relation publique,0.169
militant ou militante,Q15253558,consultant,0.2383,familier,0.2326,enfant,0.0938
Germanic philologist,Q110038383,écologiste,0.4644,philosophe,0.3564,psychologue,0.0961
nomarque,Q23906392,relation publique,0.2055,notaire,0.119,diplomate,0.0959
créateur ou créatrice,Q2500638,médiateur,0.2514,fondateur,0.249,spectateur,0.2344
évêque catholique,Q611644,relation publique,0.4001,psychologue,0.1079,avocat,0.0563
monarque,Q116,relation publique,0.2684,psychologue,0.0919,juré,0.0
chef religieux,Q15995642,relation publique,0.2441,époux,0.1249,acteurs sociaux,0.0792
archevêque métropolitain,Q105393558,archiviste,0.2872,politicien,0.2755,policier,0.1448
patriarche,Q171692,archiviste,0.2819,partenaire,0.0936,philosophe,0.074
évêque diocésain,Q1144278,relation publique,0.2115,diplomate,0.0987,voisin,0.0888
ordinaire,Q1638918,partenaire,0.5009,fonctionnaire,0.4316,notaire,0.367
chef d'État,Q48352,avocat,0.1491,spectateur,0.1302,secrétaire,0.1201
chef d'État,Q48352,avocat,0.1491,spectateur,0.1302,secrétaire,0.1201
Dieu,Q825,diplomate,0.2108,traducteur,0.0,spectateur,0.0
pasteur,Q352507,acteur,0.3004,auteur,0.259,lecteur,0.2472
acteur ou actrice de théâtre,Q2259451,acteur,0.7896,acteurs sociaux,0.3799,activiste,0.2199
trader,Q3704253,traducteur,0.4989,transporteur,0.1758,travailleur social,0.1452
fabricant d'instruments,Q2341443,mentor,0.2762,enfant,0.1675,aidant,0.1658
musical instrument makers and tuners,Q108290582,musicien,0.4604,mentor,0.1439,inspecteur,0.1229
sociologie de l'art,Q1792635,écologiste,0.3022,acteurs sociaux,0.2381,agent de,0.206
musicologie,Q164204,musicien,0.5211,écologiste,0.4172,psychologue,0.1109
Personnel de hall,Q3376056,agent de,0.3188,guide spirituel,0.1275,allié,0.1195
dentiste,Q27349,activiste,0.3171,archiviste,0.2877,secouriste,0.2863
education methods specialists,Q108290350,relation publique,0.2619,spectateur,0.2373,journaliste,0.2132
inspecteur,Q27214348,inspecteur,1.0,lecteur,0.3709,spectateur,0.3292
scientifique,Q901,relation publique,0.3032,client,0.1961,musicien,0.1323
personnalité liée au sport,Q50995749,transporteur,0.2885,journaliste,0.146,fonctionnaire,0.1338
musicien ou musicienne,Q639669,musicien,0.9799,politicien,0.2255,technicien,0.2176
haut fonctionnaire ou haute fonctionnaire,Q599151,fonctionnaire,0.9719,partenaire,0.2101,notaire,0.1539
fonctionnaire,Q212238,fonctionnaire,1.0,partenaire,0.2162,notaire,0.1584
officier,Q189290,officier,1.0,policier,0.3283,musicien,0.0891
représentant,Q11997597,consultant,0.2832,entrepreneur,0.2071,enfant,0.1302
député,Q1055894,défendeur,0.223,guerrier,0.0,législateur,0.0
journaliste de télévision,Q22976182,journaliste,0.8706,activiste,0.1631,archiviste,0.148
chroniqueur ou chroniqueuse,Q1086863,joueur,0.3034,relation publique,0.2077,syndiqué,0.0842
candidat ès sciences,Q737462,musicien,0.1533,politicien,0.1366,technicien,0.1318
pédagogue,Q1231865,psychologue,0.4409,guerrier,0.0813,relation publique,0.0559
Mujtahid,Q673566,musicien,0.2423,guerrier,0.0,frère/socur,0.0
grand ayatollah,Q17575128,transporteur,0.1353,cartographe,0.1305,législateur,0.0
clerc musulman,Q105275968,musicien,0.3009,client,0.1137,manager,0.0836
dirigeant,Q1097498,enfant,0.2209,aidant,0.2187,étudiant,0.1827
monarque,Q116,relation publique,0.2684,psychologue,0.0919,juré,0.0
reine,Q16511993,relation publique,0.1594,guerrier,0.0,législateur,0.0
aristocrate,Q2478141,secouriste,0.2673,archiviste,0.1806,diplomate,0.1732
noble,Q16744001,comptable,0.2976,notaire,0.1337,bénévole,0.0935
souverain,Q2304859,ouvrier,0.1597,voisin,0.1211,témoin,0.1211
design,Q82604,agent de,0.2004,enseignant,0.1266,infirmier / soignant,0.0972
architecture du paysage,Q47844,archiviste,0.4823,partenaire,0.0782,éditeur,0.0711
travailleur manuel,Q33394058,travailleur social,0.7406,manager,0.12,traducteur,0.1112
travailleur qualifié,Q1391083,travailleur social,0.7884,traducteur,0.1184,transporteur,0.099
scorekeeper,Q116097895,ouvrier,0.1706,policier,0.17,manager,0.1647
bienfaiteur ou bienfaitrice,Q4887411,enfant,0.3723,éditeur,0.2763,acteur,0.1185
explorateur ou exploratrice,Q11900058,médiateur,0.2514,fondateur,0.249,spectateur,0.2344
mineur,Q820037,entrepreneur,0.3475,acteur,0.112,cultivateur / éleveur,0.098
personne,Q215627,fonctionnaire,0.1774,guerrier,0.0,traducteur,0.0
entraîneur sportif,Q41583,entrepreneur,0.4025,transporteur,0.3451,spectateur,0.0793
personnalité du monde de la mode,Q27943370,agent de,0.2857,journaliste,0.1356,fonctionnaire,0.1242
photographe professionnel,Q98084799,cartographe,0.6519,philosophe,0.1314,procureur,0.1099
travailleur ou travailleuse,Q327055,travailleur social,0.7999,traducteur,0.115,transporteur,0.0962
haut fonctionnaire ou haute fonctionnaire,Q599151,fonctionnaire,0.9719,partenaire,0.2101,notaire,0.1539
juriste,Q185351,secouriste,0.5493,juré,0.2839,activiste,0.2205
enquêteur,Q30093123,acteur,0.2938,auteur,0.2533,lecteur,0.2418
poteau,Q525800,policier,0.2127,politicien,0.1842,pourvoyeur,0.1752
support,Q56071807,transporteur,0.3314,guerrier,0.0,législateur,0.0
plucked instrument player,Q115246813,mentor,0.2596,inspecteur,0.2217,client,0.1976
physicien ou physicienne,Q169470,musicien,0.6213,politicien,0.3222,technicien,0.3109
scientifique numéricien,Q5157338,musicien,0.3895,politicien,0.3471,technicien,0.335
cuivriste,Q25829748,secouriste,0.4546,activiste,0.2678,archiviste,0.243
joueur de balle,Q3892689,joueur,0.8029,agent de,0.1777,journaliste,0.1121
musicien ou musicienne,Q639669,musicien,0.9799,politicien,0.2255,technicien,0.2176
professeur ou professeure d'université,Q1622272,investisseur,0.3578,procureur,0.2553,précurseur,0.2326
horticulteur,Q3140857,cultivateur / éleveur,0.2649,adulte,0.2571,acteur,0.1853
guerrier,Q1250916,guerrier,1.0,ouvrier,0.2301,policier,0.0845
fonctionnaire,Q212238,fonctionnaire,1.0,partenaire,0.2162,notaire,0.1584
instrumentiste,Q1278335,activiste,0.2515,archiviste,0.2281,secouriste,0.2271
critique,Q6430706,relation publique,0.3263,politicien,0.078,syndiqué,0.0661
chef de tribu,Q1259323,agent de,0.4079,traducteur,0.0882,guide spirituel,0.0743
entreprise,Q6881511,entrepreneur,0.6666,secouriste,0.0528,ancêtre,0.0516
candidate ou candidat,Q618536,fondateur,0.1814,aidant,0.119,syndiqué,0.0958
personnalité politique,Q82955,politicien,0.5083,policier,0.2419,relation publique,0.1787
compétiteur,Q5165152,éditeur,0.3814,comptable,0.3737,acteur,0.1636
candidat électoral,Q19772737,lecteur,0.2257,cultivateur / éleveur,0.132,aidant,0.0763
personnalité du monde des affaires,Q43845,fonctionnaire,0.2398,journaliste,0.1648,agent de,0.1413
arachnologue,Q17344952,psychologue,0.5701,écologiste,0.1417,technicien,0.0574
cycliste,Q2309784,journaliste,0.4562,activiste,0.2853,archiviste,0.2588
skieur ou skieuse,Q4270517,ouvrier,0.1983,acteur,0.1682,cultivateur / éleveur,0.1472
alpiniste,Q9149093,activiste,0.3698,archiviste,0.3355,secouriste,0.3339
militaire,Q47064,publicitaire,0.465,notaire,0.4127,secrétaire,0.328
fonctionnaire de police,Q361593,fonctionnaire,0.8661,policier,0.2966,partenaire,0.1872
prestidigitateur,Q15855449,spectateur,0.3915,médiateur,0.2073,fondateur,0.2053
illusionniste,Q1658894,activiste,0.2705,archiviste,0.2454,secouriste,0.2442
enseignant ou enseignante,Q37226,enseignant,0.9771,infirmier / soignant,0.2664,enfant,0.0992
sénateur ou sénatrice,Q15686806,médiateur,0.3571,fondateur,0.3538,spectateur,0.333
bibliothécaire,Q182436,notaire,0.4332,publicitaire,0.3957,secrétaire,0.3443
directeur de bibliothèque,Q63970319,lecteur,0.4391,inspecteur,0.341,acteur,0.3001
préfet,Q104290473,précurseur,0.2594,défendeur,0.1025,réformateur,0.0979
instrumentiste,Q1278335,activiste,0.2515,archiviste,0.2281,secouriste,0.2271
DJ producer,Q3922505,producteur,0.7439,procureur,0.1593,traducteur,0.0559
producteur de disques,Q183945,producteur,0.8951,traducteur,0.3755,acteur,0.2242
neurologue,Q783906,psychologue,0.5659,écologiste,0.1407,entrepreneur,0.1101
psychiatre,Q211346,psychologue,0.4569,ancêtre,0.1517,médiateur,0.0663
coureur de fond,Q4439155,fondateur,0.349,assureur,0.3193,procureur,0.3041
entraîneur sportif,Q41583,entrepreneur,0.4025,transporteur,0.3451,spectateur,0.0793
chercheur ou chercheuse en sciences sociales,Q15319501,travailleur social,0.3971,acteurs sociaux,0.321,musicien,0.1212
artiste de cirque,Q17307272,archiviste,0.2535,activiste,0.2161,agent de,0.2143
artiste de cirque,Q17307272,archiviste,0.2535,activiste,0.2161,agent de,0.2143
acrobate,Q11957145,diplomate,0.2496,activiste,0.1666,acteur,0.1602
spécialiste de l'Asie de l'Est,Q84505214,journaliste,0.3615,agent de,0.3054,activiste,0.154
scientifique de l'esprit,Q16727193,agent de,0.2607,relation publique,0.2534,client,0.1639
spécialistes des sciences sociales et du clergé,Q108289406,travailleur social,0.3726,acteurs sociaux,0.2711,journaliste,0.2701
érudit du judaïsme,Q5121550,juré,0.1925,éditeur,0.1583,étudiant,0.1313
spécialiste de l'Asie de l'Est,Q84505214,journaliste,0.3615,agent de,0.3054,activiste,0.154
chercheur ou chercheuse en sciences sociales,Q15319501,travailleur social,0.3971,acteurs sociaux,0.321,musicien,0.1212
militant ou militante politique,Q11499147,politicien,0.3756,consultant,0.1885,familier,0.1841
entomologiste,Q3055126,écologiste,0.6932,activiste,0.1778,archiviste,0.1613
auteur ou autrice,Q482980,auteur,0.9201,acteur,0.116,lecteur,0.0955
joueur de football américain ou de football canadien,Q14128148,joueur,0.5704,agent de,0.2526,allié,0.0947
chirurgien ou chirurgienne,Q774306,musicien,0.1859,politicien,0.1657,technicien,0.1599
cardiologue,Q3264451,psychologue,0.5496,cartographe,0.1471,écologiste,0.1366
chirurgien ou chirurgienne,Q774306,musicien,0.1859,politicien,0.1657,technicien,0.1599
pédiatre,Q1919436,médiateur,0.4857,ancêtre,0.1959,éditeur,0.0812
artiste des nouveaux médias,Q7016454,médiateur,0.4393,archiviste,0.2024,activiste,0.1725
col bleu,Q1191714,comptable,0.1927,écologiste,0.1048,consultant,0.0852
ouvrier,Q12713481,ouvrier,1.0,guerrier,0.2301,policier,0.0913
activité économique,Q8187769,activiste,0.5396,relation publique,0.2003,acteur,0.1736
conchyliculteur,Q22981496,cultivateur / éleveur,0.2278,adulte,0.221,consultant,0.216
militant ou militante,Q15253558,consultant,0.2383,familier,0.2326,enfant,0.0938
militant ou militante,Q15253558,consultant,0.2383,familier,0.2326,enfant,0.0938
artiste,Q483501,archiviste,0.3646,activiste,0.3108,secouriste,0.2806
bioingénieur ou bioingénieure,Q26848923,témoin,0.1906,assureur,0.1414,procureur,0.1347
danse en Inde,Q225586,enseignant,0.1393,aidant,0.1069,agent de,0.0892
agriculteur ou agricultrice,Q131512,cultivateur / éleveur,0.2678,adulte,0.2096,agent de,0.1234
prêtre catholique,Q250867,relation publique,0.321,ancêtre,0.296,psychologue,0.0789
head of a diocese,Q112074151,officier,0.169,diplomate,0.1491,guerrier,0.0
administrateur,Q358832,médiateur,0.309,fondateur,0.3061,spectateur,0.2882
officier,Q189290,officier,1.0,policier,0.3283,musicien,0.0891
moine bouddhiste,Q854997,témoin,0.3088,activiste,0.3067,archiviste,0.2783
directeur ou directrice,Q1162163,lecteur,0.4729,inspecteur,0.3673,acteur,0.2853
dirigeant ou dirigeante,Q25713832,enfant,0.1501,aidant,0.1486,diplomate,0.1416
manager,Q2462658,manager,1.0,agent de,0.0548,amant/e,0.0485
ouvrier laitier,Q12326565,ouvrier,0.9439,guerrier,0.2723,policier,0.1579
artisan,Q1294787,archiviste,0.1227,investisseur,0.1106,partenaire,0.1022
entraîneur sportif,Q41583,entrepreneur,0.4025,transporteur,0.3451,spectateur,0.0793
botaniste,Q2374149,activiste,0.3339,archiviste,0.3029,secouriste,0.3015
socialite,Q512314,travailleur social,0.4387,acteurs sociaux,0.3653,journaliste,0.0765
chanteur ou chanteuse,Q177220,inventeur,0.4251,acteur,0.1658,auteur,0.143
auteur-compositeur ou autrice-compositrice,Q753110,auteur,0.7159,éditeur,0.2334,comptable,0.2007
poète ou poétesse,Q49757,policier,0.1566,politicien,0.1356,pourvoyeur,0.1289
professionnel de la vue,Q5422651,agent de,0.2447,procureur,0.1731,producteur,0.1727
magasin,Q213441,voisin,0.3682,manager,0.1251,témoin,0.0983
dispensing opticians,Q108290424,politicien,0.1576,informaticien,0.1358,voisin,0.0876
travailleur du textile,Q66035178,travailleur social,0.7907,traducteur,0.1187,transporteur,0.0993
ambassadeur de bonne volonté,Q5583669,vendeur,0.2419,agent de,0.2245,défendeur,0.2014
fonctionnaire,Q1328323,fonctionnaire,1.0,partenaire,0.2162,notaire,0.1584
moine ou moniale,Q733786,témoin,0.3236,ouvrier,0.1036,bénévole,0.0758
juriste,Q185351,secouriste,0.5493,juré,0.2839,activiste,0.2205
soprano,Q30903,philosophe,0.118,transporteur,0.1158,acteurs sociaux,0.0818
contreténor,Q223166,consultant,0.2193,entrepreneur,0.2013,mentor,0.1019
dessinateur ou dessinatrice,Q15296811,médiateur,0.2049,fondateur,0.203,spectateur,0.1911
graphiste,Q627325,cartographe,0.3433,activiste,0.2407,archiviste,0.2184
artiste,Q483501,archiviste,0.3646,activiste,0.3108,secouriste,0.2806
membre d'équipe de cinéma,Q17291399,agent de,0.2883,mere,0.169,citoyen,0.0902
manager,Q2462658,manager,1.0,agent de,0.0548,amant/e,0.0485
bibliothécaire,Q182436,notaire,0.4332,publicitaire,0.3957,secrétaire,0.3443
informaticien ou informaticienne,Q82594,informaticien,0.9882,réformateur,0.2947,politicien,0.2734
critique,Q6430706,relation publique,0.3263,politicien,0.078,syndiqué,0.0661
dessinateur ou dessinatrice,Q15296811,médiateur,0.2049,fondateur,0.203,spectateur,0.1911
technical advisor,Q7692317,technicien,0.7201,adulte,0.0615,mentor,0.0607
consultant ou consultante,Q15978655,consultant,0.9775,enfant,0.056,aidant,0.0554
personnel informatique,Q56604309,informaticien,0.6693,réformateur,0.3049,relation publique,0.2033
historien ou historienne,Q201788,ouvrier,0.1787,musicien,0.1431,mentor,0.1408
archéologue,Q3621491,psychologue,0.4993,archiviste,0.2991,écologiste,0.1241
thérapeute,Q2419397,auteur,0.1969,cartographe,0.1176,hôte,0.1017
sénateur ou sénatrice,Q15686806,médiateur,0.3571,fondateur,0.3538,spectateur,0.333
classe sociale,Q187588,travailleur social,0.4329,acteurs sociaux,0.3604,client,0.073
juriste,Q185351,secouriste,0.5493,juré,0.2839,activiste,0.2205
député,Q1055894,défendeur,0.223,guerrier,0.0,législateur,0.0
parlementaire,Q486839,notaire,0.4379,partenaire,0.3947,secrétaire,0.3481
member of United States state lower house,Q106079967,spectateur,0.2777,diplomate,0.1261,officier,0.1152
magnat des affaires,Q911554,notaire,0.1954,secrétaire,0.1553,partenaire,0.1537
maison noble,Q13417114,comptable,0.2413,notaire,0.1084,manager,0.1
ingénieur ou ingénieure,Q81096,inventeur,0.1874,inspecteur,0.1802,innovateur,0.1759
instrumentiste,Q1278335,activiste,0.2515,archiviste,0.2281,secouriste,0.2271
médecin,Q39631,médecin,1.0,médiateur,0.146,voisin,0.0457
fonctionnaire,Q212238,fonctionnaire,1.0,partenaire,0.2162,notaire,0.1584
forestier ou forestière,Q1895303,investisseur,0.2308,père,0.1649,ouvrier,0.1273
forestry ranger,Q5887266,manager,0.2404,fondateur,0.0808,transporteur,0.0772
fonctionnaire,Q212238,fonctionnaire,1.0,partenaire,0.2162,notaire,0.1584
chercheur ou chercheuse en sciences sociales,Q15319501,travailleur social,0.3971,acteurs sociaux,0.321,musicien,0.1212
procureur ou procureure,Q600751,procureur,0.9776,assureur,0.289,producteur,0.1418
fonctionnaire,Q212238,fonctionnaire,1.0,partenaire,0.2162,notaire,0.1584
travailleur ou travailleuse du sexe,Q852857,travailleur social,0.7965,traducteur,0.1145,transporteur,0.0958
médecin,Q39631,médecin,1.0,médiateur,0.146,voisin,0.0457
prêtre chrétien,Q831474,ancêtre,0.4321,musicien,0.1371,politicien,0.1222
vicaire,Q193364,notaire,0.4834,secrétaire,0.3842,partenaire,0.3802
astronome,Q11063,assureur,0.2383,guerrier,0.0,frère/socur,0.0
histoire,Q1066186,notaire,0.2879,secrétaire,0.2288,partenaire,0.2264
histoire,Q309,notaire,0.2879,secrétaire,0.2288,partenaire,0.2264
genre,Q483394,agent de,0.2244,père,0.1333,mere,0.1333
Dienststellung,Q1221126,diplomate,0.1192,enseignant,0.116,client,0.0838
directeur ou directrice,Q1162163,lecteur,0.4729,inspecteur,0.3673,acteur,0.2853
guerrier,Q1250916,guerrier,1.0,ouvrier,0.2301,policier,0.0845
marin,Q45199,manager,0.1838,voisin,0.1443,témoin,0.1443
armée irrégulière,Q1673189,père,0.385,archiviste,0.0996,pharmacien,0.0986
ingénieur ou ingénieure,Q81096,inventeur,0.1874,inspecteur,0.1802,innovateur,0.1759
management scientist,Q89000321,manager,0.6074,client,0.2377,agent de,0.1939
scientifique de l'esprit,Q16727193,agent de,0.2607,relation publique,0.2534,client,0.1639
slaviste,Q15976341,activiste,0.5124,archiviste,0.4649,secouriste,0.2666
soldat,Q4991371,avocat,0.1563,fondateur,0.145,acteurs sociaux,0.0818
historien ou historienne,Q201788,ouvrier,0.1787,musicien,0.1431,mentor,0.1408
musicologue,Q14915627,musicien,0.4529,psychologue,0.4298,écologiste,0.2347
claviériste,Q1075651,secouriste,0.4843,activiste,0.2853,archiviste,0.2588
musicien électronique,Q5358395,musicien,0.774,politicien,0.2039,technicien,0.1968
musicien expérimental,Q19588578,musicien,0.9088,politicien,0.2394,technicien,0.231
médecin,Q39631,médecin,1.0,médiateur,0.146,voisin,0.0457
agent,Q24229398,agent de,0.8893,client,0.1584,manager,0.0616
telephone switchboard operators,Q108290486,mentor,0.152,technicien,0.1203,acteurs sociaux,0.1071
médecin,Q39631,médecin,1.0,médiateur,0.146,voisin,0.0457
juge du combat,Q1723340,comptable,0.265,juré,0.1516,avocat,0.1174
média,Q340169,médiateur,0.6915,médecin,0.2112,éditeur,0.0801
lieu numérique,Q107307154,relation publique,0.3543,client,0.09,familier,0.0746
médecin spécialiste,Q3332438,médecin,0.754,journaliste,0.3311,activiste,0.1411
professionnel ou professionnelle de la santé,Q11974939,procureur,0.2055,producteur,0.205,fonctionnaire,0.1898
prêtre catholique,Q250867,relation publique,0.321,ancêtre,0.296,psychologue,0.0789
religieux catholique,Q2566598,relation publique,0.4601,psychologue,0.0841,avocat,0.0639
musique populaire,Q373342,musicien,0.3656,relation publique,0.2273,notaire,0.2245
femme,Q467,guerrier,0.0,traducteur,0.0,spectateur,0.0
consort,Q5784340,consultant,0.4458,transporteur,0.0732,comptable,0.0657
professionnel ou professionnelle de la santé,Q11974939,procureur,0.2055,producteur,0.205,fonctionnaire,0.1898
auxiliaire de santé,Q55071047,notaire,0.2859,agent de,0.2467,secrétaire,0.2273
repenti,Q85861026,entrepreneur,0.1811,client,0.1005,agent de,0.0994
témoin de justice,Q3985230,témoin,0.8497,agent de,0.1705,juré,0.0738
cardinal,Q45722,cartographe,0.2477,journaliste,0.0866,travailleur social,0.0706
tailleur ou tailleuse,Q242468,travailleur social,0.5171,notaire,0.0578,secrétaire,0.0459
travailleur du textile,Q66035178,travailleur social,0.7907,traducteur,0.1187,transporteur,0.0993
travail du bois,Q816871,travailleur social,0.575,traducteur,0.1282,transporteur,0.1073
engagement social,Q1283504,travailleur social,0.4853,acteurs sociaux,0.3129,agent de,0.1709
relecteur-correcteur,Q356139,lecteur,0.7703,inspecteur,0.463,acteur,0.386
activité,Q1914636,activiste,0.7447,acteur,0.2396,acteurs sociaux,0.1239
bénévolat,Q188844,bénévole,0.8009,avocat,0.0629,législateur,0.0419
services sociaux,Q11588306,acteurs sociaux,0.7268,travailleur social,0.2801,époux,0.0594
administration,Q50412353,relation publique,0.4072,fonctionnaire,0.1362,adulte,0.0818
activité commerciale,Q19862406,activiste,0.5708,acteur,0.1836,comptable,0.1769
médecine traditionnelle chinoise,Q200253,médecin,0.6273,traducteur,0.2128,fonctionnaire,0.1754
personnalité médiatique,Q1885941,médiateur,0.544,relation publique,0.2087,médecin,0.1216
célébrité,Q211236,guide spirituel,0.1678,traducteur,0.0,spectateur,0.0
netizen,Q167382,musicien,0.1781,citoyen,0.1771,politicien,0.1587
profession paramédicale,Q349843,médiateur,0.1885,partenaire,0.1803,procureur,0.159
responsable,Q1251441,comptable,0.4035,consultant,0.0672,transporteur,0.0644
référent,Q3826351,réformateur,0.2631,client,0.2138,agent de,0.2114
accompagnement,Q504514,mentor,0.247,comptable,0.2234,client,0.188
chiffrage de mesure,Q155234,agent de,0.3359,assureur,0.2277,mere,0.1521
instrument de musique,Q34379,musicien,0.3177,agent de,0.2804,relation publique,0.1975
militantisme,Q203764,familier,0.2342,consultant,0.1712,politicien,0.0741
rôle social,Q214339,travailleur social,0.5589,acteurs sociaux,0.3604,bénévole,0.0487
ingénieur ou ingénieure,Q81096,inventeur,0.1874,inspecteur,0.1802,innovateur,0.1759
créateur ou créatrice,Q2500638,médiateur,0.2514,fondateur,0.249,spectateur,0.2344
joueur de billard,Q18544928,joueur,0.8714,agent de,0.1929,journaliste,0.1217
militaire,Q47064,publicitaire,0.465,notaire,0.4127,secrétaire,0.328
travail,Q192581,travailleur social,0.5949,traducteur,0.1327,transporteur,0.111
commandeur,Q6620231,vendeur,0.4928,défendeur,0.4104,comptable,0.1914
patron,Q1240788,partenaire,0.1456,relation publique,0.1127,guerrier,0.0
biologiste,Q864503,écologiste,0.7881,activiste,0.2022,archiviste,0.1834
sonneur,Q3490626,entrepreneur,0.2855,acteur,0.092,travailleur social,0.0904
poète ou poétesse,Q49757,policier,0.1566,politicien,0.1356,pourvoyeur,0.1289
réalisateur ou réalisatrice,Q3455803,journaliste,0.2604,réformateur,0.2349,médiateur,0.1585
déité,Q178885,défendeur,0.223,guerrier,0.0,législateur,0.0
spaceflight participant,Q4351808,partenaire,0.3735,politicien,0.1457,enfant,0.1286
touriste,Q5633897,secouriste,0.7165,journaliste,0.2301,activiste,0.2229
prince,Q2747456,procureur,0.1937,producteur,0.1932,précurseur,0.1764
abbé,Q103163,guerrier,0.0,traducteur,0.0,spectateur,0.0
prince ecclésiastique,Q114863375,relation publique,0.3323,investisseur,0.0685,syndiqué,0.0673
fürst,Q18244,guerrier,0.0,traducteur,0.0,spectateur,0.0
prince du Saint-Empire,Q1411354,notaire,0.2342,secrétaire,0.1862,partenaire,0.1842
armée irrégulière,Q1673189,père,0.385,archiviste,0.0996,pharmacien,0.0986
législateur ou législatrice,Q4175034,législateur,0.9643,médiateur,0.0803,fondateur,0.0796
entomologiste,Q3055126,écologiste,0.6932,activiste,0.1778,archiviste,0.1613
cambrioleur,Q10659189,travailleur social,0.2399,bénévole,0.0926,acteur,0.0897
hors-la-loi,Q254508,guerrier,0.0,traducteur,0.0,spectateur,0.0
criminel ou criminelle,Q2159907,ouvrier,0.1278,bénévole,0.0935,comptable,0.0877
personnalité liée au sport,Q50995749,transporteur,0.2885,journaliste,0.146,fonctionnaire,0.1338
journaliste,Q1930187,journaliste,1.0,secouriste,0.1649,activiste,0.1505
technicien ou technicienne,Q5352191,technicien,0.9852,musicien,0.2158,politicien,0.1923
discipline académique,Q11862829,relation publique,0.3119,diplomate,0.1455,acteur,0.0901
personne,Q215627,fonctionnaire,0.1774,guerrier,0.0,traducteur,0.0
enseignant ou enseignante,Q37226,enseignant,0.9771,infirmier / soignant,0.2664,enfant,0.0992
assistant,Q23835475,consultant,0.3162,assureur,0.2513,enfant,0.1454
contrebandier,Q17176618,consultant,0.1874,banquier,0.1847,entrepreneur,0.172
marchand d'armes,Q20722777,archiviste,0.2772,manager,0.108,pharmacien,0.0915
joueur de jeu de plateau,Q84380764,joueur,0.6856,agent de,0.3035,législateur,0.1173
idole japonaise,Q226008,bénévole,0.3242,partenaire,0.0898,comptable,0.0896
commerçant,Q215536,comptable,0.2522,consultant,0.2022,enfant,0.1789
marketeur ou marketeuse,Q1900657,acteur,0.2319,auteur,0.1999,lecteur,0.1908
ressources humaines,Q5467169,relation publique,0.1212,secouriste,0.1139,pourvoyeur,0.1137
criminel ou criminelle,Q2159907,ouvrier,0.1278,bénévole,0.0935,comptable,0.0877
Geheimer Rat,Q11165895,mere,0.2211,avocat,0.1645,ouvrier,0.0741
aviateur ou aviatrice,Q2095549,médiateur,0.4488,fondateur,0.1878,spectateur,0.1769
prince,Q2747456,procureur,0.1937,producteur,0.1932,précurseur,0.1764
héritier apparent,Q2762318,client,0.1913,agent de,0.1892,ouvrier,0.135
esclave,Q12773225,guerrier,0.0,traducteur,0.0,spectateur,0.0
tuteur ou tutrice,Q901222,auteur,0.5903,acteur,0.2246,lecteur,0.1848
entraîneur sportif,Q41583,entrepreneur,0.4025,transporteur,0.3451,spectateur,0.0793
entraîneur sportif,Q41583,entrepreneur,0.4025,transporteur,0.3451,spectateur,0.0793
armée irrégulière,Q1673189,père,0.385,archiviste,0.0996,pharmacien,0.0986
militant ou militante politique,Q11499147,politicien,0.3756,consultant,0.1885,familier,0.1841
voyageur ou voyageuse,Q22813352,pourvoyeur,0.148,voisin,0.1449,agent de,0.1262
guide culturel,Q1039099,guide spirituel,0.4727,cultivateur / éleveur,0.1998,agent de,0.0505
"travel attendants, conductors and guides",Q108289641,guide spirituel,0.3029,traducteur,0.1969,travailleur social,0.1503
neurobiologiste,Q6337803,écologiste,0.7353,activiste,0.1886,archiviste,0.1712
biologiste,Q864503,écologiste,0.7881,activiste,0.2022,archiviste,0.1834
médecin interniste,Q15924224,médecin,0.8814,activiste,0.1649,archiviste,0.1496
parachutiste,Q6060450,activiste,0.2853,archiviste,0.2588,secouriste,0.2576
photographe professionnel,Q98084799,cartographe,0.6519,philosophe,0.1314,procureur,0.1099
archéologue classique,Q15983985,psychologue,0.4319,archiviste,0.2407,relation publique,0.2014
indoeuropéaniste,Q16267985,activiste,0.3815,archiviste,0.3461,secouriste,0.3445
préhistorien,Q17488316,précurseur,0.216,musicien,0.1548,politicien,0.138
missionnaire,Q219477,fonctionnaire,0.6595,partenaire,0.307,notaire,0.2249
fonction,Q1474521,fonctionnaire,0.671,relation publique,0.197,fondateur,0.1348
inspecteur,Q27214348,inspecteur,1.0,lecteur,0.3709,spectateur,0.3292
conseiller,Q4657217,consultant,0.3323,enseignant,0.1755,travailleur social,0.1351
enseignant ou enseignante,Q37226,enseignant,0.9771,infirmier / soignant,0.2664,enfant,0.0992
pratiquant d'arts martiaux,Q11124885,acteurs sociaux,0.2885,enfant,0.1102,aidant,0.1091
endocrinologue,Q4531850,psychologue,0.5797,écologiste,0.1441,vendeur,0.0627
physicien ou physicienne,Q169470,musicien,0.6213,politicien,0.3222,technicien,0.3109
personnalité liée au droit,Q57735705,journaliste,0.1937,fonctionnaire,0.1774,auteur,0.103
fonctionnaire,Q212238,fonctionnaire,1.0,partenaire,0.2162,notaire,0.1584
musicien ou musicienne,Q639669,musicien,0.9799,politicien,0.2255,technicien,0.2176
propriétaire de biens,Q12794619,secrétaire,0.4561,notaire,0.3735,publicitaire,0.274
créateur ou créatrice,Q2500638,médiateur,0.2514,fondateur,0.249,spectateur,0.2344
médecin spécialiste,Q3332438,médecin,0.754,journaliste,0.3311,activiste,0.1411
instrumentiste,Q1278335,activiste,0.2515,archiviste,0.2281,secouriste,0.2271
diplomate,Q193391,diplomate,1.0,réformateur,0.0911,hôte,0.0337
fonction,Q4164871,fonctionnaire,0.671,relation publique,0.197,fondateur,0.1348
directeur ou directrice,Q1072363,lecteur,0.4729,inspecteur,0.3673,acteur,0.2853
commerçant,Q215536,comptable,0.2522,consultant,0.2022,enfant,0.1789
œnologue,Q3542795,psychologue,0.619,écologiste,0.1539,guerrier,0.0579
hobby,Q47728,guerrier,0.0,traducteur,0.0,spectateur,0.0
gathering,Q108634029,guerrier,0.0,traducteur,0.0,spectateur,0.0
maître général des postes,Q1501906,ancêtre,0.2004,agent de,0.0984,manager,0.0875
fonction,Q4164871,fonctionnaire,0.671,relation publique,0.197,fondateur,0.1348
police nationale,Q7410456,policier,0.4997,politicien,0.2743,relation publique,0.2204
philologie,Q40634,philosophe,0.4546,écologiste,0.2984,psychologue,0.1226
lettres,Q80083,lecteur,0.2178,ancêtre,0.1483,entrepreneur,0.1131
chef de tribu,Q1259323,agent de,0.4079,traducteur,0.0882,guide spirituel,0.0743
rite funéraire,Q201676,notaire,0.3683,secrétaire,0.2927,partenaire,0.2897
personne,Q215627,fonctionnaire,0.1774,guerrier,0.0,traducteur,0.0
instrumentiste,Q1278335,activiste,0.2515,archiviste,0.2281,secouriste,0.2271
écrivain ou écrivaine,Q36180,écologiste,0.1108,travailleur social,0.0853,cultivateur / éleveur,0.0847
personnalité du monde des affaires,Q43845,fonctionnaire,0.2398,journaliste,0.1648,agent de,0.1413
entreprise médiatique,Q1331793,médiateur,0.4717,entrepreneur,0.4528,relation publique,0.181
firme,Q4830453,infirmier / soignant,0.273,guerrier,0.0,législateur,0.0
acteur ou actrice de doublage,Q2405480,acteur,0.802,acteurs sociaux,0.3859,agent de,0.2239
narrateur,Q755070,médiateur,0.4137,fondateur,0.4097,spectateur,0.3858
peintre,Q1028181,ancêtre,0.2667,entrepreneur,0.2507,mere,0.0778
dessinateur ou dessinatrice,Q15296811,médiateur,0.2049,fondateur,0.203,spectateur,0.1911
science de la santé,Q843601,agent de,0.3456,musicien,0.1771,politicien,0.1578
historien ou historienne,Q201788,ouvrier,0.1787,musicien,0.1431,mentor,0.1408
érudit classique,Q2468727,relation publique,0.2906,client,0.0883,éditeur,0.0882
prêtre,Q42603,ancêtre,0.519,procureur,0.0673,producteur,0.0672
religious professionals,Q108290376,relation publique,0.2273,procureur,0.2025,producteur,0.202
politologue,Q1238570,psychologue,0.4618,politicien,0.3809,policier,0.273
armée,Q8473,archiviste,0.1461,pharmacien,0.1446,guerrier,0.0
activité,Q12737077,activiste,0.7447,acteur,0.2396,acteurs sociaux,0.1239
military component,Q105982157,comptable,0.3362,familier,0.1914,client,0.1454
organisation musicale,Q32178211,musicien,0.5114,relation publique,0.3119,fonctionnaire,0.1043
groupe d'humains,Q16334295,inspecteur,0.2292,guerrier,0.0,traducteur,0.0
groupe des arts du spectacle,Q105815710,spectateur,0.638,inspecteur,0.2962,agent de,0.0715
collectif d'auteurs,Q60557909,auteur,0.4799,acteurs sociaux,0.281,lecteur,0.2366
métier manuel,Q2207288,manager,0.2795,guide spirituel,0.1765,ouvrier,0.1284
narrateur,Q755070,médiateur,0.4137,fondateur,0.4097,spectateur,0.3858
être humain,Q5,ancêtre,0.519,témoin,0.0773,voisin,0.0773
guerrier,Q1250916,guerrier,1.0,ouvrier,0.2301,policier,0.0845
miles christianus,Q1678054,secouriste,0.2252,familier,0.0963,étudiant,0.0962
groupe d'humains,Q16334295,inspecteur,0.2292,guerrier,0.0,traducteur,0.0
joueur professionnel ou joueuse professionnelle,Q18536342,joueur,0.75,procureur,0.1549,producteur,0.1546
joueur de hockey sur gazon,Q10843263,joueur,0.8444,agent de,0.184,journaliste,0.116
général,Q83460,bénévole,0.1549,travailleur social,0.1117,guerrier,0.0
ingénieur ou ingénieure,Q81096,inventeur,0.1874,inspecteur,0.1802,innovateur,0.1759
géomètre,Q294126,ancêtre,0.3647,mere,0.1064,père,0.1064
architecte,Q42973,archiviste,0.5309,lecteur,0.1686,inspecteur,0.1309
cardinal-prêtre,Q2033341,ancêtre,0.4179,cartographe,0.1816,journaliste,0.0635
stratification sociale,Q841628,travailleur social,0.3506,relation publique,0.2942,acteurs sociaux,0.2726
conducteur de véhicule,Q23640580,traducteur,0.4545,producteur,0.4501,acteur,0.2714
navigateur ou navigatrice,Q254651,médiateur,0.3571,fondateur,0.3538,spectateur,0.333
aircrew member,Q373021,mere,0.1707,aidant,0.1601,mentor,0.1295
maître spirituel,Q29352392,guide spirituel,0.7679,ancêtre,0.1062,manager,0.0464
chef religieux,Q15995642,relation publique,0.2441,époux,0.1249,acteurs sociaux,0.0792
contrat de travail,Q1221208,travailleur social,0.4804,agent de,0.1571,traducteur,0.1359
recteur ou rectrice,Q212071,lecteur,0.515,inspecteur,0.4,acteur,0.3107
historien des médias,Q8175949,médiateur,0.5428,médecin,0.1658,musicien,0.111
théoricien ou théoricienne du cinéma,Q4220878,musicien,0.4772,politicien,0.4253,technicien,0.4104
patron de bar,Q87282152,agent de,0.3188,banquier,0.0938,partenaire,0.0852
seigneur,Q2366336,enseignant,0.3738,entrepreneur,0.2056,acteur,0.0662
ingénieur ou ingénieure,Q81096,inventeur,0.1874,inspecteur,0.1802,innovateur,0.1759
ingénieur ou ingénieure en aéronautique,Q10497074,relation publique,0.2453,auteur,0.1499,inventeur,0.1207
avocat ou avocate,Q40348,avocat,0.9493,diplomate,0.0554,ouvrier,0.0341
agriculteur ou agricultrice,Q131512,cultivateur / éleveur,0.2678,adulte,0.2096,agent de,0.1234
dessinateur ou dessinatrice,Q15296811,médiateur,0.2049,fondateur,0.203,spectateur,0.1911
physiologiste,Q2055046,écologiste,0.7667,activiste,0.1967,archiviste,0.1785
artiste visuel ou artiste visuelle,Q3391743,archiviste,0.3556,activiste,0.3172,secouriste,0.2301
architecte hardware,Q844143,archiviste,0.5044,lecteur,0.1601,inspecteur,0.1244
ingénieur ou ingénieure,Q81096,inventeur,0.1874,inspecteur,0.1802,innovateur,0.1759
ingénieur ou ingénieure,Q81096,inventeur,0.1874,inspecteur,0.1802,innovateur,0.1759
ingénieur ou ingénieure,Q81096,inventeur,0.1874,inspecteur,0.1802,innovateur,0.1759
médecin spécialiste,Q3332438,médecin,0.754,journaliste,0.3311,activiste,0.1411
obstétricien ou obstétricienne,Q13638192,musicien,0.5062,politicien,0.4511,technicien,0.4353
gynécologue,Q2640827,psychologue,0.4993,écologiste,0.4211,guerrier,0.0467
bowed string instrument maker,Q94294328,mentor,0.2426,inspecteur,0.2072,client,0.1846
sémioticien ou sémioticienne,Q16402907,politicien,0.5659,informaticien,0.4875,musicien,0.3968
biologiste,Q864503,écologiste,0.7881,activiste,0.2022,archiviste,0.1834
artiste,Q483501,archiviste,0.3646,activiste,0.3108,secouriste,0.2806
fonctionnaire,Q16258947,fonctionnaire,1.0,partenaire,0.2162,notaire,0.1584
video game company,Q112042224,comptable,0.4588,guide spirituel,0.0642,consultant,0.0638
grade de la police,Q19476593,policier,0.497,politicien,0.2728,agent de,0.2567
fonction,Q4164871,fonctionnaire,0.671,relation publique,0.197,fondateur,0.1348
policier ou policière,Q384593,policier,0.9261,politicien,0.3633,officier,0.2039
cadres supérieurs de l’administration publique,Q108290289,relation publique,0.7068,publicitaire,0.2326,acteurs sociaux,0.1503
vendeur ou vendeuse,Q685433,vendeur,0.9634,défendeur,0.4247,inventeur,0.0783
gardien de troupeau,Q12059906,agent de,0.3366,musicien,0.1768,politicien,0.1576
vacher,Q5179781,ouvrier,0.1706,policier,0.17,manager,0.1647
conducteur,Q352388,traducteur,0.5361,producteur,0.5309,acteur,0.3201
footballeur,Q937857,travailleur social,0.3587,fondateur,0.1178,allié,0.0994
joueur professionnel ou joueuse professionnelle,Q18536342,joueur,0.75,procureur,0.1549,producteur,0.1546
directeur ou directrice,Q1162163,lecteur,0.4729,inspecteur,0.3673,acteur,0.2853
personnalité du monde des affaires,Q43845,fonctionnaire,0.2398,journaliste,0.1648,agent de,0.1413
industriel,Q6606110,ouvrier,0.1357,guerrier,0.1256,guide spirituel,0.1089
artisan,Q1294787,archiviste,0.1227,investisseur,0.1106,partenaire,0.1022
entraîneur sportif,Q41583,entrepreneur,0.4025,transporteur,0.3451,spectateur,0.0793
lieutenant-colonel,Q493898,partenaire,0.1876,écologiste,0.1767,enseignant,0.1353
capitaine,Q19100,publicitaire,0.2713,notaire,0.0987,cartographe,0.0956
avironneur,Q26270618,entrepreneur,0.2785,avocat,0.1092,acteur,0.0897
aventurier ou aventurière,Q2873500,ouvrier,0.2489,inventeur,0.2313,guerrier,0.184
athlète,Q2066131,hôte,0.2343,adulte,0.182,activiste,0.1553
faussaire,Q3738757,notaire,0.4251,secrétaire,0.3379,partenaire,0.3343
professionnel ou professionnelle,Q702269,procureur,0.2189,producteur,0.2184,fonctionnaire,0.2022
claviériste,Q1075651,secouriste,0.4843,activiste,0.2853,archiviste,0.2588
pianiste,Q486748,activiste,0.3698,archiviste,0.3355,secouriste,0.3339
étudiant ou étudiante à l'université,Q315247,étudiant,0.9707,enfant,0.0641,aidant,0.0635
salarié,Q703534,allié,0.2887,guerrier,0.0,législateur,0.0
procureur ou procureure,Q600751,procureur,0.9776,assureur,0.289,producteur,0.1418
mésoaméricaniste,Q3333377,activiste,0.3769,archiviste,0.3419,secouriste,0.3403
chanteur ou chanteuse,Q177220,inventeur,0.4251,acteur,0.1658,auteur,0.143
eunuque,Q179294,relation publique,0.2684,psychologue,0.0919,juré,0.0
instituteur ou institutrice,Q2251335,inspecteur,0.3086,auteur,0.2839,investisseur,0.1407
religieux catholique,Q2566598,relation publique,0.4601,psychologue,0.0841,avocat,0.0639
moine ou moniale,Q733786,témoin,0.3236,ouvrier,0.1036,bénévole,0.0758
duc,Q166886,traducteur,0.2091,producteur,0.207,guerrier,0.0
banque,Q22687,banquier,0.593,relation publique,0.1314,psychologue,0.045
artiste textile,Q10694573,archiviste,0.3205,activiste,0.2732,secouriste,0.2467
fabricante de tapisserie,Q64351975,agent de,0.2481,investisseur,0.18,inventeur,0.0768
travailleur du textile,Q66035178,travailleur social,0.7907,traducteur,0.1187,transporteur,0.0993
carpet weaver,Q26387816,cartographe,0.2975,ouvrier,0.0625,policier,0.0622
entraîneur sportif,Q41583,entrepreneur,0.4025,transporteur,0.3451,spectateur,0.0793
avironneur,Q26270618,entrepreneur,0.2785,avocat,0.1092,acteur,0.0897
personne,Q215627,fonctionnaire,0.1774,guerrier,0.0,traducteur,0.0
manager,Q2462658,manager,1.0,agent de,0.0548,amant/e,0.0485
professionnel ou professionnelle de la santé mentale,Q6817473,mentor,0.2379,procureur,0.1815,producteur,0.181
médecin spécialiste,Q3332438,médecin,0.754,journaliste,0.3311,activiste,0.1411
relation sexuelle,Q2782279,relation publique,0.6585,fonctionnaire,0.0911,bénévole,0.0375
écrivain ou écrivaine,Q36180,écologiste,0.1108,travailleur social,0.0853,cultivateur / éleveur,0.0847
spécialiste des épreuves combinées,Q14605941,journaliste,0.4002,activiste,0.1705,archiviste,0.1547
athlète,Q11513337,hôte,0.2343,adulte,0.182,activiste,0.1553
spécialiste des épreuves combinées,Q14605941,journaliste,0.4002,activiste,0.1705,archiviste,0.1547
femme,Q467,guerrier,0.0,traducteur,0.0,spectateur,0.0
spécialiste des épreuves combinées,Q14605941,journaliste,0.4002,activiste,0.1705,archiviste,0.1547
administrateur académique,Q21281706,relation publique,0.2649,acteur,0.2303,médiateur,0.2074
fonction,Q4164871,fonctionnaire,0.671,relation publique,0.197,fondateur,0.1348
forgeron ou forgeronne,Q838566,manager,0.1306,fonctionnaire,0.1281,fondateur,0.1082
créateur de bijoux,Q2519376,époux,0.257,agent de,0.2384,médiateur,0.2191
bijoutier,Q336221,ouvrier,0.2415,policier,0.2406,officier,0.2306
pharmaceutical scientist,Q105570105,pharmacien,0.7191,informaticien,0.129,client,0.1269
chimiste,Q593644,archiviste,0.4339,activiste,0.3698,secouriste,0.3339
physiologiste,Q2055046,écologiste,0.7667,activiste,0.1967,archiviste,0.1785
artisan,Q1294787,archiviste,0.1227,investisseur,0.1106,partenaire,0.1022
zoologiste,Q350979,écologiste,0.7881,activiste,0.2022,archiviste,0.1834
artiste,Q483501,archiviste,0.3646,activiste,0.3108,secouriste,0.2806
naturaliste préparateur,Q12774499,journaliste,0.4548,activiste,0.1938,médiateur,0.1766
plucked instrument player,Q115246813,mentor,0.2596,inspecteur,0.2217,client,0.1976
acteur ou actrice,Q33999,acteur,0.9123,acteurs sociaux,0.4389,activiste,0.2541
artiste visuel ou artiste visuelle,Q3391743,archiviste,0.3556,activiste,0.3172,secouriste,0.2301
auteur ou autrice,Q482980,auteur,0.9201,acteur,0.116,lecteur,0.0955
philologue,Q13418253,psychologue,0.4626,philosophe,0.3848,écologiste,0.115
biologiste,Q864503,écologiste,0.7881,activiste,0.2022,archiviste,0.1834
university head,Q108392111,guerrier,0.0,traducteur,0.0,spectateur,0.0
directeur ou directrice,Q1162163,lecteur,0.4729,inspecteur,0.3673,acteur,0.2853
fonction,Q4164871,fonctionnaire,0.671,relation publique,0.197,fondateur,0.1348
critique,Q6430706,relation publique,0.3263,politicien,0.078,syndiqué,0.0661
comportement sexuel humain,Q608,comptable,0.2674,transporteur,0.2489,mentor,0.152
government employee,Q3796928,mentor,0.2849,client,0.2168,agent de,0.2144
bureaucrate,Q572700,diplomate,0.2447,assureur,0.1198,procureur,0.1141
haut fonctionnaire ou haute fonctionnaire,Q599151,fonctionnaire,0.9719,partenaire,0.2101,notaire,0.1539
réalisateur ou réalisatrice,Q3455803,journaliste,0.2604,réformateur,0.2349,médiateur,0.1585
chanteur ou chanteuse,Q177220,inventeur,0.4251,acteur,0.1658,auteur,0.143
scientifique,Q901,relation publique,0.3032,client,0.1961,musicien,0.1323
travailleur forestier,Q12335817,travailleur social,0.7372,investisseur,0.1166,traducteur,0.1107
athlète,Q2066131,hôte,0.2343,adulte,0.182,activiste,0.1553
étudiant ou étudiante,Q48282,étudiant,0.9707,enfant,0.0641,aidant,0.0635
préhistorien,Q17488316,précurseur,0.216,musicien,0.1548,politicien,0.138
anthropologue,Q4773904,psychologue,0.563,écologiste,0.1399,ancêtre,0.0654
avocat ou avocate,Q40348,avocat,0.9493,diplomate,0.0554,ouvrier,0.0341
acteur ou actrice de doublage,Q2405480,acteur,0.802,acteurs sociaux,0.3859,agent de,0.2239
expert interdisciplinaire d'une région géographique,Q17135920,cartographe,0.3087,relation publique,0.2519,partenaire,0.2264
philologue,Q13418253,psychologue,0.4626,philosophe,0.3848,écologiste,0.115
Pink-collar worker,Q2915819,écologiste,0.1695,ouvrier,0.0961,policier,0.0957
haut fonctionnaire ou haute fonctionnaire,Q599151,fonctionnaire,0.9719,partenaire,0.2101,notaire,0.1539
personnel académique,Q5428874,relation publique,0.3119,acteur,0.0901,syndiqué,0.0632
management,Q2920921,manager,0.7147,agent de,0.1876,mentor,0.1728
peintre de vases grec,Q18714098,agent de,0.2883,ancêtre,0.207,entrepreneur,0.1946
critique,Q6430706,relation publique,0.3263,politicien,0.078,syndiqué,0.0661
manager,Q2462658,manager,1.0,agent de,0.0548,amant/e,0.0485
cinéaste,Q1414443,activiste,0.196,archiviste,0.1779,secouriste,0.177
prêtre romain,Q3409374,ancêtre,0.4576,diplomate,0.0757,témoin,0.0681
soldat,Q4991371,avocat,0.1563,fondateur,0.145,acteurs sociaux,0.0818
combattant,Q1414937,consultant,0.3937,comptable,0.2151,enfant,0.1526
résistant ou résistante,Q1397808,consultant,0.3065,enfant,0.1207,aidant,0.1195
parlementaire,Q486839,notaire,0.4379,partenaire,0.3947,secrétaire,0.3481
législateur ou législatrice,Q4175034,législateur,0.9643,médiateur,0.0803,fondateur,0.0796
spécialistes des sciences sociales et du clergé,Q108289406,travailleur social,0.3726,acteurs sociaux,0.2711,journaliste,0.2701
cheminot,Q7063944,notaire,0.2618,traducteur,0.0,spectateur,0.0
parlementaire,Q486839,notaire,0.4379,partenaire,0.3947,secrétaire,0.3481
député,Q1055894,défendeur,0.223,guerrier,0.0,législateur,0.0
élu ou élue,Q16060143,cultivateur / éleveur,0.1299,ouvrier,0.1036,psychologue,0.064
scientifique interdisciplinaire,Q17136179,partenaire,0.2925,fonctionnaire,0.2521,relation publique,0.217
chevalier,Q102083,familier,0.4251,ouvrier,0.1591,policier,0.1585
designer,Q5322166,agent de,0.179,infirmier / soignant,0.1351,enseignant,0.1131
architecte,Q42973,archiviste,0.5309,lecteur,0.1686,inspecteur,0.1309
conseiller ou conseillère,Q2994387,consultant,0.3471,enseignant,0.1833,père,0.1189
avocat,Q758225,avocat,1.0,guerrier,0.0,législateur,0.0
défenseur,Q380075,défendeur,0.5504,précurseur,0.1649,enseignant,0.1584
bibliothécaire,Q182436,notaire,0.4332,publicitaire,0.3957,secrétaire,0.3443
historien ou historienne,Q201788,ouvrier,0.1787,musicien,0.1431,mentor,0.1408
juriste,Q185351,secouriste,0.5493,juré,0.2839,activiste,0.2205
personnalité liée au droit,Q57735705,journaliste,0.1937,fonctionnaire,0.1774,auteur,0.103
vocal percussion,Q2529779,avocat,0.2767,relation publique,0.1614,voisin,0.0931
a cappella,Q185298,cartographe,0.1846,guerrier,0.0,législateur,0.0
auteur ou autrice,Q482980,auteur,0.9201,acteur,0.116,lecteur,0.0955
chaire universitaire,Q1363750,notaire,0.5433,publicitaire,0.5313,secrétaire,0.4318
clerc catholique,Q105200214,relation publique,0.376,psychologue,0.0925,client,0.0747
religieux catholique,Q2566598,relation publique,0.4601,psychologue,0.0841,avocat,0.0639
conseiller municipal,Q708492,consultant,0.2844,travailleur social,0.1541,enseignant,0.1502
musicien ou musicienne,Q639669,musicien,0.9799,politicien,0.2255,technicien,0.2176
avocat ou avocate,Q40348,avocat,0.9493,diplomate,0.0554,ouvrier,0.0341
alcade,Q5663900,allié,0.2131,agent de,0.1675,guide spirituel,0.1035
photographe,Q33231,cartographe,0.7546,philosophe,0.1521,pharmacien,0.0399
astronome,Q11063,assureur,0.2383,guerrier,0.0,frère/socur,0.0
agent commercial,Q705908,agent de,0.6449,travailleur social,0.2041,comptable,0.1291
trader,Q3704253,traducteur,0.4989,transporteur,0.1758,travailleur social,0.1452
commerçant,Q215536,comptable,0.2522,consultant,0.2022,enfant,0.1789
conseiller ou conseillère,Q2994387,consultant,0.3471,enseignant,0.1833,père,0.1189
retailer,Q99536263,notaire,0.1067,relation publique,0.0892,travailleur social,0.0884
personnalité du monde des affaires,Q43845,fonctionnaire,0.2398,journaliste,0.1648,agent de,0.1413
joueur de balle,Q3892689,joueur,0.8029,agent de,0.1777,journaliste,0.1121
chef religieux,Q15995642,relation publique,0.2441,époux,0.1249,acteurs sociaux,0.0792
dirigeant ou dirigeante,Q25713832,enfant,0.1501,aidant,0.1486,diplomate,0.1416
fondateur,Q4479442,fondateur,1.0,médiateur,0.1695,spectateur,0.1581
observation,Q193181,relation publique,0.4389,fonctionnaire,0.1468,innovateur,0.0617
monitoring and evaluation,Q18390984,relation publique,0.3948,fonctionnaire,0.1321,mentor,0.0782
travail de recherche,Q118563234,travailleur social,0.4906,agent de,0.1686,traducteur,0.1094
arbitre sportif ou arbitre sportive,Q202648,transporteur,0.3527,ancêtre,0.1699,archiviste,0.0635
ingénieur ou ingénieure,Q81096,inventeur,0.1874,inspecteur,0.1802,innovateur,0.1759
flag officer,Q977459,officier,0.7352,ouvrier,0.0378,policier,0.0377
enseignant ou enseignante,Q37226,enseignant,0.9771,infirmier / soignant,0.2664,enfant,0.0992
artisan,Q1294787,archiviste,0.1227,investisseur,0.1106,partenaire,0.1022
mineur,Q820037,entrepreneur,0.3475,acteur,0.112,cultivateur / éleveur,0.098
artiste,Q483501,archiviste,0.3646,activiste,0.3108,secouriste,0.2806
carcinologiste,Q16868721,écologiste,0.6811,archiviste,0.205,activiste,0.1747
secrétaire d'État,Q23636253,secrétaire,0.9459,notaire,0.2763,publicitaire,0.2026
zoologiste des invertébrés,Q108614246,écologiste,0.669,inventeur,0.2485,investisseur,0.1943
écrivain ou écrivaine,Q36180,écologiste,0.1108,travailleur social,0.0853,cultivateur / éleveur,0.0847
instrumentiste,Q1278335,activiste,0.2515,archiviste,0.2281,secouriste,0.2271
interprète,Q3153559,inventeur,0.2592,hôte,0.1128,adulte,0.0876
personne,Q215627,fonctionnaire,0.1774,guerrier,0.0,traducteur,0.0
saxophoniste,Q12800682,activiste,0.3698,archiviste,0.3355,secouriste,0.3339
ancient potters,Q112249284,client,0.38,ancêtre,0.2253,agent de,0.1603
enseignant ou enseignante,Q37226,enseignant,0.9771,infirmier / soignant,0.2664,enfant,0.0992
sexologue,Q2920595,psychologue,0.597,écologiste,0.1484,guerrier,0.0558
militant ou militante,Q15253558,consultant,0.2383,familier,0.2326,enfant,0.0938
combattant,Q1414937,consultant,0.3937,comptable,0.2151,enfant,0.1526
musulman ou musulmane,Q47740,musicien,0.3223,manager,0.0895,amant/e,0.089
terroriste,Q12414919,secouriste,0.4546,activiste,0.2678,archiviste,0.243
extrémiste,Q104080200,activiste,0.4206,archiviste,0.3816,secouriste,0.3798
moudjahid,Q42759,guerrier,0.0,traducteur,0.0,spectateur,0.0
Islamic extremist,Q121114732,législateur,0.2651,familier,0.0977,ancêtre,0.0863
Islamic terrorist,Q121113890,législateur,0.2107,secouriste,0.1817,guerrier,0.079
juge,Q16533,juré,0.3333,traducteur,0.0,spectateur,0.0
ministre des Transports,Q12339722,transporteur,0.7833,ancêtre,0.1131,traducteur,0.1022
auteur-compositeur-interprète ou autrice-compositrice-interprète,Q488205,auteur,0.6386,éditeur,0.1898,comptable,0.1882
poète ou poétesse,Q49757,policier,0.1566,politicien,0.1356,pourvoyeur,0.1289
cavalier,Q1365155,familier,0.3622,ouvrier,0.1355,policier,0.135
cavalier,Q2730732,familier,0.3622,ouvrier,0.1355,policier,0.135
auto-entrepreneur,Q1005490,entrepreneur,0.9042,auteur,0.2027,inventeur,0.0514
retailer,Q99536263,notaire,0.1067,relation publique,0.0892,travailleur social,0.0884
commerçant,Q7501153,comptable,0.2522,consultant,0.2022,enfant,0.1789
homme,Q8441,guerrier,0.0,traducteur,0.0,spectateur,0.0
Stay-at-home parent,Q16883812,partenaire,0.2545,client,0.2138,agent de,0.2114
économiste,Q188094,écologiste,0.4832,activiste,0.2853,archiviste,0.2588
philosophe,Q4964182,philosophe,1.0,cartographe,0.0902,pharmacien,0.0333
musicien d'un instrument de la famille des bois,Q25616474,musicien,0.6284,familier,0.3119,agent de,0.2367
statisticien ou statisticienne,Q2732142,politicien,0.4365,informaticien,0.4231,musicien,0.3061
graveur ou graveuse d'estampes,Q11569986,cultivateur / éleveur,0.1997,travailleur social,0.1005,cartographe,0.0906
artiste visuel ou artiste visuelle,Q3391743,archiviste,0.3556,activiste,0.3172,secouriste,0.2301
propriétaire terrien,Q1549283,secrétaire,0.4049,notaire,0.3316,guerrier,0.3061
photographe professionnel,Q98084799,cartographe,0.6519,philosophe,0.1314,procureur,0.1099
personnalité du monde des affaires,Q43845,fonctionnaire,0.2398,journaliste,0.1648,agent de,0.1413
trader,Q3704253,traducteur,0.4989,transporteur,0.1758,travailleur social,0.1452
agent économique,Q1415187,agent de,0.6449,relation publique,0.2001,écologiste,0.1363
personne du monde du divertissement,Q138858,investisseur,0.2929,agent de,0.1939,mentor,0.1786
auteur comique,Q12406482,auteur,0.7427,relation publique,0.2075,comptable,0.1338
jongleur,Q2429735,travailleur social,0.2696,joueur,0.195,acteur,0.1009
artiste,Q483501,archiviste,0.3646,activiste,0.3108,secouriste,0.2806
technicien d'animations,Q22916729,technicien,0.8605,informaticien,0.2535,musicien,0.2188
dirigeant sportif,Q26481809,transporteur,0.357,enfant,0.1286,aidant,0.1273
avironneur,Q26270618,entrepreneur,0.2785,avocat,0.1092,acteur,0.0897
chef ou cheffe d'orchestre,Q158852,ancêtre,0.2402,ouvrier,0.1087,archiviste,0.0897
rabbin,Q133485,voisin,0.2224,témoin,0.2224,médecin,0.2055
Rabbinic literature scholar,Q47532307,psychologue,0.2055,éditeur,0.1015,politicien,0.0799
prêtre romain,Q3409374,ancêtre,0.4576,diplomate,0.0757,témoin,0.0681
agriculteur ou agricultrice,Q131512,cultivateur / éleveur,0.2678,adulte,0.2096,agent de,0.1234
calligraphe,Q3303330,cartographe,0.5863,allié,0.2199,philosophe,0.1241
personnalité liée au droit,Q57735705,journaliste,0.1937,fonctionnaire,0.1774,auteur,0.103
contrevenant ou contrevenante,Q1938980,consultant,0.2236,enseignant,0.185,entrepreneur,0.1517
peintre,Q1028181,ancêtre,0.2667,entrepreneur,0.2507,mere,0.0778
paysagiste,Q43184282,écologiste,0.4761,activiste,0.2885,archiviste,0.2618
qualité,Q1207505,politicien,0.1527,journaliste,0.137,guerrier,0.0
vocational driver,Q19398863,avocat,0.4026,relation publique,0.2213,fonctionnaire,0.1156
chirurgie,Q40821,archiviste,0.2066,guerrier,0.0,législateur,0.0
sciences cliniques,Q113129019,client,0.3558,relation publique,0.1654,musicien,0.1444
horticulteur,Q3140857,cultivateur / éleveur,0.2649,adulte,0.2571,acteur,0.1853
compositeur ou compositrice,Q36834,comptable,0.447,éditeur,0.228,acteur,0.0978
musicien ou musicienne de musique classique,Q81729632,musicien,0.843,relation publique,0.164,politicien,0.1636
compositeur ou compositrice de musique classique,Q21680663,comptable,0.3039,relation publique,0.229,musicien,0.1841
compositeur ou compositrice de musique classique,Q21680663,comptable,0.3039,relation publique,0.229,musicien,0.1841
pasteur,Q59459402,acteur,0.3004,auteur,0.259,lecteur,0.2472
forgeron ou forgeronne,Q838566,manager,0.1306,fonctionnaire,0.1281,fondateur,0.1082
photographe,Q33231,cartographe,0.7546,philosophe,0.1521,pharmacien,0.0399
amateur,Q455595,réformateur,0.4011,amant/e,0.2473,médiateur,0.2429
être humain,Q5,ancêtre,0.519,témoin,0.0773,voisin,0.0773
sémioticien ou sémioticienne,Q16402907,politicien,0.5659,informaticien,0.4875,musicien,0.3968
juge de paix,Q329455,agent de,0.3502,juré,0.1516,partenaire,0.0936
juge,Q16533,juré,0.3333,traducteur,0.0,spectateur,0.0
médiateur,Q4859473,médiateur,1.0,fondateur,0.1695,spectateur,0.1596
parlementaire,Q486839,notaire,0.4379,partenaire,0.3947,secrétaire,0.3481
conservation,Q1479406,relation publique,0.3323,consultant,0.2913,fonctionnaire,0.1112
activité,Q1914636,activiste,0.7447,acteur,0.2396,acteurs sociaux,0.1239
réparation,Q2144962,relation publique,0.4134,fonctionnaire,0.1383,réformateur,0.0662
domaine d'activité,Q627436,activiste,0.6172,acteur,0.0859,diplomate,0.0694
processus planifié,Q104637332,procureur,0.4506,producteur,0.1998,allié,0.1061
prisonnier ou prisonnière,Q1862087,père,0.2017,ouvrier,0.1557,fonctionnaire,0.1104
groupe d'humains,Q16334295,inspecteur,0.2292,guerrier,0.0,traducteur,0.0
fonctionnaire,Q212238,fonctionnaire,1.0,partenaire,0.2162,notaire,0.1584
maire,Q30185,notaire,0.4251,secrétaire,0.3379,partenaire,0.3343
diseur de bonne aventure,Q8011724,agent de,0.2614,inventeur,0.202,précurseur,0.1801
directeur ou directrice,Q1072363,lecteur,0.4729,inspecteur,0.3673,acteur,0.2853
artiste numérique,Q11079476,archiviste,0.264,relation publique,0.2618,activiste,0.225
chef de mission diplomatique,Q1251687,diplomate,0.6617,relation publique,0.2636,agent de,0.1363
personnalité liée au vin,Q104590991,journaliste,0.1863,fonctionnaire,0.1707,auteur,0.0991
mathématicien ou mathématicienne,Q170790,informaticien,0.6181,politicien,0.3695,musicien,0.2591
criminel ou criminelle,Q2159907,ouvrier,0.1278,bénévole,0.0935,comptable,0.0877
armée irrégulière,Q1673189,père,0.385,archiviste,0.0996,pharmacien,0.0986
ingénieur ou ingénieure,Q81096,inventeur,0.1874,inspecteur,0.1802,innovateur,0.1759
ingénieur ou ingénieure,Q81096,inventeur,0.1874,inspecteur,0.1802,innovateur,0.1759
"manufacturing, mining, construction and distribution managers",Q108289369,manager,0.5458,relation publique,0.2266,fonctionnaire,0.1798
échanson,Q1075791,écologiste,0.1185,transporteur,0.1105,relation publique,0.092
coursier,Q848466,secouriste,0.2317,ouvrier,0.1512,policier,0.1507
salarié,Q703534,allié,0.2887,guerrier,0.0,législateur,0.0
postier,Q7234072,policier,0.3058,ouvrier,0.205,officier,0.1958
peintre,Q1028181,ancêtre,0.2667,entrepreneur,0.2507,mere,0.0778
portraitiste,Q21178131,activiste,0.2473,transporteur,0.2271,archiviste,0.2243
ambassadeur d'un pays,Q29645880,vendeur,0.336,défendeur,0.2798,assureur,0.1536
ambassadeur dans un pays,Q29645886,vendeur,0.2916,défendeur,0.2428,assureur,0.1333
arbitre sportif ou arbitre sportive,Q202648,transporteur,0.3527,ancêtre,0.1699,archiviste,0.0635
fille,Q308194,travailleur social,0.2419,bénévole,0.0935,comptable,0.0877
instrumentiste,Q1278335,activiste,0.2515,archiviste,0.2281,secouriste,0.2271
torero,Q549322,mentor,0.2633,guerrier,0.0,juré,0.0
croyant ou croyante,Q17573152,enfant,0.2356,aidant,0.2332,étudiant,0.1948
prophète ou prophétesse,Q42857,procureur,0.2718,producteur,0.2712,philosophe,0.0972
Donneur,Q1734562,entrepreneur,0.3073,acteur,0.099,cultivateur / éleveur,0.0867
graveur ou graveuse d'estampes,Q11569986,cultivateur / éleveur,0.1997,travailleur social,0.1005,cartographe,0.0906
religieux,Q4504549,relation publique,0.2441,époux,0.1249,acteurs sociaux,0.0792
traducteur ou traductrice,Q333634,traducteur,0.9583,producteur,0.3083,transporteur,0.1432
firme,Q4830453,infirmier / soignant,0.273,guerrier,0.0,législateur,0.0
entreprise,Q6881511,entrepreneur,0.6666,secouriste,0.0528,ancêtre,0.0516
personnalité,Q662729,journaliste,0.2197,fonctionnaire,0.2012,politicien,0.0816
militant ou militante,Q15253558,consultant,0.2383,familier,0.2326,enfant,0.0938
chef militaire,Q1402561,publicitaire,0.465,notaire,0.4127,secrétaire,0.328
guerrier,Q1250916,guerrier,1.0,ouvrier,0.2301,policier,0.0845
prêtre,Q42603,ancêtre,0.519,procureur,0.0673,producteur,0.0672
prophète ou prophétesse,Q42857,procureur,0.2718,producteur,0.2712,philosophe,0.0972
verrier,Q2865798,guerrier,0.6972,ouvrier,0.3,policier,0.1102
fonctionnaire,Q212238,fonctionnaire,1.0,partenaire,0.2162,notaire,0.1584
commerce,Q601401,comptable,0.2976,mere,0.1772,consultant,0.0852
domaine d'activité,Q627436,activiste,0.6172,acteur,0.0859,diplomate,0.0694
dramaturge,Q214917,amant/e,0.1827,réformateur,0.1179,diplomate,0.1168
fonctionnaire de police,Q361593,fonctionnaire,0.8661,policier,0.2966,partenaire,0.1872
instrumentiste,Q1278335,activiste,0.2515,archiviste,0.2281,secouriste,0.2271
croyant ou croyante,Q17573152,enfant,0.2356,aidant,0.2332,étudiant,0.1948
scientifique,Q901,relation publique,0.3032,client,0.1961,musicien,0.1323
charlatan,Q1430956,pharmacien,0.1214,consultant,0.1186,législateur,0.1022
activité,Q12737077,activiste,0.7447,acteur,0.2396,acteurs sociaux,0.1239
Premier Ordre,Q95993050,infirmier / soignant,0.2726,ouvrier,0.1419,policier,0.1414
custodian,Q115641683,étudiant,0.3292,médiateur,0.1032,cultivateur / éleveur,0.0801
entraîneur sportif,Q41583,entrepreneur,0.4025,transporteur,0.3451,spectateur,0.0793
commerçant,Q215536,comptable,0.2522,consultant,0.2022,enfant,0.1789
directeur ou directrice,Q1162163,lecteur,0.4729,inspecteur,0.3673,acteur,0.2853
voyageur ou voyageuse,Q22813352,pourvoyeur,0.148,voisin,0.1449,agent de,0.1262
cyclisme,Q53121,client,0.1941,journaliste,0.137,guerrier,0.0
sport,Q349,transporteur,0.4391,spectateur,0.0721,guide spirituel,0.0536
sport olympique,Q212434,transporteur,0.3246,relation publique,0.2556,spectateur,0.0533
forgeron ou forgeronne,Q838566,manager,0.1306,fonctionnaire,0.1281,fondateur,0.1082
artisan,Q1294787,archiviste,0.1227,investisseur,0.1106,partenaire,0.1022
designer,Q5322166,agent de,0.179,infirmier / soignant,0.1351,enseignant,0.1131
Geheimer Rat,Q11165895,mere,0.2211,avocat,0.1645,ouvrier,0.0741
health administrator,Q26701778,mentor,0.3425,adulte,0.1158,traducteur,0.0722
cadreur,Q1208175,assureur,0.3648,procureur,0.3475,acteur,0.1048
artiste,Q483501,archiviste,0.3646,activiste,0.3108,secouriste,0.2806
cinéaste,Q1414443,activiste,0.196,archiviste,0.1779,secouriste,0.177
travailleur du textile,Q66035178,travailleur social,0.7907,traducteur,0.1187,transporteur,0.0993
teinturier,Q6147194,ouvrier,0.4066,guerrier,0.3764,policier,0.1493
boxeur,Q11338576,acteur,0.2759,cultivateur / éleveur,0.2414,auteur,0.2378
impersonation,Q2146099,relation publique,0.4603,fonctionnaire,0.154,informaticien,0.0538
ingénieur ou ingénieure,Q81096,inventeur,0.1874,inspecteur,0.1802,innovateur,0.1759
éditeur ou éditrice,Q1607826,éditeur,0.9304,médiateur,0.1344,acteur,0.0931
éditeur ou éditrice,Q2516866,éditeur,0.9304,médiateur,0.1344,acteur,0.0931
arbitre sportif ou arbitre sportive,Q202648,transporteur,0.3527,ancêtre,0.1699,archiviste,0.0635
personnalité du jeu d'échecs,Q73145133,journaliste,0.2197,fonctionnaire,0.2012,politicien,0.0816
pilote de chasse,Q618694,agent de,0.3068,assureur,0.0949,philosophe,0.0776
psychiatre,Q211346,psychologue,0.4569,ancêtre,0.1517,médiateur,0.0663
médecin légiste,Q17143199,médecin,0.7399,législateur,0.3242,écologiste,0.2284
early childhood teacher,Q99543230,technicien,0.1119,archiviste,0.111,philosophe,0.1047
male singing voice,Q54285279,voisin,0.4315,manager,0.1,bénévole,0.0758
personne,Q215627,fonctionnaire,0.1774,guerrier,0.0,traducteur,0.0
activité,Q12737077,activiste,0.7447,acteur,0.2396,acteurs sociaux,0.1239
arbitre sportif ou arbitre sportive,Q202648,transporteur,0.3527,ancêtre,0.1699,archiviste,0.0635
officiel d'un match de football,Q38088701,officier,0.7071,agent de,0.1683,informaticien,0.0922
person associated with football,Q116763437,acteurs sociaux,0.2505,travailleur social,0.2133,assureur,0.1967
militant ou militante,Q15253558,consultant,0.2383,familier,0.2326,enfant,0.0938
acteur ou actrice de doublage,Q2405480,acteur,0.802,acteurs sociaux,0.3859,agent de,0.2239
artiste visuel ou artiste visuelle,Q3391743,archiviste,0.3556,activiste,0.3172,secouriste,0.2301
juge,Q16533,juré,0.3333,traducteur,0.0,spectateur,0.0
décideur,Q9203135,défendeur,0.4048,vendeur,0.3675,acteur,0.094
entreprise,Q6881511,entrepreneur,0.6666,secouriste,0.0528,ancêtre,0.0516
magasin,Q213441,voisin,0.3682,manager,0.1251,témoin,0.0983
mécanicien,Q327029,technicien,0.5621,musicien,0.4096,politicien,0.3651
boat builder,Q548031,avocat,0.2133,ouvrier,0.0961,policier,0.0957
charpentier,Q154549,ouvrier,0.2096,policier,0.2088,officier,0.2002
non-fiction littéraire,Q20540385,fonctionnaire,0.4043,notaire,0.3006,relation publique,0.2285
ouvrage de référence,Q13136,ouvrier,0.4061,agent de,0.2696,réformateur,0.1727
source tertiaire,Q1063801,notaire,0.3685,secrétaire,0.2929,partenaire,0.2899
littérature pédagogique,Q98149704,relation publique,0.3018,politicien,0.0721,écologiste,0.0685
enseignant ou enseignante,Q37226,enseignant,0.9771,infirmier / soignant,0.2664,enfant,0.0992
commerçant,Q215536,comptable,0.2522,consultant,0.2022,enfant,0.1789
parrainage,Q28864853,manager,0.2836,partenaire,0.2557,agent de,0.0939
non-biological parent,Q66363468,écologiste,0.3087,partenaire,0.1688,client,0.1417
être humain,Q5,ancêtre,0.519,témoin,0.0773,voisin,0.0773
être humain,Q5,ancêtre,0.519,témoin,0.0773,voisin,0.0773
profession,Q28640,procureur,0.2381,producteur,0.2375,relation publique,0.1975
personnel enseignant paraprofessionnel,Q7135769,enseignant,0.7862,infirmier / soignant,0.2295,fonctionnaire,0.1098
photographe professionnel,Q98084799,cartographe,0.6519,philosophe,0.1314,procureur,0.1099
enseignant ou enseignante,Q37226,enseignant,0.9771,infirmier / soignant,0.2664,enfant,0.0992
éducateur ou éducatrice,Q974144,éditeur,0.2431,traducteur,0.1835,producteur,0.1817
vocaliste,Q2643890,journaliste,0.4978,activiste,0.2121,avocat,0.2115
hip hop musician,Q100493654,musicien,0.7629,étudiant,0.0623,acteurs sociaux,0.0425
shérif,Q578478,guerrier,0.0,traducteur,0.0,spectateur,0.0
révolutionnaire,Q3242115,fonctionnaire,0.6679,partenaire,0.2632,notaire,0.1929
personnalité politique,Q82955,politicien,0.5083,policier,0.2419,relation publique,0.1787
acteur ou actrice,Q33999,acteur,0.9123,acteurs sociaux,0.4389,activiste,0.2541
theatre maker,Q79044120,ancêtre,0.285,manager,0.1824,mere,0.0831
religieux,Q4504549,relation publique,0.2441,époux,0.1249,acteurs sociaux,0.0792
gardien de camp de concentration,Q28789517,agent de,0.313,relation publique,0.2448,fonctionnaire,0.1146
personne du monde du divertissement,Q138858,investisseur,0.2929,agent de,0.1939,mentor,0.1786
idol,Q114890292,guerrier,0.0,traducteur,0.0,spectateur,0.0
chevalier,Q102083,familier,0.4251,ouvrier,0.1591,policier,0.1585
grade d'un ordre,Q60754876,traducteur,0.1259,agent de,0.1249,cartographe,0.1016
animateur ou animatrice de télévision,Q947873,réformateur,0.2876,agent de,0.1673,médiateur,0.1538
transport guidé,Q350783,transporteur,0.7533,guide spirituel,0.1926,traducteur,0.0983
système ferroviaire,Q16608251,notaire,0.3838,secrétaire,0.305,partenaire,0.3019
réseau ferré,Q2678338,juré,0.1925,guerrier,0.1337,réformateur,0.1229
peintre,Q1028181,ancêtre,0.2667,entrepreneur,0.2507,mere,0.0778
forgeron ou forgeronne,Q838566,manager,0.1306,fonctionnaire,0.1281,fondateur,0.1082
travailleur qualifié ou travailleuse qualifiée,Q2588761,travailleur social,0.7801,traducteur,0.1122,transporteur,0.0938
officier supérieur,Q1053745,officier,0.9616,policier,0.3157,ouvrier,0.1322
capitaine de vaisseau,Q163500,agent de,0.2369,investisseur,0.1719,publicitaire,0.1612
capitaine de navire,Q849424,publicitaire,0.293,agent de,0.2688,notaire,0.2167
ingénieur ou ingénieure,Q81096,inventeur,0.1874,inspecteur,0.1802,innovateur,0.1759
intermédiaire financier,Q1416431,médiateur,0.3336,policier,0.227,notaire,0.2237
établissement de crédit,Q730038,agent de,0.2841,éditeur,0.1722,mentor,0.1509
entreprise,Q6881511,entrepreneur,0.6666,secouriste,0.0528,ancêtre,0.0516
depository institution,Q5260792,relation publique,0.243,inspecteur,0.1612,fonctionnaire,0.1232
institution financière,Q650241,relation publique,0.233,père,0.212,inspecteur,0.1546
athlète,Q2066131,hôte,0.2343,adulte,0.182,activiste,0.1553
pêcheur ou pêcheuse,Q331432,ouvrier,0.1983,acteur,0.1682,cultivateur / éleveur,0.1472
pêcheur ou pêcheuse,Q331432,ouvrier,0.1983,acteur,0.1682,cultivateur / éleveur,0.1472
plongeur,Q1866686,acteur,0.1682,diplomate,0.1671,cultivateur / éleveur,0.1472
consort,Q5784340,consultant,0.4458,transporteur,0.0732,comptable,0.0657
domestique,Q54128,relation publique,0.3069,investisseur,0.1898,syndiqué,0.0622
cuisinier ou cuisinière,Q156839,voisin,0.3431,père,0.1752,ouvrier,0.1353
travailleur manuel,Q33394058,travailleur social,0.7406,manager,0.12,traducteur,0.1112
administration de la république des Deux Nations,Q2662430,relation publique,0.6362,agent de,0.1726,publicitaire,0.1266
militant ou militante politique,Q11499147,politicien,0.3756,consultant,0.1885,familier,0.1841
criminel ou criminelle,Q2159907,ouvrier,0.1278,bénévole,0.0935,comptable,0.0877
militaire,Q47064,publicitaire,0.465,notaire,0.4127,secrétaire,0.328
chimiste,Q593644,archiviste,0.4339,activiste,0.3698,secouriste,0.3339
propriétaire de biens,Q12794619,secrétaire,0.4561,notaire,0.3735,publicitaire,0.274
personnalité du monde des affaires,Q43845,fonctionnaire,0.2398,journaliste,0.1648,agent de,0.1413
artiste visuel ou artiste visuelle,Q3391743,archiviste,0.3556,activiste,0.3172,secouriste,0.2301
modélisme,Q917912,journaliste,0.1937,guerrier,0.0,législateur,0.0
personne,Q215627,fonctionnaire,0.1774,guerrier,0.0,traducteur,0.0
diseur de bonne aventure,Q8011724,agent de,0.2614,inventeur,0.202,précurseur,0.1801
boucher ou bouchère,Q329737,père,0.4115,ouvrier,0.1889,mere,0.0831
transportation worker,Q91143339,transporteur,0.7013,relation publique,0.2435,traducteur,0.0915
industrie,Q8148,ouvrier,0.1783,guerrier,0.165,inventeur,0.1097
cheminot,Q7063944,notaire,0.2618,traducteur,0.0,spectateur,0.0
personnalité politique,Q82955,politicien,0.5083,policier,0.2419,relation publique,0.1787
métallurgie,Q11467,allié,0.1714,secrétaire,0.1235,médiateur,0.12
sociologie,Q21201,écologiste,0.352,acteurs sociaux,0.2773,travailleur social,0.2361
family science,Q117742678,familier,0.6284,musicien,0.121,politicien,0.1079
travailleur de la construction,Q811122,travailleur social,0.6331,consultant,0.1745,fonctionnaire,0.1419
biathlète,Q16029547,médiateur,0.1998,hôte,0.132,adulte,0.1025
technicien ou technicienne,Q5352191,technicien,0.9852,musicien,0.2158,politicien,0.1923
membre d'équipe de cinéma,Q17291399,agent de,0.2883,mere,0.169,citoyen,0.0902
agent de la force publique,Q6503343,agent de,0.6276,relation publique,0.5213,publicitaire,0.2462
historien ou historienne,Q201788,ouvrier,0.1787,musicien,0.1431,mentor,0.1408
médiéviste,Q3332711,activiste,0.4016,médiateur,0.385,archiviste,0.3644
grave,Q28989,cartographe,0.1305,travailleur social,0.1117,guerrier,0.0
comte,Q3519259,comptable,0.3208,consultant,0.0919,hôte,0.0879
consultant ou consultante,Q15978655,consultant,0.9775,enfant,0.056,aidant,0.0554
professionnel ou professionnelle de la santé,Q11974939,procureur,0.2055,producteur,0.205,fonctionnaire,0.1898
technicien ou technicienne,Q5352191,technicien,0.9852,musicien,0.2158,politicien,0.1923
roi,Q12097,guerrier,0.0,traducteur,0.0,spectateur,0.0
guerrier,Q1250916,guerrier,1.0,ouvrier,0.2301,policier,0.0845
dirigeant,Q1097498,enfant,0.2209,aidant,0.2187,étudiant,0.1827
roi des Goths,Q3930902,agent de,0.2716,guerrier,0.0,frère/socur,0.0
chef de tribu,Q1259323,agent de,0.4079,traducteur,0.0882,guide spirituel,0.0743
chef militaire,Q1402561,publicitaire,0.465,notaire,0.4127,secrétaire,0.328
"Tailors, Dressmakers, Furriers and Hatters",Q108286044,guerrier,0.3335,ouvrier,0.1512,acteurs sociaux,0.1033
travailleur du textile,Q66035178,travailleur social,0.7907,traducteur,0.1187,transporteur,0.0993
délinquant sexuel,Q5659979,guide spirituel,0.1858,enfant,0.1526,aidant,0.1511
ministre du culte,Q1423891,adulte,0.3833,cultivateur / éleveur,0.2485,ancêtre,0.1529
surintendant,Q66889825,aidant,0.3812,enfant,0.1286,étudiant,0.1064
chargé de communication,Q2957754,relation publique,0.3223,agent de,0.1867,comptable,0.1413
animateur ou animatrice de télévision,Q947873,réformateur,0.2876,agent de,0.1673,médiateur,0.1538
journaliste de l'audiovisuel,Q24705156,journaliste,0.8812,activiste,0.1651,archiviste,0.1498
ingénierie automobile,Q124192,auteur,0.3881,ouvrier,0.1398,guerrier,0.1294
roi,Q12097,guerrier,0.0,traducteur,0.0,spectateur,0.0
photographe professionnel,Q98084799,cartographe,0.6519,philosophe,0.1314,procureur,0.1099
enseignant ou enseignante,Q37226,enseignant,0.9771,infirmier / soignant,0.2664,enfant,0.0992
tisserand,Q437512,investisseur,0.4224,transporteur,0.0723,guerrier,0.0
éditeur ou éditrice,Q1607826,éditeur,0.9304,médiateur,0.1344,acteur,0.0931
imitateur,Q1148872,spectateur,0.5078,médiateur,0.2689,fondateur,0.2664
occupation religieuse,Q63187345,relation publique,0.5367,fonctionnaire,0.1321,informaticien,0.0462
anachorète,Q1146843,manager,0.1298,ancêtre,0.1292,psychologue,0.0995
être humain,Q5,ancêtre,0.519,témoin,0.0773,voisin,0.0773
lecteur,Q26899865,lecteur,1.0,inspecteur,0.3709,acteur,0.3264
spoken word artist,Q17378128,archiviste,0.1363,transporteur,0.0794,spectateur,0.0782
encyclopédiste,Q16314501,activiste,0.3482,archiviste,0.3159,secouriste,0.3144
wikimédien ou wikimédienne,Q41546637,médiateur,0.3338,musicien,0.1383,politicien,0.1233
agriculteur ou agricultrice,Q131512,cultivateur / éleveur,0.2678,adulte,0.2096,agent de,0.1234
agriculteur ou agricultrice,Q131512,cultivateur / éleveur,0.2678,adulte,0.2096,agent de,0.1234
ouvrier agricole,Q5060555,ouvrier,0.8761,guerrier,0.2016,bénévole,0.1362
dirigeant,Q1097498,enfant,0.2209,aidant,0.2187,étudiant,0.1827
OF-3,Q18536821,officier,0.239,guerrier,0.0,législateur,0.0
lieutenant commander,Q837582,enseignant,0.2214,infirmier / soignant,0.1898,partenaire,0.1662
capitaine de corvette,Q279704,agent de,0.2746,publicitaire,0.1868,notaire,0.068
officier de marine,Q10669499,officier,0.9057,policier,0.2973,agent de,0.1667
capitaine de navire,Q849424,publicitaire,0.293,agent de,0.2688,notaire,0.2167
officier supérieur (Espagne),Q107283577,officier,0.9616,policier,0.3157,ouvrier,0.1322
chroniqueur de voyage,Q3579035,joueur,0.2969,agent de,0.2866,relation publique,0.1299
oberst,Q3756713,guerrier,0.0,traducteur,0.0,spectateur,0.0
ingénieur civil,Q13582652,inventeur,0.1566,inspecteur,0.1506,innovateur,0.147
travailleur de la construction,Q811122,travailleur social,0.6331,consultant,0.1745,fonctionnaire,0.1419
chercheur ou chercheuse en sciences sociales,Q15319501,travailleur social,0.3971,acteurs sociaux,0.321,musicien,0.1212
joueur de balle,Q3892689,joueur,0.8029,agent de,0.1777,journaliste,0.1121
moine ou moniale,Q733786,témoin,0.3236,ouvrier,0.1036,bénévole,0.0758
linguiste,Q14467526,activiste,0.3698,archiviste,0.3355,secouriste,0.3339
marin,Q45199,manager,0.1838,voisin,0.1443,témoin,0.1443
travailleur du textile,Q66035178,travailleur social,0.7907,traducteur,0.1187,transporteur,0.0993
explorateur ou exploratrice,Q11900058,médiateur,0.2514,fondateur,0.249,spectateur,0.2344
col blanc,Q255274,ancêtre,0.1428,écologiste,0.1218,comptable,0.102
rabbin,Q133485,voisin,0.2224,témoin,0.2224,médecin,0.2055
fonction,Q4164871,fonctionnaire,0.671,relation publique,0.197,fondateur,0.1348
athlète,Q2066131,hôte,0.2343,adulte,0.182,activiste,0.1553
cycliste,Q2125610,journaliste,0.4562,activiste,0.2853,archiviste,0.2588
ermite,Q189829,éditeur,0.1747,hôte,0.1017,infirmier / soignant,0.1004
atmospheric scientist,Q17276189,client,0.2461,musicien,0.1661,politicien,0.148
physical and earth science professionals,Q108289376,musicien,0.1962,procureur,0.1678,producteur,0.1674
artisan,Q1294787,archiviste,0.1227,investisseur,0.1106,partenaire,0.1022
poète ou poétesse,Q49757,policier,0.1566,politicien,0.1356,pourvoyeur,0.1289
enseignant ou enseignante,Q37226,enseignant,0.9771,infirmier / soignant,0.2664,enfant,0.0992
professeur,Q121594,investisseur,0.3897,précurseur,0.2714,procureur,0.2329
soldat,Q4991371,avocat,0.1563,fondateur,0.145,acteurs sociaux,0.0818
athlète,Q2066131,hôte,0.2343,adulte,0.182,activiste,0.1553
domestique,Q54128,relation publique,0.3069,investisseur,0.1898,syndiqué,0.0622
soldat,Q4991371,avocat,0.1563,fondateur,0.145,acteurs sociaux,0.0818
sapeur,Q1324245,acteur,0.2759,cultivateur / éleveur,0.2414,auteur,0.2378
explorateur ou exploratrice,Q11900058,médiateur,0.2514,fondateur,0.249,spectateur,0.2344
arrangeur ou arrangeuse musical,Q1643514,musicien,0.4926,transporteur,0.112,archiviste,0.0934
juriste,Q16012028,secouriste,0.5493,juré,0.2839,activiste,0.2205
chancelier de la Confédération,Q687810,relation publique,0.3025,familier,0.2227,agent de,0.1752
haut fonctionnaire ou haute fonctionnaire,Q599151,fonctionnaire,0.9719,partenaire,0.2101,notaire,0.1539
fonction publique,Q294414,relation publique,0.63,fonctionnaire,0.4785,publicitaire,0.2311
medical officer,Q10855616,officier,0.6729,mere,0.0863,mentor,0.0655
médecin,Q39631,médecin,1.0,médiateur,0.146,voisin,0.0457
ancêtre,Q402152,ancêtre,1.0,mere,0.0388,père,0.0388
musicien ou musicienne,Q639669,musicien,0.9799,politicien,0.2255,technicien,0.2176
chanteur ou chanteuse,Q177220,inventeur,0.4251,acteur,0.1658,auteur,0.143
mécanicien,Q327029,technicien,0.5621,musicien,0.4096,politicien,0.3651
athlète,Q2066131,hôte,0.2343,adulte,0.182,activiste,0.1553
auteur ou autrice,Q482980,auteur,0.9201,acteur,0.116,lecteur,0.0955
homme de lettres,Q6673651,agent de,0.3563,lecteur,0.1365,ancêtre,0.093
artiste textile,Q10694573,archiviste,0.3205,activiste,0.2732,secouriste,0.2467
réalisateur ou réalisatrice,Q3455803,journaliste,0.2604,réformateur,0.2349,médiateur,0.1585
tailleur de pierre,Q328325,travailleur social,0.4672,agent de,0.1809,guerrier,0.0816
artisan,Q1294787,archiviste,0.1227,investisseur,0.1106,partenaire,0.1022
joueur professionnel ou joueuse professionnelle,Q18536342,joueur,0.75,procureur,0.1549,producteur,0.1546
athlète,Q2066131,hôte,0.2343,adulte,0.182,activiste,0.1553
conseiller ou conseillère fiscale,Q688576,consultant,0.3439,enseignant,0.1816,père,0.1178
professeur ou professeure de musique,Q16145150,investisseur,0.2976,procureur,0.2124,musicien,0.2118
professeur de chant,Q7939609,investisseur,0.3171,agent de,0.2501,précurseur,0.2208
artisan,Q1294787,archiviste,0.1227,investisseur,0.1106,partenaire,0.1022
décorateur,Q22811707,médiateur,0.3188,fondateur,0.3158,spectateur,0.2973
travailleur de la construction,Q811122,travailleur social,0.6331,consultant,0.1745,fonctionnaire,0.1419
building finishers and related trades workers,Q108289663,relation publique,0.3111,traducteur,0.262,législateur,0.1046
ingénieur logiciel,Q1709010,écologiste,0.2281,informaticien,0.1516,policier,0.1504
data professional,Q112598603,procureur,0.2182,producteur,0.2176,fondateur,0.0959
saint ou sainte,Q43115,ouvrier,0.1462,inventeur,0.1392,hôte,0.0933
confesseur,Q16827718,investisseur,0.3801,précurseur,0.2144,consultant,0.1895
botaniste,Q2374149,activiste,0.3339,archiviste,0.3029,secouriste,0.3015
porte-parole,Q17221,transporteur,0.3462,bénévole,0.1926,partenaire,0.1172
attaché de presse,Q4178004,agent de,0.3265,investisseur,0.079,entrepreneur,0.0777
rang civil de l'Empire russe,Q28745974,agent de,0.2523,notaire,0.1409,secrétaire,0.112
rang civil de l'Empire russe,Q28745974,agent de,0.2523,notaire,0.1409,secrétaire,0.112
région anatomique,Q17781690,relation publique,0.3834,manager,0.0683,ancêtre,0.068
entité anatomique particulière,Q112826975,partenaire,0.2904,relation publique,0.2023,père,0.1787
fonctionnaire,Q212238,fonctionnaire,1.0,partenaire,0.2162,notaire,0.1584
rang civil de l'Empire russe,Q28745974,agent de,0.2523,notaire,0.1409,secrétaire,0.112
noble,Q16744001,comptable,0.2976,notaire,0.1337,bénévole,0.0935
feudataire,Q1409420,notaire,0.5703,secrétaire,0.4533,publicitaire,0.4183
agriculteur ou agricultrice,Q131512,cultivateur / éleveur,0.2678,adulte,0.2096,agent de,0.1234
croyant ou croyante,Q17573152,enfant,0.2356,aidant,0.2332,étudiant,0.1948
militant associatif ou militante associative,Q21509814,acteurs sociaux,0.2112,travailleur social,0.1799,assureur,0.1659
manager,Q2462658,manager,1.0,agent de,0.0548,amant/e,0.0485
président ou présidente,Q1255921,précurseur,0.2403,inventeur,0.1614,client,0.145
vlogueur ou vlogueuse,Q4110598,psychologue,0.3816,joueur,0.2399,guerrier,0.0704
YouTubeur ou YouTubeuse,Q17125263,ouvrier,0.1983,acteur,0.1682,cultivateur / éleveur,0.1472
maître spirituel,Q29352392,guide spirituel,0.7679,ancêtre,0.1062,manager,0.0464
courtier,Q160117,secouriste,0.2502,ouvrier,0.1633,policier,0.1627
physiothérapeute,Q694748,auteur,0.1702,cartographe,0.1016,pharmacien,0.0941
pédagogue,Q1231865,psychologue,0.4409,guerrier,0.0813,relation publique,0.0559
athlète,Q2066131,hôte,0.2343,adulte,0.182,activiste,0.1553
physiologiste,Q2055046,écologiste,0.7667,activiste,0.1967,archiviste,0.1785
comité,Q865588,comptable,0.3461,consultant,0.0991,guerrier,0.0
biologiste,Q864503,écologiste,0.7881,activiste,0.2022,archiviste,0.1834
entrepreneur ou entrepreneuse,Q131524,entrepreneur,0.9808,inventeur,0.0404,ancêtre,0.0385
athlète,Q2066131,hôte,0.2343,adulte,0.182,activiste,0.1553
joueur professionnel ou joueuse professionnelle,Q18536342,joueur,0.75,procureur,0.1549,producteur,0.1546
artisan,Q1294787,archiviste,0.1227,investisseur,0.1106,partenaire,0.1022
travailleur du textile,Q66035178,travailleur social,0.7907,traducteur,0.1187,transporteur,0.0993
philosophe,Q4964182,philosophe,1.0,cartographe,0.0902,pharmacien,0.0333
juriste,Q185351,secouriste,0.5493,juré,0.2839,activiste,0.2205
torero,Q549322,mentor,0.2633,guerrier,0.0,juré,0.0
cavalier,Q1365155,familier,0.3622,ouvrier,0.1355,policier,0.135
matador,Q2412523,mentor,0.1594,manager,0.1463,réformateur,0.0938
entraîneur sportif,Q41583,entrepreneur,0.4025,transporteur,0.3451,spectateur,0.0793
cadres supérieurs de l’administration publique,Q108290289,relation publique,0.7068,publicitaire,0.2326,acteurs sociaux,0.1503
berger,Q81710,manager,0.3793,ouvrier,0.0741,policier,0.0738
médecin spécialiste,Q3332438,médecin,0.754,journaliste,0.3311,activiste,0.1411
microbiologiste,Q3779582,écologiste,0.7881,activiste,0.2022,archiviste,0.1834
court appointment,Q1622925,mentor,0.2345,secouriste,0.193,client,0.1784
géologue,Q520549,psychologue,0.619,écologiste,0.1539,guerrier,0.0579
assistant,Q23835475,consultant,0.3162,assureur,0.2513,enfant,0.1454
personnalité du monde des affaires,Q43845,fonctionnaire,0.2398,journaliste,0.1648,agent de,0.1413
domaine d'activité,Q627436,activiste,0.6172,acteur,0.0859,diplomate,0.0694
édition,Q194105,éditeur,0.4555,relation publique,0.2498,fonctionnaire,0.1266
clergé séculier,Q924774,familier,0.3622,client,0.1866,ouvrier,0.1355
chanoine,Q1104153,témoin,0.2606,guerrier,0.0,diplomate,0.0
cycliste sur route,Q52217314,journaliste,0.4016,activiste,0.2661,archiviste,0.2414
ingénieur design,Q1779650,agent de,0.1576,inventeur,0.1566,inspecteur,0.1506
agriculteur ou agricultrice,Q131512,cultivateur / éleveur,0.2678,adulte,0.2096,agent de,0.1234
géoscientifique,Q11424604,relation publique,0.3032,client,0.1961,musicien,0.1323
biologiste,Q864503,écologiste,0.7881,activiste,0.2022,archiviste,0.1834
résistant ou résistante,Q1397808,consultant,0.3065,enfant,0.1207,aidant,0.1195
travailleur ou travailleuse,Q327055,travailleur social,0.7999,traducteur,0.115,transporteur,0.0962
Gehilfe,Q56260328,philosophe,0.1948,guerrier,0.0,juré,0.0
patron de structure,Q635280,agent de,0.2916,partenaire,0.1142,assureur,0.0754
biologiste,Q864503,écologiste,0.7881,activiste,0.2022,archiviste,0.1834
criminel ou criminelle,Q2159907,ouvrier,0.1278,bénévole,0.0935,comptable,0.0877
homme ou femme forte,Q7623231,transporteur,0.222,ouvrier,0.1024,fondateur,0.0819
artiste de cirque,Q17307272,archiviste,0.2535,activiste,0.2161,agent de,0.2143
maître de cérémonie,Q497240,agent de,0.2883,ancêtre,0.207,témoin,0.0975
athlète,Q2066131,hôte,0.2343,adulte,0.182,activiste,0.1553
joueur professionnel ou joueuse professionnelle,Q18536342,joueur,0.75,procureur,0.1549,producteur,0.1546
gymnaste,Q16947675,activiste,0.2919,archiviste,0.2648,secouriste,0.2636
mathématicien ou mathématicienne,Q170790,informaticien,0.6181,politicien,0.3695,musicien,0.2591
bibliste,Q19829990,journaliste,0.4613,activiste,0.2885,archiviste,0.2618
préfet,Q371909,précurseur,0.2594,défendeur,0.1025,réformateur,0.0979
violoniste,Q1259917,écologiste,0.4228,activiste,0.3769,archiviste,0.3419
musicien ou musicienne de jazz,Q15981151,musicien,0.9589,politicien,0.2206,technicien,0.2129
conservateur-restaurateur ou conservatrice-restauratrice,Q446966,consultant,0.3401,innovateur,0.2775,cultivateur / éleveur,0.2126
restaurateur,Q2145981,médiateur,0.3188,fondateur,0.3158,spectateur,0.2973
viniculteur,Q21771805,cultivateur / éleveur,0.2799,adulte,0.2716,acteur,0.1957
propriétaire de biens,Q12794619,secrétaire,0.4561,notaire,0.3735,publicitaire,0.274
restaurant manager,Q96093243,manager,0.8899,enfant,0.0889,aidant,0.088
pratiquant d'arts martiaux,Q11124885,acteurs sociaux,0.2885,enfant,0.1102,aidant,0.1091
enseignant ou enseignante,Q37226,enseignant,0.9771,infirmier / soignant,0.2664,enfant,0.0992
danseur ou danseuse,Q5716684,précurseur,0.1886,investisseur,0.1699,aidant,0.1262
other arts teachers,Q108290352,technicien,0.1005,archiviste,0.0996,acteurs sociaux,0.0895
chorégraphe,Q2490358,cartographe,0.6007,philosophe,0.1381,psychologue,0.0523
poète ou poétesse,Q49757,policier,0.1566,politicien,0.1356,pourvoyeur,0.1289
philosophe,Q4964182,philosophe,1.0,cartographe,0.0902,pharmacien,0.0333
chanteur ou chanteuse,Q177220,inventeur,0.4251,acteur,0.1658,auteur,0.143
musulman ou musulmane,Q47740,musicien,0.3223,manager,0.0895,amant/e,0.089
activité,Q12737077,activiste,0.7447,acteur,0.2396,acteurs sociaux,0.1239
être humain,Q5,ancêtre,0.519,témoin,0.0773,voisin,0.0773
imprimeur,Q175151,acteur,0.2759,cultivateur / éleveur,0.2414,auteur,0.2378
médecin spécialiste,Q3332438,médecin,0.754,journaliste,0.3311,activiste,0.1411
scientifique,Q901,relation publique,0.3032,client,0.1961,musicien,0.1323
chercheur ou chercheuse,Q1650915,archiviste,0.1748,ouvrier,0.1058,acteur,0.0897
entraîneur sportif,Q41583,entrepreneur,0.4025,transporteur,0.3451,spectateur,0.0793
gymnaste,Q16947675,activiste,0.2919,archiviste,0.2648,secouriste,0.2636
gouvernement cantonal,Q665565,mentor,0.3084,client,0.1693,agent de,0.1675
zoologiste des invertébrés,Q108614246,écologiste,0.669,inventeur,0.2485,investisseur,0.1943
solliciteur,Q14284,éditeur,0.3658,publicitaire,0.2873,policier,0.1617
commissaire aux comptes,Q1051798,comptable,0.4742,notaire,0.1765,secrétaire,0.1403
expert-comptable,Q1108818,comptable,0.9382,bénévole,0.0401,guerrier,0.0
government tax and excise officials,Q108290446,officier,0.6268,mentor,0.1555,client,0.1183
acteur ou actrice,Q33999,acteur,0.9123,acteurs sociaux,0.4389,activiste,0.2541
peintre,Q1028181,ancêtre,0.2667,entrepreneur,0.2507,mere,0.0778
guitariste,Q855091,secouriste,0.4118,activiste,0.2426,archiviste,0.2201
musicien ou musicienne de musique classique,Q81729632,musicien,0.843,relation publique,0.164,politicien,0.1636
régent ou régente,Q477406,agent de,0.4527,inventeur,0.1688,client,0.1517
reine,Q16511993,relation publique,0.1594,guerrier,0.0,législateur,0.0
formateur,Q3077353,réformateur,0.7461,informaticien,0.3645,fondateur,0.2417
officier,Q189290,officier,1.0,policier,0.3283,musicien,0.0891
marin,Q45199,manager,0.1838,voisin,0.1443,témoin,0.1443
torero,Q549322,mentor,0.2633,guerrier,0.0,juré,0.0
travailleur ou travailleuse,Q327055,travailleur social,0.7999,traducteur,0.115,transporteur,0.0962
sciences sociales,Q34749,travailleur social,0.4712,acteurs sociaux,0.3923,musicien,0.1142
artisan,Q1294787,archiviste,0.1227,investisseur,0.1106,partenaire,0.1022
couvreur,Q552378,ouvrier,0.2665,assureur,0.2622,procureur,0.2497
équipe,Q327245,banquier,0.2267,guerrier,0.0,traducteur,0.0
troupe théâtrale,Q742421,traducteur,0.22,transporteur,0.184,travailleur social,0.1519
groupe d'humains,Q16334295,inspecteur,0.2292,guerrier,0.0,traducteur,0.0
collectif,Q13473501,lecteur,0.3182,écologiste,0.0811,activiste,0.0752
groupe des arts du spectacle,Q105815710,spectateur,0.638,inspecteur,0.2962,agent de,0.0715
bureaucrate,Q572700,diplomate,0.2447,assureur,0.1198,procureur,0.1141
auxiliaire de santé,Q55071047,notaire,0.2859,agent de,0.2467,secrétaire,0.2273
directeur ou directrice d'école,Q1056391,lecteur,0.4013,inspecteur,0.3117,acteur,0.2421
président d'université,Q4376769,précurseur,0.238,client,0.2189,agent de,0.2165
réalisateur ou réalisatrice,Q3455803,journaliste,0.2604,réformateur,0.2349,médiateur,0.1585
artiste,Q483501,archiviste,0.3646,activiste,0.3108,secouriste,0.2806
équipe de cinéma,Q506702,agent de,0.3188,citoyen,0.0998,médecin,0.0997
cartooniste,Q1114448,cartographe,0.4661,activiste,0.2219,archiviste,0.2013
détaillant,Q12049274,secrétaire,0.1978,travailleur social,0.1652,enfant,0.1441
commerçant,Q215536,comptable,0.2522,consultant,0.2022,enfant,0.1789
continuateur indépendant,Q53617489,aidant,0.3447,fondateur,0.2645,consultant,0.2438
sujet,Q830077,guerrier,0.0,traducteur,0.0,spectateur,0.0
athlète,Q2066131,hôte,0.2343,adulte,0.182,activiste,0.1553
joueur professionnel ou joueuse professionnelle,Q18536342,joueur,0.75,procureur,0.1549,producteur,0.1546
travailleur qualifié ou travailleuse qualifiée,Q2588761,travailleur social,0.7801,traducteur,0.1122,transporteur,0.0938
artisan,Q1294787,archiviste,0.1227,investisseur,0.1106,partenaire,0.1022
personnalité du monde de la mode,Q27943370,agent de,0.2857,journaliste,0.1356,fonctionnaire,0.1242
travailleur du textile,Q66035178,travailleur social,0.7907,traducteur,0.1187,transporteur,0.0993
"Tailors, Dressmakers, Furriers and Hatters",Q108286044,guerrier,0.3335,ouvrier,0.1512,acteurs sociaux,0.1033
comédien de kabuki,Q48146261,agent de,0.2434,médiateur,0.2041,comptable,0.1842
Cross-gender acting,Q5188176,activiste,0.3813,acteur,0.2612,vendeur,0.2239
professeur de musique,Q81759238,musicien,0.3031,investisseur,0.2369,relation publique,0.1884
composition teacher,Q99588331,comptable,0.3228,relation publique,0.2362,fonctionnaire,0.1197
pilote de moto,Q3014296,agent de,0.3713,philosophe,0.094,hôte,0.077
traducteur ou traductrice,Q333634,traducteur,0.9583,producteur,0.3083,transporteur,0.1432
bibliste,Q19829990,journaliste,0.4613,activiste,0.2885,archiviste,0.2618
écrivain ou écrivaine,Q36180,écologiste,0.1108,travailleur social,0.0853,cultivateur / éleveur,0.0847
maître spirituel,Q29352392,guide spirituel,0.7679,ancêtre,0.1062,manager,0.0464
historien ou historienne,Q201788,ouvrier,0.1787,musicien,0.1431,mentor,0.1408
personnalité du monde des affaires,Q43845,fonctionnaire,0.2398,journaliste,0.1648,agent de,0.1413
éditeur ou éditrice,Q2516866,éditeur,0.9304,médiateur,0.1344,acteur,0.0931
personne de la presse écrite,Q96050759,agent de,0.2432,guide spirituel,0.0973,écologiste,0.0949
syndicaliste,Q15627169,syndiqué,0.4595,journaliste,0.4249,activiste,0.181
revolutionary syndicalist,Q118309201,syndiqué,0.4512,journaliste,0.2478,relation publique,0.1279
artiste de rue,Q2914170,archiviste,0.2893,activiste,0.2466,agent de,0.2445
officier,Q189290,officier,1.0,policier,0.3283,musicien,0.0891
détaillant,Q12049274,secrétaire,0.1978,travailleur social,0.1652,enfant,0.1441
médailleur,Q1708232,travailleur social,0.5118,médiateur,0.1928,médecin,0.1554
dessinateur ou dessinatrice,Q15296811,médiateur,0.2049,fondateur,0.203,spectateur,0.1911
écrivain ou écrivaine,Q36180,écologiste,0.1108,travailleur social,0.0853,cultivateur / éleveur,0.0847
directeur ou directrice,Q1162163,lecteur,0.4729,inspecteur,0.3673,acteur,0.2853
photographe professionnel,Q98084799,cartographe,0.6519,philosophe,0.1314,procureur,0.1099
technicien ou technicienne,Q5352191,technicien,0.9852,musicien,0.2158,politicien,0.1923
audiovisual technician,Q93922873,technicien,0.7574,étudiant,0.0945,auteur,0.0642
firme,Q4830453,infirmier / soignant,0.273,guerrier,0.0,législateur,0.0
entreprise médiatique,Q1331793,médiateur,0.4717,entrepreneur,0.4528,relation publique,0.181
organisation musicale,Q32178211,musicien,0.5114,relation publique,0.3119,fonctionnaire,0.1043
cartographe,Q1734662,cartographe,1.0,philosophe,0.0902,partenaire,0.0318
entraîneur sportif,Q41583,entrepreneur,0.4025,transporteur,0.3451,spectateur,0.0793
fonction,Q4164871,fonctionnaire,0.671,relation publique,0.197,fondateur,0.1348
médecin spécialiste,Q3332438,médecin,0.754,journaliste,0.3311,activiste,0.1411
dirigeant,Q1097498,enfant,0.2209,aidant,0.2187,étudiant,0.1827
régent ou régente,Q477406,agent de,0.4527,inventeur,0.1688,client,0.1517
enseignant ou enseignante,Q37226,enseignant,0.9771,infirmier / soignant,0.2664,enfant,0.0992
fondateur,Q4479442,fondateur,1.0,médiateur,0.1695,spectateur,0.1581
fonction,Q4164871,fonctionnaire,0.671,relation publique,0.197,fondateur,0.1348
acteur ou actrice,Q33999,acteur,0.9123,acteurs sociaux,0.4389,activiste,0.2541
artiste,Q483501,archiviste,0.3646,activiste,0.3108,secouriste,0.2806
athlète,Q2066131,hôte,0.2343,adulte,0.182,activiste,0.1553
joueur professionnel ou joueuse professionnelle,Q18536342,joueur,0.75,procureur,0.1549,producteur,0.1546
cuivriste,Q25829748,secouriste,0.4546,activiste,0.2678,archiviste,0.243
réalisateur d'émission radiophonique,Q21234364,relation publique,0.3158,réformateur,0.1947,médiateur,0.1648
détective privé,Q1058617,activiste,0.2458,défendeur,0.0901,lecteur,0.0868
dirigeant ou dirigeante,Q25713832,enfant,0.1501,aidant,0.1486,diplomate,0.1416
motorsports competitor,Q30339659,comptable,0.2764,transporteur,0.2645,mentor,0.2427
navigateur ou navigatrice,Q254651,médiateur,0.3571,fondateur,0.3538,spectateur,0.333
religieux,Q4504549,relation publique,0.2441,époux,0.1249,acteurs sociaux,0.0792
archevêque métropolitain,Q105393558,archiviste,0.2872,politicien,0.2755,policier,0.1448
ordinaire,Q1638918,partenaire,0.5009,fonctionnaire,0.4316,notaire,0.367
scientifique de l'esprit,Q16727193,agent de,0.2607,relation publique,0.2534,client,0.1639
potier ou potière,Q3400050,père,0.2882,policier,0.2627,ouvrier,0.2225
peintre,Q1028181,ancêtre,0.2667,entrepreneur,0.2507,mere,0.0778
artisan manuel,Q19101121,manager,0.2326,guide spirituel,0.171,archiviste,0.0702
militant social,Q8359428,travailleur social,0.4401,acteurs sociaux,0.2838,consultant,0.1884
militant ou militante,Q15253558,consultant,0.2383,familier,0.2326,enfant,0.0938
militant ou militante politique,Q11499147,politicien,0.3756,consultant,0.1885,familier,0.1841
factieux,Q118162105,activiste,0.2784,acteurs sociaux,0.1383,acteur,0.1245
journaliste de l'audiovisuel,Q24705156,journaliste,0.8812,activiste,0.1651,archiviste,0.1498
journaliste,Q1930187,journaliste,1.0,secouriste,0.1649,activiste,0.1505
travailleur ou travailleuse,Q327055,travailleur social,0.7999,traducteur,0.115,transporteur,0.0962
unpaid work,Q7897274,aidant,0.2721,guerrier,0.0,législateur,0.0
voluntarism,Q7940935,voisin,0.1504,bénévole,0.1265,secouriste,0.1187
employé de bar,Q808266,agent de,0.3502,banquier,0.1031,diplomate,0.0959
manager,Q2462658,manager,1.0,agent de,0.0548,amant/e,0.0485
organe de gouvernance,Q5588651,agent de,0.2981,ouvrier,0.0969,ancêtre,0.0931
governance in higher education,Q17018471,relation publique,0.3462,fonctionnaire,0.1158,infirmier / soignant,0.0755
administration académique,Q4671162,relation publique,0.5407,fonctionnaire,0.1077,activiste,0.0726
profession historique,Q16335296,relation publique,0.3835,procureur,0.1541,producteur,0.1537
agent de la force publique,Q6503343,agent de,0.6276,relation publique,0.5213,publicitaire,0.2462
dirigeant,Q1097498,enfant,0.2209,aidant,0.2187,étudiant,0.1827
cavalier,Q2730732,familier,0.3622,ouvrier,0.1355,policier,0.135
journaliste,Q1930187,journaliste,1.0,secouriste,0.1649,activiste,0.1505
ministre,Q83307,ancêtre,0.3254,père,0.0949,mere,0.0949
chanteur ou chanteuse,Q177220,inventeur,0.4251,acteur,0.1658,auteur,0.143
musicien ou musicienne de musique classique,Q81729632,musicien,0.843,relation publique,0.164,politicien,0.1636
eunuque,Q179294,relation publique,0.2684,psychologue,0.0919,juré,0.0
distinction,Q618779,fonctionnaire,0.3966,relation publique,0.2351,activiste,0.0869
botaniste,Q2374149,activiste,0.3339,archiviste,0.3029,secouriste,0.3015
microbiologiste,Q3779582,écologiste,0.7881,activiste,0.2022,archiviste,0.1834
général,Q83460,bénévole,0.1549,travailleur social,0.1117,guerrier,0.0
two-star rank,Q6451204,transporteur,0.1913,guerrier,0.0,législateur,0.0
occultiste,Q12797895,cultivateur / éleveur,0.2823,activiste,0.2439,archiviste,0.2213
danseurs et chorégraphes,Q108290379,cartographe,0.369,acteurs sociaux,0.2111,précurseur,0.1264
réalisateur ou réalisatrice,Q3455803,journaliste,0.2604,réformateur,0.2349,médiateur,0.1585
chanteur ou chanteuse,Q177220,inventeur,0.4251,acteur,0.1658,auteur,0.143
bouddhiste,Q6926246,activiste,0.4206,archiviste,0.3816,secouriste,0.3798
religieuse,Q191808,relation publique,0.276,guerrier,0.0,législateur,0.0
femme,Q467,guerrier,0.0,traducteur,0.0,spectateur,0.0
producteur ou productrice artistique,Q47541952,producteur,0.8896,traducteur,0.2852,procureur,0.1439
profession historique,Q16335296,relation publique,0.3835,procureur,0.1541,producteur,0.1537
journaliste,Q1930187,journaliste,1.0,secouriste,0.1649,activiste,0.1505
auteur-compositeur ou autrice-compositrice,Q753110,auteur,0.7159,éditeur,0.2334,comptable,0.2007
parolier ou parolière,Q822146,partenaire,0.2779,familier,0.2043,père,0.1667
tango singer,Q100269042,manager,0.2818,voisin,0.1233,consultant,0.0945
maître ou maîtresse de conférences,Q462390,agent de,0.1842,ancêtre,0.1804,consultant,0.1355
force basque,Q631306,relation publique,0.1926,banquier,0.0966,fondateur,0.0853
personne,Q215627,fonctionnaire,0.1774,guerrier,0.0,traducteur,0.0
philosophe,Q4964182,philosophe,1.0,cartographe,0.0902,pharmacien,0.0333
théoricien ou théoricienne politique,Q15994177,politicien,0.7287,musicien,0.3547,policier,0.3488
modern philologist,Q110038490,écologiste,0.5045,philosophe,0.3872,psychologue,0.1044
council architect,Q49000490,archiviste,0.5049,éditeur,0.0745,lecteur,0.0583
urbaniste,Q131062,activiste,0.3698,archiviste,0.3355,secouriste,0.3339
romaniste,Q2504617,activiste,0.3391,archiviste,0.3076,secouriste,0.3062
prêtre chrétien,Q831474,ancêtre,0.4321,musicien,0.1371,politicien,0.1222
clerc catholique,Q105200214,relation publique,0.376,psychologue,0.0925,client,0.0747
prêtre,Q42603,ancêtre,0.519,procureur,0.0673,producteur,0.0672
catholique,Q17549077,relation publique,0.3908,psychologue,0.0961,avocat,0.073
paléontologue,Q1662561,psychologue,0.5701,écologiste,0.1417,mentor,0.0725
membre d'équipe de cinéma,Q17291399,agent de,0.2883,mere,0.169,citoyen,0.0902
médecin,Q39631,médecin,1.0,médiateur,0.146,voisin,0.0457
scientifique biomédical,Q4915128,relation publique,0.255,médiateur,0.1823,client,0.1649
ethnomusicologue,Q17484288,psychologue,0.4607,musicien,0.3236,écologiste,0.2516
éditeur ou éditrice,Q1607826,éditeur,0.9304,médiateur,0.1344,acteur,0.0931
patron de presse,Q1420621,agent de,0.28,partenaire,0.0749,investisseur,0.0677
intermédiaire d’assurance,Q2518182,assureur,0.3328,médiateur,0.3099,notaire,0.2078
courtier d'assurances,Q285759,assureur,0.3962,secouriste,0.1554,ouvrier,0.1015
professionnel ou professionnelle de la santé,Q11974939,procureur,0.2055,producteur,0.205,fonctionnaire,0.1898
ministre,Q83307,ancêtre,0.3254,père,0.0949,mere,0.0949
musicologie,Q164204,musicien,0.5211,écologiste,0.4172,psychologue,0.1109
designer,Q5322166,agent de,0.179,infirmier / soignant,0.1351,enseignant,0.1131
artiste,Q483501,archiviste,0.3646,activiste,0.3108,secouriste,0.2806
frère mineur,Q64030843,frère/socur,0.4566,père,0.2142,entrepreneur,0.1767
provincial,Q1975161,travailleur social,0.3212,procureur,0.1898,producteur,0.1894
frère mineur conventuel,Q90482618,frère/socur,0.3217,inventeur,0.2636,guide spirituel,0.1903
frère mineur capucin,Q90521808,frère/socur,0.4054,père,0.1902,entrepreneur,0.1569
réalisateur ou réalisatrice,Q3455803,journaliste,0.2604,réformateur,0.2349,médiateur,0.1585
artiste visuel ou artiste visuelle,Q3391743,archiviste,0.3556,activiste,0.3172,secouriste,0.2301
professionnel du cinéma,Q3406858,procureur,0.1898,producteur,0.1894,fonctionnaire,0.1753
membre d'équipe de cinéma,Q17291399,agent de,0.2883,mere,0.169,citoyen,0.0902
homme ou femme forte,Q7623231,transporteur,0.222,ouvrier,0.1024,fondateur,0.0819
profession agricole,Q19261760,bénévole,0.1958,procureur,0.1717,producteur,0.1712
travailleur qualifié,Q1391083,travailleur social,0.7884,traducteur,0.1184,transporteur,0.099
travailleur qualifié ou travailleuse qualifiée,Q2588761,travailleur social,0.7801,traducteur,0.1122,transporteur,0.0938
culture agricole (?),Q488798,cultivateur / éleveur,0.261,bénévole,0.1804,agent de,0.0788
arboriculture fruitière,Q1458465,père,0.2997,cultivateur / éleveur,0.1337,frère/socur,0.108
discipline académique,Q11862829,relation publique,0.3119,diplomate,0.1455,acteur,0.0901
chanteur ou chanteuse,Q177220,inventeur,0.4251,acteur,0.1658,auteur,0.143
folk musician,Q101084010,musicien,0.7401,étudiant,0.0604,fondateur,0.0532
monarque,Q116,relation publique,0.2684,psychologue,0.0919,juré,0.0
évêque,Q29182,relation publique,0.2684,psychologue,0.0919,juré,0.0
universitaire,Q3400985,publicitaire,0.5629,notaire,0.4995,secrétaire,0.397
professeur ou professeure d'université,Q1622272,investisseur,0.3578,procureur,0.2553,précurseur,0.2326
contributeur,Q20204892,auteur,0.479,consultant,0.1966,acteur,0.1822
être humain,Q5,ancêtre,0.519,témoin,0.0773,voisin,0.0773
organisation,Q43229,relation publique,0.4603,fonctionnaire,0.154,informaticien,0.0538
communauté,Q177634,comptable,0.2976,auteur,0.1578,consultant,0.0852
président ou présidente,Q140686,précurseur,0.2403,inventeur,0.1614,client,0.145
cadre dirigeant ou cadre dirigeante,Q978044,enfant,0.1253,aidant,0.124,diplomate,0.1182
apprenant,Q11448873,enseignant,0.2908,infirmier / soignant,0.2233,entrepreneur,0.1943
ingénieur ou ingénieure,Q81096,inventeur,0.1874,inspecteur,0.1802,innovateur,0.1759
constructeur motocycle,Q15081030,traducteur,0.3652,producteur,0.3616,consultant,0.3328
directeur ou directrice,Q1162163,lecteur,0.4729,inspecteur,0.3673,acteur,0.2853
manager général,Q1210069,manager,0.9463,agent de,0.0519,bénévole,0.0501
cadre dirigeant ou cadre dirigeante,Q978044,enfant,0.1253,aidant,0.124,diplomate,0.1182
chef religieux,Q15995642,relation publique,0.2441,époux,0.1249,acteurs sociaux,0.0792
mufti,Q185992,musicien,0.2423,guerrier,0.0,frère/socur,0.0
diacre,Q161944,diplomate,0.139,médiateur,0.1332,étudiant,0.1253
clerc catholique,Q105200214,relation publique,0.376,psychologue,0.0925,client,0.0747
occupation religieuse catholique,Q63188808,relation publique,0.6531,fonctionnaire,0.0911,psychologue,0.0696
catholique,Q17549077,relation publique,0.3908,psychologue,0.0961,avocat,0.073
magistrat,Q16009129,écologiste,0.2192,avocat,0.1137,manager,0.1064
athlète,Q2066131,hôte,0.2343,adulte,0.182,activiste,0.1553
éducateur ou éducatrice,Q974144,éditeur,0.2431,traducteur,0.1835,producteur,0.1817
éclaireur,Q18121791,assureur,0.3049,procureur,0.2905,notaire,0.191
artisan,Q1294787,archiviste,0.1227,investisseur,0.1106,partenaire,0.1022
auditeur,Q10949665,éditeur,0.6653,auteur,0.2476,acteur,0.1706
jardinier,Q758780,ouvrier,0.3027,policier,0.3016,officier,0.2891
fonctionnaire,Q212238,fonctionnaire,1.0,partenaire,0.2162,notaire,0.1584
trafiquant de drogue,Q10384029,psychologue,0.2908,agent de,0.2483,traducteur,0.1384
responsable,Q1251441,comptable,0.4035,consultant,0.0672,transporteur,0.0644
racketeer,Q63443313,ouvrier,0.1706,policier,0.17,manager,0.1647
crime boss,Q4947495,guerrier,0.0,traducteur,0.0,spectateur,0.0
para-athlete,Q114414171,partenaire,0.3318,hôte,0.0858,adulte,0.0667
competitor,Q27019785,comptable,0.3825,mentor,0.2519,citoyen,0.0769
sportif olympique,Q58825429,transporteur,0.3246,relation publique,0.2556,spectateur,0.0533
photographe professionnel,Q98084799,cartographe,0.6519,philosophe,0.1314,procureur,0.1099
portraitiste,Q21178131,activiste,0.2473,transporteur,0.2271,archiviste,0.2243
criminel ou criminelle,Q2159907,ouvrier,0.1278,bénévole,0.0935,comptable,0.0877
maître d’œuvre,Q1340643,ancêtre,0.2786,père,0.1352,mere,0.1352
architecte,Q42973,archiviste,0.5309,lecteur,0.1686,inspecteur,0.1309
membre d'équipage,Q5184855,mere,0.2549,agent de,0.1282,banquier,0.128
conducteur de véhicule,Q23640580,traducteur,0.4545,producteur,0.4501,acteur,0.2714
instrumentiste,Q1278335,activiste,0.2515,archiviste,0.2281,secouriste,0.2271
chanteur ou chanteuse,Q177220,inventeur,0.4251,acteur,0.1658,auteur,0.143
auteur de casse-tête,Q12957007,auteur,0.79,agent de,0.1881,acteur,0.1282
concepteur ou conceptrice de jeu,Q3630699,consultant,0.2493,agent de,0.1695,acteur,0.1155
écrivain ou écrivaine,Q36180,écologiste,0.1108,travailleur social,0.0853,cultivateur / éleveur,0.0847
vendeur ou vendeuse,Q685433,vendeur,0.9634,défendeur,0.4247,inventeur,0.0783
traducteur ou traductrice,Q333634,traducteur,0.9583,producteur,0.3083,transporteur,0.1432
partisan,Q212948,partenaire,0.4596,investisseur,0.0712,cartographe,0.059
pathologiste,Q3368718,écologiste,0.699,psychologue,0.2354,activiste,0.1793
manager,Q2462658,manager,1.0,agent de,0.0548,amant/e,0.0485
salarié,Q703534,allié,0.2887,guerrier,0.0,législateur,0.0
dermatologue,Q2447386,psychologue,0.544,écologiste,0.1352,réformateur,0.1283
vénérologue,Q13167731,psychologue,0.593,écologiste,0.1474,bénévole,0.0628
société de négoce,Q2865305,acteurs sociaux,0.3222,agent de,0.2787,travailleur social,0.2743
critique,Q6430706,relation publique,0.3263,politicien,0.078,syndiqué,0.0661
personnalité liée au vin,Q104590991,journaliste,0.1863,fonctionnaire,0.1707,auteur,0.0991
dompteur,Q18340078,comptable,0.2919,acteur,0.2484,auteur,0.2142
conseiller ou conseillère,Q2994387,consultant,0.3471,enseignant,0.1833,père,0.1189
publicitaire,Q10355417,publicitaire,1.0,notaire,0.2812,relation publique,0.2302
artisan,Q1294787,archiviste,0.1227,investisseur,0.1106,partenaire,0.1022
géographe,Q901402,cartographe,0.7031,philosophe,0.1283,guerrier,0.0
médailleur,Q1708232,travailleur social,0.5118,médiateur,0.1928,médecin,0.1554
peintre,Q1028181,ancêtre,0.2667,entrepreneur,0.2507,mere,0.0778
marine artist,Q108100323,archiviste,0.1561,manager,0.1148,investisseur,0.0886
travailleur qualifié,Q1391083,travailleur social,0.7884,traducteur,0.1184,transporteur,0.099
travailleur de la construction,Q811122,travailleur social,0.6331,consultant,0.1745,fonctionnaire,0.1419
producteur,Q13235160,producteur,1.0,traducteur,0.4194,acteur,0.2505
groupe d'humains,Q16334295,inspecteur,0.2292,guerrier,0.0,traducteur,0.0
managerial staff,Q11603279,manager,0.8431,travailleur social,0.1127,agent de,0.054
analyste financier ou analyste financière,Q1416279,ancêtre,0.1873,journaliste,0.1787,policier,0.1581
firme,Q4830453,infirmier / soignant,0.273,guerrier,0.0,législateur,0.0
religieux,Q114836842,relation publique,0.2441,époux,0.1249,acteurs sociaux,0.0792
moine ou moniale,Q733786,témoin,0.3236,ouvrier,0.1036,bénévole,0.0758
psychothérapeute,Q1900167,psychologue,0.5841,auteur,0.0813,cartographe,0.0485
médecin spécialiste,Q3332438,médecin,0.754,journaliste,0.3311,activiste,0.1411
athlète,Q2066131,hôte,0.2343,adulte,0.182,activiste,0.1553
écrivain ou écrivaine,Q36180,écologiste,0.1108,travailleur social,0.0853,cultivateur / éleveur,0.0847
poète ou poétesse,Q49757,policier,0.1566,politicien,0.1356,pourvoyeur,0.1289
charretier,Q12456639,ouvrier,0.2333,policier,0.2325,officier,0.2228
esclave,Q12773225,guerrier,0.0,traducteur,0.0,spectateur,0.0
athlète,Q2066131,hôte,0.2343,adulte,0.182,activiste,0.1553
chambre haute,Q637846,auteur,0.4679,mere,0.0814,père,0.0814
cadre dirigeant ou cadre dirigeante,Q978044,enfant,0.1253,aidant,0.124,diplomate,0.1182
responsable,Q1251441,comptable,0.4035,consultant,0.0672,transporteur,0.0644
hip-hop,Q11401,guerrier,0.0,traducteur,0.0,spectateur,0.0
professionnel ou professionnelle de la santé,Q11974939,procureur,0.2055,producteur,0.205,fonctionnaire,0.1898
médecin spécialiste,Q3332438,médecin,0.754,journaliste,0.3311,activiste,0.1411
médecin spécialiste,Q3332438,médecin,0.754,journaliste,0.3311,activiste,0.1411
geriatric health care professional,Q121856350,cartographe,0.1693,procureur,0.1665,producteur,0.1661
médecin interniste,Q15924224,médecin,0.8814,activiste,0.1649,archiviste,0.1496
family physician,Q65472776,familier,0.5442,musicien,0.1609,étudiant,0.0604
médecin spécialiste,Q3332438,médecin,0.754,journaliste,0.3311,activiste,0.1411
instrumentiste à vent,Q97572814,inventeur,0.2089,mentor,0.2064,activiste,0.1915
pseudo-scientifique,Q22082749,relation publique,0.276,client,0.1785,musicien,0.1205
manager,Q2462658,manager,1.0,agent de,0.0548,amant/e,0.0485
entraîneur sportif,Q41583,entrepreneur,0.4025,transporteur,0.3451,spectateur,0.0793
personnalité politique,Q82955,politicien,0.5083,policier,0.2419,relation publique,0.1787
haut fonctionnaire ou haute fonctionnaire,Q599151,fonctionnaire,0.9719,partenaire,0.2101,notaire,0.1539
homme d'État,Q372436,avocat,0.1491,spectateur,0.1302,secrétaire,0.1201
namestnik,Q13424814,investisseur,0.1863,guerrier,0.0,législateur,0.0
travailleur ou travailleuse,Q327055,travailleur social,0.7999,traducteur,0.115,transporteur,0.0962
spécialiste,Q1391344,journaliste,0.504,activiste,0.2147,archiviste,0.1948
travailleur manuel,Q33394058,travailleur social,0.7406,manager,0.12,traducteur,0.1112
trader,Q3704253,traducteur,0.4989,transporteur,0.1758,travailleur social,0.1452
militant ou militante,Q15253558,consultant,0.2383,familier,0.2326,enfant,0.0938
directeur ou directrice,Q1072363,lecteur,0.4729,inspecteur,0.3673,acteur,0.2853
professionnel de l'informatique,Q5157565,informaticien,0.5363,réformateur,0.2806,relation publique,0.2111
archéologue classique,Q15983985,psychologue,0.4319,archiviste,0.2407,relation publique,0.2014
archéologue,Q3621491,psychologue,0.4993,archiviste,0.2991,écologiste,0.1241
zoologiste,Q350979,écologiste,0.7881,activiste,0.2022,archiviste,0.1834
sauveteur,Q17126809,acteur,0.4339,auteur,0.374,lecteur,0.357
athlète,Q2066131,hôte,0.2343,adulte,0.182,activiste,0.1553
professeur ou professeure d'université,Q1622272,investisseur,0.3578,procureur,0.2553,précurseur,0.2326
blogueur ou blogueuse,Q8246794,psychologue,0.3816,joueur,0.2399,guerrier,0.0704
salarié,Q703534,allié,0.2887,guerrier,0.0,législateur,0.0
personnalité juridique,Q3778211,juré,0.2314,relation publique,0.2092,syndiqué,0.1438
domestique,Q54128,relation publique,0.3069,investisseur,0.1898,syndiqué,0.0622
hospitality worker,Q87714331,politicien,0.1022,journaliste,0.0917,publicitaire,0.0909
artiste interprète,Q713200,archiviste,0.3324,activiste,0.2913,secouriste,0.263
acteur ou actrice,Q33999,acteur,0.9123,acteurs sociaux,0.4389,activiste,0.2541
Germanic philologist,Q110038383,écologiste,0.4644,philosophe,0.3564,psychologue,0.0961
enseignant ou enseignante,Q37226,enseignant,0.9771,infirmier / soignant,0.2664,enfant,0.0992
militant ou militante,Q15253558,consultant,0.2383,familier,0.2326,enfant,0.0938
désobéissance civile,Q47217,citoyen,0.1012,ancêtre,0.101,défendeur,0.0936
athlète,Q2066131,hôte,0.2343,adulte,0.182,activiste,0.1553
aviateur ou aviatrice,Q2095549,médiateur,0.4488,fondateur,0.1878,spectateur,0.1769
philologue,Q13418253,psychologue,0.4626,philosophe,0.3848,écologiste,0.115
médiéviste,Q3332711,activiste,0.4016,médiateur,0.385,archiviste,0.3644
archéologue,Q3621491,psychologue,0.4993,archiviste,0.2991,écologiste,0.1241
expert interdisciplinaire d'une région géographique,Q17135920,cartographe,0.3087,relation publique,0.2519,partenaire,0.2264
entraîneur sportif,Q41583,entrepreneur,0.4025,transporteur,0.3451,spectateur,0.0793
membre d'équipe de cinéma,Q17291399,agent de,0.2883,mere,0.169,citoyen,0.0902
médecin spécialiste,Q3332438,médecin,0.754,journaliste,0.3311,activiste,0.1411
écrivain ou écrivaine,Q36180,écologiste,0.1108,travailleur social,0.0853,cultivateur / éleveur,0.0847
adjoint,Q3250324,adulte,0.1701,témoin,0.166,enfant,0.0814
éditeur ou éditrice,Q1607826,éditeur,0.9304,médiateur,0.1344,acteur,0.0931
artiste interprète,Q713200,archiviste,0.3324,activiste,0.2913,secouriste,0.263
athlète,Q11513337,hôte,0.2343,adulte,0.182,activiste,0.1553
historien ou historienne de l'architecture,Q11486702,archiviste,0.2862,agent de,0.1486,technicien,0.129
historien ou historienne militaire,Q1493121,publicitaire,0.3201,notaire,0.284,secrétaire,0.2258
athlète,Q2066131,hôte,0.2343,adulte,0.182,activiste,0.1553
joueur ou joueuse,Q4197743,joueur,0.9533,journaliste,0.1563,ouvrier,0.0403
historien ou historienne de l'architecture,Q11486702,archiviste,0.2862,agent de,0.1486,technicien,0.129
archéologue,Q3621491,psychologue,0.4993,archiviste,0.2991,écologiste,0.1241
architecte,Q42973,archiviste,0.5309,lecteur,0.1686,inspecteur,0.1309
poète ou poétesse,Q49757,policier,0.1566,politicien,0.1356,pourvoyeur,0.1289
joueur de rugby,Q13415036,joueur,0.9001,agent de,0.1993,journaliste,0.1257
érudit,Q20826540,éditeur,0.1939,étudiant,0.1608,traducteur,0.0
garde du corps,Q851436,agent de,0.1755,comptable,0.1329,consultant,0.1291
économiste,Q188094,écologiste,0.4832,activiste,0.2853,archiviste,0.2588
agronome,Q1781198,agent de,0.2716,guerrier,0.0,frère/socur,0.0
membre,Q9200127,mere,0.3958,mentor,0.193,père,0.1415
académicien ou académicienne,Q414528,musicien,0.4655,politicien,0.4149,technicien,0.4003
auteur ou autrice de non-fiction,Q15980158,auteur,0.7176,fonctionnaire,0.1634,relation publique,0.1513
archéologue,Q3621491,psychologue,0.4993,archiviste,0.2991,écologiste,0.1241
historien ou historienne de l'art,Q1792450,agent de,0.1832,ouvrier,0.1591,musicien,0.1274
acteur ou actrice de cinéma,Q10800557,acteur,0.7954,acteurs sociaux,0.3827,activiste,0.2216
acteur ou actrice,Q33999,acteur,0.9123,acteurs sociaux,0.4389,activiste,0.2541
violeur,Q22962951,travailleur social,0.2648,bénévole,0.1022,acteur,0.099
agricultural and forestry production managers,Q108290300,manager,0.5207,producteur,0.4627,fonctionnaire,0.1611
travailleur forestier,Q12335817,travailleur social,0.7372,investisseur,0.1166,traducteur,0.1107
hors-la-loi,Q254508,guerrier,0.0,traducteur,0.0,spectateur,0.0
créateur ou créatrice,Q2500638,médiateur,0.2514,fondateur,0.249,spectateur,0.2344
personnalité du jeu d'échecs,Q73145133,journaliste,0.2197,fonctionnaire,0.2012,politicien,0.0816
docteur,Q4618975,acteur,0.6298,lecteur,0.5182,inspecteur,0.4025
acteur ou actrice de théâtre,Q2259451,acteur,0.7896,acteurs sociaux,0.3799,activiste,0.2199
clerc musulman,Q105275968,musicien,0.3009,client,0.1137,manager,0.0836
lutteur,Q27978698,acteur,0.4339,auteur,0.374,lecteur,0.357
ministre,Q83307,ancêtre,0.3254,père,0.0949,mere,0.0949
personnalité médiatique,Q1885941,médiateur,0.544,relation publique,0.2087,médecin,0.1216
réfugié,Q131572,réformateur,0.3193,allié,0.1443,guerrier,0.0
cavalier,Q2730732,familier,0.3622,ouvrier,0.1355,policier,0.135
tisserand,Q437512,investisseur,0.4224,transporteur,0.0723,guerrier,0.0
médecin spécialiste,Q3332438,médecin,0.754,journaliste,0.3311,activiste,0.1411
oriental archaeologist,Q64760769,écologiste,0.4907,archiviste,0.2978,client,0.1279
ancient Near Eastern scholar,Q110042402,client,0.3495,ancêtre,0.2073,psychologue,0.1596
préhistorien,Q17488316,précurseur,0.216,musicien,0.1548,politicien,0.138
indoeuropéaniste,Q16267985,activiste,0.3815,archiviste,0.3461,secouriste,0.3445
archéologue,Q3621491,psychologue,0.4993,archiviste,0.2991,écologiste,0.1241
fonctionnaire,Q212238,fonctionnaire,1.0,partenaire,0.2162,notaire,0.1584
fonctionnaire,Q212238,fonctionnaire,1.0,partenaire,0.2162,notaire,0.1584
musicien ou musicienne,Q639669,musicien,0.9799,politicien,0.2255,technicien,0.2176
sonneur,Q3490626,entrepreneur,0.2855,acteur,0.092,travailleur social,0.0904
personnalité liée au sport,Q50995749,transporteur,0.2885,journaliste,0.146,fonctionnaire,0.1338
manager,Q2462658,manager,1.0,agent de,0.0548,amant/e,0.0485
mobile salesperson,Q2548031,inspecteur,0.1172,spectateur,0.1153,bénévole,0.112
guérisseur,Q2518689,investisseur,0.5126,précurseur,0.1938,acteur,0.0642
motard,Q45787133,notaire,0.2618,traducteur,0.0,spectateur,0.0
agent de renseignement,Q392651,agent de,0.7085,enseignant,0.4423,client,0.1752
officiant,Q2015874,officier,0.6697,étudiant,0.2496,enfant,0.1008
haut fonctionnaire ou haute fonctionnaire,Q599151,fonctionnaire,0.9719,partenaire,0.2101,notaire,0.1539
travail en atelier,Q53178539,travailleur social,0.4983,familier,0.2177,traducteur,0.1111
salarié,Q703534,allié,0.2887,guerrier,0.0,législateur,0.0
juriste,Q185351,secouriste,0.5493,juré,0.2839,activiste,0.2205
avocat ou avocate,Q40348,avocat,0.9493,diplomate,0.0554,ouvrier,0.0341
consultant ou consultante,Q15978655,consultant,0.9775,enfant,0.056,aidant,0.0554
conseiller ou conseillère,Q2994387,consultant,0.3471,enseignant,0.1833,père,0.1189
artiste,Q483501,archiviste,0.3646,activiste,0.3108,secouriste,0.2806
artiste graphique,Q1925963,cartographe,0.2901,archiviste,0.2095,relation publique,0.2078
membre d'équipe de cinéma,Q17291399,agent de,0.2883,mere,0.169,citoyen,0.0902
guérisseur,Q2518689,investisseur,0.5126,précurseur,0.1938,acteur,0.0642
chef religieux,Q15995642,relation publique,0.2441,époux,0.1249,acteurs sociaux,0.0792
technicien ou technicienne de laboratoire,Q1483433,technicien,0.961,musicien,0.2105,politicien,0.1876
alcade,Q5663900,allié,0.2131,agent de,0.1675,guide spirituel,0.1035
alcade,Q5663900,allié,0.2131,agent de,0.1675,guide spirituel,0.1035
alcade,Q5663900,allié,0.2131,agent de,0.1675,guide spirituel,0.1035
responsable,Q1251441,comptable,0.4035,consultant,0.0672,transporteur,0.0644
Germanic philologist,Q110038383,écologiste,0.4644,philosophe,0.3564,psychologue,0.0961
administrateur,Q16532929,médiateur,0.309,fondateur,0.3061,spectateur,0.2882
professionnel ou professionnelle de la santé,Q11974939,procureur,0.2055,producteur,0.205,fonctionnaire,0.1898
artisan,Q1294787,archiviste,0.1227,investisseur,0.1106,partenaire,0.1022
entraîneur sportif,Q41583,entrepreneur,0.4025,transporteur,0.3451,spectateur,0.0793
scientifique de l'esprit,Q16727193,agent de,0.2607,relation publique,0.2534,client,0.1639
militaire,Q47064,publicitaire,0.465,notaire,0.4127,secrétaire,0.328
charpentier,Q154549,ouvrier,0.2096,policier,0.2088,officier,0.2002
officier subalterne,Q1156796,officier,0.9726,policier,0.3193,musicien,0.0867
Other Teaching Professional,Q108285020,procureur,0.1963,producteur,0.1958,technicien,0.0751
sociologue,Q2306091,psychologue,0.5177,acteurs sociaux,0.2227,travailleur social,0.1896
chercheur ou chercheuse en science de l'information,Q1265807,informaticien,0.5722,réformateur,0.285,relation publique,0.2254
chercheur ou chercheuse,Q1650915,archiviste,0.1748,ouvrier,0.1058,acteur,0.0897
directeur général ou directrice générale,Q484876,lecteur,0.4013,inspecteur,0.3117,acteur,0.2421
administrateur ou administratrice de société,Q2824523,travailleur social,0.237,acteurs sociaux,0.2263,agent de,0.1687
administrateur,Q16532929,médiateur,0.309,fondateur,0.3061,spectateur,0.2882
propriétaire de biens,Q12794619,secrétaire,0.4561,notaire,0.3735,publicitaire,0.274
personnalité du monde des affaires,Q43845,fonctionnaire,0.2398,journaliste,0.1648,agent de,0.1413
catéchiste,Q1735732,archiviste,0.3599,activiste,0.3067,secouriste,0.277
instrumentiste,Q1278335,activiste,0.2515,archiviste,0.2281,secouriste,0.2271
gymnaste,Q16947675,activiste,0.2919,archiviste,0.2648,secouriste,0.2636
administrateur,Q16532929,médiateur,0.309,fondateur,0.3061,spectateur,0.2882
professionnel ou professionnelle de la santé,Q11974939,procureur,0.2055,producteur,0.205,fonctionnaire,0.1898
modern philologist,Q110038490,écologiste,0.5045,philosophe,0.3872,psychologue,0.1044
propriétaire de biens,Q12794619,secrétaire,0.4561,notaire,0.3735,publicitaire,0.274
personnalité liée au sport,Q50995749,transporteur,0.2885,journaliste,0.146,fonctionnaire,0.1338
œuvre littéraire,Q7725634,notaire,0.3888,secrétaire,0.3091,partenaire,0.3059
ingénieur ou ingénieure,Q81096,inventeur,0.1874,inspecteur,0.1802,innovateur,0.1759
biologiste,Q864503,écologiste,0.7881,activiste,0.2022,archiviste,0.1834
fonctionnaire,Q212238,fonctionnaire,1.0,partenaire,0.2162,notaire,0.1584
courtisan,Q1511216,secouriste,0.2626,investisseur,0.0872,comptable,0.0804
skieur ou skieuse,Q4270517,ouvrier,0.1983,acteur,0.1682,cultivateur / éleveur,0.1472
competitor,Q27019785,comptable,0.3825,mentor,0.2519,citoyen,0.0769
joueur de billard,Q18544928,joueur,0.8714,agent de,0.1929,journaliste,0.1217
billard français,Q917562,transporteur,0.1105,frère/socur,0.1088,travailleur social,0.0912
patineur inline,Q50259293,entrepreneur,0.2696,inventeur,0.1104,inspecteur,0.1062
agent,Q24229398,agent de,0.8893,client,0.1584,manager,0.0616
gestionnaire culturel,Q3104508,fonctionnaire,0.5742,partenaire,0.2263,cultivateur / éleveur,0.167
zoologiste des invertébrés,Q108614246,écologiste,0.669,inventeur,0.2485,investisseur,0.1943
biologiste aquatique,Q105899379,écologiste,0.6565,relation publique,0.2249,activiste,0.1684
peintre de vases grec,Q18714098,agent de,0.2883,ancêtre,0.207,entrepreneur,0.1946
peintre de vases grec,Q18714098,agent de,0.2883,ancêtre,0.207,entrepreneur,0.1946
évêque catholique,Q611644,relation publique,0.4001,psychologue,0.1079,avocat,0.0563
évêque diocésain,Q1144278,relation publique,0.2115,diplomate,0.0987,voisin,0.0888
suffragant,Q13426709,enfant,0.3372,aidant,0.3337,étudiant,0.2789
ordinaire,Q1638918,partenaire,0.5009,fonctionnaire,0.4316,notaire,0.367
professeur,Q121594,investisseur,0.3897,précurseur,0.2714,procureur,0.2329
professeur ou professeure d'université,Q1622272,investisseur,0.3578,procureur,0.2553,précurseur,0.2326
professeur de philosophie,Q48930480,philosophe,0.7174,investisseur,0.1916,précurseur,0.1334
professeur,Q121594,investisseur,0.3897,précurseur,0.2714,procureur,0.2329
psychologue,Q212980,psychologue,1.0,écologiste,0.0952,guerrier,0.0358
professeur ou professeure d'université,Q1622272,investisseur,0.3578,procureur,0.2553,précurseur,0.2326
psychology teacher,Q108161452,psychologue,0.8099,écologiste,0.1098,technicien,0.0444
vice-président,Q42178,client,0.2631,agent de,0.2602,précurseur,0.1048
artiste visuel ou artiste visuelle,Q3391743,archiviste,0.3556,activiste,0.3172,secouriste,0.2301
precision-instrument makers and repairers,Q108290579,mentor,0.1555,client,0.1183,agent de,0.117
rugby à XV,Q5849,guerrier,0.0,traducteur,0.0,spectateur,0.0
sport olympique,Q212434,transporteur,0.3246,relation publique,0.2556,spectateur,0.0533
intellectuel ou intellectuelle,Q58968,lecteur,0.2458,guide spirituel,0.2306,inventeur,0.1121
producteur ou productrice artistique,Q47541952,producteur,0.8896,traducteur,0.2852,procureur,0.1439
animateur ou animatrice de télévision,Q947873,réformateur,0.2876,agent de,0.1673,médiateur,0.1538
staff,Q1809541,guerrier,0.0,traducteur,0.0,spectateur,0.0
titre de civilité,Q216353,agent de,0.2571,ancêtre,0.1846,citoyen,0.0805
professeur titulaire,Q25339110,investisseur,0.3162,notaire,0.2484,précurseur,0.2202
professeur adjoint,Q5669847,investisseur,0.3431,précurseur,0.239,procureur,0.2051
être humain,Q5,ancêtre,0.519,témoin,0.0773,voisin,0.0773
public entertainer,Q1899943,publicitaire,0.5344,relation publique,0.3009,inventeur,0.1549
personnalité de l'audiovisuel,Q44508716,agent de,0.201,guide spirituel,0.1681,journaliste,0.1517
exploitant,Q29933786,consultant,0.3527,enfant,0.1621,aidant,0.1605
manager,Q2462658,manager,1.0,agent de,0.0548,amant/e,0.0485
slaviste,Q15976341,activiste,0.5124,archiviste,0.4649,secouriste,0.2666
athlète,Q2066131,hôte,0.2343,adulte,0.182,activiste,0.1553
joueur professionnel ou joueuse professionnelle,Q18536342,joueur,0.75,procureur,0.1549,producteur,0.1546
athlète,Q2066131,hôte,0.2343,adulte,0.182,activiste,0.1553
joueur professionnel ou joueuse professionnelle,Q18536342,joueur,0.75,procureur,0.1549,producteur,0.1546
athlète,Q2066131,hôte,0.2343,adulte,0.182,activiste,0.1553
joueur professionnel ou joueuse professionnelle,Q18536342,joueur,0.75,procureur,0.1549,producteur,0.1546
moissonneur,Q2248045,entrepreneur,0.239,investisseur,0.1076,voisin,0.0946
illustrateur ou illustratrice scientifique,Q19507792,relation publique,0.2035,médiateur,0.1593,fondateur,0.1578
designer,Q5322166,agent de,0.179,infirmier / soignant,0.1351,enseignant,0.1131
décorateur,Q22811707,médiateur,0.3188,fondateur,0.3158,spectateur,0.2973
métier du théâtre,Q15839299,ancêtre,0.2579,ouvrier,0.1707,policier,0.1701
freight handler,Q54967928,enseignant,0.1307,frère/socur,0.12,ouvrier,0.0741
chimiste,Q593644,archiviste,0.4339,activiste,0.3698,secouriste,0.3339
observateur,Q28973077,innovateur,0.5216,cultivateur / éleveur,0.4057,médiateur,0.3036
soldat,Q4991371,avocat,0.1563,fondateur,0.145,acteurs sociaux,0.0818
géoscientifique,Q11424604,relation publique,0.3032,client,0.1961,musicien,0.1323
ingénieur ou ingénieure,Q81096,inventeur,0.1874,inspecteur,0.1802,innovateur,0.1759
recordist,Q112791061,secouriste,0.2031,relation publique,0.099,activiste,0.0834
professeur titulaire,Q25339110,investisseur,0.3162,notaire,0.2484,précurseur,0.2202
chercheur ou chercheuse,Q1650915,archiviste,0.1748,ouvrier,0.1058,acteur,0.0897
conjoint,Q1196129,consultant,0.3179,témoin,0.1257,comptable,0.0828
femme,Q467,guerrier,0.0,traducteur,0.0,spectateur,0.0
consort,Q5784340,consultant,0.4458,transporteur,0.0732,comptable,0.0657
épouse,Q188830,époux,0.7071,pourvoyeur,0.071,guerrier,0.0
haut fonctionnaire ou haute fonctionnaire,Q599151,fonctionnaire,0.9719,partenaire,0.2101,notaire,0.1539
animateur ou animatrice,Q13590141,réformateur,0.3718,médiateur,0.1988,fondateur,0.1969
personnalité médiatique,Q1885941,médiateur,0.544,relation publique,0.2087,médecin,0.1216
speaker,Q1371925,spectateur,0.3401,inspecteur,0.1082,guide spirituel,0.0792
nourriture,Q2095,guide spirituel,0.1899,notaire,0.1446,guerrier,0.0874
gymnastique,Q43450,relation publique,0.3499,investisseur,0.0721,syndiqué,0.0709
fitness,Q219067,guerrier,0.0,traducteur,0.0,spectateur,0.0
crime,Q83267,guerrier,0.0,traducteur,0.0,spectateur,0.0
prise,Q110458263,secouriste,0.1564,procureur,0.1257,producteur,0.1254
lutteur,Q12369333,acteur,0.4339,auteur,0.374,lecteur,0.357
pratiquant d'arts martiaux,Q11124885,acteurs sociaux,0.2885,enfant,0.1102,aidant,0.1091
athlète,Q2066131,hôte,0.2343,adulte,0.182,activiste,0.1553
écuyer,Q109442873,précurseur,0.1317,écologiste,0.1307,ouvrier,0.0741
chef militaire,Q1402561,publicitaire,0.465,notaire,0.4127,secrétaire,0.328
Soldiers of fortune,Q3964238,officier,0.1475,acteurs sociaux,0.132,fondateur,0.0824
romaniste,Q2504617,activiste,0.3391,archiviste,0.3076,secouriste,0.3062
mathématicien ou mathématicienne,Q170790,informaticien,0.6181,politicien,0.3695,musicien,0.2591
personne,Q215627,fonctionnaire,0.1774,guerrier,0.0,traducteur,0.0
neurobiologiste,Q6337803,écologiste,0.7353,activiste,0.1886,archiviste,0.1712
chirurgien ou chirurgienne,Q774306,musicien,0.1859,politicien,0.1657,technicien,0.1599
médecin spécialiste,Q3332438,médecin,0.754,journaliste,0.3311,activiste,0.1411
stomatologue,Q16061291,psychologue,0.5549,diplomate,0.1543,écologiste,0.138
other health professionals,Q108289390,procureur,0.2513,producteur,0.2507,journaliste,0.0894
médecin,Q39631,médecin,1.0,médiateur,0.146,voisin,0.0457
évêque protestant,Q102040941,consultant,0.2745,procureur,0.1662,producteur,0.1658
industrie du sport,Q4438117,transporteur,0.4006,ouvrier,0.073,guerrier,0.0675
torero,Q549322,mentor,0.2633,guerrier,0.0,juré,0.0
subordinate,Q78070424,diplomate,0.2929,hôte,0.115,adulte,0.0893
cadreur,Q1208175,assureur,0.3648,procureur,0.3475,acteur,0.1048
audiovisual technician,Q93922873,technicien,0.7574,étudiant,0.0945,auteur,0.0642
non-consultant hospital doctor,Q7048877,consultant,0.8213,mentor,0.1461,enfant,0.0765
auteur ou autrice culinaire,Q11500768,auteur,0.7679,partenaire,0.2248,fonctionnaire,0.1937
éditeur ou éditrice,Q1607826,éditeur,0.9304,médiateur,0.1344,acteur,0.0931
responsable,Q1251441,comptable,0.4035,consultant,0.0672,transporteur,0.0644
vendeur ou vendeuse,Q685433,vendeur,0.9634,défendeur,0.4247,inventeur,0.0783
substance chimique,Q79529,relation publique,0.3069,ancêtre,0.0816,archiviste,0.0702
peintre de vases grec,Q18714098,agent de,0.2883,ancêtre,0.207,entrepreneur,0.1946
illustrateur ou illustratrice,Q644687,médiateur,0.215,fondateur,0.2129,traducteur,0.2028
graphiste,Q627325,cartographe,0.3433,activiste,0.2407,archiviste,0.2184
aristocrate,Q2478141,secouriste,0.2673,archiviste,0.1806,diplomate,0.1732
parasitologue,Q12773412,psychologue,0.5312,partenaire,0.1585,écologiste,0.132
zoologiste des invertébrés,Q108614246,écologiste,0.669,inventeur,0.2485,investisseur,0.1943
athlète,Q2066131,hôte,0.2343,adulte,0.182,activiste,0.1553
soldat,Q4991371,avocat,0.1563,fondateur,0.145,acteurs sociaux,0.0818
haut fonctionnaire ou haute fonctionnaire,Q599151,fonctionnaire,0.9719,partenaire,0.2101,notaire,0.1539
guerrier,Q1250916,guerrier,1.0,ouvrier,0.2301,policier,0.0845
activité,Q12737077,activiste,0.7447,acteur,0.2396,acteurs sociaux,0.1239
comte palatin,Q22932,comptable,0.21,relation publique,0.1534,partenaire,0.0742
Mwami,Q931938,familier,0.2276,traducteur,0.0,spectateur,0.0
organisation criminelle,Q1788992,relation publique,0.4168,fonctionnaire,0.1394,bénévole,0.0574
historien ou historienne,Q201788,ouvrier,0.1787,musicien,0.1431,mentor,0.1408
amateur,Q455595,réformateur,0.4011,amant/e,0.2473,médiateur,0.2429
militant ou militante pour les droits des femmes,Q28692502,consultant,0.216,familier,0.2109,pourvoyeur,0.1739
militant pour le droit de vote,Q106758751,pourvoyeur,0.2451,consultant,0.1957,agent de,0.195
arbitre sportif ou arbitre sportive,Q202648,transporteur,0.3527,ancêtre,0.1699,archiviste,0.0635
avironneur,Q26270618,entrepreneur,0.2785,avocat,0.1092,acteur,0.0897
fabricant d'instrument à vent,Q1625427,client,0.269,agent de,0.2661,mentor,0.1932
plucked string instrument maker,Q1734493,mentor,0.2426,inspecteur,0.2072,client,0.1846
infectiologue,Q11494960,psychologue,0.5051,écologiste,0.1255,fonctionnaire,0.1157
occurrence,Q1190554,entrepreneur,0.1395,procureur,0.1257,précurseur,0.1145
carcinologiste,Q16868721,écologiste,0.6811,archiviste,0.205,activiste,0.1747
entomologiste,Q3055126,écologiste,0.6932,activiste,0.1778,archiviste,0.1613
paléozoologiste,Q88106580,écologiste,0.7627,activiste,0.1957,archiviste,0.1775
professionnel des médias,Q15980804,médiateur,0.5037,médecin,0.1538,procureur,0.1387
compétiteur,Q5165152,éditeur,0.3814,comptable,0.3737,acteur,0.1636
personnalité de l'audiovisuel,Q44508716,agent de,0.201,guide spirituel,0.1681,journaliste,0.1517
candidate ou candidat,Q618536,fondateur,0.1814,aidant,0.119,syndiqué,0.0958
comtesse consort,Q27703203,consultant,0.3793,comptable,0.2148,transporteur,0.0545
médecin,Q39631,médecin,1.0,médiateur,0.146,voisin,0.0457
aviateur ou aviatrice,Q2095549,médiateur,0.4488,fondateur,0.1878,spectateur,0.1769
conducteur de véhicule,Q23640580,traducteur,0.4545,producteur,0.4501,acteur,0.2714
cheminot,Q7063944,notaire,0.2618,traducteur,0.0,spectateur,0.0
ichtyologiste,Q4205432,écologiste,0.7881,activiste,0.2022,archiviste,0.1834
paléontologue,Q1662561,psychologue,0.5701,écologiste,0.1417,mentor,0.0725
chauffeur-livreur,Q2961574,assureur,0.409,procureur,0.3896,acteur,0.147
mammalogiste,Q16831394,écologiste,0.6854,activiste,0.2147,archiviste,0.1948
mouvement social,Q49773,travailleur social,0.4927,acteurs sociaux,0.3178,mentor,0.1598
engine driver,Q48961201,enfant,0.1833,enseignant,0.1368,entrepreneur,0.1222
pseudo-scientifique,Q22082749,relation publique,0.276,client,0.1785,musicien,0.1205
weather forecaster,Q110858578,ouvrier,0.1146,policier,0.1142,manager,0.1106
réalisateur ou réalisatrice,Q2526255,journaliste,0.2604,réformateur,0.2349,médiateur,0.1585
artiste,Q483501,archiviste,0.3646,activiste,0.3108,secouriste,0.2806
illustrateur ou illustratrice scientifique,Q19507792,relation publique,0.2035,médiateur,0.1593,fondateur,0.1578
courtier,Q160117,secouriste,0.2502,ouvrier,0.1633,policier,0.1627
agent artistique,Q1344174,agent de,0.6383,relation publique,0.1981,client,0.1137
enseignant ou enseignante du secondaire,Q5758653,enseignant,0.915,infirmier / soignant,0.2495,secrétaire,0.1202
court rank,Q19631939,secouriste,0.2626,transporteur,0.0896,comptable,0.0804
arts administrator,Q26903663,mentor,0.2953,archiviste,0.1228,adulte,0.0998
érudit,Q20826540,éditeur,0.1939,étudiant,0.1608,traducteur,0.0
zoologiste des invertébrés,Q108614246,écologiste,0.669,inventeur,0.2485,investisseur,0.1943
vendeur ou vendeuse,Q685433,vendeur,0.9634,défendeur,0.4247,inventeur,0.0783
parémiologue,Q23072521,psychologue,0.5496,partenaire,0.164,écologiste,0.1366
zoologiste des invertébrés,Q108614246,écologiste,0.669,inventeur,0.2485,investisseur,0.1943
créateur ou créatrice,Q2500638,médiateur,0.2514,fondateur,0.249,spectateur,0.2344
profession,Q28640,procureur,0.2381,producteur,0.2375,relation publique,0.1975
illustrateur ou illustratrice,Q644687,médiateur,0.215,fondateur,0.2129,traducteur,0.2028
personnalité du monde de la mode,Q27943370,agent de,0.2857,journaliste,0.1356,fonctionnaire,0.1242
philosophie,Q5891,philosophe,0.8714,pharmacien,0.035,guerrier,0.0
ingénieur matériaux,Q21002332,acteurs sociaux,0.3794,réformateur,0.0953,inventeur,0.0915
métallurgiste,Q18576582,écologiste,0.4253,activiste,0.2577,archiviste,0.2338
chasseur ou chasseresse,Q1714828,investisseur,0.3365,précurseur,0.1429,assureur,0.1378
athlète,Q2066131,hôte,0.2343,adulte,0.182,activiste,0.1553
pratiquant d'arts martiaux,Q11124885,acteurs sociaux,0.2885,enfant,0.1102,aidant,0.1091
hacker,Q1487,ouvrier,0.1706,policier,0.17,manager,0.1647
chasseur ou chasseresse,Q1714828,investisseur,0.3365,précurseur,0.1429,assureur,0.1378
dresseur,Q8011071,investisseur,0.46,précurseur,0.2595,acteur,0.0859
éleveur,Q1368409,cultivateur / éleveur,0.6431,acteur,0.0537,auteur,0.0463
tisserand,Q437512,investisseur,0.4224,transporteur,0.0723,guerrier,0.0
chef religieux,Q15995642,relation publique,0.2441,époux,0.1249,acteurs sociaux,0.0792
enseignant-chercheur ou enseignante-chercheuse,Q1706722,enseignant,0.9263,infirmier / soignant,0.2333,enfant,0.0695
professeur,Q121594,investisseur,0.3897,précurseur,0.2714,procureur,0.2329
professeur ou professeure d'université,Q1622272,investisseur,0.3578,procureur,0.2553,précurseur,0.2326
blogueur ou blogueuse,Q8246794,psychologue,0.3816,joueur,0.2399,guerrier,0.0704
personnalité du monde de la mode,Q27943370,agent de,0.2857,journaliste,0.1356,fonctionnaire,0.1242
spécialiste de la littérature,Q17167049,journaliste,0.4271,activiste,0.182,agent de,0.1804
artilleur,Q4070283,travailleur social,0.4482,acteur,0.0628,archiviste,0.0611
service class people,Q1995643,client,0.1433,assureur,0.1244,bénévole,0.0956
philosophe,Q4964182,philosophe,1.0,cartographe,0.0902,pharmacien,0.0333
chef ou cheffe d'entreprise,Q2961975,entrepreneur,0.5717,ouvrier,0.0683,secouriste,0.0561
media executive,Q108800680,mere,0.1832,mentor,0.139,médiateur,0.1276
conservateur ou conservatrice de musée,Q674426,consultant,0.3592,innovateur,0.2162,cultivateur / éleveur,0.1659
jardinier,Q758780,ouvrier,0.3027,policier,0.3016,officier,0.2891
cadre dirigeant ou cadre dirigeante,Q978044,enfant,0.1253,aidant,0.124,diplomate,0.1182
joueur de pelote basque,Q19746576,joueur,0.7931,agent de,0.1756,journaliste,0.1313
arts administrator,Q26903663,mentor,0.2953,archiviste,0.1228,adulte,0.0998
metteur ou metteuse en scène,Q3387717,acteur,0.2228,mere,0.206,auteur,0.1921
auteur ou autrice de non-fiction,Q15980158,auteur,0.7176,fonctionnaire,0.1634,relation publique,0.1513
poète ou poétesse,Q49757,policier,0.1566,politicien,0.1356,pourvoyeur,0.1289
design,Q82604,agent de,0.2004,enseignant,0.1266,infirmier / soignant,0.0972
artiste,Q483501,archiviste,0.3646,activiste,0.3108,secouriste,0.2806
artiste,Q483501,archiviste,0.3646,activiste,0.3108,secouriste,0.2806
membre d'équipe de cinéma,Q17291399,agent de,0.2883,mere,0.169,citoyen,0.0902
animateur ou animatrice,Q266569,réformateur,0.3718,médiateur,0.1988,fondateur,0.1969
animateur ou animatrice,Q266569,réformateur,0.3718,médiateur,0.1988,fondateur,0.1969
responsable d'effets spéciaux,Q21560152,acteurs sociaux,0.3756,comptable,0.2801,époux,0.0571
chorégraphe,Q2490358,cartographe,0.6007,philosophe,0.1381,psychologue,0.0523
coordinateur des cascades,Q2833480,médiateur,0.2948,fondateur,0.292,spectateur,0.2749
manager,Q2462658,manager,1.0,agent de,0.0548,amant/e,0.0485
personne trans,Q189125,transporteur,0.5167,traducteur,0.1649,travailleur social,0.1139
travailleur ou travailleuse du sexe,Q852857,travailleur social,0.7965,traducteur,0.1145,transporteur,0.0958
coaching,Q1104185,archiviste,0.1525,comptable,0.1268,consultant,0.1232
étudiant ou étudiante,Q48282,étudiant,0.9707,enfant,0.0641,aidant,0.0635
psychiatre,Q211346,psychologue,0.4569,ancêtre,0.1517,médiateur,0.0663
pédiatre,Q1919436,médiateur,0.4857,ancêtre,0.1959,éditeur,0.0812
entraîneur sportif,Q41583,entrepreneur,0.4025,transporteur,0.3451,spectateur,0.0793
orgue,Q1444,psychologue,0.3026,guerrier,0.1184,relation publique,0.0815
sets of open flutes with internal duct without fingerholes,Q55738684,journaliste,0.153,traducteur,0.151,producteur,0.1495
sets of oboes with conical bore,Q55738864,consultant,0.212,secrétaire,0.1013,officier,0.0895
instrument de musique à vent à clavier,Q11712894,agent de,0.3131,musicien,0.2534,client,0.2288
religieuse,Q191808,relation publique,0.276,guerrier,0.0,législateur,0.0
religieux catholique,Q2566598,relation publique,0.4601,psychologue,0.0841,avocat,0.0639
architecte,Q42973,archiviste,0.5309,lecteur,0.1686,inspecteur,0.1309
designer,Q5322166,agent de,0.179,infirmier / soignant,0.1351,enseignant,0.1131
"architects, planners, surveyors and designers",Q108289383,archiviste,0.4101,acteurs sociaux,0.0818,éditeur,0.0605
pratiquant d'arts martiaux,Q11124885,acteurs sociaux,0.2885,enfant,0.1102,aidant,0.1091
artisan,Q1294787,archiviste,0.1227,investisseur,0.1106,partenaire,0.1022
peinture,Q3305213,assureur,0.1747,procureur,0.1664,père,0.1415
miniature art,Q6575414,partenaire,0.1317,médiateur,0.1189,archiviste,0.1016
speculative/fantastic fiction author,Q108710667,relation publique,0.2484,spectateur,0.2296,fonctionnaire,0.1807
actionnaire,Q381136,fonctionnaire,0.727,partenaire,0.2464,activiste,0.2312
administrateur,Q16532929,médiateur,0.309,fondateur,0.3061,spectateur,0.2882
fonction,Q4164871,fonctionnaire,0.671,relation publique,0.197,fondateur,0.1348
Auxiliaire de justice,Q2135588,notaire,0.2568,agent de,0.2215,secrétaire,0.2041
administrateur,Q16532929,médiateur,0.309,fondateur,0.3061,spectateur,0.2882
government official,Q8985067,officier,0.5965,travailleur social,0.2001,mentor,0.148
administration publique,Q31728,relation publique,0.8032,publicitaire,0.2643,fonctionnaire,0.0814
philologue,Q13418253,psychologue,0.4626,philosophe,0.3848,écologiste,0.115
safety officer,Q1391346,officier,0.7352,ouvrier,0.0378,policier,0.0377
fire protection engineer,Q56039812,fonctionnaire,0.3069,relation publique,0.2173,procureur,0.1349
artiste visuel ou artiste visuelle,Q3391743,archiviste,0.3556,activiste,0.3172,secouriste,0.2301
peintre muraliste,Q3374326,journaliste,0.4753,activiste,0.2025,archiviste,0.1837
ouvrier,Q12713481,ouvrier,1.0,guerrier,0.2301,policier,0.0913
monteur d'acier,Q15980591,inventeur,0.3348,policier,0.2851,officier,0.2733
botaniste,Q2374149,activiste,0.3339,archiviste,0.3029,secouriste,0.3015
horticulteur,Q3140857,cultivateur / éleveur,0.2649,adulte,0.2571,acteur,0.1853
cascadeur ou cascadeuse,Q465501,vendeur,0.3235,défendeur,0.2694,cartographe,0.1134
consultant ou consultante,Q15978655,consultant,0.9775,enfant,0.056,aidant,0.0554
security consultant,Q28344461,consultant,0.9095,secouriste,0.131,secrétaire,0.0948
activités de fabrication,Q187939,activiste,0.4984,relation publique,0.2721,acteur,0.1603
scientifique des sols,Q12370538,relation publique,0.2774,client,0.1794,agent de,0.1324
médecin spécialiste,Q3332438,médecin,0.754,journaliste,0.3311,activiste,0.1411
immunologiste,Q12119633,écologiste,0.7881,activiste,0.2022,archiviste,0.1834
écrivain ou écrivaine,Q36180,écologiste,0.1108,travailleur social,0.0853,cultivateur / éleveur,0.0847
chasseur ou chasseresse,Q1714828,investisseur,0.3365,précurseur,0.1429,assureur,0.1378
pêcheur ou pêcheuse,Q331432,ouvrier,0.1983,acteur,0.1682,cultivateur / éleveur,0.1472
chasseur ou chasseresse,Q1714828,investisseur,0.3365,précurseur,0.1429,assureur,0.1378
marin,Q45199,manager,0.1838,voisin,0.1443,témoin,0.1443
architecte,Q42973,archiviste,0.5309,lecteur,0.1686,inspecteur,0.1309
professionnel ou professionnelle de la santé,Q11974939,procureur,0.2055,producteur,0.205,fonctionnaire,0.1898
capitaine de navire,Q849424,publicitaire,0.293,agent de,0.2688,notaire,0.2167
enseignant ou enseignante,Q37226,enseignant,0.9771,infirmier / soignant,0.2664,enfant,0.0992
pédagogie,Q7922,écologiste,0.2052,législateur,0.0,diplomate,0.0
animateur ou animatrice,Q266569,réformateur,0.3718,médiateur,0.1988,fondateur,0.1969
col blanc,Q255274,ancêtre,0.1428,écologiste,0.1218,comptable,0.102
receveur des finances,Q1139055,cultivateur / éleveur,0.3491,agent de,0.0841,ancêtre,0.0745
prêtre catholique,Q250867,relation publique,0.321,ancêtre,0.296,psychologue,0.0789
frère,Q548320,frère/socur,0.5188,père,0.2488,mere,0.0503
moine ou moniale,Q733786,témoin,0.3236,ouvrier,0.1036,bénévole,0.0758
partisan,Q7140620,partenaire,0.4596,investisseur,0.0712,cartographe,0.059
militant ou militante politique,Q11499147,politicien,0.3756,consultant,0.1885,familier,0.1841
membre de parti politique,Q11388835,politicien,0.457,partenaire,0.2518,policier,0.2374
antisioniste,Q120286705,activiste,0.2791,archiviste,0.2532,secouriste,0.252
anti-capitalist,Q120324952,journaliste,0.3807,ancêtre,0.0845,publicitaire,0.0675
extrémiste de gauche,Q121092921,activiste,0.2918,agent de,0.2894,archiviste,0.2648
général,Q83460,bénévole,0.1549,travailleur social,0.1117,guerrier,0.0
corps des ingénieurs de l'armement,Q3151043,agent de,0.3756,acteurs sociaux,0.2255,mentor,0.1647
cannibalisme,Q44595,journaliste,0.2906,cartographe,0.0923,guerrier,0.0
crime,Q83267,guerrier,0.0,traducteur,0.0,spectateur,0.0
responsable événementiel,Q1419997,comptable,0.3403,mentor,0.1934,consultant,0.0567
militant ou militante,Q15253558,consultant,0.2383,familier,0.2326,enfant,0.0938
médecin spécialiste,Q3332438,médecin,0.754,journaliste,0.3311,activiste,0.1411
prêtre,Q42603,ancêtre,0.519,procureur,0.0673,producteur,0.0672
artiste visuel ou artiste visuelle,Q3391743,archiviste,0.3556,activiste,0.3172,secouriste,0.2301
membre d'équipe de cinéma,Q17291399,agent de,0.2883,mere,0.169,citoyen,0.0902
peintre,Q1028181,ancêtre,0.2667,entrepreneur,0.2507,mere,0.0778
policier ou policière,Q384593,policier,0.9261,politicien,0.3633,officier,0.2039
dirigeant ou dirigeante,Q25713832,enfant,0.1501,aidant,0.1486,diplomate,0.1416
médecin spécialiste,Q3332438,médecin,0.754,journaliste,0.3311,activiste,0.1411
courtier,Q160117,secouriste,0.2502,ouvrier,0.1633,policier,0.1627
plongeur,Q1866686,acteur,0.1682,diplomate,0.1671,cultivateur / éleveur,0.1472
arbitre sportif ou arbitre sportive,Q202648,transporteur,0.3527,ancêtre,0.1699,archiviste,0.0635
officiel d'un match de football,Q38088701,officier,0.7071,agent de,0.1683,informaticien,0.0922
officiel,Q1757103,officier,0.8486,policier,0.1006,musicien,0.0978
arbitre sportif ou arbitre sportive,Q202648,transporteur,0.3527,ancêtre,0.1699,archiviste,0.0635
arbitre sportif ou arbitre sportive,Q202648,transporteur,0.3527,ancêtre,0.1699,archiviste,0.0635
architecte,Q42973,archiviste,0.5309,lecteur,0.1686,inspecteur,0.1309
architecte,Q42973,archiviste,0.5309,lecteur,0.1686,inspecteur,0.1309
fonctionnaire,Q212238,fonctionnaire,1.0,partenaire,0.2162,notaire,0.1584
architecte,Q42973,archiviste,0.5309,lecteur,0.1686,inspecteur,0.1309
data professional,Q112598603,procureur,0.2182,producteur,0.2176,fondateur,0.0959
ingénieur design,Q1779650,agent de,0.1576,inventeur,0.1566,inspecteur,0.1506
architecte,Q42973,archiviste,0.5309,lecteur,0.1686,inspecteur,0.1309
urbaniste,Q131062,activiste,0.3698,archiviste,0.3355,secouriste,0.3339
aviateur ou aviatrice,Q2095549,médiateur,0.4488,fondateur,0.1878,spectateur,0.1769
archiviste,Q635734,archiviste,1.0,activiste,0.3964,secouriste,0.1449
paléographe,Q17132038,cartographe,0.6801,philosophe,0.1241,partenaire,0.0523
artiste visuel ou artiste visuelle,Q3391743,archiviste,0.3556,activiste,0.3172,secouriste,0.2301
vitrier,Q664283,ouvrier,0.4986,guerrier,0.4615,policier,0.1831
chanteur ou chanteuse,Q177220,inventeur,0.4251,acteur,0.1658,auteur,0.143
musicien ou musicienne de musique classique,Q81729632,musicien,0.843,relation publique,0.164,politicien,0.1636
chanteur classique,Q24841721,inventeur,0.2993,relation publique,0.2543,acteur,0.1477
chrétien ou chrétienne,Q106039,musicien,0.1859,politicien,0.1657,technicien,0.1599
membre d'équipe de cinéma,Q17291399,agent de,0.2883,mere,0.169,citoyen,0.0902
féministe,Q34074720,activiste,0.4206,archiviste,0.3816,secouriste,0.3798
lugeur,Q13382981,acteur,0.2759,cultivateur / éleveur,0.2414,auteur,0.2378
astronaute,Q11631,auteur,0.4389,assureur,0.1128,hôte,0.0756
défenseur des droits de l'Homme,Q1476215,défendeur,0.4674,agent de,0.2277,précurseur,0.14
professeur invité,Q94084,investisseur,0.473,précurseur,0.2418,procureur,0.2075
mannequin,Q4610556,manager,0.3207,banquier,0.1061,amant/e,0.094
fonctionnaire,Q212238,fonctionnaire,1.0,partenaire,0.2162,notaire,0.1584
historien ou historienne,Q201788,ouvrier,0.1787,musicien,0.1431,mentor,0.1408
profession paramédicale,Q349843,médiateur,0.1885,partenaire,0.1803,procureur,0.159
magasin,Q213441,voisin,0.3682,manager,0.1251,témoin,0.0983
traducteur ou traductrice,Q333634,traducteur,0.9583,producteur,0.3083,transporteur,0.1432
traducteur ou traductrice,Q333634,traducteur,0.9583,producteur,0.3083,transporteur,0.1432
personnalité politique,Q82955,politicien,0.5083,policier,0.2419,relation publique,0.1787
auteur ou autrice de jeux de société,Q1544133,auteur,0.6802,agent de,0.2517,acteurs sociaux,0.1941
auteur ou autrice,Q482980,auteur,0.9201,acteur,0.116,lecteur,0.0955
garde malade,Q5155473,agent de,0.2178,guide spirituel,0.1346,manager,0.1159
explorateur ou exploratrice,Q11900058,médiateur,0.2514,fondateur,0.249,spectateur,0.2344
forestier ou forestière,Q1895303,investisseur,0.2308,père,0.1649,ouvrier,0.1273
éleveur,Q1524582,cultivateur / éleveur,0.6431,acteur,0.0537,auteur,0.0463
éleveur,Q1368409,cultivateur / éleveur,0.6431,acteur,0.0537,auteur,0.0463
avocat ou avocate,Q40348,avocat,0.9493,diplomate,0.0554,ouvrier,0.0341
compositeur ou compositrice,Q36834,comptable,0.447,éditeur,0.228,acteur,0.0978
collectionneur ou collectionneuse,Q3243461,fonctionnaire,0.3723,lecteur,0.2245,entrepreneur,0.1059
ingénieur ou ingénieure,Q81096,inventeur,0.1874,inspecteur,0.1802,innovateur,0.1759
gardien de prison,Q311396,agent de,0.2863,musicien,0.1504,politicien,0.134
personne,Q215627,fonctionnaire,0.1774,guerrier,0.0,traducteur,0.0
pédagogue,Q1231865,psychologue,0.4409,guerrier,0.0813,relation publique,0.0559
aumônier militaire,Q918824,publicitaire,0.4253,notaire,0.3774,secrétaire,0.3
artiste de concept,Q28107590,archiviste,0.2535,activiste,0.2161,agent de,0.2143
artiste de layout,Q28110454,archiviste,0.3024,activiste,0.2577,agent de,0.2555
animateur ou animatrice,Q266569,réformateur,0.3718,médiateur,0.1988,fondateur,0.1969
agent de sécurité,Q856887,agent de,0.8611,précurseur,0.1319,client,0.1213
agent du gouvernement,Q5589126,agent de,0.7779,client,0.2356,mentor,0.19
artiste,Q483501,archiviste,0.3646,activiste,0.3108,secouriste,0.2806
membre d'équipe de cinéma,Q17291399,agent de,0.2883,mere,0.169,citoyen,0.0902
matériau,Q214609,manager,0.1463,acteurs sociaux,0.1123,réformateur,0.0938
objet artificiel physique,Q8205328,officier,0.2911,relation publique,0.2426,policier,0.103
bien,Q28877,musicien,0.313,politicien,0.279,technicien,0.2692
entité artificielle,Q16686448,officier,0.3343,entrepreneur,0.1309,policier,0.1182
produit,Q2424752,producteur,0.6563,procureur,0.188,précurseur,0.0519
banquier,Q806798,banquier,1.0,ouvrier,0.083,policier,0.0827
artiste numérique,Q11079476,archiviste,0.264,relation publique,0.2618,activiste,0.225
animateur ou animatrice,Q266569,réformateur,0.3718,médiateur,0.1988,fondateur,0.1969
curleur,Q17516936,travailleur social,0.246,cultivateur / éleveur,0.1486,procureur,0.1299
para-athlete,Q114414171,partenaire,0.3318,hôte,0.0858,adulte,0.0667
médecin spécialiste,Q3332438,médecin,0.754,journaliste,0.3311,activiste,0.1411
chef militaire,Q1402561,publicitaire,0.465,notaire,0.4127,secrétaire,0.328
chef de tribu,Q1259323,agent de,0.4079,traducteur,0.0882,guide spirituel,0.0743
danseur ou danseuse,Q5716684,précurseur,0.1886,investisseur,0.1699,aidant,0.1262
serveur,Q157195,cultivateur / éleveur,0.312,acteur,0.1009,auteur,0.0869
col blanc,Q255274,ancêtre,0.1428,écologiste,0.1218,comptable,0.102
éditeur ou éditrice,Q1607826,éditeur,0.9304,médiateur,0.1344,acteur,0.0931
wikimédien ou wikimédienne,Q41546637,médiateur,0.3338,musicien,0.1383,politicien,0.1233
Wikidata registered user,Q115667419,écologiste,0.3136,activiste,0.1337,archiviste,0.1213
directeur ou directrice,Q1162163,lecteur,0.4729,inspecteur,0.3673,acteur,0.2853
artiste,Q483501,archiviste,0.3646,activiste,0.3108,secouriste,0.2806
neurologue,Q783906,psychologue,0.5659,écologiste,0.1407,entrepreneur,0.1101
endocrinologue,Q4531850,psychologue,0.5797,écologiste,0.1441,vendeur,0.0627
painters and related workers,Q108305399,relation publique,0.3385,législateur,0.1139,acteurs sociaux,0.0892
travailleur de la construction,Q811122,travailleur social,0.6331,consultant,0.1745,fonctionnaire,0.1419
travailleur qualifié ou travailleuse qualifiée,Q2588761,travailleur social,0.7801,traducteur,0.1122,transporteur,0.0938
ingénieur ou ingénieure,Q81096,inventeur,0.1874,inspecteur,0.1802,innovateur,0.1759
géologue,Q520549,psychologue,0.619,écologiste,0.1539,guerrier,0.0579
recteur d'académie,Q3422561,lecteur,0.5915,inspecteur,0.4594,acteur,0.4043
marin,Q45199,manager,0.1838,voisin,0.1443,témoin,0.1443
travailleur qualifié ou travailleuse qualifiée,Q2588761,travailleur social,0.7801,traducteur,0.1122,transporteur,0.0938
soufisme,Q9603,acteurs sociaux,0.1583,travailleur social,0.1348,infirmier / soignant,0.1345
croyant ou croyante,Q17573152,enfant,0.2356,aidant,0.2332,étudiant,0.1948
lender,Q26726369,vendeur,0.3368,défendeur,0.2805,lecteur,0.1481
graphiste,Q627325,cartographe,0.3433,activiste,0.2407,archiviste,0.2184
créateur ou créatrice,Q2500638,médiateur,0.2514,fondateur,0.249,spectateur,0.2344
travailleur qualifié,Q1391083,travailleur social,0.7884,traducteur,0.1184,transporteur,0.099
machiniste,Q196721,archiviste,0.3599,activiste,0.3067,secouriste,0.277
mécanicien,Q327029,technicien,0.5621,musicien,0.4096,politicien,0.3651
metal working machine tool setters and operators,Q108290568,mentor,0.1415,acteurs sociaux,0.1086,mere,0.0849
recteur d'académie,Q3422561,lecteur,0.5915,inspecteur,0.4594,acteur,0.4043
religieuse,Q191808,relation publique,0.276,guerrier,0.0,législateur,0.0
peintre,Q1028181,ancêtre,0.2667,entrepreneur,0.2507,mere,0.0778
miniaturiste,Q47494964,secouriste,0.5998,activiste,0.2407,archiviste,0.2184
personnalité du monde de la mode,Q27943370,agent de,0.2857,journaliste,0.1356,fonctionnaire,0.1242
producteur,Q13235160,producteur,1.0,traducteur,0.4194,acteur,0.2505
agent artistique,Q1344174,agent de,0.6383,relation publique,0.1981,client,0.1137
personnalité du monde de la mode,Q27943370,agent de,0.2857,journaliste,0.1356,fonctionnaire,0.1242
historien ou historienne de l'art,Q1792450,agent de,0.1832,ouvrier,0.1591,musicien,0.1274
personnalité du monde de la mode,Q27943370,agent de,0.2857,journaliste,0.1356,fonctionnaire,0.1242
maître à danser,Q2393361,ancêtre,0.2126,manager,0.136,aidant,0.1046
personnalité du monde des affaires,Q43845,fonctionnaire,0.2398,journaliste,0.1648,agent de,0.1413
entrepreneur en bâtiment,Q63755054,entrepreneur,0.9296,mentor,0.1366,client,0.1111
artiste textile,Q10694573,archiviste,0.3205,activiste,0.2732,secouriste,0.2467
travailleur du textile,Q66035178,travailleur social,0.7907,traducteur,0.1187,transporteur,0.0993
travailleur qualifié ou travailleuse qualifiée,Q2588761,travailleur social,0.7801,traducteur,0.1122,transporteur,0.0938
athlète,Q2066131,hôte,0.2343,adulte,0.182,activiste,0.1553
comte,Q3519259,comptable,0.3208,consultant,0.0919,hôte,0.0879
noblesse,Q134737,notaire,0.1511,comptable,0.1187,investisseur,0.1075
practitioner,Q111608397,fonctionnaire,0.2201,activiste,0.2166,relation publique,0.1483
philologue,Q13418253,psychologue,0.4626,philosophe,0.3848,écologiste,0.115
éditeur ou éditrice,Q1607826,éditeur,0.9304,médiateur,0.1344,acteur,0.0931
musicien ou musicienne,Q639669,musicien,0.9799,politicien,0.2255,technicien,0.2176
industriel,Q6606110,ouvrier,0.1357,guerrier,0.1256,guide spirituel,0.1089
biologiste computationnel ou biologiste computationnelle,Q15709480,écologiste,0.5446,comptable,0.2313,fonctionnaire,0.1758
informaticien ou informaticienne,Q82594,informaticien,0.9882,réformateur,0.2947,politicien,0.2734
médecin spécialiste,Q3332438,médecin,0.754,journaliste,0.3311,activiste,0.1411
biologiste,Q864503,écologiste,0.7881,activiste,0.2022,archiviste,0.1834
commerçant,Q215536,comptable,0.2522,consultant,0.2022,enfant,0.1789
artiste de cirque,Q17307272,archiviste,0.2535,activiste,0.2161,agent de,0.2143
espion ou espionne,Q9352089,fonctionnaire,0.1854,relation publique,0.1665,guide spirituel,0.0955
célébrité d'internet,Q2045208,inventeur,0.1685,guide spirituel,0.1187,diplomate,0.0
marketeur ou marketeuse,Q1900657,acteur,0.2319,auteur,0.1999,lecteur,0.1908
être humain,Q5,ancêtre,0.519,témoin,0.0773,voisin,0.0773
promagistrat,Q731997,procureur,0.1982,producteur,0.1977,écologiste,0.181
artiste visuel ou artiste visuelle,Q3391743,archiviste,0.3556,activiste,0.3172,secouriste,0.2301
artiste interprète,Q713200,archiviste,0.3324,activiste,0.2913,secouriste,0.263
inspecteur,Q27214348,inspecteur,1.0,lecteur,0.3709,spectateur,0.3292
instrumentiste,Q1278335,activiste,0.2515,archiviste,0.2281,secouriste,0.2271
chercheur ou chercheuse,Q1650915,archiviste,0.1748,ouvrier,0.1058,acteur,0.0897
statisticien ou statisticienne,Q2732142,politicien,0.4365,informaticien,0.4231,musicien,0.3061
data professional,Q112598603,procureur,0.2182,producteur,0.2176,fondateur,0.0959
analyste,Q942569,journaliste,0.2376,activiste,0.1736,archiviste,0.1575
combat arm,Q4793045,comptable,0.2413,avocat,0.1069,archiviste,0.0855
personnalité liée au droit,Q57735705,journaliste,0.1937,fonctionnaire,0.1774,auteur,0.103
activité,Q12737077,activiste,0.7447,acteur,0.2396,acteurs sociaux,0.1239
occultiste,Q12797895,cultivateur / éleveur,0.2823,activiste,0.2439,archiviste,0.2213
ministre du culte,Q1423891,adulte,0.3833,cultivateur / éleveur,0.2485,ancêtre,0.1529
prêtre chrétien,Q831474,ancêtre,0.4321,musicien,0.1371,politicien,0.1222
fonction,Q4164871,fonctionnaire,0.671,relation publique,0.197,fondateur,0.1348
ordinaire,Q1638918,partenaire,0.5009,fonctionnaire,0.4316,notaire,0.367
head of a diocese,Q112074151,officier,0.169,diplomate,0.1491,guerrier,0.0
pasteur,Q352507,acteur,0.3004,auteur,0.259,lecteur,0.2472
Épiscope,Q3589178,époux,0.2927,guerrier,0.0,juré,0.0
enseignant ou enseignante,Q37226,enseignant,0.9771,infirmier / soignant,0.2664,enfant,0.0992
mathématicien ou mathématicienne,Q170790,informaticien,0.6181,politicien,0.3695,musicien,0.2591
technicien ou technicienne,Q5352191,technicien,0.9852,musicien,0.2158,politicien,0.1923
domestique,Q54128,relation publique,0.3069,investisseur,0.1898,syndiqué,0.0622
biologiste,Q864503,écologiste,0.7881,activiste,0.2022,archiviste,0.1834
chimiste,Q593644,archiviste,0.4339,activiste,0.3698,secouriste,0.3339
scientifique interdisciplinaire,Q17136179,partenaire,0.2925,fonctionnaire,0.2521,relation publique,0.217
travailleur ou travailleuse,Q327055,travailleur social,0.7999,traducteur,0.115,transporteur,0.0962
professions élémentaires non classées ailleurs,Q108290816,travailleur social,0.3087,notaire,0.2263,acteurs sociaux,0.1629
psychologue,Q212980,psychologue,1.0,écologiste,0.0952,guerrier,0.0358
médecin,Q39631,médecin,1.0,médiateur,0.146,voisin,0.0457
danseur ou danseuse,Q5716684,précurseur,0.1886,investisseur,0.1699,aidant,0.1262
contrôle,Q338754,consultant,0.262,comptable,0.159,entrepreneur,0.0848
maîtrise,Q29017603,manager,0.1708,secouriste,0.1454,guerrier,0.0
coordination,Q1783823,relation publique,0.4389,fonctionnaire,0.1468,comptable,0.0567
métallurgiste,Q18576582,écologiste,0.4253,activiste,0.2577,archiviste,0.2338
sculpteur ou sculptrice,Q1281618,cultivateur / éleveur,0.2503,acteur,0.2065,auteur,0.178
forgeron ou forgeronne,Q838566,manager,0.1306,fonctionnaire,0.1281,fondateur,0.1082
fondeur ou fondeuse,Q12031226,fondateur,0.4623,vendeur,0.3613,défendeur,0.3009
peinture japonaise,Q1683295,partenaire,0.1832,fonctionnaire,0.1579,assureur,0.1363
Peinture de lettrés,Q1142000,agent de,0.3398,lecteur,0.1302,assureur,0.0879
sculpteur ou sculptrice,Q1281618,cultivateur / éleveur,0.2503,acteur,0.2065,auteur,0.178
religious artist,Q107560891,relation publique,0.1886,archiviste,0.1295,investisseur,0.0735
activité,Q12737077,activiste,0.7447,acteur,0.2396,acteurs sociaux,0.1239
refus,Q19358049,relation publique,0.1594,guerrier,0.0,législateur,0.0
enseignant ou enseignante,Q37226,enseignant,0.9771,infirmier / soignant,0.2664,enfant,0.0992
biologiste,Q864503,écologiste,0.7881,activiste,0.2022,archiviste,0.1834
acousticien ou acousticienne,Q10404150,politicien,0.475,informaticien,0.4092,musicien,0.333
tisserand,Q437512,investisseur,0.4224,transporteur,0.0723,guerrier,0.0
ouvrier,Q12713481,ouvrier,1.0,guerrier,0.2301,policier,0.0913
administrateur colonial ou administratrice coloniale,Q17765219,écologiste,0.2385,travailleur social,0.1621,médiateur,0.1201
fonction,Q4164871,fonctionnaire,0.671,relation publique,0.197,fondateur,0.1348
personnalité politique,Q82955,politicien,0.5083,policier,0.2419,relation publique,0.1787
designer,Q5322166,agent de,0.179,infirmier / soignant,0.1351,enseignant,0.1131
pédagogue,Q1231865,psychologue,0.4409,guerrier,0.0813,relation publique,0.0559
activité,Q12737077,activiste,0.7447,acteur,0.2396,acteurs sociaux,0.1239
profession,Q28640,procureur,0.2381,producteur,0.2375,relation publique,0.1975
géoscientifique,Q11424604,relation publique,0.3032,client,0.1961,musicien,0.1323
technicien ou technicienne,Q5352191,technicien,0.9852,musicien,0.2158,politicien,0.1923
personne,Q215627,fonctionnaire,0.1774,guerrier,0.0,traducteur,0.0
occurrence,Q1190554,entrepreneur,0.1395,procureur,0.1257,précurseur,0.1145
musicien ou musicienne,Q639669,musicien,0.9799,politicien,0.2255,technicien,0.2176
graveur ou graveuse sur métal,Q329439,cultivateur / éleveur,0.1955,travailleur social,0.1337,assureur,0.0952
athlète,Q2066131,hôte,0.2343,adulte,0.182,activiste,0.1553
joueur professionnel ou joueuse professionnelle,Q18536342,joueur,0.75,procureur,0.1549,producteur,0.1546
athlète,Q2066131,hôte,0.2343,adulte,0.182,activiste,0.1553
joueur professionnel ou joueuse professionnelle,Q18536342,joueur,0.75,procureur,0.1549,producteur,0.1546
champion,Q852061,relation publique,0.2684,fonctionnaire,0.0881,guerrier,0.0
créateur ou créatrice,Q2500638,médiateur,0.2514,fondateur,0.249,spectateur,0.2344
organisation,Q43229,relation publique,0.4603,fonctionnaire,0.154,informaticien,0.0538
chant,Q27939,enfant,0.3372,aidant,0.3337,étudiant,0.2789
manager,Q2462658,manager,1.0,agent de,0.0548,amant/e,0.0485
athlète,Q2066131,hôte,0.2343,adulte,0.182,activiste,0.1553
chasseur de primes,Q621613,investisseur,0.3479,précurseur,0.2423,agent de,0.2358
transporteur,Q561457,transporteur,1.0,traducteur,0.1596,inspecteur,0.1008
vocational driver,Q19398863,avocat,0.4026,relation publique,0.2213,fonctionnaire,0.1156
ingénieur du son,Q128124,inventeur,0.1595,inspecteur,0.1534,innovateur,0.1497
cadre dirigeant ou cadre dirigeante,Q978044,enfant,0.1253,aidant,0.124,diplomate,0.1182
dirigeant de société,Q107100767,agent de,0.2685,acteurs sociaux,0.2668,travailleur social,0.2271
répétiteur vocal,Q2350126,éditeur,0.3784,avocat,0.2395,acteur,0.1623
cheminot,Q7063944,notaire,0.2618,traducteur,0.0,spectateur,0.0
station staff,Q11668201,relation publique,0.435,fonctionnaire,0.1455,spectateur,0.0738
Contrôleur des transports,Q228422,transporteur,0.7394,travailleur social,0.1711,traducteur,0.119
cheminot,Q7063944,notaire,0.2618,traducteur,0.0,spectateur,0.0
officier de renseignement,Q5121444,officier,0.6782,enseignant,0.409,policier,0.2226
directeur ou directrice,Q1162163,lecteur,0.4729,inspecteur,0.3673,acteur,0.2853
diplomate,Q193391,diplomate,1.0,réformateur,0.0911,hôte,0.0337
designer,Q5322166,agent de,0.179,infirmier / soignant,0.1351,enseignant,0.1131
décorateur,Q22811707,médiateur,0.3188,fondateur,0.3158,spectateur,0.2973
directeur ou directrice artistique,Q706364,lecteur,0.3657,inspecteur,0.284,acteur,0.2207
cinéaste,Q1414443,activiste,0.196,archiviste,0.1779,secouriste,0.177
thérapeute,Q2419397,auteur,0.1969,cartographe,0.1176,hôte,0.1017
auxiliaire de santé,Q55071047,notaire,0.2859,agent de,0.2467,secrétaire,0.2273
thérapeute alternatif,Q29881694,adulte,0.1558,auteur,0.1232,allié,0.115
chirurgie,Q40821,archiviste,0.2066,guerrier,0.0,législateur,0.0
gynécologie,Q1221899,écologiste,0.696,psychologue,0.1368,juré,0.0
ambassadeur ou ambassadrice,Q121998,vendeur,0.2385,défendeur,0.1987,assureur,0.1776
diplomate attaché à un territoire,Q116182667,diplomate,0.8639,guerrier,0.1266,réformateur,0.0787
lutherie,Q3267878,ouvrier,0.2288,guerrier,0.2117,législateur,0.0
yechiva,Q154773,archiviste,0.2772,technicien,0.0932,cultivateur / éleveur,0.0702
accompagnateur professionnel,Q2238884,producteur,0.2362,acteur,0.2122,médiateur,0.191
dirigeant sportif,Q26481809,transporteur,0.357,enfant,0.1286,aidant,0.1273
colon,Q1818899,écologiste,0.2692,comptable,0.0795,consultant,0.0772
voyageur ou voyageuse,Q22813352,pourvoyeur,0.148,voisin,0.1449,agent de,0.1262
immigrant,Q12547146,enfant,0.2209,aidant,0.2187,étudiant,0.1827
Américains,Q846570,amant/e,0.1698,inspecteur,0.1621,guerrier,0.0
pionnier,Q937283,fonctionnaire,0.2427,ouvrier,0.1766,policier,0.176
avocat ou avocate,Q40348,avocat,0.9493,diplomate,0.0554,ouvrier,0.0341
ethnologie,Q43455,écologiste,0.4815,psychologue,0.1978,juré,0.0
pratiquant d'arts martiaux,Q11124885,acteurs sociaux,0.2885,enfant,0.1102,aidant,0.1091
journaliste sportif ou journaliste sportive,Q13219447,journaliste,0.886,transporteur,0.197,activiste,0.1496
polémiste,Q1642960,activiste,0.3222,archiviste,0.2923,secouriste,0.291
animateur ou animatrice de télévision,Q947873,réformateur,0.2876,agent de,0.1673,médiateur,0.1538
speaker,Q1371925,spectateur,0.3401,inspecteur,0.1082,guide spirituel,0.0792
personnalité liée au sport,Q50995749,transporteur,0.2885,journaliste,0.146,fonctionnaire,0.1338
commissaire de police,Q2101758,policier,0.4572,politicien,0.251,notaire,0.2114
fonction publique,Q294414,relation publique,0.63,fonctionnaire,0.4785,publicitaire,0.2311
professionnel ou professionnelle de la santé,Q11974939,procureur,0.2055,producteur,0.205,fonctionnaire,0.1898
charlatanisme,Q1468920,pharmacien,0.1214,consultant,0.1186,législateur,0.1022
guérisseur,Q2518689,investisseur,0.5126,précurseur,0.1938,acteur,0.0642
militant ou militante,Q15253558,consultant,0.2383,familier,0.2326,enfant,0.0938
compagnie,Q783794,comptable,0.4965,consultant,0.0691,guerrier,0.0
entreprise,Q6881511,entrepreneur,0.6666,secouriste,0.0528,ancêtre,0.0516
physicien ou physicienne,Q169470,musicien,0.6213,politicien,0.3222,technicien,0.3109
conseiller ou conseillère,Q2994387,consultant,0.3471,enseignant,0.1833,père,0.1189
artisan,Q1294787,archiviste,0.1227,investisseur,0.1106,partenaire,0.1022
"bakers, pastry-cooks and confectionery makers",Q108290615,fonctionnaire,0.2542,consultant,0.1519,relation publique,0.1072
charge élective,Q17279032,lecteur,0.2626,activiste,0.1984,cultivateur / éleveur,0.1963
agent,Q24229398,agent de,0.8893,client,0.1584,manager,0.0616
counseling psychologist,Q122745795,psychologue,0.6736,écologiste,0.398,secouriste,0.058
consultant ou consultante,Q15978655,consultant,0.9775,enfant,0.056,aidant,0.0554
fonctionnaire,Q212238,fonctionnaire,1.0,partenaire,0.2162,notaire,0.1584
bibliothécaire,Q182436,notaire,0.4332,publicitaire,0.3957,secrétaire,0.3443
expert interdisciplinaire d'une région géographique,Q17135920,cartographe,0.3087,relation publique,0.2519,partenaire,0.2264
historien ou historienne,Q201788,ouvrier,0.1787,musicien,0.1431,mentor,0.1408
astronome,Q11063,assureur,0.2383,guerrier,0.0,frère/socur,0.0
botaniste,Q2374149,activiste,0.3339,archiviste,0.3029,secouriste,0.3015
infirmière ou infirmier,Q186360,infirmier / soignant,0.6878,informaticien,0.1001,père,0.0971
membre d'équipage,Q5184855,mere,0.2549,agent de,0.1282,banquier,0.128
ingénieur des transports,Q12964993,transporteur,0.8379,traducteur,0.1349,inspecteur,0.0958
astrophysicien ou astrophysicienne,Q752129,musicien,0.5797,politicien,0.3007,technicien,0.2901
enseignant ou enseignante,Q37226,enseignant,0.9771,infirmier / soignant,0.2664,enfant,0.0992
scientifique,Q901,relation publique,0.3032,client,0.1961,musicien,0.1323
guide,Q14290559,guide spirituel,0.5733,agent de,0.0664,guerrier,0.0567
évêque catholique romain,Q102039658,relation publique,0.3846,psychologue,0.1037,avocat,0.0541
évêque diocésain,Q1144278,relation publique,0.2115,diplomate,0.0987,voisin,0.0888
ordinaire,Q1638918,partenaire,0.5009,fonctionnaire,0.4316,notaire,0.367
botaniste,Q2374149,activiste,0.3339,archiviste,0.3029,secouriste,0.3015
paléobiologiste,Q16037036,écologiste,0.7627,activiste,0.1957,archiviste,0.1775
croyant ou croyante,Q17573152,enfant,0.2356,aidant,0.2332,étudiant,0.1948
charlatanisme,Q1468920,pharmacien,0.1214,consultant,0.1186,législateur,0.1022
militant ou militante,Q15253558,consultant,0.2383,familier,0.2326,enfant,0.0938
chercheur ou chercheuse en sciences sociales,Q15319501,travailleur social,0.3971,acteurs sociaux,0.321,musicien,0.1212
personnalité politique,Q82955,politicien,0.5083,policier,0.2419,relation publique,0.1787
chercheur médical,Q15401884,médiateur,0.5094,médecin,0.2144,éditeur,0.139
chercheur ou chercheuse,Q1650915,archiviste,0.1748,ouvrier,0.1058,acteur,0.0897
enseignant-chercheur ou enseignante-chercheuse,Q1706722,enseignant,0.9263,infirmier / soignant,0.2333,enfant,0.0695
travailleur ou travailleuse de la connaissance,Q1914017,travailleur social,0.7496,traducteur,0.1078,fonctionnaire,0.0983
fonction,Q4164871,fonctionnaire,0.671,relation publique,0.197,fondateur,0.1348
adjoint,Q3250324,adulte,0.1701,témoin,0.166,enfant,0.0814
conseiller régional,Q27830328,consultant,0.2816,travailleur social,0.1526,enseignant,0.1487
prédicateur à la télévision,Q66387537,médiateur,0.2508,fondateur,0.1932,précurseur,0.1892
gastro-entérologue,Q19280221,psychologue,0.6033,écologiste,0.15,guerrier,0.0564
auxiliaire de santé,Q55071047,notaire,0.2859,agent de,0.2467,secrétaire,0.2273
médecin spécialiste,Q3332438,médecin,0.754,journaliste,0.3311,activiste,0.1411
chirurgien ou chirurgienne,Q774306,musicien,0.1859,politicien,0.1657,technicien,0.1599
chirurgien ou chirurgienne,Q774306,musicien,0.1859,politicien,0.1657,technicien,0.1599
chirurgien ou chirurgienne,Q774306,musicien,0.1859,politicien,0.1657,technicien,0.1599
soldat,Q4991371,avocat,0.1563,fondateur,0.145,acteurs sociaux,0.0818
dame de compagnie,Q715222,comptable,0.4073,agent de,0.2615,consultant,0.0567
anthropologue,Q4773904,psychologue,0.563,écologiste,0.1399,ancêtre,0.0654
culturologue,Q19829999,psychologue,0.5033,cultivateur / éleveur,0.2186,écologiste,0.1251
médecin spécialiste,Q3332438,médecin,0.754,journaliste,0.3311,activiste,0.1411
mécanicien,Q327029,technicien,0.5621,musicien,0.4096,politicien,0.3651
pilote,Q378622,philosophe,0.161,hôte,0.132,adulte,0.1025
motard,Q45787133,notaire,0.2618,traducteur,0.0,spectateur,0.0
équilibriste,Q19828933,secouriste,0.4546,activiste,0.2678,archiviste,0.243
chanteur ou chanteuse,Q177220,inventeur,0.4251,acteur,0.1658,auteur,0.143
joueur ou joueuse d'échecs,Q10873124,joueur,0.9533,journaliste,0.1563,ouvrier,0.0403
autorité,Q174834,auteur,0.4148,mentor,0.1177,guide spirituel,0.0751
fonction publique,Q294414,relation publique,0.63,fonctionnaire,0.4785,publicitaire,0.2311
personnalité politique locale,Q10547393,politicien,0.491,policier,0.2337,relation publique,0.1726
charge élective,Q17279032,lecteur,0.2626,activiste,0.1984,cultivateur / éleveur,0.1963
chef de gouvernement,Q2285706,agent de,0.4617,mentor,0.2453,client,0.1867
head of a city,Q116783387,citoyen,0.349,officier,0.122,publicitaire,0.0819
moniteur-éducateur ou monitrice-éducatrice,Q3320963,éditeur,0.3524,médiateur,0.2194,traducteur,0.2193
skieur ou skieuse,Q4270517,ouvrier,0.1983,acteur,0.1682,cultivateur / éleveur,0.1472
entraîneur sportif,Q41583,entrepreneur,0.4025,transporteur,0.3451,spectateur,0.0793
vendeur ou vendeuse,Q685433,vendeur,0.9634,défendeur,0.4247,inventeur,0.0783
trafiquant de drogue,Q10384029,psychologue,0.2908,agent de,0.2483,traducteur,0.1384
manufacturier du textile,Q23754015,ouvrier,0.3085,guerrier,0.2856,manager,0.2476
artisan,Q1294787,archiviste,0.1227,investisseur,0.1106,partenaire,0.1022
travailleur du textile,Q66035178,travailleur social,0.7907,traducteur,0.1187,transporteur,0.0993
rebelle,Q1125062,bénévole,0.1087,comptable,0.102,relation publique,0.0946
designer,Q5322166,agent de,0.179,infirmier / soignant,0.1351,enseignant,0.1131
cartooniste,Q1114448,cartographe,0.4661,activiste,0.2219,archiviste,0.2013
journaliste,Q1930187,journaliste,1.0,secouriste,0.1649,activiste,0.1505
ambassadeur d'un pays,Q29645880,vendeur,0.336,défendeur,0.2798,assureur,0.1536
scénariste,Q28389,secouriste,0.5207,activiste,0.3067,archiviste,0.2783
force basque,Q631306,relation publique,0.1926,banquier,0.0966,fondateur,0.0853
attaché,Q544178,guerrier,0.0,traducteur,0.0,spectateur,0.0
Dienststellung,Q1221126,diplomate,0.1192,enseignant,0.116,client,0.0838
officier,Q189290,officier,1.0,policier,0.3283,musicien,0.0891
réalisateur ou réalisatrice,Q3455803,journaliste,0.2604,réformateur,0.2349,médiateur,0.1585
directeur ou directrice,Q1162163,lecteur,0.4729,inspecteur,0.3673,acteur,0.2853
health facility administrator,Q69943983,mentor,0.2588,familier,0.1491,adulte,0.0875
métier du théâtre,Q15839299,ancêtre,0.2579,ouvrier,0.1707,policier,0.1701
directeur ou directrice,Q1162163,lecteur,0.4729,inspecteur,0.3673,acteur,0.2853
enseignant ou enseignante,Q37226,enseignant,0.9771,infirmier / soignant,0.2664,enfant,0.0992
directeur ou directrice d'école,Q1056391,lecteur,0.4013,inspecteur,0.3117,acteur,0.2421
directeur ou directrice de recherche,Q18121578,lecteur,0.3935,inspecteur,0.3056,acteur,0.2374
chef de projet,Q816432,agent de,0.3365,procureur,0.2381,producteur,0.2375
directeur ou directrice,Q1162163,lecteur,0.4729,inspecteur,0.3673,acteur,0.2853
vendeur ou vendeuse,Q685433,vendeur,0.9634,défendeur,0.4247,inventeur,0.0783
docteur,Q4618975,acteur,0.6298,lecteur,0.5182,inspecteur,0.4025
doctorat,Q849697,mentor,0.1862,avocat,0.1826,guerrier,0.0
diplôme en droit,Q4115013,diplomate,0.4693,enfant,0.0742,enseignant,0.0554
docteur ès sciences,Q2628227,acteur,0.5095,lecteur,0.4192,inspecteur,0.3256
première dame,Q203184,père,0.3978,entrepreneur,0.0914,procureur,0.0824
athlète,Q2066131,hôte,0.2343,adulte,0.182,activiste,0.1553
artisan,Q1294787,archiviste,0.1227,investisseur,0.1106,partenaire,0.1022
artiste textile,Q10694573,archiviste,0.3205,activiste,0.2732,secouriste,0.2467
travailleur du textile,Q66035178,travailleur social,0.7907,traducteur,0.1187,transporteur,0.0993
travailleur qualifié ou travailleuse qualifiée,Q2588761,travailleur social,0.7801,traducteur,0.1122,transporteur,0.0938
fonctionnaire,Q212238,fonctionnaire,1.0,partenaire,0.2162,notaire,0.1584
prêtre,Q42603,ancêtre,0.519,procureur,0.0673,producteur,0.0672
personnalité politique,Q82955,politicien,0.5083,policier,0.2419,relation publique,0.1787
chef d'État,Q48352,avocat,0.1491,spectateur,0.1302,secrétaire,0.1201
fonction publique,Q294414,relation publique,0.63,fonctionnaire,0.4785,publicitaire,0.2311
confiseur,Q2992505,précurseur,0.2433,investisseur,0.2192,consultant,0.2151
magistrature romaine,Q663395,écologiste,0.1959,manager,0.0951,diplomate,0.083
joueur ou joueuse de tennis,Q10833314,joueur,0.8987,journaliste,0.1474,agent de,0.1168
personnalité juridique,Q3778211,juré,0.2314,relation publique,0.2092,syndiqué,0.1438
entrepreneur ou entrepreneuse,Q131524,entrepreneur,0.9808,inventeur,0.0404,ancêtre,0.0385
enseignant ou enseignante,Q37226,enseignant,0.9771,infirmier / soignant,0.2664,enfant,0.0992
zoologiste des invertébrés,Q108614246,écologiste,0.669,inventeur,0.2485,investisseur,0.1943
registrar,Q6104047,écologiste,0.2441,législateur,0.0844,traducteur,0.0817
fonction,Q4164871,fonctionnaire,0.671,relation publique,0.197,fondateur,0.1348
professeur ou professeure d'université,Q1622272,investisseur,0.3578,procureur,0.2553,précurseur,0.2326
chargé de cours,Q357813,agent de,0.2407,secouriste,0.1754,acteurs sociaux,0.1644
travailleur manuel,Q33394058,travailleur social,0.7406,manager,0.12,traducteur,0.1112
kitchen assistant,Q1796839,consultant,0.3062,assureur,0.2433,enfant,0.1407
élu au service public,Q382887,publicitaire,0.5475,relation publique,0.33,auteur,0.0851
fonctionnaire,Q212238,fonctionnaire,1.0,partenaire,0.2162,notaire,0.1584
biologiste,Q864503,écologiste,0.7881,activiste,0.2022,archiviste,0.1834
astronome,Q11063,assureur,0.2383,guerrier,0.0,frère/socur,0.0
agriculteur ou agricultrice,Q131512,cultivateur / éleveur,0.2678,adulte,0.2096,agent de,0.1234
chef ou cheffe d'entreprise,Q2961975,entrepreneur,0.5717,ouvrier,0.0683,secouriste,0.0561
écrivain ou écrivaine,Q36180,écologiste,0.1108,travailleur social,0.0853,cultivateur / éleveur,0.0847
fonction,Q4164871,fonctionnaire,0.671,relation publique,0.197,fondateur,0.1348
profession juridique,Q15987302,relation publique,0.3297,juré,0.2432,syndiqué,0.1511
data professional,Q112598603,procureur,0.2182,producteur,0.2176,fondateur,0.0959
chancelier,Q373085,familier,0.4251,ouvrier,0.1591,policier,0.1585
érudit,Q20826540,éditeur,0.1939,étudiant,0.1608,traducteur,0.0
socialite,Q512314,travailleur social,0.4387,acteurs sociaux,0.3653,journaliste,0.0765
mécène,Q15472169,médiateur,0.221,médecin,0.2202,guerrier,0.0
artisan,Q1294787,archiviste,0.1227,investisseur,0.1106,partenaire,0.1022
monteur d'acier,Q15980591,inventeur,0.3348,policier,0.2851,officier,0.2733
enlèvement,Q318296,mentor,0.3172,client,0.2414,agent de,0.2388
aventurier ou aventurière,Q2873500,ouvrier,0.2489,inventeur,0.2313,guerrier,0.184
pirate,Q10729326,diplomate,0.2377,guide spirituel,0.098,hôte,0.0933
mercenaire,Q178197,partenaire,0.5356,mere,0.3342,fonctionnaire,0.3062
corps des conservateurs du patrimoine,Q2994440,consultant,0.2669,acteurs sociaux,0.2454,innovateur,0.2124
musicien d'un instrument de la famille des bois,Q25616474,musicien,0.6284,familier,0.3119,agent de,0.2367
anthropologiste culturel,Q30131998,écologiste,0.5977,cultivateur / éleveur,0.1775,activiste,0.1533
fonctionnaire,Q212238,fonctionnaire,1.0,partenaire,0.2162,notaire,0.1584
soin animalier,Q21012419,familier,0.2854,témoin,0.2073,infirmier / soignant,0.1927
nationalisme,Q6235,journaliste,0.3451,relation publique,0.2528,fonctionnaire,0.1321
early childhood teacher,Q99543230,technicien,0.1119,archiviste,0.111,philosophe,0.1047
instituteur ou institutrice,Q2251335,inspecteur,0.3086,auteur,0.2839,investisseur,0.1407
schoolmistress,Q78812499,ancêtre,0.129,psychologue,0.1189,entrepreneur,0.0984
progéniture,Q239526,procureur,0.3388,producteur,0.2507,assureur,0.0919
être humain féminin,Q84048852,ancêtre,0.4447,témoin,0.1324,voisin,0.1324
enfant,Q29514218,enfant,1.0,enseignant,0.1259,aidant,0.1125
promoteur,Q2378505,producteur,0.4451,procureur,0.3455,acteur,0.267
producteur,Q13235160,producteur,1.0,traducteur,0.4194,acteur,0.2505
objet de la recherche,Q4330518,agent de,0.2981,technicien,0.0807,archiviste,0.08
chaîne d'évènements,Q5067949,mentor,0.4237,client,0.1005,agent de,0.0994
cambrioleur,Q10659189,travailleur social,0.2399,bénévole,0.0926,acteur,0.0897
trapéziste,Q4688043,activiste,0.3024,archiviste,0.2744,secouriste,0.2731
équilibriste,Q19828933,secouriste,0.4546,activiste,0.2678,archiviste,0.243
personnalité du monde de la mode,Q27943370,agent de,0.2857,journaliste,0.1356,fonctionnaire,0.1242
personnalité liée au droit,Q57735705,journaliste,0.1937,fonctionnaire,0.1774,auteur,0.103
policier ou policière,Q384593,policier,0.9261,politicien,0.3633,officier,0.2039
journaliste,Q1930187,journaliste,1.0,secouriste,0.1649,activiste,0.1505
administrateur,Q16532929,médiateur,0.309,fondateur,0.3061,spectateur,0.2882
porte-parole,Q17221,transporteur,0.3462,bénévole,0.1926,partenaire,0.1172
potier grec de l'Antiquité,Q21505859,agent de,0.2838,banquier,0.2058,policier,0.2014
artisan manuel,Q19101121,manager,0.2326,guide spirituel,0.171,archiviste,0.0702
graveur ou graveuse sur métal,Q329439,cultivateur / éleveur,0.1955,travailleur social,0.1337,assureur,0.0952
orfèvre,Q211423,père,0.2366,mere,0.2366,notaire,0.1784
gemcutter,Q1283397,ouvrier,0.1706,policier,0.17,manager,0.1647
inquisiteur,Q1664338,éditeur,0.4079,banquier,0.2266,acteur,0.1749
inquisiteur général,Q1549367,éditeur,0.369,banquier,0.205,acteur,0.1582
personnalité liée au droit,Q57735705,journaliste,0.1937,fonctionnaire,0.1774,auteur,0.103
policier ou policière,Q384593,policier,0.9261,politicien,0.3633,officier,0.2039
agence publique,Q327333,relation publique,0.6114,agent de,0.3168,publicitaire,0.2887
prêtre,Q42603,ancêtre,0.519,procureur,0.0673,producteur,0.0672
chef religieux,Q15995642,relation publique,0.2441,époux,0.1249,acteurs sociaux,0.0792
col blanc,Q255274,ancêtre,0.1428,écologiste,0.1218,comptable,0.102
service,Q7406919,secrétaire,0.1902,secouriste,0.188,guerrier,0.0
care,Q2421951,cartographe,0.2975,mere,0.0867,père,0.0867
stagehand,Q2328828,agent de,0.2483,manager,0.2208,guerrier,0.0
biologiste,Q864503,écologiste,0.7881,activiste,0.2022,archiviste,0.1834
plucked instrument player,Q115246813,mentor,0.2596,inspecteur,0.2217,client,0.1976
fonctionnaire,Q1328323,fonctionnaire,1.0,partenaire,0.2162,notaire,0.1584
soldat,Q4991371,avocat,0.1563,fondateur,0.145,acteurs sociaux,0.0818
Infanteriste,Q15983773,enfant,0.3888,secouriste,0.339,activiste,0.1997
guérisseur,Q2518689,investisseur,0.5126,précurseur,0.1938,acteur,0.0642
courtisan,Q1511216,secouriste,0.2626,investisseur,0.0872,comptable,0.0804
Kuge,Q1196276,guerrier,0.0,traducteur,0.0,spectateur,0.0
scientifique,Q901,relation publique,0.3032,client,0.1961,musicien,0.1323
agronome,Q1781198,agent de,0.2716,guerrier,0.0,frère/socur,0.0
agriculteur ou agricultrice,Q131512,cultivateur / éleveur,0.2678,adulte,0.2096,agent de,0.1234
professionnel ou professionnelle de la santé,Q11974939,procureur,0.2055,producteur,0.205,fonctionnaire,0.1898
police en Allemagne,Q167563,policier,0.5352,politicien,0.3261,allié,0.2401
polyglotte,Q323081,policier,0.3535,politicien,0.3061,hôte,0.0944
médecin spécialiste,Q3332438,médecin,0.754,journaliste,0.3311,activiste,0.1411
médecin interniste,Q15924224,médecin,0.8814,activiste,0.1649,archiviste,0.1496
clerc,Q2259532,client,0.2746,guerrier,0.0,traducteur,0.0
ordinaire,Q1638918,partenaire,0.5009,fonctionnaire,0.4316,notaire,0.367
illustrateur ou illustratrice scientifique,Q19507792,relation publique,0.2035,médiateur,0.1593,fondateur,0.1578
imprimeur,Q175151,acteur,0.2759,cultivateur / éleveur,0.2414,auteur,0.2378
artiste interprète,Q713200,archiviste,0.3324,activiste,0.2913,secouriste,0.263
programmeur ou programmeuse,Q5482740,procureur,0.2541,producteur,0.2535,cartographe,0.23
architecte,Q42973,archiviste,0.5309,lecteur,0.1686,inspecteur,0.1309
ingénieur ou ingénieure,Q81096,inventeur,0.1874,inspecteur,0.1802,innovateur,0.1759
ingénieur ou ingénieure,Q81096,inventeur,0.1874,inspecteur,0.1802,innovateur,0.1759
scientifique,Q901,relation publique,0.3032,client,0.1961,musicien,0.1323
ingénieur ou ingénieure,Q81096,inventeur,0.1874,inspecteur,0.1802,innovateur,0.1759
ingénieur ou ingénieure,Q81096,inventeur,0.1874,inspecteur,0.1802,innovateur,0.1759
fonctionnaire de catégorie A,Q63755375,fonctionnaire,0.9211,partenaire,0.1991,notaire,0.1459
ingénieur ou ingénieure,Q81096,inventeur,0.1874,inspecteur,0.1802,innovateur,0.1759
officier,Q189290,officier,1.0,policier,0.3283,musicien,0.0891
ingénieur ou ingénieure,Q81096,inventeur,0.1874,inspecteur,0.1802,innovateur,0.1759
fonctionnaire,Q212238,fonctionnaire,1.0,partenaire,0.2162,notaire,0.1584
fonctionnaire,Q212238,fonctionnaire,1.0,partenaire,0.2162,notaire,0.1584
étudiant ou étudiante,Q48282,étudiant,0.9707,enfant,0.0641,aidant,0.0635
personnalité politique,Q82955,politicien,0.5083,policier,0.2419,relation publique,0.1787
fonctionnaire,Q212238,fonctionnaire,1.0,partenaire,0.2162,notaire,0.1584
interprète,Q11085831,inventeur,0.2592,hôte,0.1128,adulte,0.0876
musicien ou musicienne,Q639669,musicien,0.9799,politicien,0.2255,technicien,0.2176
artiste interprète,Q713200,archiviste,0.3324,activiste,0.2913,secouriste,0.263
animateur ou animatrice,Q266569,réformateur,0.3718,médiateur,0.1988,fondateur,0.1969
animateur assistant,Q28798045,réformateur,0.3061,consultant,0.2356,assureur,0.2241
conseil municipal,Q701632,consultant,0.3192,enseignant,0.1686,technicien,0.1426
entité territoriale administrative,Q56061,guerrier,0.1786,entrepreneur,0.1092,mentor,0.1075
orientaliste,Q1731155,journaliste,0.5182,activiste,0.2208,archiviste,0.2003
scientifique des religions,Q19829980,relation publique,0.3949,client,0.1523,agent de,0.1125
funeral service professional,Q64503961,procureur,0.1809,producteur,0.1804,travailleur social,0.1049
aspirant,Q329741,guide spirituel,0.1974,enfant,0.1621,aidant,0.1605
administration,Q3754526,relation publique,0.4072,fonctionnaire,0.1362,adulte,0.0818
tradition de Noël,Q717040,traducteur,0.2917,relation publique,0.2159,agent de,0.1894
œuvre d’art,Q838948,partenaire,0.1765,ouvrier,0.165,père,0.1064
diorama,Q207697,amant/e,0.1698,diplomate,0.1491,législateur,0.0
pain,Q7802,partenaire,0.1566,voisin,0.1443,témoin,0.1443
nourriture,Q2095,guide spirituel,0.1899,notaire,0.1446,guerrier,0.0874
acteur ou actrice,Q33999,acteur,0.9123,acteurs sociaux,0.4389,activiste,0.2541
danseur ou danseuse,Q5716684,précurseur,0.1886,investisseur,0.1699,aidant,0.1262
chanteur ou chanteuse,Q177220,inventeur,0.4251,acteur,0.1658,auteur,0.143
artiste de cabaret,Q15214752,archiviste,0.287,activiste,0.2446,agent de,0.2425
ingénieur du son,Q128124,inventeur,0.1595,inspecteur,0.1534,innovateur,0.1497
joueur de go,Q12039558,joueur,0.9001,agent de,0.1993,journaliste,0.1257
juge de la Cour suprême,Q55736868,agent de,0.2794,secouriste,0.2036,juré,0.121
président de tribunal,Q16474031,agent de,0.3837,précurseur,0.1687,client,0.1552
dirigeant ou dirigeante,Q25713832,enfant,0.1501,aidant,0.1486,diplomate,0.1416
enseignant ou enseignante,Q37226,enseignant,0.9771,infirmier / soignant,0.2664,enfant,0.0992
forme d'État,Q183039,réformateur,0.2119,informaticien,0.1852,avocat,0.1025
juge,Q16533,juré,0.3333,traducteur,0.0,spectateur,0.0
artiste,Q483501,archiviste,0.3646,activiste,0.3108,secouriste,0.2806
officer,Q61022630,officier,0.7352,ouvrier,0.0378,policier,0.0377
rider,Q11998775,guide spirituel,0.1387,ouvrier,0.0961,policier,0.0957
être humain,Q5,ancêtre,0.519,témoin,0.0773,voisin,0.0773
musicien ou musicienne,Q639669,musicien,0.9799,politicien,0.2255,technicien,0.2176
procédé,Q10843872,procureur,0.5275,producteur,0.2339,précurseur,0.0648
horticulture,Q48803,cultivateur / éleveur,0.1768,assureur,0.0822,adulte,0.0803
comportement humain,Q3769299,comptable,0.2972,transporteur,0.2766,mentor,0.1689
mode de vie,Q24034076,agent de,0.4313,guide spirituel,0.1214,guerrier,0.0
agriculteur ou agricultrice,Q131512,cultivateur / éleveur,0.2678,adulte,0.2096,agent de,0.1234
décoration,Q6149036,relation publique,0.4134,fonctionnaire,0.1383,défendeur,0.0693
femme,Q467,guerrier,0.0,traducteur,0.0,spectateur,0.0
suffragiste,Q27532437,écologiste,0.5128,activiste,0.3108,archiviste,0.2819
militant ou militante politique,Q11499147,politicien,0.3756,consultant,0.1885,familier,0.1841
zoologiste,Q350979,écologiste,0.7881,activiste,0.2022,archiviste,0.1834
locuteur,Q16657634,auteur,0.5994,acteur,0.228,lecteur,0.1876
traducteur ou traductrice,Q333634,traducteur,0.9583,producteur,0.3083,transporteur,0.1432
commerçant,Q215536,comptable,0.2522,consultant,0.2022,enfant,0.1789
styliste,Q3610436,journaliste,0.4905,activiste,0.3067,archiviste,0.2783
militant ou militante politique,Q11499147,politicien,0.3756,consultant,0.1885,familier,0.1841
factieux,Q118162105,activiste,0.2784,acteurs sociaux,0.1383,acteur,0.1245
grade de la police,Q19476593,policier,0.497,politicien,0.2728,agent de,0.2567
hobbyist,Q65720209,activiste,0.1748,archiviste,0.1586,secouriste,0.1578
electronic design,Q28502983,lecteur,0.3413,agent de,0.1151,technicien,0.0883
école de pensée,Q1387659,écologiste,0.3458,agent de,0.2163,bénévole,0.1745
spécialité,Q1047113,travailleur social,0.1881,politicien,0.0907,journaliste,0.0813
entraîneur sportif,Q41583,entrepreneur,0.4025,transporteur,0.3451,spectateur,0.0793
évangélisme,Q194253,journaliste,0.1937,guerrier,0.0,législateur,0.0
Christianisme charismatique,Q3425524,relation publique,0.2528,secouriste,0.1799,informaticien,0.1163
haut fonctionnaire ou haute fonctionnaire,Q599151,fonctionnaire,0.9719,partenaire,0.2101,notaire,0.1539
vocational driver,Q19398863,avocat,0.4026,relation publique,0.2213,fonctionnaire,0.1156
emergency services personnel,Q681842,mere,0.1578,agent de,0.1235,fonctionnaire,0.0807
personnel médical,Q3486937,médiateur,0.4473,médecin,0.2091,éditeur,0.0793
paraprofessional,Q7135767,partenaire,0.223,journaliste,0.0699,procureur,0.0685
donnée,Q494756,fonctionnaire,0.1774,guerrier,0.0,traducteur,0.0
gouverneur,Q132050,entrepreneur,0.3073,ouvrier,0.1168,acteur,0.099
fonction publique,Q294414,relation publique,0.63,fonctionnaire,0.4785,publicitaire,0.2311
botaniste,Q2374149,activiste,0.3339,archiviste,0.3029,secouriste,0.3015
ethnologue,Q1371378,psychologue,0.619,écologiste,0.1539,guerrier,0.0579
personne,Q215627,fonctionnaire,0.1774,guerrier,0.0,traducteur,0.0
médecin,Q39631,médecin,1.0,médiateur,0.146,voisin,0.0457
Wundarzt (allemand),Q1360697,allié,0.1474,fondateur,0.1223,manager,0.1031
officier de marine,Q10669499,officier,0.9057,policier,0.2973,agent de,0.1667
éducation,Q8434,relation publique,0.3977,fonctionnaire,0.133,éditeur,0.082
religieuse chrétienne,Q28146366,relation publique,0.2244,secrétaire,0.0976,client,0.0696
vierge consacrée,Q1520404,consultant,0.4304,secrétaire,0.0768,comptable,0.0634
évêque,Q29182,relation publique,0.2684,psychologue,0.0919,juré,0.0
distinction,Q618779,fonctionnaire,0.3966,relation publique,0.2351,activiste,0.0869
travailleur du bois,Q15977971,travailleur social,0.8025,traducteur,0.1205,transporteur,0.1008
médecin interniste,Q15924224,médecin,0.8814,activiste,0.1649,archiviste,0.1496
métier de la finance,Q108286983,agent de,0.2917,ouvrier,0.1387,policier,0.1382
organisation à but non lucratif,Q163740,relation publique,0.421,fonctionnaire,0.1154,informaticien,0.0807
travailleur manuel,Q33394058,travailleur social,0.7406,manager,0.12,traducteur,0.1112
personne,Q215627,fonctionnaire,0.1774,guerrier,0.0,traducteur,0.0
lutte,Q838089,hôte,0.2343,adulte,0.182,activiste,0.1553
consort of monarch,Q24833212,consultant,0.3541,archiviste,0.1883,officier,0.0726
travailleur de la construction,Q811122,travailleur social,0.6331,consultant,0.1745,fonctionnaire,0.1419
professionnel de l'informatique,Q5157565,informaticien,0.5363,réformateur,0.2806,relation publique,0.2111
database and network professionals,Q108289402,procureur,0.2025,producteur,0.202,ancêtre,0.0894
résistance dans l'Europe occupée par les nazis,Q2094191,partenaire,0.1975,lecteur,0.1127,aidant,0.087
personnalité politique,Q82955,politicien,0.5083,policier,0.2419,relation publique,0.1787
cercle parlementaire,Q11744698,notaire,0.4224,partenaire,0.3807,secrétaire,0.3357
parlementaire,Q486839,notaire,0.4379,partenaire,0.3947,secrétaire,0.3481
commentateur sportif,Q2986228,spectateur,0.3576,transporteur,0.3348,médiateur,0.166
consultant ou consultante,Q15978655,consultant,0.9775,enfant,0.056,aidant,0.0554
énergéticien ou énergéticienne,Q114868492,politicien,0.5659,informaticien,0.4875,musicien,0.3968
actionnaire,Q9378427,fonctionnaire,0.727,partenaire,0.2464,activiste,0.2312
producteur ou productrice artistique,Q47541952,producteur,0.8896,traducteur,0.2852,procureur,0.1439
film people,Q34388953,bénévole,0.2003,comptable,0.1879,guerrier,0.0
"stonemasons, stone cutters, splitters and carvers",Q108290556,cartographe,0.161,acteurs sociaux,0.1078,ancêtre,0.0699
travailleur de la construction,Q811122,travailleur social,0.6331,consultant,0.1745,fonctionnaire,0.1419
étudiant ou étudiante à l'université,Q315247,étudiant,0.9707,enfant,0.0641,aidant,0.0635
secrétaire,Q80687,secrétaire,1.0,notaire,0.3047,publicitaire,0.2235
assistant,Q23835475,consultant,0.3162,assureur,0.2513,enfant,0.1454
manager,Q2462658,manager,1.0,agent de,0.0548,amant/e,0.0485
juriste,Q185351,secouriste,0.5493,juré,0.2839,activiste,0.2205
personnalité juridique,Q3778211,juré,0.2314,relation publique,0.2092,syndiqué,0.1438
auteur ou autrice de bande dessinée,Q715301,auteur,0.7176,agent de,0.2187,banquier,0.1172
auteur ou autrice de bande dessinée,Q715301,auteur,0.7176,agent de,0.2187,banquier,0.1172
modèle,Q1630100,bénévole,0.2003,comptable,0.1879,guerrier,0.0
travailleur ou travailleuse du sexe,Q852857,travailleur social,0.7965,traducteur,0.1145,transporteur,0.0958
mannequin,Q4610556,manager,0.3207,banquier,0.1061,amant/e,0.094
enfant,Q7569,enfant,1.0,enseignant,0.1259,aidant,0.1125
mannequin,Q4610556,manager,0.3207,banquier,0.1061,amant/e,0.094
commerçant,Q215536,comptable,0.2522,consultant,0.2022,enfant,0.1789
fonction,Q4164871,fonctionnaire,0.671,relation publique,0.197,fondateur,0.1348
activité,Q1914636,activiste,0.7447,acteur,0.2396,acteurs sociaux,0.1239
activité,Q12737077,activiste,0.7447,acteur,0.2396,acteurs sociaux,0.1239
orfèvre,Q211423,père,0.2366,mere,0.2366,notaire,0.1784
chanteur ou chanteuse,Q177220,inventeur,0.4251,acteur,0.1658,auteur,0.143
officier judiciaire,Q6302990,officier,0.8564,policier,0.2981,notaire,0.1776
directeur ou directrice,Q1162163,lecteur,0.4729,inspecteur,0.3673,acteur,0.2853
travailleur qualifié ou travailleuse qualifiée,Q2588761,travailleur social,0.7801,traducteur,0.1122,transporteur,0.0938
historien ou historienne de l'économie,Q17488363,agent de,0.1729,ouvrier,0.1501,musicien,0.1202
combattant,Q1414937,consultant,0.3937,comptable,0.2151,enfant,0.1526
travailleur qualifié ou travailleuse qualifiée,Q2588761,travailleur social,0.7801,traducteur,0.1122,transporteur,0.0938
"Butchers, Fishmongers and Related Food Preparers",Q108286217,relation publique,0.3083,législateur,0.1037,acteurs sociaux,0.0812
artiste,Q483501,archiviste,0.3646,activiste,0.3108,secouriste,0.2806
artiste interprète,Q713200,archiviste,0.3324,activiste,0.2913,secouriste,0.263
membre,Q9200127,mere,0.3958,mentor,0.193,père,0.1415
instrumentiste,Q1278335,activiste,0.2515,archiviste,0.2281,secouriste,0.2271
cuivriste,Q25829748,secouriste,0.4546,activiste,0.2678,archiviste,0.243
enseignant ou enseignante,Q37226,enseignant,0.9771,infirmier / soignant,0.2664,enfant,0.0992
personnel médical,Q3486937,médiateur,0.4473,médecin,0.2091,éditeur,0.0793
paraprofessional,Q7135767,partenaire,0.223,journaliste,0.0699,procureur,0.0685
emergency services personnel,Q681842,mere,0.1578,agent de,0.1235,fonctionnaire,0.0807
intervenant d'urgence,Q19693316,enseignant,0.2842,infirmier / soignant,0.2477,inventeur,0.1955
profession paramédicale,Q349843,médiateur,0.1885,partenaire,0.1803,procureur,0.159
universitaire,Q3400985,publicitaire,0.5629,notaire,0.4995,secrétaire,0.397
professeur associé,Q9344260,investisseur,0.2943,assureur,0.2218,précurseur,0.205
entrepreneur ou entrepreneuse,Q131524,entrepreneur,0.9808,inventeur,0.0404,ancêtre,0.0385
métallurgiste,Q18576582,écologiste,0.4253,activiste,0.2577,archiviste,0.2338
artiste,Q483501,archiviste,0.3646,activiste,0.3108,secouriste,0.2806
officier subalterne,Q1156796,officier,0.9726,policier,0.3193,musicien,0.0867
chef de projet,Q816432,agent de,0.3365,procureur,0.2381,producteur,0.2375
ébéniste,Q19382184,activiste,0.3698,archiviste,0.3355,secouriste,0.3339
cantor,Q30906402,mentor,0.5769,cartographe,0.0674,enfant,0.0501
peintre,Q1028181,ancêtre,0.2667,entrepreneur,0.2507,mere,0.0778
絵師,Q11606851,guerrier,0.0,traducteur,0.0,spectateur,0.0
chercheur ou chercheuse en sciences sociales,Q15319501,travailleur social,0.3971,acteurs sociaux,0.321,musicien,0.1212
culturologue,Q19829999,psychologue,0.5033,cultivateur / éleveur,0.2186,écologiste,0.1251
linguiste,Q14467526,activiste,0.3698,archiviste,0.3355,secouriste,0.3339
chef cuisinier ou chef cuisinière,Q3499072,voisin,0.3431,père,0.1752,ouvrier,0.1353
célébrité,Q211236,guide spirituel,0.1678,traducteur,0.0,spectateur,0.0
bibliothécaire,Q182436,notaire,0.4332,publicitaire,0.3957,secrétaire,0.3443
voyageur ou voyageuse,Q22813352,pourvoyeur,0.148,voisin,0.1449,agent de,0.1262
botaniste,Q2374149,activiste,0.3339,archiviste,0.3029,secouriste,0.3015
artiste,Q483501,archiviste,0.3646,activiste,0.3108,secouriste,0.2806
peintre,Q1028181,ancêtre,0.2667,entrepreneur,0.2507,mere,0.0778
athlète,Q2066131,hôte,0.2343,adulte,0.182,activiste,0.1553
travailleur manuel,Q33394058,travailleur social,0.7406,manager,0.12,traducteur,0.1112
clerc,Q2259532,client,0.2746,guerrier,0.0,traducteur,0.0
sculpteur ou sculptrice,Q1281618,cultivateur / éleveur,0.2503,acteur,0.2065,auteur,0.178
instructeur,Q777952,inspecteur,0.452,traducteur,0.4484,producteur,0.444
plongeur,Q1866686,acteur,0.1682,diplomate,0.1671,cultivateur / éleveur,0.1472
critique,Q6430706,relation publique,0.3263,politicien,0.078,syndiqué,0.0661
contrebandier,Q17176618,consultant,0.1874,banquier,0.1847,entrepreneur,0.172
artiste visuel ou artiste visuelle,Q3391743,archiviste,0.3556,activiste,0.3172,secouriste,0.2301
"artistic, cultural and culinary associate professionals",Q108289430,cultivateur / éleveur,0.2338,travailleur social,0.1512,acteurs sociaux,0.1476
technicien ou technicienne,Q5352191,technicien,0.9852,musicien,0.2158,politicien,0.1923
œuvre créative,Q17537576,secrétaire,0.1498,ouvrier,0.123,activiste,0.0936
article de presse,Q5707594,agent de,0.2557,archiviste,0.0686,investisseur,0.0618
ouvrier,Q87285943,ouvrier,1.0,guerrier,0.2301,policier,0.0913
auteur ou autrice de non-fiction,Q15980158,auteur,0.7176,fonctionnaire,0.1634,relation publique,0.1513
travailleur qualifié ou travailleuse qualifiée,Q2588761,travailleur social,0.7801,traducteur,0.1122,transporteur,0.0938
historien ou historienne,Q201788,ouvrier,0.1787,musicien,0.1431,mentor,0.1408
écrivain ou écrivaine,Q36180,écologiste,0.1108,travailleur social,0.0853,cultivateur / éleveur,0.0847
entrepreneur ou entrepreneuse,Q131524,entrepreneur,0.9808,inventeur,0.0404,ancêtre,0.0385
médecin,Q39631,médecin,1.0,médiateur,0.146,voisin,0.0457
pathologiste,Q3368718,écologiste,0.699,psychologue,0.2354,activiste,0.1793
médecin,Q39631,médecin,1.0,médiateur,0.146,voisin,0.0457
historien ou historienne,Q201788,ouvrier,0.1787,musicien,0.1431,mentor,0.1408
spécialiste de l'amérique latine,Q16334430,journaliste,0.3701,relation publique,0.2699,activiste,0.1577
traducteur-interprète,Q1790480,traducteur,0.9448,producteur,0.3759,acteur,0.192
écrivain ou écrivaine,Q36180,écologiste,0.1108,travailleur social,0.0853,cultivateur / éleveur,0.0847
navigateur ou navigatrice,Q254651,médiateur,0.3571,fondateur,0.3538,spectateur,0.333
chercheur ou chercheuse en science de l'information,Q1265807,informaticien,0.5722,réformateur,0.285,relation publique,0.2254
ouvrier,Q12713481,ouvrier,1.0,guerrier,0.2301,policier,0.0913
directeur ou directrice,Q1162163,lecteur,0.4729,inspecteur,0.3673,acteur,0.2853
fonction,Q4164871,fonctionnaire,0.671,relation publique,0.197,fondateur,0.1348
officier de marine,Q10669499,officier,0.9057,policier,0.2973,agent de,0.1667
grade de la police,Q19476593,policier,0.497,politicien,0.2728,agent de,0.2567
matériau,Q214609,manager,0.1463,acteurs sociaux,0.1123,réformateur,0.0938
littérature islamique,Q1366370,relation publique,0.2612,législateur,0.1785,familier,0.0658
exégèse,Q244783,guerrier,0.0,traducteur,0.0,spectateur,0.0
sciences coraniques,Q2370897,relation publique,0.1801,musicien,0.1572,politicien,0.1401
dissidence,Q19509099,diplomate,0.1217,investisseur,0.1075,guide spirituel,0.0969
professionnel de la vue,Q5422651,agent de,0.2447,procureur,0.1731,producteur,0.1727
université,Q3918,guerrier,0.0,traducteur,0.0,spectateur,0.0
arrangeur ou arrangeuse musical,Q1643514,musicien,0.4926,transporteur,0.112,archiviste,0.0934
économe,Q12344332,écologiste,0.3078,consultant,0.0999,législateur,0.0
party official,Q88190406,officier,0.5709,partenaire,0.2496,travailleur social,0.1915
mannequin,Q4610556,manager,0.3207,banquier,0.1061,amant/e,0.094
magistrat ou magistrate,Q4594605,écologiste,0.2406,manager,0.1066,législateur,0.097
commerçant,Q215536,comptable,0.2522,consultant,0.2022,enfant,0.1789
travailleur qualifié ou travailleuse qualifiée,Q2588761,travailleur social,0.7801,traducteur,0.1122,transporteur,0.0938
vendeur ou vendeuse,Q685433,vendeur,0.9634,défendeur,0.4247,inventeur,0.0783
jewellery and precious metal worker,Q108285851,travailleur social,0.1192,mere,0.1094,médecin,0.0909
artisan,Q1294787,archiviste,0.1227,investisseur,0.1106,partenaire,0.1022
producteur,Q13235160,producteur,1.0,traducteur,0.4194,acteur,0.2505
faiseur,Q95143896,précurseur,0.3165,investisseur,0.2851,familier,0.1124
pseudo-scientifique,Q22082749,relation publique,0.276,client,0.1785,musicien,0.1205
conseiller municipal,Q708492,consultant,0.2844,travailleur social,0.1541,enseignant,0.1502
elder,Q1757970,ouvrier,0.1706,policier,0.17,manager,0.1647
gangster,Q46961,activiste,0.1307,archiviste,0.1186,secouriste,0.118
relation commerciale,Q5001927,relation publique,0.6112,comptable,0.1434,travailleur social,0.0851
médecin spécialiste,Q3332438,médecin,0.754,journaliste,0.3311,activiste,0.1411
emergency services personnel,Q681842,mere,0.1578,agent de,0.1235,fonctionnaire,0.0807
procureur ou procureure,Q600751,procureur,0.9776,assureur,0.289,producteur,0.1418
médecin spécialiste,Q3332438,médecin,0.754,journaliste,0.3311,activiste,0.1411
performeur,Q10774753,réformateur,0.3747,informaticien,0.2649,acteur,0.1205
transformiste,Q10384150,transporteur,0.4029,activiste,0.1998,archiviste,0.1813
peintre,Q1028181,ancêtre,0.2667,entrepreneur,0.2507,mere,0.0778
pharmacien,Q105186,pharmacien,1.0,musicien,0.1658,informaticien,0.155
pharmacien,Q105186,pharmacien,1.0,musicien,0.1658,informaticien,0.155
homme du rang,Q4319062,transporteur,0.1913,guerrier,0.0,législateur,0.0
fonction,Q4164871,fonctionnaire,0.671,relation publique,0.197,fondateur,0.1348
photographe,Q33231,cartographe,0.7546,philosophe,0.1521,pharmacien,0.0399
photographe professionnel,Q98084799,cartographe,0.6519,philosophe,0.1314,procureur,0.1099
personnalité politique,Q82955,politicien,0.5083,policier,0.2419,relation publique,0.1787
préfet,Q371909,précurseur,0.2594,défendeur,0.1025,réformateur,0.0979
fonction,Q4164871,fonctionnaire,0.671,relation publique,0.197,fondateur,0.1348
vil métier,Q2493023,ouvrier,0.2415,policier,0.2406,officier,0.2306
dinandier,Q1551626,ouvrier,0.1766,policier,0.176,infirmier / soignant,0.1748
prédicat honorifique,Q5767753,relation publique,0.2584,avocat,0.2214,précurseur,0.1613
professeur ou professeure d'université,Q1622272,investisseur,0.3578,procureur,0.2553,précurseur,0.2326
réalisateur ou réalisatrice,Q3455803,journaliste,0.2604,réformateur,0.2349,médiateur,0.1585
theatre maker,Q79044120,ancêtre,0.285,manager,0.1824,mere,0.0831
artiste,Q483501,archiviste,0.3646,activiste,0.3108,secouriste,0.2806
artistes créateurs ou créatrices et exécutants ou exécutantes,Q108289408,acteurs sociaux,0.2051,consultant,0.1672,précurseur,0.1049
militaire,Q47064,publicitaire,0.465,notaire,0.4127,secrétaire,0.328
plongeur,Q1866686,acteur,0.1682,diplomate,0.1671,cultivateur / éleveur,0.1472
médecin spécialiste,Q3332438,médecin,0.754,journaliste,0.3311,activiste,0.1411
ingénieur du son,Q128124,inventeur,0.1595,inspecteur,0.1534,innovateur,0.1497
receveur des finances,Q1139055,cultivateur / éleveur,0.3491,agent de,0.0841,ancêtre,0.0745
agent de la force publique,Q6503343,agent de,0.6276,relation publique,0.5213,publicitaire,0.2462
fonction publique,Q294414,relation publique,0.63,fonctionnaire,0.4785,publicitaire,0.2311
fonctionnaire,Q212238,fonctionnaire,1.0,partenaire,0.2162,notaire,0.1584
porte-parole,Q17221,transporteur,0.3462,bénévole,0.1926,partenaire,0.1172
artiste interprète,Q713200,archiviste,0.3324,activiste,0.2913,secouriste,0.263
artistes créateurs ou créatrices et exécutants ou exécutantes,Q108289408,acteurs sociaux,0.2051,consultant,0.1672,précurseur,0.1049
céramiste,Q7541856,activiste,0.3698,archiviste,0.3355,secouriste,0.3339
artisan,Q1294787,archiviste,0.1227,investisseur,0.1106,partenaire,0.1022
artiste visuel ou artiste visuelle,Q3391743,archiviste,0.3556,activiste,0.3172,secouriste,0.2301
cunning folk,Q5194294,fondateur,0.1477,cultivateur / éleveur,0.1158,fonctionnaire,0.1094
enseignant ou enseignante,Q37226,enseignant,0.9771,infirmier / soignant,0.2664,enfant,0.0992
étudiant,Q2248623,étudiant,1.0,enfant,0.094,aidant,0.0931
personnel hospitalier,Q3140963,familier,0.3209,ouvrier,0.1201,policier,0.1196
médecin,Q39631,médecin,1.0,médiateur,0.146,voisin,0.0457
moyen pour une fin,Q12774177,pourvoyeur,0.3813,citoyen,0.3806,politicien,0.0804
data carrier,Q104450446,guerrier,0.4874,ouvrier,0.3,cartographe,0.1672
journaliste,Q1930187,journaliste,1.0,secouriste,0.1649,activiste,0.1505
procureur général,Q3368517,procureur,0.9521,assureur,0.2888,producteur,0.1464
procureur ou procureure,Q600751,procureur,0.9776,assureur,0.289,producteur,0.1418
producteur ou productrice artistique,Q47541952,producteur,0.8896,traducteur,0.2852,procureur,0.1439
enseignant ou enseignante du secondaire,Q5758653,enseignant,0.915,infirmier / soignant,0.2495,secrétaire,0.1202
enseignant ou enseignante du secondaire,Q5758653,enseignant,0.915,infirmier / soignant,0.2495,secrétaire,0.1202
instituteur ou institutrice,Q2251335,inspecteur,0.3086,auteur,0.2839,investisseur,0.1407
maître d'école élémentaire,Q10509151,notaire,0.3615,secrétaire,0.2873,publicitaire,0.2652
professeur ou professeure d'université,Q1622272,investisseur,0.3578,procureur,0.2553,précurseur,0.2326
praticien hospitalier ou praticienne hospitalière,Q3401402,informaticien,0.4616,politicien,0.3762,musicien,0.2638
sympathizer,Q20820172,syndiqué,0.181,ouvrier,0.0961,policier,0.0957
seigneur,Q2366336,enseignant,0.3738,entrepreneur,0.2056,acteur,0.0662
fonction,Q4164871,fonctionnaire,0.671,relation publique,0.197,fondateur,0.1348
prédicateur,Q432386,médiateur,0.3324,fondateur,0.2561,précurseur,0.2508
bénévole,Q24716636,bénévole,1.0,comptable,0.0376,guerrier,0.0
state official in Indonesia,Q19752385,officier,0.5592,travailleur social,0.1876,spectateur,0.1131
préfet,Q371909,précurseur,0.2594,défendeur,0.1025,réformateur,0.0979
préfet,Q371909,précurseur,0.2594,défendeur,0.1025,réformateur,0.0979
prêtre,Q42603,ancêtre,0.519,procureur,0.0673,producteur,0.0672
prêtre occidental,Q104050289,ancêtre,0.4341,entrepreneur,0.089,guide spirituel,0.0572
ministre du culte,Q1423891,adulte,0.3833,cultivateur / éleveur,0.2485,ancêtre,0.1529
Anglican clergyman,Q105200498,client,0.1433,ancêtre,0.1255,policier,0.1087
prêtre romain,Q3409374,ancêtre,0.4576,diplomate,0.0757,témoin,0.0681
psychologue,Q212980,psychologue,1.0,écologiste,0.0952,guerrier,0.0358
psychothérapeute,Q1900167,psychologue,0.5841,auteur,0.0813,cartographe,0.0485
alpinisme,Q36908,allié,0.2887,guerrier,0.0,législateur,0.0
discipline académique,Q11862829,relation publique,0.3119,diplomate,0.1455,acteur,0.0901
torero,Q549322,mentor,0.2633,guerrier,0.0,juré,0.0
épouse,Q188830,époux,0.7071,pourvoyeur,0.071,guerrier,0.0
haut fonctionnaire ou haute fonctionnaire,Q599151,fonctionnaire,0.9719,partenaire,0.2101,notaire,0.1539
entrepreneur ou entrepreneuse,Q131524,entrepreneur,0.9808,inventeur,0.0404,ancêtre,0.0385
restaurant manager,Q96093243,manager,0.8899,enfant,0.0889,aidant,0.088
écriture,Q37260,guide spirituel,0.2187,écologiste,0.0891,assureur,0.0865
abbé,Q103163,guerrier,0.0,traducteur,0.0,spectateur,0.0
administrateur,Q16532929,médiateur,0.309,fondateur,0.3061,spectateur,0.2882
personnalité politique,Q82955,politicien,0.5083,policier,0.2419,relation publique,0.1787
responsable,Q1251441,comptable,0.4035,consultant,0.0672,transporteur,0.0644
neurologue,Q783906,psychologue,0.5659,écologiste,0.1407,entrepreneur,0.1101
technicien ou technicienne,Q5352191,technicien,0.9852,musicien,0.2158,politicien,0.1923
chercheur ou chercheuse,Q1650915,archiviste,0.1748,ouvrier,0.1058,acteur,0.0897
peintre de vases,Q15301511,agent de,0.2883,ancêtre,0.207,entrepreneur,0.1946
chimiste,Q593644,archiviste,0.4339,activiste,0.3698,secouriste,0.3339
biologie,Q420,écologiste,0.4815,psychologue,0.1978,juré,0.0
évolution de la socialité,Q3307505,travailleur social,0.3348,acteurs sociaux,0.2787,relation publique,0.1805
artiste,Q483501,archiviste,0.3646,activiste,0.3108,secouriste,0.2806
manager,Q2462658,manager,1.0,agent de,0.0548,amant/e,0.0485
créateur ou créatrice,Q2500638,médiateur,0.2514,fondateur,0.249,spectateur,0.2344
profession libérale,Q13391392,procureur,0.2211,producteur,0.2206,relation publique,0.1834
ascète,Q779458,assureur,0.1969,hôte,0.132,adulte,0.1025
linguiste,Q14467526,activiste,0.3698,archiviste,0.3355,secouriste,0.3339
scénariste,Q28389,secouriste,0.5207,activiste,0.3067,archiviste,0.2783
développeur de jeux vidéo,Q58287519,agent de,0.3357,défendeur,0.1547,époux,0.1066
journaliste,Q1930187,journaliste,1.0,secouriste,0.1649,activiste,0.1505
relecteur-correcteur,Q356139,lecteur,0.7703,inspecteur,0.463,acteur,0.386
secrétaire royal,Q7374818,secrétaire,0.979,notaire,0.2983,publicitaire,0.2188
consort,Q5784340,consultant,0.4458,transporteur,0.0732,comptable,0.0657
reine consort,Q719039,consultant,0.4164,transporteur,0.0683,comptable,0.0614
épouse,Q188830,époux,0.7071,pourvoyeur,0.071,guerrier,0.0
toolmakers and related workers,Q108290567,relation publique,0.36,législateur,0.1211,acteurs sociaux,0.0949
travailleur qualifié ou travailleuse qualifiée,Q2588761,travailleur social,0.7801,traducteur,0.1122,transporteur,0.0938
grand prêtre,Q3114821,ancêtre,0.4497,transporteur,0.0675,cartographe,0.0652
artiste interprète,Q713200,archiviste,0.3324,activiste,0.2913,secouriste,0.263
professionnel ou professionnelle de la santé,Q11974939,procureur,0.2055,producteur,0.205,fonctionnaire,0.1898
Agent,Q109555060,agent de,0.8893,client,0.1584,manager,0.0616
notary's assistant,Q319341,notaire,0.4184,consultant,0.2396,assureur,0.1904
musicien ou musicienne,Q639669,musicien,0.9799,politicien,0.2255,technicien,0.2176
marin,Q45199,manager,0.1838,voisin,0.1443,témoin,0.1443
créateur ou créatrice,Q2500638,médiateur,0.2514,fondateur,0.249,spectateur,0.2344
Kage,Q106281877,agent de,0.2483,manager,0.2208,guerrier,0.0
vicaire,Q193364,notaire,0.4834,secrétaire,0.3842,partenaire,0.3802
prêtre catholique,Q250867,relation publique,0.321,ancêtre,0.296,psychologue,0.0789
chercheur ou chercheuse,Q1650915,archiviste,0.1748,ouvrier,0.1058,acteur,0.0897
expert,Q381160,guerrier,0.0,traducteur,0.0,spectateur,0.0
créateur ou créatrice,Q2500638,médiateur,0.2514,fondateur,0.249,spectateur,0.2344
manager,Q2462658,manager,1.0,agent de,0.0548,amant/e,0.0485
cuisinier ou cuisinière,Q156839,voisin,0.3431,père,0.1752,ouvrier,0.1353
designer,Q5322166,agent de,0.179,infirmier / soignant,0.1351,enseignant,0.1131
personnalité du monde de la mode,Q27943370,agent de,0.2857,journaliste,0.1356,fonctionnaire,0.1242
marketing,Q39809,manager,0.2416,guerrier,0.0,législateur,0.0
col blanc,Q255274,ancêtre,0.1428,écologiste,0.1218,comptable,0.102
administration de la république des Deux Nations,Q2662430,relation publique,0.6362,agent de,0.1726,publicitaire,0.1266
arbitre sportif ou arbitre sportive,Q202648,transporteur,0.3527,ancêtre,0.1699,archiviste,0.0635
biologiste,Q864503,écologiste,0.7881,activiste,0.2022,archiviste,0.1834
sûreté,Q2526135,guerrier,0.0,traducteur,0.0,spectateur,0.0
sécurité de l'information,Q189900,informaticien,0.5334,réformateur,0.2791,relation publique,0.2386
guérisseur,Q2518689,investisseur,0.5126,précurseur,0.1938,acteur,0.0642
technicien ou technicienne,Q5352191,technicien,0.9852,musicien,0.2158,politicien,0.1923
seigneurie,Q1550557,enseignant,0.366,entrepreneur,0.123,secouriste,0.1154
fief,Q188063,guerrier,0.0,traducteur,0.0,spectateur,0.0
vendetta,Q467033,vendeur,0.7734,défendeur,0.1936,inventeur,0.069
titre héréditaire,Q5737899,publicitaire,0.4543,notaire,0.4142,secrétaire,0.3293
noble,Q16744001,comptable,0.2976,notaire,0.1337,bénévole,0.0935
conducteur de véhicule,Q23640580,traducteur,0.4545,producteur,0.4501,acteur,0.2714
prêtre,Q42603,ancêtre,0.519,procureur,0.0673,producteur,0.0672
membre de l'Assemblée législative,Q5230427,législateur,0.7069,agent de,0.1496,mere,0.0877
information transfer,Q4350200,informaticien,0.5812,transporteur,0.2665,réformateur,0.2648
educational activity,Q61788126,activiste,0.5462,relation publique,0.191,acteur,0.1757
processus,Q3249551,procureur,0.4845,producteur,0.2148,assureur,0.0942
percussionniste,Q4351403,activiste,0.3108,archiviste,0.2819,secouriste,0.2806
militaire,Q47064,publicitaire,0.465,notaire,0.4127,secrétaire,0.328
Tireur,Q18630201,assureur,0.3846,procureur,0.3663,acteur,0.1105
guérisseur,Q2518689,investisseur,0.5126,précurseur,0.1938,acteur,0.0642
travailleur de la santé,Q59283400,travailleur social,0.7707,agent de,0.1403,traducteur,0.1157
géoscientifique,Q11424604,relation publique,0.3032,client,0.1961,musicien,0.1323
hydrologue,Q3644587,psychologue,0.619,écologiste,0.1539,guerrier,0.0579
géologue,Q520549,psychologue,0.619,écologiste,0.1539,guerrier,0.0579
graphiste,Q627325,cartographe,0.3433,activiste,0.2407,archiviste,0.2184
muletier,Q99603787,ouvrier,0.2333,policier,0.2325,officier,0.2228
advanced practice nurse,Q12615130,précurseur,0.2461,activiste,0.195,acteurs sociaux,0.0969
anesthésiste,Q2849224,activiste,0.3339,archiviste,0.3029,secouriste,0.3015
personnalité liée au vin,Q104590991,journaliste,0.1863,fonctionnaire,0.1707,auteur,0.0991
expert,Q381160,guerrier,0.0,traducteur,0.0,spectateur,0.0
géoscientifique,Q11424604,relation publique,0.3032,client,0.1961,musicien,0.1323
entrepreneur ou entrepreneuse,Q131524,entrepreneur,0.9808,inventeur,0.0404,ancêtre,0.0385
organisme chargé de l'application de la loi,Q732717,agent de,0.3245,relation publique,0.2802,fonctionnaire,0.0937
musicien ou musicienne,Q639669,musicien,0.9799,politicien,0.2255,technicien,0.2176
vendeur ou vendeuse,Q685433,vendeur,0.9634,défendeur,0.4247,inventeur,0.0783
spécialiste de littérature française,Q11333691,journaliste,0.4054,activiste,0.1727,agent de,0.1713
violoniste,Q1259917,écologiste,0.4228,activiste,0.3769,archiviste,0.3419
musicien ou musicienne,Q639669,musicien,0.9799,politicien,0.2255,technicien,0.2176
spelman,Q1268911,spectateur,0.3216,manager,0.1078,amant/e,0.1072
éditeur ou éditrice,Q1607826,éditeur,0.9304,médiateur,0.1344,acteur,0.0931
criminel ou criminelle,Q2159907,ouvrier,0.1278,bénévole,0.0935,comptable,0.0877
vétérinaire,Q202883,partenaire,0.5009,fonctionnaire,0.4316,notaire,0.367
soldat volontaire,Q1454940,notaire,0.4384,secrétaire,0.3485,publicitaire,0.3216
conducteur,Q352388,traducteur,0.5361,producteur,0.5309,acteur,0.3201
conducteur de train,Q2775569,traducteur,0.5593,producteur,0.4361,acteur,0.263
activité,Q12737077,activiste,0.7447,acteur,0.2396,acteurs sociaux,0.1239
juge,Q16533,juré,0.3333,traducteur,0.0,spectateur,0.0
professeur ou professeure d'université,Q1622272,investisseur,0.3578,procureur,0.2553,précurseur,0.2326
universitaire,Q3400985,publicitaire,0.5629,notaire,0.4995,secrétaire,0.397
militant ou militante,Q15253558,consultant,0.2383,familier,0.2326,enfant,0.0938
écrivain ou écrivaine,Q36180,écologiste,0.1108,travailleur social,0.0853,cultivateur / éleveur,0.0847
auteur ou autrice de non-fiction,Q15980158,auteur,0.7176,fonctionnaire,0.1634,relation publique,0.1513
voyageur ou voyageuse,Q22813352,pourvoyeur,0.148,voisin,0.1449,agent de,0.1262
maison d'édition,Q2085381,relation publique,0.2839,éditeur,0.2129,fonctionnaire,0.1218
organisation,Q43229,relation publique,0.4603,fonctionnaire,0.154,informaticien,0.0538
maison d'édition,Q2085381,relation publique,0.2839,éditeur,0.2129,fonctionnaire,0.1218
firme,Q4830453,infirmier / soignant,0.273,guerrier,0.0,législateur,0.0
activité,Q12737077,activiste,0.7447,acteur,0.2396,acteurs sociaux,0.1239
éditeur ou éditrice,Q1607826,éditeur,0.9304,médiateur,0.1344,acteur,0.0931
conseiller ou conseillère de rédaction,Q876864,consultant,0.3034,enseignant,0.1603,fonctionnaire,0.1341
éducateur ou éducatrice,Q974144,éditeur,0.2431,traducteur,0.1835,producteur,0.1817
éducateur ou éducatrice,Q974144,éditeur,0.2431,traducteur,0.1835,producteur,0.1817
auteur-compositeur-interprète ou autrice-compositrice-interprète,Q488205,auteur,0.6386,éditeur,0.1898,comptable,0.1882
chef religieux,Q15995642,relation publique,0.2441,époux,0.1249,acteurs sociaux,0.0792
pasteur,Q352507,acteur,0.3004,auteur,0.259,lecteur,0.2472
évêque,Q29182,relation publique,0.2684,psychologue,0.0919,juré,0.0
écrivain ou écrivaine,Q36180,écologiste,0.1108,travailleur social,0.0853,cultivateur / éleveur,0.0847
femme de lettres,Q381353,agent de,0.3563,lecteur,0.1365,ancêtre,0.093
rabbin,Q133485,voisin,0.2224,témoin,0.2224,médecin,0.2055
président ou présidente,Q140686,précurseur,0.2403,inventeur,0.1614,client,0.145
récitateur,Q23037330,spectateur,0.4074,réformateur,0.2548,médiateur,0.2157
langues samoyèdes,Q34005,guerrier,0.2117,psychologue,0.1692,juré,0.0
auteur ou autrice de non-fiction,Q15980158,auteur,0.7176,fonctionnaire,0.1634,relation publique,0.1513
travailleur ou travailleuse,Q327055,travailleur social,0.7999,traducteur,0.115,transporteur,0.0962
sport cycliste,Q2215841,journaliste,0.329,transporteur,0.3041,activiste,0.2058
sport de plein air,Q3493900,transporteur,0.3315,agent de,0.2224,guide spirituel,0.081
cyclisme sur route,Q7339484,auteur,0.1711,assureur,0.1319,journaliste,0.1315
personnalité du monde de la mode,Q27943370,agent de,0.2857,journaliste,0.1356,fonctionnaire,0.1242
pathologiste,Q3368718,écologiste,0.699,psychologue,0.2354,activiste,0.1793
anatomiste,Q10872101,activiste,0.3339,archiviste,0.3029,secouriste,0.3015
fonctionnaire,Q212238,fonctionnaire,1.0,partenaire,0.2162,notaire,0.1584
policier ou policière,Q384593,policier,0.9261,politicien,0.3633,officier,0.2039
protective services workers,Q108289042,activiste,0.207,procureur,0.1854,producteur,0.1849
auteur ou autrice,Q482980,auteur,0.9201,acteur,0.116,lecteur,0.0955
artiste,Q483501,archiviste,0.3646,activiste,0.3108,secouriste,0.2806
penman,Q108762424,manager,0.2208,amant/e,0.2196,guerrier,0.0
éducateur ou éducatrice,Q974144,éditeur,0.2431,traducteur,0.1835,producteur,0.1817
orateur ou oratrice,Q12859263,médiateur,0.3571,fondateur,0.3538,spectateur,0.333
court rank,Q19631939,secouriste,0.2626,transporteur,0.0896,comptable,0.0804
arbitre sportif ou arbitre sportive,Q202648,transporteur,0.3527,ancêtre,0.1699,archiviste,0.0635
culturologue,Q19829999,psychologue,0.5033,cultivateur / éleveur,0.2186,écologiste,0.1251
soldat,Q4991371,avocat,0.1563,fondateur,0.145,acteurs sociaux,0.0818
juge,Q16533,juré,0.3333,traducteur,0.0,spectateur,0.0
conseiller,Q4657217,consultant,0.3323,enseignant,0.1755,travailleur social,0.1351
créateur ou créatrice,Q2500638,médiateur,0.2514,fondateur,0.249,spectateur,0.2344
designer,Q5322166,agent de,0.179,infirmier / soignant,0.1351,enseignant,0.1131
inventeur,Q205375,inventeur,1.0,investisseur,0.2358,acteur,0.1251
canoniste,Q12027957,activiste,0.3698,archiviste,0.3355,secouriste,0.3339
avocat ou avocate,Q40348,avocat,0.9493,diplomate,0.0554,ouvrier,0.0341
yogi,Q2901587,écologiste,0.2052,législateur,0.0,diplomate,0.0
thesis advisor,Q101405849,adulte,0.1585,mentor,0.1564,activiste,0.113
art martial,Q11417,travailleur social,0.1641,partenaire,0.1192,cartographe,0.1068
sport olympique,Q212434,transporteur,0.3246,relation publique,0.2556,spectateur,0.0533
hydrobiologiste,Q11710359,écologiste,0.7881,activiste,0.2022,archiviste,0.1834
biologiste aquatique,Q105899379,écologiste,0.6565,relation publique,0.2249,activiste,0.1684
géoscientifique,Q11424604,relation publique,0.3032,client,0.1961,musicien,0.1323
mobster,Q1404030,activiste,0.1307,archiviste,0.1186,secouriste,0.118
travailleur qualifié ou travailleuse qualifiée,Q2588761,travailleur social,0.7801,traducteur,0.1122,transporteur,0.0938
"pelt dressers, tanners and fellmongers",Q108290640,acteurs sociaux,0.1312,manager,0.0854,ancêtre,0.085
emploi,Q656365,diplomate,0.2108,traducteur,0.0,spectateur,0.0
conseiller ou conseillère,Q2994387,consultant,0.3471,enseignant,0.1833,père,0.1189
personnage de fiction,Q95074,fonctionnaire,0.3488,agent de,0.2349,relation publique,0.2068
dessinateur ou dessinatrice,Q15296811,médiateur,0.2049,fondateur,0.203,spectateur,0.1911
humorous cartoonist,Q122968217,cartographe,0.5313,partenaire,0.0561,activiste,0.0437
directeur ou directrice,Q1072363,lecteur,0.4729,inspecteur,0.3673,acteur,0.2853
responsable des relations publiques,Q49176591,relation publique,0.7914,publicitaire,0.2077,comptable,0.1725
art,Q735,archiviste,0.1525,partenaire,0.127,cartographe,0.1139
œuvre d’art,Q838948,partenaire,0.1765,ouvrier,0.165,père,0.1064
archéologue,Q3621491,psychologue,0.4993,archiviste,0.2991,écologiste,0.1241
athlète,Q2066131,hôte,0.2343,adulte,0.182,activiste,0.1553
joueur professionnel ou joueuse professionnelle,Q18536342,joueur,0.75,procureur,0.1549,producteur,0.1546
entreprise médiatique,Q1331793,médiateur,0.4717,entrepreneur,0.4528,relation publique,0.181
organisation cinématographique,Q104649845,relation publique,0.4095,cartographe,0.4062,fonctionnaire,0.0816
musicien ou musicienne,Q639669,musicien,0.9799,politicien,0.2255,technicien,0.2176
auteur ou autrice,Q482980,auteur,0.9201,acteur,0.116,lecteur,0.0955
chef militaire,Q1402561,publicitaire,0.465,notaire,0.4127,secrétaire,0.328
organe monocratique,Q3885739,relation publique,0.4065,syndiqué,0.0718,informaticien,0.0609
commissaire,Q524778,notaire,0.3316,secrétaire,0.2636,partenaire,0.2608
Premier ou Première ministre,Q14212,père,0.2232,infirmier / soignant,0.1636,ancêtre,0.1546
secrétaire,Q80687,secrétaire,1.0,notaire,0.3047,publicitaire,0.2235
adjudant,Q852661,aidant,0.5224,enfant,0.1763,étudiant,0.1458
assistant,Q23835475,consultant,0.3162,assureur,0.2513,enfant,0.1454
soldat,Q4991371,avocat,0.1563,fondateur,0.145,acteurs sociaux,0.0818
personnalité du monde des affaires,Q43845,fonctionnaire,0.2398,journaliste,0.1648,agent de,0.1413
vulgarisateur ou vulgarisatrice scientifique,Q15143191,relation publique,0.2204,médiateur,0.1726,fondateur,0.171
humanoïde mythique,Q6949149,relation publique,0.3336,agent de,0.0838,manager,0.0745
processus,Q3249551,procureur,0.4845,producteur,0.2148,assureur,0.0942
comptabilité,Q4116214,comptable,0.7432,familier,0.0555,politicien,0.0526
dirigeant,Q1097498,enfant,0.2209,aidant,0.2187,étudiant,0.1827
monarque,Q116,relation publique,0.2684,psychologue,0.0919,juré,0.0
cavalier,Q2730732,familier,0.3622,ouvrier,0.1355,policier,0.135
personnalité politique,Q82955,politicien,0.5083,policier,0.2419,relation publique,0.1787
fonctionnaire,Q212238,fonctionnaire,1.0,partenaire,0.2162,notaire,0.1584
éditeur musical,Q1917775,éditeur,0.7555,musicien,0.4517,médiateur,0.1152
éducateur ou éducatrice,Q974144,éditeur,0.2431,traducteur,0.1835,producteur,0.1817
fonctionnaire,Q212238,fonctionnaire,1.0,partenaire,0.2162,notaire,0.1584
personnalité politique,Q82955,politicien,0.5083,policier,0.2419,relation publique,0.1787
mathématicien ou mathématicienne,Q170790,informaticien,0.6181,politicien,0.3695,musicien,0.2591
haut fonctionnaire ou haute fonctionnaire,Q599151,fonctionnaire,0.9719,partenaire,0.2101,notaire,0.1539
personnalité politique,Q82955,politicien,0.5083,policier,0.2419,relation publique,0.1787
cadre dirigeant ou cadre dirigeante,Q978044,enfant,0.1253,aidant,0.124,diplomate,0.1182
historien ou historienne,Q201788,ouvrier,0.1787,musicien,0.1431,mentor,0.1408
médecin spécialiste,Q3332438,médecin,0.754,journaliste,0.3311,activiste,0.1411
consul,Q207978,consultant,0.6871,comptable,0.0499,guerrier,0.0
professionnel du cinéma,Q3406858,procureur,0.1898,producteur,0.1894,fonctionnaire,0.1753
assistant,Q23835475,consultant,0.3162,assureur,0.2513,enfant,0.1454
lobbyiste,Q11986654,activiste,0.4206,archiviste,0.3816,secouriste,0.3798
criminel ou criminelle,Q2159907,ouvrier,0.1278,bénévole,0.0935,comptable,0.0877
huguenots,Q101935,notaire,0.1932,guerrier,0.1429,psychologue,0.1142
maîtrise,Q29017603,manager,0.1708,secouriste,0.1454,guerrier,0.0
costumier ou costumière,Q1323191,père,0.2396,infirmier / soignant,0.2111,ouvrier,0.185
auteur ou autrice de non-fiction,Q15980158,auteur,0.7176,fonctionnaire,0.1634,relation publique,0.1513
vulgarisateur ou vulgarisatrice scientifique,Q15143191,relation publique,0.2204,médiateur,0.1726,fondateur,0.171
écrivain ou écrivaine,Q36180,écologiste,0.1108,travailleur social,0.0853,cultivateur / éleveur,0.0847
botaniste,Q2374149,activiste,0.3339,archiviste,0.3029,secouriste,0.3015
pathologiste,Q3368718,écologiste,0.699,psychologue,0.2354,activiste,0.1793
écrivain ou écrivaine,Q36180,écologiste,0.1108,travailleur social,0.0853,cultivateur / éleveur,0.0847
professeur,Q121594,investisseur,0.3897,précurseur,0.2714,procureur,0.2329
communication,Q11024,relation publique,0.3663,comptable,0.1606,fonctionnaire,0.1225
journaliste,Q1930187,journaliste,1.0,secouriste,0.1649,activiste,0.1505
publiciste,Q6051619,publicitaire,0.6073,relation publique,0.2987,activiste,0.1935
travailleur ou travailleuse du sexe,Q852857,travailleur social,0.7965,traducteur,0.1145,transporteur,0.0958
cuisinier ou cuisinière,Q156839,voisin,0.3431,père,0.1752,ouvrier,0.1353
mécanicien,Q327029,technicien,0.5621,musicien,0.4096,politicien,0.3651
biologiste,Q864503,écologiste,0.7881,activiste,0.2022,archiviste,0.1834
parlementaire,Q486839,notaire,0.4379,partenaire,0.3947,secrétaire,0.3481
ambassadeur de bonne volonté,Q5583669,vendeur,0.2419,agent de,0.2245,défendeur,0.2014
motorsports competitor,Q30339659,comptable,0.2764,transporteur,0.2645,mentor,0.2427
conducteur de véhicule,Q23640580,traducteur,0.4545,producteur,0.4501,acteur,0.2714
auteur ou autrice de non-fiction,Q15980158,auteur,0.7176,fonctionnaire,0.1634,relation publique,0.1513
meurtrier ou meurtrière,Q931260,ouvrier,0.3685,guerrier,0.2724,père,0.2366
professionnel de l'informatique,Q5157565,informaticien,0.5363,réformateur,0.2806,relation publique,0.2111
chevalier,Q102083,familier,0.4251,ouvrier,0.1591,policier,0.1585
aviateur ou aviatrice,Q2095549,médiateur,0.4488,fondateur,0.1878,spectateur,0.1769
instructeur,Q777952,inspecteur,0.452,traducteur,0.4484,producteur,0.444
parachutiste,Q6060450,activiste,0.2853,archiviste,0.2588,secouriste,0.2576
pompier forestier,Q113298146,policier,0.2603,ouvrier,0.2092,officier,0.1998
pompier ou pompière,Q107711,père,0.2337,policier,0.213,ouvrier,0.1804
salarié,Q703534,allié,0.2887,guerrier,0.0,législateur,0.0
occurrence,Q1190554,entrepreneur,0.1395,procureur,0.1257,précurseur,0.1145
migration forcée,Q837556,relation publique,0.4006,fonctionnaire,0.1787,informaticien,0.0937
châtiment,Q186361,mentor,0.3457,client,0.2631,agent de,0.2602
agriculteur ou agricultrice,Q131512,cultivateur / éleveur,0.2678,adulte,0.2096,agent de,0.1234
infirmière ou infirmier,Q186360,infirmier / soignant,0.6878,informaticien,0.1001,père,0.0971
militaire,Q47064,publicitaire,0.465,notaire,0.4127,secrétaire,0.328
botaniste,Q2374149,activiste,0.3339,archiviste,0.3029,secouriste,0.3015
écologue,Q15839134,écologiste,0.5256,psychologue,0.4607,guerrier,0.0431
avocat ou avocate,Q40348,avocat,0.9493,diplomate,0.0554,ouvrier,0.0341
géoscientifique,Q11424604,relation publique,0.3032,client,0.1961,musicien,0.1323
officier,Q189290,officier,1.0,policier,0.3283,musicien,0.0891
commandant,Q2054507,aidant,0.4046,comptable,0.1924,consultant,0.1543
athlète,Q2066131,hôte,0.2343,adulte,0.182,activiste,0.1553
joueur professionnel ou joueuse professionnelle,Q18536342,joueur,0.75,procureur,0.1549,producteur,0.1546
auteur ou autrice,Q482980,auteur,0.9201,acteur,0.116,lecteur,0.0955
wikimédien ou wikimédienne,Q41546637,médiateur,0.3338,musicien,0.1383,politicien,0.1233
professionnel des médias,Q15980804,médiateur,0.5037,médecin,0.1538,procureur,0.1387
propriétaire de biens,Q12794619,secrétaire,0.4561,notaire,0.3735,publicitaire,0.274
partie prenante,Q852998,partenaire,0.3735,entrepreneur,0.146,enseignant,0.1182
fonction,Q4164871,fonctionnaire,0.671,relation publique,0.197,fondateur,0.1348
personne,Q215627,fonctionnaire,0.1774,guerrier,0.0,traducteur,0.0
personne au foyer,Q1934684,fonctionnaire,0.1601,auteur,0.152,citoyen,0.0991
Stay-at-home parent,Q16883812,partenaire,0.2545,client,0.2138,agent de,0.2114
écrivain ou écrivaine,Q36180,écologiste,0.1108,travailleur social,0.0853,cultivateur / éleveur,0.0847
government employee,Q3796928,mentor,0.2849,client,0.2168,agent de,0.2144
elder,Q1757970,ouvrier,0.1706,policier,0.17,manager,0.1647
guerrier,Q1250916,guerrier,1.0,ouvrier,0.2301,policier,0.0845
officier,Q189290,officier,1.0,policier,0.3283,musicien,0.0891
saxhorn,Q787557,guerrier,0.0,traducteur,0.0,spectateur,0.0
maire,Q30185,notaire,0.4251,secrétaire,0.3379,partenaire,0.3343
gouverneur,Q132050,entrepreneur,0.3073,ouvrier,0.1168,acteur,0.099
haut fonctionnaire ou haute fonctionnaire,Q599151,fonctionnaire,0.9719,partenaire,0.2101,notaire,0.1539
chanteur ou chanteuse,Q177220,inventeur,0.4251,acteur,0.1658,auteur,0.143
biathlète,Q16029547,médiateur,0.1998,hôte,0.132,adulte,0.1025
militaire,Q47064,publicitaire,0.465,notaire,0.4127,secrétaire,0.328
skieur ou skieuse alpiniste,Q19801627,activiste,0.317,archiviste,0.2876,secouriste,0.2863
économiste,Q188094,écologiste,0.4832,activiste,0.2853,archiviste,0.2588
conseiller ou conseillère de rédaction,Q876864,consultant,0.3034,enseignant,0.1603,fonctionnaire,0.1341
dentiste,Q27349,activiste,0.3171,archiviste,0.2877,secouriste,0.2863
court appointment,Q1622925,mentor,0.2345,secouriste,0.193,client,0.1784
agent de la force publique,Q6503343,agent de,0.6276,relation publique,0.5213,publicitaire,0.2462
activité économique,Q8187769,activiste,0.5396,relation publique,0.2003,acteur,0.1736
étudiant ou étudiante,Q48282,étudiant,0.9707,enfant,0.0641,aidant,0.0635
historiographe,Q56314891,cartographe,0.6675,philosophe,0.1218,mentor,0.0656
haut fonctionnaire ou haute fonctionnaire,Q599151,fonctionnaire,0.9719,partenaire,0.2101,notaire,0.1539
mascotte,Q18670161,manager,0.1996,hôte,0.132,adulte,0.1025
personnage,Q1792372,manager,0.2836,fonctionnaire,0.2203,agent de,0.0939
Japanese folk music,Q106586219,musicien,0.6953,fondateur,0.0638,fonctionnaire,0.0473
musique vocale,Q685884,musicien,0.3578,relation publique,0.2225,avocat,0.1907
percussionniste,Q4351403,activiste,0.3108,archiviste,0.2819,secouriste,0.2806
zoologiste des invertébrés,Q108614246,écologiste,0.669,inventeur,0.2485,investisseur,0.1943
zoologiste,Q350979,écologiste,0.7881,activiste,0.2022,archiviste,0.1834
roi,Q12097,guerrier,0.0,traducteur,0.0,spectateur,0.0
souverain chinois,Q1563199,voisin,0.2133,ouvrier,0.1185,archiviste,0.0979
production,Q739302,producteur,0.6677,fonctionnaire,0.201,relation publique,0.1861
technical activity,Q119822504,technicien,0.6049,activiste,0.4713,acteur,0.1516
création,Q11398090,relation publique,0.435,fonctionnaire,0.1455,secrétaire,0.0681
aristocrate,Q2478141,secouriste,0.2673,archiviste,0.1806,diplomate,0.1732
personnalité du monde des affaires,Q43845,fonctionnaire,0.2398,journaliste,0.1648,agent de,0.1413
plongeur,Q1866686,acteur,0.1682,diplomate,0.1671,cultivateur / éleveur,0.1472
travailleur qualifié,Q1391083,travailleur social,0.7884,traducteur,0.1184,transporteur,0.099
other craft and related workers,Q108289673,relation publique,0.3941,législateur,0.1325,ancêtre,0.0673
boxeur,Q11338576,acteur,0.2759,cultivateur / éleveur,0.2414,auteur,0.2378
artisan,Q1294787,archiviste,0.1227,investisseur,0.1106,partenaire,0.1022
travailleur qualifié ou travailleuse qualifiée,Q2588761,travailleur social,0.7801,traducteur,0.1122,transporteur,0.0938
atelier,Q656720,familier,0.4484,ouvrier,0.1678,policier,0.1672
slam,Q20852,législateur,0.2059,guerrier,0.0,traducteur,0.0
compétition,Q476300,comptable,0.3414,relation publique,0.2498,fonctionnaire,0.1266
athlète,Q2066131,hôte,0.2343,adulte,0.182,activiste,0.1553
joueur professionnel ou joueuse professionnelle,Q18536342,joueur,0.75,procureur,0.1549,producteur,0.1546
transportation worker,Q91143339,transporteur,0.7013,relation publique,0.2435,traducteur,0.0915
lutte,Q838089,hôte,0.2343,adulte,0.182,activiste,0.1553
sport olympique,Q212434,transporteur,0.3246,relation publique,0.2556,spectateur,0.0533
chanoine,Q1104153,témoin,0.2606,guerrier,0.0,diplomate,0.0
confesseur,Q16827718,investisseur,0.3801,précurseur,0.2144,consultant,0.1895
technicien ou technicienne,Q5352191,technicien,0.9852,musicien,0.2158,politicien,0.1923
technicien ou technicienne,Q5352191,technicien,0.9852,musicien,0.2158,politicien,0.1923
monarque,Q116,relation publique,0.2684,psychologue,0.0919,juré,0.0
intendant,Q6491450,aidant,0.4113,enfant,0.1388,inventeur,0.1232
intendant ou intendante,Q60687737,aidant,0.3178,inventeur,0.1621,enfant,0.0918
theatre maker,Q79044120,ancêtre,0.285,manager,0.1824,mere,0.0831
intendant,Q6491450,aidant,0.4113,enfant,0.1388,inventeur,0.1232
religieux,Q4504549,relation publique,0.2441,époux,0.1249,acteurs sociaux,0.0792
plucked string instrument maker,Q1734493,mentor,0.2426,inspecteur,0.2072,client,0.1846
fabricant d'instrument à clavier,Q94296450,client,0.2804,mentor,0.2076,agent de,0.1947
activité économique,Q8187769,activiste,0.5396,relation publique,0.2003,acteur,0.1736
urząd ziemski,Q9367329,guerrier,0.0,traducteur,0.0,spectateur,0.0
notaire,Q189010,notaire,1.0,secrétaire,0.3047,publicitaire,0.2812
directeur ou directrice,Q1072363,lecteur,0.4729,inspecteur,0.3673,acteur,0.2853
musicien ou musicienne,Q639669,musicien,0.9799,politicien,0.2255,technicien,0.2176
auteur ou autrice,Q482980,auteur,0.9201,acteur,0.116,lecteur,0.0955
producteur ou productrice artistique,Q47541952,producteur,0.8896,traducteur,0.2852,procureur,0.1439
manager,Q2462658,manager,1.0,agent de,0.0548,amant/e,0.0485
évêque,Q29182,relation publique,0.2684,psychologue,0.0919,juré,0.0
personnalité liée au droit,Q57735705,journaliste,0.1937,fonctionnaire,0.1774,auteur,0.103
espion ou espionne,Q9352089,fonctionnaire,0.1854,relation publique,0.1665,guide spirituel,0.0955
conseiller ou conseillère fiscale,Q688576,consultant,0.3439,enseignant,0.1816,père,0.1178
carcinologiste,Q16868721,écologiste,0.6811,archiviste,0.205,activiste,0.1747
registraire,Q58371759,notaire,0.3246,secrétaire,0.258,partenaire,0.2553
microbiologiste,Q3779582,écologiste,0.7881,activiste,0.2022,archiviste,0.1834
botaniste,Q2374149,activiste,0.3339,archiviste,0.3029,secouriste,0.3015
artiste visuel ou artiste visuelle,Q3391743,archiviste,0.3556,activiste,0.3172,secouriste,0.2301
artisan,Q1294787,archiviste,0.1227,investisseur,0.1106,partenaire,0.1022
alpiniste,Q9149093,activiste,0.3698,archiviste,0.3355,secouriste,0.3339
grimpeur,Q86135347,acteur,0.2759,cultivateur / éleveur,0.2414,auteur,0.2378
cuisinier ou cuisinière,Q156839,voisin,0.3431,père,0.1752,ouvrier,0.1353
chimiste,Q593644,archiviste,0.4339,activiste,0.3698,secouriste,0.3339
politique publique,Q546113,relation publique,0.5773,politicien,0.3431,publicitaire,0.2104
professionnel ou professionnelle de la santé,Q11974939,procureur,0.2055,producteur,0.205,fonctionnaire,0.1898
mercenaire,Q178197,partenaire,0.5356,mere,0.3342,fonctionnaire,0.3062
peintre,Q1028181,ancêtre,0.2667,entrepreneur,0.2507,mere,0.0778
personnage de théâtre,Q3375722,agent de,0.301,manager,0.2068,fonctionnaire,0.1856
personnalité de l'audiovisuel,Q44508716,agent de,0.201,guide spirituel,0.1681,journaliste,0.1517
imprimeur,Q175151,acteur,0.2759,cultivateur / éleveur,0.2414,auteur,0.2378
technicien ou technicienne,Q5352191,technicien,0.9852,musicien,0.2158,politicien,0.1923
bromatologue,Q12304425,psychologue,0.5549,diplomate,0.1543,écologiste,0.138
technologue,Q12376667,psychologue,0.4607,technicien,0.4174,écologiste,0.1145
profession paramédicale,Q349843,médiateur,0.1885,partenaire,0.1803,procureur,0.159
orthoprothésiste,Q2031939,activiste,0.3391,archiviste,0.3076,secouriste,0.3062
opérateur de marché,Q1424605,agent de,0.2465,médiateur,0.2265,fondateur,0.2244
trapéziste,Q4688043,activiste,0.3024,archiviste,0.2744,secouriste,0.2731
scribe,Q916292,guerrier,0.0,traducteur,0.0,spectateur,0.0
médecin,Q39631,médecin,1.0,médiateur,0.146,voisin,0.0457
militaire,Q47064,publicitaire,0.465,notaire,0.4127,secrétaire,0.328
valletta,Q1274333,allié,0.2041,travailleur social,0.1117,guerrier,0.0
coureur à pied,Q12803959,assureur,0.4412,procureur,0.4203,secouriste,0.1853
cinéaste,Q1414443,activiste,0.196,archiviste,0.1779,secouriste,0.177
anachorète,Q1146843,manager,0.1298,ancêtre,0.1292,psychologue,0.0995
vénérable,Q12774503,comptable,0.4588,bénévole,0.1538,guerrier,0.0
moine chrétien oriental,Q97722084,témoin,0.2388,client,0.2239,musicien,0.1635
artiste visuel ou artiste visuelle,Q3391743,archiviste,0.3556,activiste,0.3172,secouriste,0.2301
aviculturist,Q109120482,secouriste,0.3765,cultivateur / éleveur,0.1403,avocat,0.0846
juriste,Q185351,secouriste,0.5493,juré,0.2839,activiste,0.2205
profession juridique,Q15987302,relation publique,0.3297,juré,0.2432,syndiqué,0.1511
grade universitaire,Q189533,publicitaire,0.4881,notaire,0.4332,secrétaire,0.3443
fonctionnaire,Q1328323,fonctionnaire,1.0,partenaire,0.2162,notaire,0.1584
historien social,Q17504992,travailleur social,0.5039,acteurs sociaux,0.3249,musicien,0.097
parlementaire,Q486839,notaire,0.4379,partenaire,0.3947,secrétaire,0.3481
élu ou élue,Q16060143,cultivateur / éleveur,0.1299,ouvrier,0.1036,psychologue,0.064
marketing numérique,Q1323528,relation publique,0.3499,manager,0.0935,syndiqué,0.0709
fonction,Q4164871,fonctionnaire,0.671,relation publique,0.197,fondateur,0.1348
consultant ou consultante,Q15978655,consultant,0.9775,enfant,0.056,aidant,0.0554
maître d’œuvre,Q1340643,ancêtre,0.2786,père,0.1352,mere,0.1352
militaire,Q47064,publicitaire,0.465,notaire,0.4127,secrétaire,0.328
danseur ou danseuse classique,Q805221,relation publique,0.1763,précurseur,0.1587,investisseur,0.143
dance studies,Q2393450,étudiant,0.3051,aidant,0.1217,ancêtre,0.1075
magistrat romain,Q20778343,écologiste,0.1897,avocat,0.0984,manager,0.0921
sciences cliniques,Q113129019,client,0.3558,relation publique,0.1654,musicien,0.1444
pratiquant d'arts martiaux,Q11124885,acteurs sociaux,0.2885,enfant,0.1102,aidant,0.1091
compositeur ou compositrice,Q36834,comptable,0.447,éditeur,0.228,acteur,0.0978
arrangeur ou arrangeuse musical,Q1643514,musicien,0.4926,transporteur,0.112,archiviste,0.0934
DJ producer,Q3922505,producteur,0.7439,procureur,0.1593,traducteur,0.0559
imprimeur,Q175151,acteur,0.2759,cultivateur / éleveur,0.2414,auteur,0.2378
libraire,Q998550,notaire,0.4834,secrétaire,0.3842,partenaire,0.3802
militaire,Q47064,publicitaire,0.465,notaire,0.4127,secrétaire,0.328
aviateur ou aviatrice,Q2095549,médiateur,0.4488,fondateur,0.1878,spectateur,0.1769
céramiste,Q7541856,activiste,0.3698,archiviste,0.3355,secouriste,0.3339
profession,Q28640,procureur,0.2381,producteur,0.2375,relation publique,0.1975
peintre de vases,Q15301511,agent de,0.2883,ancêtre,0.207,entrepreneur,0.1946
métallurgiste,Q18576582,écologiste,0.4253,activiste,0.2577,archiviste,0.2338
pre-press technicians,Q108290599,technicien,0.7283,entrepreneur,0.0732,étudiant,0.0454
,Q3766177,enseignant,0.1876,infirmier / soignant,0.1441,guerrier,0.0
blogueur ou blogueuse,Q8246794,psychologue,0.3816,joueur,0.2399,guerrier,0.0704
uploader,Q18651180,diplomate,0.1742,ouvrier,0.0961,policier,0.0957
vidéaste web,Q118371929,activiste,0.2919,archiviste,0.2648,secouriste,0.2636
Services juridiques de l'État,Q112684029,juré,0.2539,agent de,0.1955,syndiqué,0.1578
officier,Q189290,officier,1.0,policier,0.3283,musicien,0.0891
health officer,Q98785806,officier,0.7352,ouvrier,0.0378,policier,0.0377
professionnel ou professionnelle de la santé,Q11974939,procureur,0.2055,producteur,0.205,fonctionnaire,0.1898
première dame,Q203184,père,0.3978,entrepreneur,0.0914,procureur,0.0824
haut fonctionnaire ou haute fonctionnaire,Q599151,fonctionnaire,0.9719,partenaire,0.2101,notaire,0.1539
personnalité politique locale,Q10547393,politicien,0.491,policier,0.2337,relation publique,0.1726
militaire,Q47064,publicitaire,0.465,notaire,0.4127,secrétaire,0.328
building caretakers,Q108290507,cartographe,0.2769,acteurs sociaux,0.0928,législateur,0.0
occupation religieuse,Q63187345,relation publique,0.5367,fonctionnaire,0.1321,informaticien,0.0462
donneur d'organe,Q65982613,entrepreneur,0.3073,acteur,0.099,cultivateur / éleveur,0.0867
prêtre,Q42603,ancêtre,0.519,procureur,0.0673,producteur,0.0672
théologien ou théologienne,Q1234713,écologiste,0.4405,psychologue,0.181,musicien,0.1043
rôle social,Q214339,travailleur social,0.5589,acteurs sociaux,0.3604,bénévole,0.0487
skieur ou skieuse,Q4270517,ouvrier,0.1983,acteur,0.1682,cultivateur / éleveur,0.1472
fellow,Q1404101,guerrier,0.0,traducteur,0.0,spectateur,0.0
autorité,Q174834,auteur,0.4148,mentor,0.1177,guide spirituel,0.0751
fonction publique,Q294414,relation publique,0.63,fonctionnaire,0.4785,publicitaire,0.2311
personnalité politique locale,Q10547393,politicien,0.491,policier,0.2337,relation publique,0.1726
maire,Q30185,notaire,0.4251,secrétaire,0.3379,partenaire,0.3343
maire,Q30185,notaire,0.4251,secrétaire,0.3379,partenaire,0.3343
head of a city,Q116783387,citoyen,0.349,officier,0.122,publicitaire,0.0819
militant ou militante,Q15253558,consultant,0.2383,familier,0.2326,enfant,0.0938
internaute,Q775318,auteur,0.3785,inventeur,0.1498,journaliste,0.1158
hobbyist,Q65720209,activiste,0.1748,archiviste,0.1586,secouriste,0.1578
bénévole,Q24716636,bénévole,1.0,comptable,0.0376,guerrier,0.0
Internet user,Q115460164,inventeur,0.2592,infirmier / soignant,0.1118,inspecteur,0.0874
personnalité liée au sport,Q50995749,transporteur,0.2885,journaliste,0.146,fonctionnaire,0.1338
position,Q1781513,relation publique,0.3263,fonctionnaire,0.1654,politicien,0.1387
joueur de jeu de l'esprit,Q61747890,joueur,0.7036,agent de,0.3115,journaliste,0.0982
psychiatrie,Q7867,psychologue,0.4843,médiateur,0.0703,ouvrier,0.0608
psychologie,Q9418,psychologue,0.783,écologiste,0.2331,juré,0.0
critique,Q6430706,relation publique,0.3263,politicien,0.078,syndiqué,0.0661
critique culturel,Q20020377,relation publique,0.2639,cultivateur / éleveur,0.2231,guide spirituel,0.0833
machiniste,Q3274496,archiviste,0.3599,activiste,0.3067,secouriste,0.277
cadreur,Q1208175,assureur,0.3648,procureur,0.3475,acteur,0.1048
court rank,Q19631939,secouriste,0.2626,transporteur,0.0896,comptable,0.0804
personne sans-abri,Q29325697,transporteur,0.1353,fonctionnaire,0.1255,guerrier,0.0
ingénieur logiciel,Q1709010,écologiste,0.2281,informaticien,0.1516,policier,0.1504
recteur ou rectrice,Q212071,lecteur,0.515,inspecteur,0.4,acteur,0.3107
géologue,Q520549,psychologue,0.619,écologiste,0.1539,guerrier,0.0579
diak,Q2418068,diplomate,0.1556,médiateur,0.1491,étudiant,0.1403
fraternité,Q996839,frère/socur,0.1557,médiateur,0.0928,fondateur,0.092
court rank,Q19631939,secouriste,0.2626,transporteur,0.0896,comptable,0.0804
personnalité politique,Q82955,politicien,0.5083,policier,0.2419,relation publique,0.1787
membres des corps législatifs et cadres supérieurs de l’administration publique,Q108289363,relation publique,0.5999,législateur,0.4583,publicitaire,0.18
chercheur ou chercheuse,Q1650915,archiviste,0.1748,ouvrier,0.1058,acteur,0.0897
professionnel des médias,Q15980804,médiateur,0.5037,médecin,0.1538,procureur,0.1387
ministre du culte,Q1423891,adulte,0.3833,cultivateur / éleveur,0.2485,ancêtre,0.1529
biologiste,Q864503,écologiste,0.7881,activiste,0.2022,archiviste,0.1834
communication à distance,Q1472062,relation publique,0.3247,comptable,0.1423,fonctionnaire,0.1086
personnalité du monde des affaires,Q43845,fonctionnaire,0.2398,journaliste,0.1648,agent de,0.1413
chanteur ou chanteuse,Q177220,inventeur,0.4251,acteur,0.1658,auteur,0.143
Akyn,Q1370540,guerrier,0.0,traducteur,0.0,spectateur,0.0
courtier,Q160117,secouriste,0.2502,ouvrier,0.1633,policier,0.1627
opérateur de marché,Q1424605,agent de,0.2465,médiateur,0.2265,fondateur,0.2244
universitaire,Q3400985,publicitaire,0.5629,notaire,0.4995,secrétaire,0.397
chargé ou chargée de cours,Q1569495,agent de,0.2041,secouriste,0.1487,acteurs sociaux,0.1394
manager,Q2462658,manager,1.0,agent de,0.0548,amant/e,0.0485
scientifique,Q901,relation publique,0.3032,client,0.1961,musicien,0.1323
universitaire,Q3400985,publicitaire,0.5629,notaire,0.4995,secrétaire,0.397
chanteur ou chanteuse,Q177220,inventeur,0.4251,acteur,0.1658,auteur,0.143
athlète,Q2066131,hôte,0.2343,adulte,0.182,activiste,0.1553
pionnier,Q937283,fonctionnaire,0.2427,ouvrier,0.1766,policier,0.176
sujet,Q830077,guerrier,0.0,traducteur,0.0,spectateur,0.0
personne,Q215627,fonctionnaire,0.1774,guerrier,0.0,traducteur,0.0
political staffer,Q56027890,politicien,0.7609,policier,0.3434,travailleur social,0.0405
artiste,Q483501,archiviste,0.3646,activiste,0.3108,secouriste,0.2806
science de la nature,Q7991,agent de,0.3207,musicien,0.1643,politicien,0.1464
ordres mineurs,Q15243077,acteurs sociaux,0.352,entrepreneur,0.1518,précurseur,0.0804
zoologiste des vertébrés,Q105898711,écologiste,0.7396,activiste,0.1897,archiviste,0.1721
biologiste aquatique,Q105899379,écologiste,0.6565,relation publique,0.2249,activiste,0.1684
hydrobiologiste,Q11710359,écologiste,0.7881,activiste,0.2022,archiviste,0.1834
adjoint,Q3250324,adulte,0.1701,témoin,0.166,enfant,0.0814
officer,Q61022630,officier,0.7352,ouvrier,0.0378,policier,0.0377
haut fonctionnaire ou haute fonctionnaire,Q599151,fonctionnaire,0.9719,partenaire,0.2101,notaire,0.1539
théoricien ou théoricienne du complot,Q19831149,musicien,0.4236,politicien,0.3775,technicien,0.3643
personne,Q215627,fonctionnaire,0.1774,guerrier,0.0,traducteur,0.0
critère,Q1789452,père,0.4395,guide spirituel,0.0924,mere,0.0888
expert médiatique,Q6386271,médiateur,0.6427,relation publique,0.2466,médecin,0.1436
journaliste,Q1930187,journaliste,1.0,secouriste,0.1649,activiste,0.1505
critique,Q6430706,relation publique,0.3263,politicien,0.078,syndiqué,0.0661
chef ou cheffe de chœur,Q1076502,agent de,0.3836,ouvrier,0.1246,guide spirituel,0.0699
manager,Q2462658,manager,1.0,agent de,0.0548,amant/e,0.0485
paysan,Q838811,partenaire,0.2059,guerrier,0.0,législateur,0.0
conducteur,Q352388,traducteur,0.5361,producteur,0.5309,acteur,0.3201
botaniste,Q2374149,activiste,0.3339,archiviste,0.3029,secouriste,0.3015
graveur ou graveuse sur métal,Q329439,cultivateur / éleveur,0.1955,travailleur social,0.1337,assureur,0.0952
étudiant ou étudiante à l'université,Q315247,étudiant,0.9707,enfant,0.0641,aidant,0.0635
orateur ou oratrice,Q12859263,médiateur,0.3571,fondateur,0.3538,spectateur,0.333
conférencier,Q100742049,policier,0.3315,officier,0.3178,consultant,0.2072
écrivain ou écrivaine,Q36180,écologiste,0.1108,travailleur social,0.0853,cultivateur / éleveur,0.0847
journaliste,Q1930187,journaliste,1.0,secouriste,0.1649,activiste,0.1505
compositeur ou compositrice,Q36834,comptable,0.447,éditeur,0.228,acteur,0.0978
musicien ou musicienne,Q639669,musicien,0.9799,politicien,0.2255,technicien,0.2176
conservateur ou conservatrice de musée,Q674426,consultant,0.3592,innovateur,0.2162,cultivateur / éleveur,0.1659
professionnel des musées,Q47090899,musicien,0.2272,procureur,0.1703,producteur,0.1699
saint ou sainte,Q43115,ouvrier,0.1462,inventeur,0.1392,hôte,0.0933
historien ou historienne,Q201788,ouvrier,0.1787,musicien,0.1431,mentor,0.1408
entraîneur sportif,Q41583,entrepreneur,0.4025,transporteur,0.3451,spectateur,0.0793
entraîneur sportif,Q41583,entrepreneur,0.4025,transporteur,0.3451,spectateur,0.0793
auteur ou autrice de non-fiction,Q15980158,auteur,0.7176,fonctionnaire,0.1634,relation publique,0.1513
théoricien ou théoricienne militaire,Q12806039,musicien,0.3786,politicien,0.3778,publicitaire,0.3445
éducateur ou éducatrice,Q974144,éditeur,0.2431,traducteur,0.1835,producteur,0.1817
entraîneur sportif,Q41583,entrepreneur,0.4025,transporteur,0.3451,spectateur,0.0793
professeur d'éducation physique et sportive,Q2312637,relation publique,0.3897,transporteur,0.22,investisseur,0.1982
personnalité politique,Q82955,politicien,0.5083,policier,0.2419,relation publique,0.1787
gardien de troupeau,Q12059906,agent de,0.3366,musicien,0.1768,politicien,0.1576
travailleur qualifié ou travailleuse qualifiée,Q2588761,travailleur social,0.7801,traducteur,0.1122,transporteur,0.0938
sport de puissance,Q337979,transporteur,0.3246,agent de,0.2177,guide spirituel,0.0793
sport de combat,Q7128792,transporteur,0.3123,agent de,0.2095,comptable,0.1586
combat rapproché,Q15041854,procureur,0.2324,comptable,0.2104,avocat,0.0932
sport olympique,Q212434,transporteur,0.3246,relation publique,0.2556,spectateur,0.0533
chercheur ou chercheuse,Q1650915,archiviste,0.1748,ouvrier,0.1058,acteur,0.0897
sciences de la Terre,Q8008,agent de,0.2925,technicien,0.2081,musicien,0.1499
géographie,Q1071,cartographe,0.5254,philosophe,0.0616,guerrier,0.0
technologie de l'information,Q11661,informaticien,0.4652,technicien,0.2935,réformateur,0.2434
transformation,Q65757353,informaticien,0.3712,transporteur,0.3081,réformateur,0.306
mammifère domestique,Q57814795,relation publique,0.2612,père,0.2308,investisseur,0.1615
clerc,Q2259532,client,0.2746,guerrier,0.0,traducteur,0.0
critique,Q6430706,relation publique,0.3263,politicien,0.078,syndiqué,0.0661
spécialiste de la littérature,Q17167049,journaliste,0.4271,activiste,0.182,agent de,0.1804
chroniqueur,Q10650082,joueur,0.4073,relation publique,0.1783,acteur,0.0837
thérapeute alternatif,Q29881694,adulte,0.1558,auteur,0.1232,allié,0.115
guérisseur,Q2518689,investisseur,0.5126,précurseur,0.1938,acteur,0.0642
pratiquant de sports d'hiver,Q20965770,transporteur,0.296,agent de,0.2311,enfant,0.1066
athlète,Q2066131,hôte,0.2343,adulte,0.182,activiste,0.1553
entité mythique,Q24334685,relation publique,0.3198,entrepreneur,0.1503,enfant,0.0708
personnage imaginaire,Q115537581,fonctionnaire,0.4615,partenaire,0.3554,notaire,0.2604
personnage peut-être fictionnel,Q21070598,fonctionnaire,0.4323,ancêtre,0.263,manager,0.1414
fonctionnaire,Q212238,fonctionnaire,1.0,partenaire,0.2162,notaire,0.1584
combattant,Q1414937,consultant,0.3937,comptable,0.2151,enfant,0.1526
musulman ou musulmane,Q47740,musicien,0.3223,manager,0.0895,amant/e,0.089
criminel ou criminelle,Q2159907,ouvrier,0.1278,bénévole,0.0935,comptable,0.0877
meurtrier ou meurtrière,Q931260,ouvrier,0.3685,guerrier,0.2724,père,0.2366
président ou présidente,Q1255921,précurseur,0.2403,inventeur,0.1614,client,0.145
directeur général ou directrice générale,Q484876,lecteur,0.4013,inspecteur,0.3117,acteur,0.2421
personnalité liée au sport,Q50995749,transporteur,0.2885,journaliste,0.146,fonctionnaire,0.1338
manufacturing manager,Q108290302,manager,0.9222,amant/e,0.0767,acteur,0.0499
croyant ou croyante,Q17573152,enfant,0.2356,aidant,0.2332,étudiant,0.1948
doyen,Q723682,citoyen,0.5589,pourvoyeur,0.074,musicien,0.0564
militant ou militante politique,Q11499147,politicien,0.3756,consultant,0.1885,familier,0.1841
militant social,Q8359428,travailleur social,0.4401,acteurs sociaux,0.2838,consultant,0.1884
enseignant ou enseignante,Q37226,enseignant,0.9771,infirmier / soignant,0.2664,enfant,0.0992
journaliste,Q1930187,journaliste,1.0,secouriste,0.1649,activiste,0.1505
gouverneur,Q132050,entrepreneur,0.3073,ouvrier,0.1168,acteur,0.099
administrateur colonial ou administratrice coloniale,Q17765219,écologiste,0.2385,travailleur social,0.1621,médiateur,0.1201
designer,Q5322166,agent de,0.179,infirmier / soignant,0.1351,enseignant,0.1131
col blanc,Q255274,ancêtre,0.1428,écologiste,0.1218,comptable,0.102
ensemble musical composé uniquement d'instruments,Q11072804,musicien,0.3452,comptable,0.2822,mentor,0.2159
organisation musicale,Q32178211,musicien,0.5114,relation publique,0.3119,fonctionnaire,0.1043
malacologiste,Q16271261,écologiste,0.8412,activiste,0.1793,archiviste,0.1627
biologie,Q420,écologiste,0.4815,psychologue,0.1978,juré,0.0
histoire,Q1066186,notaire,0.2879,secrétaire,0.2288,partenaire,0.2264
jardinier,Q758780,ouvrier,0.3027,policier,0.3016,officier,0.2891
artiste,Q483501,archiviste,0.3646,activiste,0.3108,secouriste,0.2806
militaire,Q47064,publicitaire,0.465,notaire,0.4127,secrétaire,0.328
religieux,Q4504549,relation publique,0.2441,époux,0.1249,acteurs sociaux,0.0792
orateur ou oratrice,Q12859263,médiateur,0.3571,fondateur,0.3538,spectateur,0.333
ingénieur ou ingénieure,Q81096,inventeur,0.1874,inspecteur,0.1802,innovateur,0.1759
directeur ou directrice,Q1072363,lecteur,0.4729,inspecteur,0.3673,acteur,0.2853
data professional,Q112598603,procureur,0.2182,producteur,0.2176,fondateur,0.0959
souverain,Q2304859,ouvrier,0.1597,voisin,0.1211,témoin,0.1211
guerrier,Q1250916,guerrier,1.0,ouvrier,0.2301,policier,0.0845
policier ou policière,Q384593,policier,0.9261,politicien,0.3633,officier,0.2039
ministre du culte,Q1423891,adulte,0.3833,cultivateur / éleveur,0.2485,ancêtre,0.1529
personnage humain de la Bible,Q20643955,agent de,0.285,manager,0.1958,comptable,0.1666
follower,Q116112084,fondateur,0.1755,fonctionnaire,0.13,ouvrier,0.102
études autochtones,Q27752,étudiant,0.4548,auteur,0.3091,guerrier,0.0
financier,Q1979607,policier,0.3874,officier,0.3714,ouvrier,0.1566
personnalité politique,Q82955,politicien,0.5083,policier,0.2419,relation publique,0.1787
banquier,Q806798,banquier,1.0,ouvrier,0.083,policier,0.0827
évêque,Q29182,relation publique,0.2684,psychologue,0.0919,juré,0.0
évêque catholique,Q611644,relation publique,0.4001,psychologue,0.1079,avocat,0.0563
évêque démissionnaire,Q108800700,fonctionnaire,0.5914,partenaire,0.2753,notaire,0.2017
instrumentiste,Q1278335,activiste,0.2515,archiviste,0.2281,secouriste,0.2271
athlète,Q2066131,hôte,0.2343,adulte,0.182,activiste,0.1553
joueur professionnel ou joueuse professionnelle,Q18536342,joueur,0.75,procureur,0.1549,producteur,0.1546
profession,Q28640,procureur,0.2381,producteur,0.2375,relation publique,0.1975
personnalité du monde des affaires,Q43845,fonctionnaire,0.2398,journaliste,0.1648,agent de,0.1413
groupe d'humains,Q16334295,inspecteur,0.2292,guerrier,0.0,traducteur,0.0
organisation,Q43229,relation publique,0.4603,fonctionnaire,0.154,informaticien,0.0538
organe,Q895526,guerrier,0.0,traducteur,0.0,spectateur,0.0
groupe d'humains,Q16334295,inspecteur,0.2292,guerrier,0.0,traducteur,0.0
personnalité du monde des affaires,Q43845,fonctionnaire,0.2398,journaliste,0.1648,agent de,0.1413
profession,Q28640,procureur,0.2381,producteur,0.2375,relation publique,0.1975
modèle,Q1136974,bénévole,0.2003,comptable,0.1879,guerrier,0.0
chimiste,Q593644,archiviste,0.4339,activiste,0.3698,secouriste,0.3339
mystique,Q12328016,relation publique,0.3499,investisseur,0.0721,syndiqué,0.0709
chrétien ou chrétienne,Q106039,musicien,0.1859,politicien,0.1657,technicien,0.1599
numerical clerk,Q108283784,mere,0.2004,client,0.1585,travailleur social,0.0912
aide-soignant,Q1078096,infirmier / soignant,0.5429,enseignant,0.4246,aidant,0.281
care worker,Q112129323,cartographe,0.2794,mere,0.0814,père,0.0814
weaving and knitting machine operators,Q108290690,mentor,0.1075,manager,0.0986,ancêtre,0.0982
travailleur qualifié ou travailleuse qualifiée,Q2588761,travailleur social,0.7801,traducteur,0.1122,transporteur,0.0938
travailleur du textile,Q66035178,travailleur social,0.7907,traducteur,0.1187,transporteur,0.0993
titre d'entreprise,Q11488158,entrepreneur,0.5552,ancêtre,0.1862,secouriste,0.0508
administrateur académique,Q21281706,relation publique,0.2649,acteur,0.2303,médiateur,0.2074
président ou présidente,Q1255921,précurseur,0.2403,inventeur,0.1614,client,0.145
titre professionnel,Q828803,fonctionnaire,0.2004,ancêtre,0.1893,procureur,0.1865
university chief executive,Q108399377,archiviste,0.1525,activiste,0.1405,cultivateur / éleveur,0.0968
saint ou sainte,Q43115,ouvrier,0.1462,inventeur,0.1392,hôte,0.0933
pharmacien,Q105186,pharmacien,1.0,musicien,0.1658,informaticien,0.155
gamer,Q5276395,mere,0.2868,ouvrier,0.0961,policier,0.0957
mineur,Q820037,entrepreneur,0.3475,acteur,0.112,cultivateur / éleveur,0.098
business and administration professionals,Q108286992,relation publique,0.3307,fonctionnaire,0.1341,procureur,0.1231
luthiste,Q21166956,activiste,0.4206,archiviste,0.3816,secouriste,0.3798
blind musician,Q4926655,musicien,0.7401,publicitaire,0.0681,étudiant,0.0604
moine bouddhiste,Q854997,témoin,0.3088,activiste,0.3067,archiviste,0.2783
sénateur ou sénatrice,Q15686806,médiateur,0.3571,fondateur,0.3538,spectateur,0.333
charge élective,Q17279032,lecteur,0.2626,activiste,0.1984,cultivateur / éleveur,0.1963
enseignant ou enseignante,Q37226,enseignant,0.9771,infirmier / soignant,0.2664,enfant,0.0992
écrivain ou écrivaine,Q36180,écologiste,0.1108,travailleur social,0.0853,cultivateur / éleveur,0.0847
prêtre catholique,Q250867,relation publique,0.321,ancêtre,0.296,psychologue,0.0789
juge,Q16533,juré,0.3333,traducteur,0.0,spectateur,0.0
vicaire,Q193364,notaire,0.4834,secrétaire,0.3842,partenaire,0.3802
conseiller,Q69945363,consultant,0.3323,enseignant,0.1755,travailleur social,0.1351
chef d'État,Q48352,avocat,0.1491,spectateur,0.1302,secrétaire,0.1201
monarque,Q116,relation publique,0.2684,psychologue,0.0919,juré,0.0
coureur à pied,Q12803959,assureur,0.4412,procureur,0.4203,secouriste,0.1853
style,Q1292119,bénévole,0.2003,comptable,0.1879,guerrier,0.0
style artistique,Q1792644,relation publique,0.2734,investisseur,0.1127,archiviste,0.0993
courtisan,Q1511216,secouriste,0.2626,investisseur,0.0872,comptable,0.0804
procureur d'État,Q10726370,procureur,0.9306,assureur,0.2823,producteur,0.1431
avocat ou avocate,Q40348,avocat,0.9493,diplomate,0.0554,ouvrier,0.0341
narrateur,Q755070,médiateur,0.4137,fondateur,0.4097,spectateur,0.3858
profession,Q28640,procureur,0.2381,producteur,0.2375,relation publique,0.1975
personnalité médiatique,Q1885941,médiateur,0.544,relation publique,0.2087,médecin,0.1216
personnalité liée à cet événement,Q106261231,mentor,0.1977,journaliste,0.1685,fonctionnaire,0.1544
Fernsehschaffender,Q114919269,défendeur,0.4651,vendeur,0.2542,enseignant,0.0777
militaire,Q47064,publicitaire,0.465,notaire,0.4127,secrétaire,0.328
membre d'équipage,Q5184855,mere,0.2549,agent de,0.1282,banquier,0.128
chimiste,Q593644,archiviste,0.4339,activiste,0.3698,secouriste,0.3339
médecin spécialiste,Q3332438,médecin,0.754,journaliste,0.3311,activiste,0.1411
pharmaceutical scientist,Q105570105,pharmacien,0.7191,informaticien,0.129,client,0.1269
conducteur,Q352388,traducteur,0.5361,producteur,0.5309,acteur,0.3201
maréchal de la noblesse,Q2993098,agent de,0.2591,notaire,0.0881,manager,0.0813
charge élective,Q17279032,lecteur,0.2626,activiste,0.1984,cultivateur / éleveur,0.1963
conservateur ou conservatrice de musée,Q674426,consultant,0.3592,innovateur,0.2162,cultivateur / éleveur,0.1659
imprimeur,Q175151,acteur,0.2759,cultivateur / éleveur,0.2414,auteur,0.2378
créateur ou créatrice,Q2500638,médiateur,0.2514,fondateur,0.249,spectateur,0.2344
fonction publique,Q294414,relation publique,0.63,fonctionnaire,0.4785,publicitaire,0.2311
artiste,Q483501,archiviste,0.3646,activiste,0.3108,secouriste,0.2806
peintre,Q1028181,ancêtre,0.2667,entrepreneur,0.2507,mere,0.0778
sculpteur sur bois,Q6138343,acteur,0.2647,cultivateur / éleveur,0.2406,auteur,0.2282
orfèvre,Q211423,père,0.2366,mere,0.2366,notaire,0.1784
sculpteur ou sculptrice,Q1281618,cultivateur / éleveur,0.2503,acteur,0.2065,auteur,0.178
céramiste,Q7541856,activiste,0.3698,archiviste,0.3355,secouriste,0.3339
imager,Q47458415,manager,0.5562,agent de,0.0986,ouvrier,0.0505
science technician,Q2399383,technicien,0.8704,musicien,0.1126,politicien,0.1003
musicien ou musicienne,Q639669,musicien,0.9799,politicien,0.2255,technicien,0.2176
militaire,Q47064,publicitaire,0.465,notaire,0.4127,secrétaire,0.328
designer,Q5322166,agent de,0.179,infirmier / soignant,0.1351,enseignant,0.1131
cadreur,Q1208175,assureur,0.3648,procureur,0.3475,acteur,0.1048
cinéaste,Q1414443,activiste,0.196,archiviste,0.1779,secouriste,0.177
soldat,Q4991371,avocat,0.1563,fondateur,0.145,acteurs sociaux,0.0818
rabbin,Q133485,voisin,0.2224,témoin,0.2224,médecin,0.2055
luthier,Q762707,ouvrier,0.3027,policier,0.3016,officier,0.2891
forgeage,Q193057,agent de,0.1433,manager,0.1275,fondateur,0.1264
arts décoratifs,Q631931,défendeur,0.1032,archiviste,0.0956,écologiste,0.0949
forge,Q11204681,fondateur,0.1548,réformateur,0.1376,informaticien,0.1203
clerc régulier,Q2138822,familier,0.3899,client,0.2008,ouvrier,0.1459
éducateur ou éducatrice,Q974144,éditeur,0.2431,traducteur,0.1835,producteur,0.1817
clerc catholique romain,Q105200154,relation publique,0.3541,psychologue,0.0871,client,0.0703
frère,Q548320,frère/socur,0.5188,père,0.2488,mere,0.0503
croyant ou croyante,Q17573152,enfant,0.2356,aidant,0.2332,étudiant,0.1948
arme,Q781132,archiviste,0.1461,pharmacien,0.1446,guerrier,0.0
naval unit,Q20749395,travailleur social,0.2234,guerrier,0.0,frère/socur,0.0
enseignant ou enseignante,Q37226,enseignant,0.9771,infirmier / soignant,0.2664,enfant,0.0992
grammairien,Q15991187,musicien,0.1792,politicien,0.1597,technicien,0.1541
historien ou historienne,Q201788,ouvrier,0.1787,musicien,0.1431,mentor,0.1408
équipage,Q7497908,agent de,0.1675,banquier,0.1673,manager,0.149
joueur de dames,Q16402890,joueur,0.9001,agent de,0.1993,journaliste,0.1257
photographe,Q33231,cartographe,0.7546,philosophe,0.1521,pharmacien,0.0399
célébrité d'internet,Q2045208,inventeur,0.1685,guide spirituel,0.1187,diplomate,0.0
blogueur ou blogueuse,Q8246794,psychologue,0.3816,joueur,0.2399,guerrier,0.0704
instagrammeur ou instagrammeuse,Q110990999,inspecteur,0.3275,inventeur,0.1004,innovateur,0.0943
prêtre catholique,Q250867,relation publique,0.321,ancêtre,0.296,psychologue,0.0789
ancient Near Eastern scholar,Q110042402,client,0.3495,ancêtre,0.2073,psychologue,0.1596
marketing,Q39809,manager,0.2416,guerrier,0.0,législateur,0.0
management,Q2920921,manager,0.7147,agent de,0.1876,mentor,0.1728
médecin spécialiste,Q3332438,médecin,0.754,journaliste,0.3311,activiste,0.1411
biologiste,Q864503,écologiste,0.7881,activiste,0.2022,archiviste,0.1834
médecin interniste,Q15924224,médecin,0.8814,activiste,0.1649,archiviste,0.1496
basketteur,Q3665646,acteur,0.3344,auteur,0.2883,lecteur,0.2752
para-athlete,Q114414171,partenaire,0.3318,hôte,0.0858,adulte,0.0667
enseignant ou enseignante,Q37226,enseignant,0.9771,infirmier / soignant,0.2664,enfant,0.0992
poète ou poétesse,Q49757,policier,0.1566,politicien,0.1356,pourvoyeur,0.1289
écrivain ou écrivaine,Q36180,écologiste,0.1108,travailleur social,0.0853,cultivateur / éleveur,0.0847
hijacking,Q1933595,guerrier,0.0,traducteur,0.0,spectateur,0.0
dirigeant,Q1097498,enfant,0.2209,aidant,0.2187,étudiant,0.1827
esprit,Q193291,guide spirituel,0.1678,traducteur,0.0,spectateur,0.0
mort-vivant,Q239872,enfant,0.2209,aidant,0.2187,étudiant,0.1827
créature surnaturelle,Q28855038,assureur,0.1866,journaliste,0.1703,procureur,0.1112
personne,Q215627,fonctionnaire,0.1774,guerrier,0.0,traducteur,0.0
gouverneur,Q132050,entrepreneur,0.3073,ouvrier,0.1168,acteur,0.099
matière solide,Q11438,père,0.2492,informaticien,0.1489,guide spirituel,0.1485
produit,Q2424752,producteur,0.6563,procureur,0.188,précurseur,0.0519
matériau,Q214609,manager,0.1463,acteurs sociaux,0.1123,réformateur,0.0938
technique,Q2695280,technicien,0.5948,relation publique,0.215,syndiqué,0.0436
Lord,Q12552047,guerrier,0.0,traducteur,0.0,spectateur,0.0
conseiller ou conseillère,Q2994387,consultant,0.3471,enseignant,0.1833,père,0.1189
mental health counselor,Q6817463,mentor,0.5281,mere,0.0906,secouriste,0.0642
chapelain,Q208762,voisin,0.1443,témoin,0.1443,médecin,0.1334
chef de tribu,Q1259323,agent de,0.4079,traducteur,0.0882,guide spirituel,0.0743
crime financier,Q5449702,policier,0.3874,officier,0.3714,ouvrier,0.1566
fraude,Q28813,agent de,0.1675,frère/socur,0.1391,guide spirituel,0.1035
Vermögensdelikt,Q1772449,agent de,0.1568,vendeur,0.1546,enseignant,0.1185
méthode de dessin,Q2292993,agent de,0.3676,voisin,0.206,médecin,0.1092
militant ou militante,Q15253558,consultant,0.2383,familier,0.2326,enfant,0.0938
viticulteur,Q897317,cultivateur / éleveur,0.2498,adulte,0.2424,politicien,0.2038
viniculteur,Q21771805,cultivateur / éleveur,0.2799,adulte,0.2716,acteur,0.1957
associé,Q7140693,assureur,0.2826,acteurs sociaux,0.176,travailleur social,0.1498
manager,Q2462658,manager,1.0,agent de,0.0548,amant/e,0.0485
système bancaire,Q806718,notaire,0.3078,secrétaire,0.2447,partenaire,0.2421
conducteur,Q352388,traducteur,0.5361,producteur,0.5309,acteur,0.3201
président ou présidente,Q1255921,précurseur,0.2403,inventeur,0.1614,client,0.145
consultant ou consultante,Q15978655,consultant,0.9775,enfant,0.056,aidant,0.0554
fondateur,Q4479442,fondateur,1.0,médiateur,0.1695,spectateur,0.1581
cadre dirigeant ou cadre dirigeante,Q978044,enfant,0.1253,aidant,0.124,diplomate,0.1182
subjective wellbeing,Q9208267,activiste,0.33,lecteur,0.1165,inspecteur,0.0905
juriste,Q185351,secouriste,0.5493,juré,0.2839,activiste,0.2205
councillor,Q110242307,mentor,0.1344,secouriste,0.105,comptable,0.0877
histoire,Q1066186,notaire,0.2879,secrétaire,0.2288,partenaire,0.2264
être humain,Q5,ancêtre,0.519,témoin,0.0773,voisin,0.0773
rôle,Q4897819,bénévole,0.2003,comptable,0.1879,guerrier,0.0
médecin,Q39631,médecin,1.0,médiateur,0.146,voisin,0.0457
femme de réconfort,Q713540,agent de,0.2357,informaticien,0.1615,réformateur,0.1196
victime de crime de guerre,Q46076028,guerrier,0.435,agent de,0.3336,guide spirituel,0.0911
informer collaborator,Q13615267,informaticien,0.4833,mentor,0.1915,réformateur,0.1294
personnalité du monde de la mode,Q27943370,agent de,0.2857,journaliste,0.1356,fonctionnaire,0.1242
linguiste,Q14467526,activiste,0.3698,archiviste,0.3355,secouriste,0.3339
basse,Q810447,assureur,0.1376,banquier,0.1309,investisseur,0.1075
guitare,Q6607,guide spirituel,0.2295,publicitaire,0.1356,guerrier,0.0933
grade universitaire,Q189533,publicitaire,0.4881,notaire,0.4332,secrétaire,0.3443
civil,Q206887,citoyen,0.1779,activiste,0.1405,archiviste,0.1274
éducateur ou éducatrice,Q974144,éditeur,0.2431,traducteur,0.1835,producteur,0.1817
évêque diocésain,Q1144278,relation publique,0.2115,diplomate,0.0987,voisin,0.0888
évêque anglican,Q93479414,relation publique,0.2091,ancêtre,0.1112,policier,0.0964
déclaration,Q62662439,relation publique,0.435,fonctionnaire,0.1455,défendeur,0.0729
équipe nationale,Q1194951,relation publique,0.2977,fonctionnaire,0.1555,banquier,0.0793
équipe de basket-ball,Q13393265,agent de,0.3188,banquier,0.1877,allié,0.1195
simulation de phénomènes,Q45045,relation publique,0.4623,agent de,0.1998,fonctionnaire,0.1154
musique régionale mexicaine,Q7309098,musicien,0.3507,relation publique,0.2502,mere,0.07
travailleur ou travailleuse,Q327055,travailleur social,0.7999,traducteur,0.115,transporteur,0.0962
cadre dirigeant ou cadre dirigeante,Q978044,enfant,0.1253,aidant,0.124,diplomate,0.1182
artiste interprète,Q713200,archiviste,0.3324,activiste,0.2913,secouriste,0.263
acteur ou actrice,Q33999,acteur,0.9123,acteurs sociaux,0.4389,activiste,0.2541
haut fonctionnaire ou haute fonctionnaire,Q599151,fonctionnaire,0.9719,partenaire,0.2101,notaire,0.1539
réalisateur ou réalisatrice,Q3455803,journaliste,0.2604,réformateur,0.2349,médiateur,0.1585
prostitué ou prostituée,Q14915751,procureur,0.2461,producteur,0.2455,investisseur,0.0842
criminel ou criminelle,Q2159907,ouvrier,0.1278,bénévole,0.0935,comptable,0.0877
entraîneur sportif,Q41583,entrepreneur,0.4025,transporteur,0.3451,spectateur,0.0793
dresseur,Q8011071,investisseur,0.46,précurseur,0.2595,acteur,0.0859
commis,Q738142,comptable,0.3461,consultant,0.0991,guerrier,0.0
administration centrale,Q5062052,relation publique,0.3296,entrepreneur,0.1177,fonctionnaire,0.1103
administration de l'éducation,Q861455,relation publique,0.4186,fonctionnaire,0.14,agent de,0.1212
activité,Q12737077,activiste,0.7447,acteur,0.2396,acteurs sociaux,0.1239
professeur d'art dramatique,Q2449921,investisseur,0.2636,relation publique,0.2407,précurseur,0.1836
acteur ou actrice,Q33999,acteur,0.9123,acteurs sociaux,0.4389,activiste,0.2541
manager de théâtre,Q1776724,manager,0.8771,agent de,0.2113,ancêtre,0.1172
anthropologue,Q4773904,psychologue,0.563,écologiste,0.1399,ancêtre,0.0654
col blanc,Q255274,ancêtre,0.1428,écologiste,0.1218,comptable,0.102
fonction,Q11348,fonctionnaire,0.671,relation publique,0.197,fondateur,0.1348
litigant,Q24571167,politicien,0.3052,enfant,0.1948,aidant,0.1929
acrobate,Q11957145,diplomate,0.2496,activiste,0.1666,acteur,0.1602
artiste de cirque,Q17307272,archiviste,0.2535,activiste,0.2161,agent de,0.2143
criminalité,Q12754227,journaliste,0.2906,politicien,0.108,guerrier,0.0
association,Q15911314,relation publique,0.3201,acteurs sociaux,0.2192,travailleur social,0.1866
organisation sociale,Q4430243,travailleur social,0.3688,acteurs sociaux,0.3071,relation publique,0.3012
organisation criminelle,Q1788992,relation publique,0.4168,fonctionnaire,0.1394,bénévole,0.0574
criminel ou criminelle,Q2159907,ouvrier,0.1278,bénévole,0.0935,comptable,0.0877
budoka,Q1552832,guerrier,0.0,traducteur,0.0,spectateur,0.0
aircraft operator,Q1875615,mentor,0.3687,aidant,0.127,notaire,0.072
aircrew member,Q373021,mere,0.1707,aidant,0.1601,mentor,0.1295
artiste textile,Q10694573,archiviste,0.3205,activiste,0.2732,secouriste,0.2467
artisan,Q1294787,archiviste,0.1227,investisseur,0.1106,partenaire,0.1022
sculpteur sur bois,Q6138343,acteur,0.2647,cultivateur / éleveur,0.2406,auteur,0.2282
sculpteur sur bois ou autre matériau  naturel,Q1840507,auteur,0.3502,assureur,0.152,acteur,0.1446
sculpteur ou sculptrice,Q1281618,cultivateur / éleveur,0.2503,acteur,0.2065,auteur,0.178
adel,Q479867,adulte,0.1888,guide spirituel,0.1187,guerrier,0.0
ésotériste,Q16004492,secouriste,0.5207,activiste,0.3067,archiviste,0.2783
kayakiste,Q16004471,activiste,0.4206,archiviste,0.3816,secouriste,0.3798
artisan,Q1294787,archiviste,0.1227,investisseur,0.1106,partenaire,0.1022
graveur ou graveuse d'estampes,Q11569986,cultivateur / éleveur,0.1997,travailleur social,0.1005,cartographe,0.0906
procureur de district,Q653368,procureur,0.9024,assureur,0.2737,agent de,0.1577
guerrier,Q1250916,guerrier,1.0,ouvrier,0.2301,policier,0.0845
salarié,Q703534,allié,0.2887,guerrier,0.0,législateur,0.0
domaine militaire,Q1791716,publicitaire,0.4476,notaire,0.3972,secrétaire,0.3157
architecte paysagiste,Q2815948,archiviste,0.5705,écologiste,0.2953,activiste,0.1892
concepteur de jardins,Q15432439,agent de,0.2548,consultant,0.1874,inspecteur,0.1868
employé des entreprises publiques,Q63755505,relation publique,0.4503,entrepreneur,0.4483,publicitaire,0.2495
maire d'arrondissement,Q854201,notaire,0.2448,secrétaire,0.1946,partenaire,0.1925
danseur ou danseuse,Q5716684,précurseur,0.1886,investisseur,0.1699,aidant,0.1262
groupe social,Q874405,travailleur social,0.5762,acteurs sociaux,0.3716,frère/socur,0.0376
interface,Q110558466,inventeur,0.2957,inspecteur,0.0997,innovateur,0.0974
œuvre,Q386724,ouvrier,0.2068,père,0.1333,mere,0.1333
chercheur ou chercheuse,Q1650915,archiviste,0.1748,ouvrier,0.1058,acteur,0.0897
techniques de biologie moléculaire,Q3516872,technicien,0.4676,écologiste,0.2113,notaire,0.1669
technique analytique,Q4751159,technicien,0.4073,relation publique,0.2945,syndiqué,0.0597
contrevenant ou contrevenante,Q1938980,consultant,0.2236,enseignant,0.185,entrepreneur,0.1517
militant ou militante politique,Q11499147,politicien,0.3756,consultant,0.1885,familier,0.1841
militaire,Q47064,publicitaire,0.465,notaire,0.4127,secrétaire,0.328
objet de collection,Q2342494,fonctionnaire,0.2317,relation publique,0.2145,lecteur,0.1968
produit,Q2424752,producteur,0.6563,procureur,0.188,précurseur,0.0519
apôtre,Q43412,ancêtre,0.3647,mere,0.1064,père,0.1064
domestique,Q54128,relation publique,0.3069,investisseur,0.1898,syndiqué,0.0622
non-biological mother,Q108759290,écologiste,0.4002,psychologue,0.1644,notaire,0.0927
mère biologique,Q66363648,écologiste,0.3078,relation publique,0.2462,père,0.2175
combat arm,Q4793045,comptable,0.2413,avocat,0.1069,archiviste,0.0855
technicien ou technicienne,Q5352191,technicien,0.9852,musicien,0.2158,politicien,0.1923
patient,Q181600,client,0.4859,agent de,0.205,informaticien,0.1023
patient,Q181600,client,0.4859,agent de,0.205,informaticien,0.1023
patient psychiatrique,Q6817461,psychologue,0.3802,client,0.2539,relation publique,0.2165
mannequin de charme,Q3286043,agent de,0.2388,manager,0.2124,pharmacien,0.1902
mannequin,Q4610556,manager,0.3207,banquier,0.1061,amant/e,0.094
rabbin,Q133485,voisin,0.2224,témoin,0.2224,médecin,0.2055
instrumentiste,Q1278335,activiste,0.2515,archiviste,0.2281,secouriste,0.2271
production de biens et de services,Q4459228,producteur,0.5251,agent de,0.2568,fonctionnaire,0.1581
percussion instrument maker,Q94297215,mentor,0.2081,inspecteur,0.1777,client,0.1584
fondeur ou fondeuse,Q12031226,fondateur,0.4623,vendeur,0.3613,défendeur,0.3009
forgeron ou forgeronne,Q838566,manager,0.1306,fonctionnaire,0.1281,fondateur,0.1082
atelier,Q656720,familier,0.4484,ouvrier,0.1678,policier,0.1672
participant à une émission de téléréalité,Q27658988,partenaire,0.2743,agent de,0.2046,politicien,0.1563
éthicien ou éthicienne,Q5403434,musicien,0.4527,politicien,0.4034,technicien,0.3893
luthiste,Q21166956,activiste,0.4206,archiviste,0.3816,secouriste,0.3798
sculpteur ou sculptrice,Q1281618,cultivateur / éleveur,0.2503,acteur,0.2065,auteur,0.178
liturgical artist,Q44828747,archiviste,0.1295,politicien,0.0852,investisseur,0.0735
sculpteur sur bois,Q6138343,acteur,0.2647,cultivateur / éleveur,0.2406,auteur,0.2282
manager,Q2462658,manager,1.0,agent de,0.0548,amant/e,0.0485
secrétaire d'État,Q736559,secrétaire,0.9459,notaire,0.2763,publicitaire,0.2026
président ou présidente,Q1255921,précurseur,0.2403,inventeur,0.1614,client,0.145
historien ou historienne de l'Antiquité classique,Q20873384,relation publique,0.1942,agent de,0.1442,ouvrier,0.1252
archéologue,Q3621491,psychologue,0.4993,archiviste,0.2991,écologiste,0.1241
botaniste,Q2374149,activiste,0.3339,archiviste,0.3029,secouriste,0.3015
entraîneur sportif,Q41583,entrepreneur,0.4025,transporteur,0.3451,spectateur,0.0793
fonctionnaire,Q212238,fonctionnaire,1.0,partenaire,0.2162,notaire,0.1584
bibliste,Q19829990,journaliste,0.4613,activiste,0.2885,archiviste,0.2618
théoricien ou théoricienne de la littérature,Q15962340,musicien,0.4403,politicien,0.4394,technicien,0.3787
linguiste,Q14467526,activiste,0.3698,archiviste,0.3355,secouriste,0.3339
écrivain ou écrivaine,Q36180,écologiste,0.1108,travailleur social,0.0853,cultivateur / éleveur,0.0847
artiste visuel ou artiste visuelle,Q3391743,archiviste,0.3556,activiste,0.3172,secouriste,0.2301
build tool,Q114900488,guerrier,0.0,traducteur,0.0,spectateur,0.0
implémentation d'un langage de programmation,Q4117406,relation publique,0.3848,agent de,0.1674,fonctionnaire,0.1287
postulant,Q1114478,enfant,0.2768,aidant,0.274,étudiant,0.2289
Upāsaka,Q1068293,guerrier,0.0,traducteur,0.0,spectateur,0.0
féministe,Q34074720,activiste,0.4206,archiviste,0.3816,secouriste,0.3798
anarchiste,Q12961474,archiviste,0.5756,activiste,0.2299,secouriste,0.2076
ingénieur forestier,Q16021386,investisseur,0.2855,ouvrier,0.1358,policier,0.1353
historien ou historienne,Q201788,ouvrier,0.1787,musicien,0.1431,mentor,0.1408
philologue,Q13418253,psychologue,0.4626,philosophe,0.3848,écologiste,0.115
orientaliste,Q1731155,journaliste,0.5182,activiste,0.2208,archiviste,0.2003
érudit du judaïsme,Q5121550,juré,0.1925,éditeur,0.1583,étudiant,0.1313
Torah researcher,Q116236620,archiviste,0.2652,mentor,0.1126,relation publique,0.0682
professionnel des médias,Q15980804,médiateur,0.5037,médecin,0.1538,procureur,0.1387
entrepreneur ou entrepreneuse,Q131524,entrepreneur,0.9808,inventeur,0.0404,ancêtre,0.0385
marin,Q45199,manager,0.1838,voisin,0.1443,témoin,0.1443
navigateur ou navigatrice,Q254651,médiateur,0.3571,fondateur,0.3538,spectateur,0.333
chef ou cheffe d'entreprise,Q2961975,entrepreneur,0.5717,ouvrier,0.0683,secouriste,0.0561
ingénieur ou ingénieure,Q81096,inventeur,0.1874,inspecteur,0.1802,innovateur,0.1759
athlète,Q2066131,hôte,0.2343,adulte,0.182,activiste,0.1553
marin,Q45199,manager,0.1838,voisin,0.1443,témoin,0.1443
veterinary specialist,Q7923730,spectateur,0.3034,journaliste,0.2727,inspecteur,0.1447
chercheur ou chercheuse en sciences sociales,Q15319501,travailleur social,0.3971,acteurs sociaux,0.321,musicien,0.1212
fidèle,Q3071477,bénévole,0.2003,comptable,0.1879,guerrier,0.0
théiste,Q99521706,activiste,0.4206,archiviste,0.3816,secouriste,0.3798
chef d'État,Q48352,avocat,0.1491,spectateur,0.1302,secrétaire,0.1201
dirigeant,Q1097498,enfant,0.2209,aidant,0.2187,étudiant,0.1827
politologue,Q1238570,psychologue,0.4618,politicien,0.3809,policier,0.273
militant ou militante,Q15253558,consultant,0.2383,familier,0.2326,enfant,0.0938
biogéographe,Q51954785,cartographe,0.7031,philosophe,0.1283,guerrier,0.0
botaniste,Q2374149,activiste,0.3339,archiviste,0.3029,secouriste,0.3015
féministe,Q34074720,activiste,0.4206,archiviste,0.3816,secouriste,0.3798
écologiste,Q3578589,écologiste,1.0,activiste,0.1594,archiviste,0.1446
fête,Q200538,hôte,0.2343,adulte,0.182,activiste,0.1553
archidiacre,Q633730,archiviste,0.5794,médiateur,0.063,étudiant,0.0592
designer,Q5322166,agent de,0.179,infirmier / soignant,0.1351,enseignant,0.1131
service secret,Q939616,secrétaire,0.4662,secouriste,0.2428,guerrier,0.0
intelligence organization,Q121548474,relation publique,0.3857,fonctionnaire,0.129,inventeur,0.1065
troupe de théâtre,Q2416217,agent de,0.318,ancêtre,0.2284,traducteur,0.0688
groupe des arts du spectacle,Q105815710,spectateur,0.638,inspecteur,0.2962,agent de,0.0715
personnalité politique,Q82955,politicien,0.5083,policier,0.2419,relation publique,0.1787
équipe de production,Q7247847,producteur,0.6166,fonctionnaire,0.1856,relation publique,0.1718
apprenti ou apprentie,Q253567,entrepreneur,0.3359,client,0.0825,agent de,0.0816
directeur ou directrice artistique,Q1797162,lecteur,0.3657,inspecteur,0.284,acteur,0.2207
médecin,Q39631,médecin,1.0,médiateur,0.146,voisin,0.0457
fonctionnaire,Q212238,fonctionnaire,1.0,partenaire,0.2162,notaire,0.1584
économiste,Q188094,écologiste,0.4832,activiste,0.2853,archiviste,0.2588
théoricien ou théoricienne,Q18931911,musicien,0.5062,politicien,0.4511,technicien,0.4353
business scholar,Q96926345,psychologue,0.2484,voisin,0.1165,musicien,0.1084
ministre,Q83307,ancêtre,0.3254,père,0.0949,mere,0.0949
manager,Q2462658,manager,1.0,agent de,0.0548,amant/e,0.0485
juge,Q16533,juré,0.3333,traducteur,0.0,spectateur,0.0
avocat ou avocate,Q40348,avocat,0.9493,diplomate,0.0554,ouvrier,0.0341
fonctionnaire,Q212238,fonctionnaire,1.0,partenaire,0.2162,notaire,0.1584
vétérinaire,Q202883,partenaire,0.5009,fonctionnaire,0.4316,notaire,0.367
government employee,Q3796928,mentor,0.2849,client,0.2168,agent de,0.2144
directeur ou directrice,Q1162163,lecteur,0.4729,inspecteur,0.3673,acteur,0.2853
physiologiste,Q2055046,écologiste,0.7667,activiste,0.1967,archiviste,0.1785
acteur ou actrice de théâtre,Q2259451,acteur,0.7896,acteurs sociaux,0.3799,activiste,0.2199
œuvre littéraire,Q7725634,notaire,0.3888,secrétaire,0.3091,partenaire,0.3059
mécanicien automobile,Q706835,technicien,0.4697,musicien,0.3423,politicien,0.305
apprenant,Q11448873,enseignant,0.2908,infirmier / soignant,0.2233,entrepreneur,0.1943
créateur ou créatrice,Q2500638,médiateur,0.2514,fondateur,0.249,spectateur,0.2344
combattant,Q1414937,consultant,0.3937,comptable,0.2151,enfant,0.1526
entité économique,Q12569864,relation publique,0.261,écologiste,0.1778,entrepreneur,0.1227
personne morale,Q155076,bénévole,0.1351,fonctionnaire,0.1309,comptable,0.1268
organisation,Q43229,relation publique,0.4603,fonctionnaire,0.154,informaticien,0.0538
créateur ou créatrice,Q2500638,médiateur,0.2514,fondateur,0.249,spectateur,0.2344
ingénieur ou ingénieure,Q81096,inventeur,0.1874,inspecteur,0.1802,innovateur,0.1759
ingénieur industriel,Q2267418,inventeur,0.186,inspecteur,0.1789,innovateur,0.1747
ingénieur ou ingénieure,Q81096,inventeur,0.1874,inspecteur,0.1802,innovateur,0.1759
homme d'État,Q372436,avocat,0.1491,spectateur,0.1302,secrétaire,0.1201
fonction publique,Q294414,relation publique,0.63,fonctionnaire,0.4785,publicitaire,0.2311
responsable,Q1251441,comptable,0.4035,consultant,0.0672,transporteur,0.0644
data professional,Q112598603,procureur,0.2182,producteur,0.2176,fondateur,0.0959
journaliste,Q1930187,journaliste,1.0,secouriste,0.1649,activiste,0.1505
artiste,Q483501,archiviste,0.3646,activiste,0.3108,secouriste,0.2806
membre d'équipe de cinéma,Q17291399,agent de,0.2883,mere,0.169,citoyen,0.0902
évangélisme,Q194253,journaliste,0.1937,guerrier,0.0,législateur,0.0
Christianisme charismatique,Q3425524,relation publique,0.2528,secouriste,0.1799,informaticien,0.1163
freight handler,Q54967928,enseignant,0.1307,frère/socur,0.12,ouvrier,0.0741
baggage handler,Q121903869,banquier,0.2189,manager,0.2071,agent de,0.1496
meurtrier ou meurtrière,Q931260,ouvrier,0.3685,guerrier,0.2724,père,0.2366
maître spirituel,Q29352392,guide spirituel,0.7679,ancêtre,0.1062,manager,0.0464
chef religieux,Q15995642,relation publique,0.2441,époux,0.1249,acteurs sociaux,0.0792
modéliste,Q3501317,journaliste,0.4905,activiste,0.3067,archiviste,0.2783
couturier ou couturière,Q2034021,ouvrier,0.2883,guerrier,0.2132,secouriste,0.1907
fogde,Q66491138,agent de,0.1755,fondateur,0.1548,fonctionnaire,0.1147
agent de la force publique,Q6503343,agent de,0.6276,relation publique,0.5213,publicitaire,0.2462
fonction publique,Q294414,relation publique,0.63,fonctionnaire,0.4785,publicitaire,0.2311
directeur ou directrice,Q1072363,lecteur,0.4729,inspecteur,0.3673,acteur,0.2853
dirigeant ou dirigeante,Q25713832,enfant,0.1501,aidant,0.1486,diplomate,0.1416
première dame,Q203184,père,0.3978,entrepreneur,0.0914,procureur,0.0824
professionnel ou professionnelle,Q702269,procureur,0.2189,producteur,0.2184,fonctionnaire,0.2022
écrivain ou écrivaine,Q36180,écologiste,0.1108,travailleur social,0.0853,cultivateur / éleveur,0.0847
personne,Q215627,fonctionnaire,0.1774,guerrier,0.0,traducteur,0.0
musicien ou musicienne,Q639669,musicien,0.9799,politicien,0.2255,technicien,0.2176
plucked instrument player,Q115246813,mentor,0.2596,inspecteur,0.2217,client,0.1976
théologien ou théologienne,Q1234713,écologiste,0.4405,psychologue,0.181,musicien,0.1043
capitaine de navire,Q849424,publicitaire,0.293,agent de,0.2688,notaire,0.2167
adjudicator,Q2234405,mentor,0.3225,adulte,0.109,avocat,0.1054
Instrument aratoire,Q21028040,mentor,0.2263,inspecteur,0.1933,client,0.1722
entraîneur sportif,Q41583,entrepreneur,0.4025,transporteur,0.3451,spectateur,0.0793
évêque catholique,Q611644,relation publique,0.4001,psychologue,0.1079,avocat,0.0563
archevêque,Q49476,archiviste,0.4171,relation publique,0.152,psychologue,0.0521
claviériste,Q1075651,secouriste,0.4843,activiste,0.2853,archiviste,0.2588
législateur ou législatrice,Q4175034,législateur,0.9643,médiateur,0.0803,fondateur,0.0796
membre,Q9200127,mere,0.3958,mentor,0.193,père,0.1415
militant social,Q8359428,travailleur social,0.4401,acteurs sociaux,0.2838,consultant,0.1884
secrétaire,Q80687,secrétaire,1.0,notaire,0.3047,publicitaire,0.2235
rabbin,Q133485,voisin,0.2224,témoin,0.2224,médecin,0.2055
orfèvre spécialisé dans le travail de l'argent,Q2216340,travailleur social,0.4688,agent de,0.3658,transporteur,0.1062
écrivain ou écrivaine,Q36180,écologiste,0.1108,travailleur social,0.0853,cultivateur / éleveur,0.0847
travail,Q192581,travailleur social,0.5949,traducteur,0.1327,transporteur,0.111
acteur ou actrice de cinéma,Q10800557,acteur,0.7954,acteurs sociaux,0.3827,activiste,0.2216
travailleur ou travailleuse du sexe,Q852857,travailleur social,0.7965,traducteur,0.1145,transporteur,0.0958
maison de club,Q1103285,agent de,0.3188,client,0.1137,manager,0.1
bâtiment gouvernemental,Q16831714,mentor,0.3689,client,0.1842,agent de,0.1821
chanteur ou chanteuse,Q177220,inventeur,0.4251,acteur,0.1658,auteur,0.143
auteur-compositeur ou autrice-compositrice,Q753110,auteur,0.7159,éditeur,0.2334,comptable,0.2007
directeur ou directrice,Q1072363,lecteur,0.4729,inspecteur,0.3673,acteur,0.2853
militant social,Q8359428,travailleur social,0.4401,acteurs sociaux,0.2838,consultant,0.1884
études européennes,Q1377029,étudiant,0.5482,acteur,0.0281,cultivateur / éleveur,0.0246
enseignant ou enseignante,Q37226,enseignant,0.9771,infirmier / soignant,0.2664,enfant,0.0992
enfant,Q7569,enfant,1.0,enseignant,0.1259,aidant,0.1125
étudiant ou étudiante,Q48282,étudiant,0.9707,enfant,0.0641,aidant,0.0635
apprenant,Q11448873,enseignant,0.2908,infirmier / soignant,0.2233,entrepreneur,0.1943
conducteur,Q352388,traducteur,0.5361,producteur,0.5309,acteur,0.3201
design industriel,Q243606,agent de,0.1323,infirmier / soignant,0.1057,ouvrier,0.1019
profession paramédicale du secteur dentaire,Q5259404,secrétaire,0.3249,lecteur,0.3119,notaire,0.2823
mathématicien ou mathématicienne,Q170790,informaticien,0.6181,politicien,0.3695,musicien,0.2591
golfeur,Q11303721,acteur,0.2759,cultivateur / éleveur,0.2414,auteur,0.2378
fonctionnaire,Q212238,fonctionnaire,1.0,partenaire,0.2162,notaire,0.1584
bariste,Q178816,secouriste,0.4843,activiste,0.2853,archiviste,0.2588
fonction,Q4164871,fonctionnaire,0.671,relation publique,0.197,fondateur,0.1348
scientifique,Q901,relation publique,0.3032,client,0.1961,musicien,0.1323
biologiste,Q864503,écologiste,0.7881,activiste,0.2022,archiviste,0.1834
chercheur médical,Q15401884,médiateur,0.5094,médecin,0.2144,éditeur,0.139
ascète,Q779458,assureur,0.1969,hôte,0.132,adulte,0.1025
évêque,Q29182,relation publique,0.2684,psychologue,0.0919,juré,0.0
cadre dirigeant ou cadre dirigeante,Q978044,enfant,0.1253,aidant,0.124,diplomate,0.1182
attaché de presse,Q4178004,agent de,0.3265,investisseur,0.079,entrepreneur,0.0777
Finno-Ugrist,Q13636225,innovateur,0.2839,secouriste,0.2252,activiste,0.0567
expert interdisciplinaire d'une région géographique,Q17135920,cartographe,0.3087,relation publique,0.2519,partenaire,0.2264
sciences sociales,Q34749,travailleur social,0.4712,acteurs sociaux,0.3923,musicien,0.1142
théorie,Q17737,ouvrier,0.2288,guerrier,0.2117,législateur,0.0
responsable,Q1251441,comptable,0.4035,consultant,0.0672,transporteur,0.0644
criminel ou criminelle,Q2159907,ouvrier,0.1278,bénévole,0.0935,comptable,0.0877
évêque,Q29182,relation publique,0.2684,psychologue,0.0919,juré,0.0
head of a diocese,Q112074151,officier,0.169,diplomate,0.1491,guerrier,0.0
athlète,Q2066131,hôte,0.2343,adulte,0.182,activiste,0.1553
scoring official,Q52008310,officier,0.66,travailleur social,0.2214,acteurs sociaux,0.0372
aquaculture,Q188989,cultivateur / éleveur,0.2133,assureur,0.0992,adulte,0.0969
pêche,Q14373,philosophe,0.1781,cartographe,0.1688,guerrier,0.0
manager,Q2462658,manager,1.0,agent de,0.0548,amant/e,0.0485
ministère ecclésiastique,Q3315492,relation publique,0.2923,père,0.2582,investisseur,0.0602
dean,Q109286452,agent de,0.2716,guerrier,0.0,frère/socur,0.0
scientifique de l'esprit,Q16727193,agent de,0.2607,relation publique,0.2534,client,0.1639
gérant municipal,Q696776,technicien,0.1968,enfant,0.1563,aidant,0.1547
officier,Q189290,officier,1.0,policier,0.3283,musicien,0.0891
interprète,Q11085831,inventeur,0.2592,hôte,0.1128,adulte,0.0876
responsable événementiel,Q1419997,comptable,0.3403,mentor,0.1934,consultant,0.0567
entomologiste,Q3055126,écologiste,0.6932,activiste,0.1778,archiviste,0.1613
écrivain ou écrivaine,Q36180,écologiste,0.1108,travailleur social,0.0853,cultivateur / éleveur,0.0847
évêque catholique romain,Q102039658,relation publique,0.3846,psychologue,0.1037,avocat,0.0541
évêque diocésain,Q1144278,relation publique,0.2115,diplomate,0.0987,voisin,0.0888
ordinaire,Q1638918,partenaire,0.5009,fonctionnaire,0.4316,notaire,0.367
suffragant,Q13426709,enfant,0.3372,aidant,0.3337,étudiant,0.2789
mouvement politique,Q2738074,politicien,0.5083,policier,0.264,relation publique,0.1951
mouvement culturel,Q2198855,cultivateur / éleveur,0.2451,mentor,0.1859,client,0.1414
idéologie politique,Q12909644,politicien,0.5011,policier,0.2603,écologiste,0.2404
sémitologue,Q19361455,psychologue,0.593,écologiste,0.1474,citoyen,0.0691
érudit du judaïsme,Q5121550,juré,0.1925,éditeur,0.1583,étudiant,0.1313
migrant,Q1932461,enfant,0.2209,aidant,0.2187,étudiant,0.1827
fonctionnaire,Q212238,fonctionnaire,1.0,partenaire,0.2162,notaire,0.1584
artisan,Q1294787,archiviste,0.1227,investisseur,0.1106,partenaire,0.1022
clerc,Q2259532,client,0.2746,guerrier,0.0,traducteur,0.0
service occupation,Q1221060,relation publique,0.4389,fonctionnaire,0.1468,secrétaire,0.0574
militaire,Q47064,publicitaire,0.465,notaire,0.4127,secrétaire,0.328
éducateur ou éducatrice,Q974144,éditeur,0.2431,traducteur,0.1835,producteur,0.1817
direction spirituelle,Q45684,guide spirituel,0.6056,fonctionnaire,0.1823,relation publique,0.152
bhikkhuni,Q854979,guerrier,0.0,traducteur,0.0,spectateur,0.0
moine bouddhiste,Q854997,témoin,0.3088,activiste,0.3067,archiviste,0.2783
journaliste politique,Q15973695,journaliste,0.7851,politicien,0.3582,policier,0.1861
éditeur ou éditrice,Q1607826,éditeur,0.9304,médiateur,0.1344,acteur,0.0931
fonction,Q4164871,fonctionnaire,0.671,relation publique,0.197,fondateur,0.1348
prêtre chrétien,Q831474,ancêtre,0.4321,musicien,0.1371,politicien,0.1222
commandant,Q11247470,aidant,0.4046,comptable,0.1924,consultant,0.1543
athlète,Q2066131,hôte,0.2343,adulte,0.182,activiste,0.1553
personnalité du monde des affaires,Q43845,fonctionnaire,0.2398,journaliste,0.1648,agent de,0.1413
propriétaire de biens,Q12794619,secrétaire,0.4561,notaire,0.3735,publicitaire,0.274
entrepreneur ou entrepreneuse,Q131524,entrepreneur,0.9808,inventeur,0.0404,ancêtre,0.0385
fogde,Q66491138,agent de,0.1755,fondateur,0.1548,fonctionnaire,0.1147
magistrat ou magistrate,Q4594605,écologiste,0.2406,manager,0.1066,législateur,0.097
avocat général ou avocate générale,Q1478218,avocat,0.9018,bénévole,0.0804,diplomate,0.0526
occupational activity,Q121770261,activiste,0.5734,relation publique,0.2005,acteur,0.1845
combattant,Q1414937,consultant,0.3937,comptable,0.2151,enfant,0.1526
partisan,Q212948,partenaire,0.4596,investisseur,0.0712,cartographe,0.059
stratège,Q7621877,traducteur,0.1952,transporteur,0.1633,travailleur social,0.1348
entraîneur sportif,Q41583,entrepreneur,0.4025,transporteur,0.3451,spectateur,0.0793
évêque catholique,Q611644,relation publique,0.4001,psychologue,0.1079,avocat,0.0563
cascadeur ou cascadeuse,Q465501,vendeur,0.3235,défendeur,0.2694,cartographe,0.1134
chanteur ou chanteuse,Q177220,inventeur,0.4251,acteur,0.1658,auteur,0.143
calypso musician,Q64005969,musicien,0.7358,étudiant,0.0601,cartographe,0.0488
roller athlete,Q124020978,hôte,0.115,travailleur social,0.1137,adulte,0.0893
conseiller politique,Q8125919,politicien,0.4382,policier,0.2492,consultant,0.2169
gamer,Q5276395,mere,0.2868,ouvrier,0.0961,policier,0.0957
streameur,Q57414145,entrepreneur,0.2191,acteur,0.1776,ancêtre,0.1682
personne du monde du divertissement,Q138858,investisseur,0.2929,agent de,0.1939,mentor,0.1786
militant ou militante,Q15253558,consultant,0.2383,familier,0.2326,enfant,0.0938
sioniste,Q12718299,activiste,0.3769,archiviste,0.3419,secouriste,0.3403
inspecteur général,Q2305417,inspecteur,0.9513,lecteur,0.3528,spectateur,0.3132
ingénieur des ponts et chaussées,Q650012,agent de,0.1606,pourvoyeur,0.1603,inventeur,0.1595
professionnel ou professionnelle de la santé mentale,Q6817473,mentor,0.2379,procureur,0.1815,producteur,0.181
psychiatre,Q211346,psychologue,0.4569,ancêtre,0.1517,médiateur,0.0663
peintre,Q1028181,ancêtre,0.2667,entrepreneur,0.2507,mere,0.0778
artisan,Q1294787,archiviste,0.1227,investisseur,0.1106,partenaire,0.1022
évêque catholique romain,Q102039658,relation publique,0.3846,psychologue,0.1037,avocat,0.0541
évêque diocésain,Q1144278,relation publique,0.2115,diplomate,0.0987,voisin,0.0888
suffragant,Q13426709,enfant,0.3372,aidant,0.3337,étudiant,0.2789
ordinaire,Q1638918,partenaire,0.5009,fonctionnaire,0.4316,notaire,0.367
slaviste,Q15976341,activiste,0.5124,archiviste,0.4649,secouriste,0.2666
officier de marine,Q10669499,officier,0.9057,policier,0.2973,agent de,0.1667
capitaine de vaisseau,Q163500,agent de,0.2369,investisseur,0.1719,publicitaire,0.1612
travailleur social,Q7019111,travailleur social,1.0,acteurs sociaux,0.2198,traducteur,0.1003
tourisme,Q49389,secouriste,0.4922,pourvoyeur,0.0625,journaliste,0.0589
receveur des finances,Q1139055,cultivateur / éleveur,0.3491,agent de,0.0841,ancêtre,0.0745
administrateur,Q55960658,médiateur,0.309,fondateur,0.3061,spectateur,0.2882
financier,Q1979607,policier,0.3874,officier,0.3714,ouvrier,0.1566
médecin spécialiste,Q3332438,médecin,0.754,journaliste,0.3311,activiste,0.1411
acteur ou actrice,Q33999,acteur,0.9123,acteurs sociaux,0.4389,activiste,0.2541
care,Q2421951,cartographe,0.2975,mere,0.0867,père,0.0867
Activités indifférenciées des ménages en tant que producteurs de services pour usage propre,Q29584148,producteur,0.5653,activiste,0.2841,acteurs sociaux,0.2252
conseiller ou conseillère,Q2994387,consultant,0.3471,enseignant,0.1833,père,0.1189
expert interdisciplinaire d'une région géographique,Q17135920,cartographe,0.3087,relation publique,0.2519,partenaire,0.2264
stagehand,Q2328828,agent de,0.2483,manager,0.2208,guerrier,0.0
chanoine,Q1104153,témoin,0.2606,guerrier,0.0,diplomate,0.0
spiritualité,Q168796,guide spirituel,0.6068,politicien,0.0526,journaliste,0.0472
Catholic culture,Q65090101,cultivateur / éleveur,0.2522,policier,0.1869,avocat,0.0725
stratégie marketing,Q1363963,manager,0.1463,législateur,0.1246,traducteur,0.1008
campagne publicitaire,Q1761818,publicitaire,0.9821,notaire,0.2762,relation publique,0.226
ministre de la Justice,Q17763739,agent de,0.2632,ancêtre,0.189,juré,0.1139
ministre de Hongrois,Q119013399,agent de,0.2969,ancêtre,0.2133,voisin,0.1005
ouvrier,Q12713481,ouvrier,1.0,guerrier,0.2301,policier,0.0913
profession agricole,Q19261760,bénévole,0.1958,procureur,0.1717,producteur,0.1712
centre culturel,Q1329623,entrepreneur,0.253,cultivateur / éleveur,0.2287,ancêtre,0.1407
centre communautaire,Q77115,notaire,0.3819,secrétaire,0.3035,publicitaire,0.2801
technicien de surface,Q1760141,technicien,0.9259,musicien,0.2354,politicien,0.2098
entraîneur sportif,Q41583,entrepreneur,0.4025,transporteur,0.3451,spectateur,0.0793
opticien-lunetier,Q1996635,politicien,0.4659,informaticien,0.4014,musicien,0.2977
opérateur de marché,Q1424605,agent de,0.2465,médiateur,0.2265,fondateur,0.2244
gendarme,Q19801630,agent de,0.1387,fondateur,0.1223,vendeur,0.1143
photographie,Q11633,cartographe,0.5956,philosophe,0.0962,pharmacien,0.0459
trésorier,Q388338,ouvrier,0.4584,guerrier,0.4243,policier,0.1683
chapelain,Q208762,voisin,0.1443,témoin,0.1443,médecin,0.1334
organisateur syndical,Q7886765,syndiqué,0.5484,médiateur,0.1968,fondateur,0.195
artiste,Q483501,archiviste,0.3646,activiste,0.3108,secouriste,0.2806
libraire,Q998550,notaire,0.4834,secrétaire,0.3842,partenaire,0.3802
antiquaire,Q187865,notaire,0.3724,secrétaire,0.296,partenaire,0.2929
militant en faveur de la tempérance,Q97621558,familier,0.1978,consultant,0.1954,agent de,0.1947
recteur ou rectrice,Q212071,lecteur,0.515,inspecteur,0.4,acteur,0.3107
voyageur ou voyageuse,Q22813352,pourvoyeur,0.148,voisin,0.1449,agent de,0.1262
domestique,Q54128,relation publique,0.3069,investisseur,0.1898,syndiqué,0.0622
heavy truck and lorry drivers,Q108326249,ancêtre,0.1456,acteurs sociaux,0.1123,traducteur,0.1008
fonction publique,Q294414,relation publique,0.63,fonctionnaire,0.4785,publicitaire,0.2311
localité,Q486972,avocat,0.1491,politicien,0.1247,journaliste,0.1118
entité territoriale géographique humaine,Q15642541,cartographe,0.3208,relation publique,0.1745,guerrier,0.1342
complexe agricole,Q21550355,comptable,0.4198,bénévole,0.1902,agent de,0.0831
chimiste,Q593644,archiviste,0.4339,activiste,0.3698,secouriste,0.3339
enseignant ou enseignante,Q37226,enseignant,0.9771,infirmier / soignant,0.2664,enfant,0.0992
sociologue,Q2306091,psychologue,0.5177,acteurs sociaux,0.2227,travailleur social,0.1896
directeur ou directrice,Q1162163,lecteur,0.4729,inspecteur,0.3673,acteur,0.2853
föreståndare,Q101248873,fondateur,0.1525,investisseur,0.1187,père,0.1027
maquettiste,Q10331372,activiste,0.3067,archiviste,0.2783,secouriste,0.277
directeur ou directrice,Q1072363,lecteur,0.4729,inspecteur,0.3673,acteur,0.2853
personnel médical,Q3486937,médiateur,0.4473,médecin,0.2091,éditeur,0.0793
directeur ou directrice,Q1072363,lecteur,0.4729,inspecteur,0.3673,acteur,0.2853
conseiller ou conseillère,Q2994387,consultant,0.3471,enseignant,0.1833,père,0.1189
directeur ou directrice,Q1072363,lecteur,0.4729,inspecteur,0.3673,acteur,0.2853
écrivain ou écrivaine,Q36180,écologiste,0.1108,travailleur social,0.0853,cultivateur / éleveur,0.0847
éditeur ou éditrice,Q1607826,éditeur,0.9304,médiateur,0.1344,acteur,0.0931
créateur ou créatrice,Q2500638,médiateur,0.2514,fondateur,0.249,spectateur,0.2344
directeur ou directrice,Q1072363,lecteur,0.4729,inspecteur,0.3673,acteur,0.2853
ingénieur ou ingénieure,Q81096,inventeur,0.1874,inspecteur,0.1802,innovateur,0.1759
directeur ou directrice,Q1072363,lecteur,0.4729,inspecteur,0.3673,acteur,0.2853
cheminot,Q7063944,notaire,0.2618,traducteur,0.0,spectateur,0.0
personne,Q215627,fonctionnaire,0.1774,guerrier,0.0,traducteur,0.0
infirmière ou infirmier,Q186360,infirmier / soignant,0.6878,informaticien,0.1001,père,0.0971
manufacturing manager,Q108290302,manager,0.9222,amant/e,0.0767,acteur,0.0499
archéologue,Q3621491,psychologue,0.4993,archiviste,0.2991,écologiste,0.1241
informaticien ou informaticienne,Q82594,informaticien,0.9882,réformateur,0.2947,politicien,0.2734
policier ou policière,Q384593,policier,0.9261,politicien,0.3633,officier,0.2039
géoscientifique,Q11424604,relation publique,0.3032,client,0.1961,musicien,0.1323
construction officer,Q811111,officier,0.4572,consultant,0.2356,fonctionnaire,0.1916
commis,Q738142,comptable,0.3461,consultant,0.0991,guerrier,0.0
fonctionnaire,Q212238,fonctionnaire,1.0,partenaire,0.2162,notaire,0.1584
travailleur manuel,Q33394058,travailleur social,0.7406,manager,0.12,traducteur,0.1112
maître d’œuvre,Q1340643,ancêtre,0.2786,père,0.1352,mere,0.1352
fonctionnaire,Q212238,fonctionnaire,1.0,partenaire,0.2162,notaire,0.1584
marin,Q45199,manager,0.1838,voisin,0.1443,témoin,0.1443
décorateur,Q22811707,médiateur,0.3188,fondateur,0.3158,spectateur,0.2973
photographe professionnel,Q98084799,cartographe,0.6519,philosophe,0.1314,procureur,0.1099
personnalité liée au sport,Q50995749,transporteur,0.2885,journaliste,0.146,fonctionnaire,0.1338
aviateur ou aviatrice,Q2095549,médiateur,0.4488,fondateur,0.1878,spectateur,0.1769
athlète,Q2066131,hôte,0.2343,adulte,0.182,activiste,0.1553
historien ou historienne,Q201788,ouvrier,0.1787,musicien,0.1431,mentor,0.1408
historien ou historienne,Q201788,ouvrier,0.1787,musicien,0.1431,mentor,0.1408
narrateur,Q755070,médiateur,0.4137,fondateur,0.4097,spectateur,0.3858
fonction,Q4164871,fonctionnaire,0.671,relation publique,0.197,fondateur,0.1348
grade de la police,Q19476593,policier,0.497,politicien,0.2728,agent de,0.2567
humanitaire,Q22336956,publicitaire,0.5374,notaire,0.4769,secrétaire,0.379
artiste,Q483501,archiviste,0.3646,activiste,0.3108,secouriste,0.2806
suffragiste,Q27532437,écologiste,0.5128,activiste,0.3108,archiviste,0.2819
écrivain ou écrivaine,Q36180,écologiste,0.1108,travailleur social,0.0853,cultivateur / éleveur,0.0847
auteur ou autrice de non-fiction,Q15980158,auteur,0.7176,fonctionnaire,0.1634,relation publique,0.1513
ouvreuse,Q2919189,ouvrier,0.5742,assureur,0.0762,procureur,0.0726
commerçant,Q7501153,comptable,0.2522,consultant,0.2022,enfant,0.1789
skieur ou skieuse,Q4270517,ouvrier,0.1983,acteur,0.1682,cultivateur / éleveur,0.1472
espion ou espionne,Q9352089,fonctionnaire,0.1854,relation publique,0.1665,guide spirituel,0.0955
orientaliste,Q1731155,journaliste,0.5182,activiste,0.2208,archiviste,0.2003
scientifique des religions,Q19829980,relation publique,0.3949,client,0.1523,agent de,0.1125
prédicateur,Q432386,médiateur,0.3324,fondateur,0.2561,précurseur,0.2508
hockey,Q1622659,guerrier,0.0,traducteur,0.0,spectateur,0.0
sport d'équipe,Q216048,transporteur,0.4101,banquier,0.081,spectateur,0.0673
sport sous-marin,Q2369170,transporteur,0.3986,voisin,0.0659,témoin,0.0659
contrat de vente,Q1054726,inventeur,0.3203,agent de,0.2304,vendeur,0.1881
médecine,Q11190,médecin,0.9174,médiateur,0.1592,guerrier,0.0
personne,Q215627,fonctionnaire,0.1774,guerrier,0.0,traducteur,0.0
avocat ou avocate de la défense,Q2874441,avocat,0.8407,défendeur,0.242,agent de,0.0929
fonctionnaire,Q212238,fonctionnaire,1.0,partenaire,0.2162,notaire,0.1584
fonction,Q4164871,fonctionnaire,0.671,relation publique,0.197,fondateur,0.1348
secrétaire,Q80687,secrétaire,1.0,notaire,0.3047,publicitaire,0.2235
professeur ou professeure d'université,Q1622272,investisseur,0.3578,procureur,0.2553,précurseur,0.2326
personnel académique,Q5428874,relation publique,0.3119,acteur,0.0901,syndiqué,0.0632
coordinateur,Q20481199,médiateur,0.3648,fondateur,0.3614,spectateur,0.3402
médecin spécialiste,Q3332438,médecin,0.754,journaliste,0.3311,activiste,0.1411
commerçant,Q215536,comptable,0.2522,consultant,0.2022,enfant,0.1789
zoologiste des invertébrés,Q108614246,écologiste,0.669,inventeur,0.2485,investisseur,0.1943
chanteur ou chanteuse,Q177220,inventeur,0.4251,acteur,0.1658,auteur,0.143
entraîneur sportif,Q41583,entrepreneur,0.4025,transporteur,0.3451,spectateur,0.0793
entraîneur sportif,Q41583,entrepreneur,0.4025,transporteur,0.3451,spectateur,0.0793
guitariste,Q855091,secouriste,0.4118,activiste,0.2426,archiviste,0.2201
fonction publique,Q294414,relation publique,0.63,fonctionnaire,0.4785,publicitaire,0.2311
musique,Q115484611,musicien,0.4255,relation publique,0.2646,syndiqué,0.0536
humour,Q60548032,pourvoyeur,0.1973,secouriste,0.1559,journaliste,0.1468
artisan,Q1294787,archiviste,0.1227,investisseur,0.1106,partenaire,0.1022
directeur ou directrice,Q1162163,lecteur,0.4729,inspecteur,0.3673,acteur,0.2853
athlète,Q11513337,hôte,0.2343,adulte,0.182,activiste,0.1553
para-athlete,Q114414171,partenaire,0.3318,hôte,0.0858,adulte,0.0667
athlète,Q11513337,hôte,0.2343,adulte,0.182,activiste,0.1553
agriculteur ou agricultrice,Q131512,cultivateur / éleveur,0.2678,adulte,0.2096,agent de,0.1234
professeur ou professeure d'université,Q1622272,investisseur,0.3578,procureur,0.2553,précurseur,0.2326
aidant,Q553079,aidant,1.0,enfant,0.1125,étudiant,0.0931
companion,Q106645134,comptable,0.4073,relation publique,0.1535,consultant,0.0567
profession,Q28640,procureur,0.2381,producteur,0.2375,relation publique,0.1975
mathématicien ou mathématicienne,Q170790,informaticien,0.6181,politicien,0.3695,musicien,0.2591
informaticien ou informaticienne,Q82594,informaticien,0.9882,réformateur,0.2947,politicien,0.2734
professionnel ou professionnelle,Q702269,procureur,0.2189,producteur,0.2184,fonctionnaire,0.2022
censeur,Q12377291,précurseur,0.2595,enseignant,0.2492,investisseur,0.2338
salarié,Q703534,allié,0.2887,guerrier,0.0,législateur,0.0
chrétien ou chrétienne,Q106039,musicien,0.1859,politicien,0.1657,technicien,0.1599
médecin,Q39631,médecin,1.0,médiateur,0.146,voisin,0.0457
historien ou historienne,Q201788,ouvrier,0.1787,musicien,0.1431,mentor,0.1408
competitor,Q27019785,comptable,0.3825,mentor,0.2519,citoyen,0.0769
bénévole,Q24716636,bénévole,1.0,comptable,0.0376,guerrier,0.0
célébrité,Q211236,guide spirituel,0.1678,traducteur,0.0,spectateur,0.0
mécénaterie,Q214092,médiateur,0.2151,ouvrier,0.1431,médecin,0.1377
profession juridique,Q15987302,relation publique,0.3297,juré,0.2432,syndiqué,0.1511
grand prêtre,Q3114821,ancêtre,0.4497,transporteur,0.0675,cartographe,0.0652
cohen,Q728973,comptable,0.1464,consultant,0.1423,musicien,0.1116
chef religieux,Q15995642,relation publique,0.2441,époux,0.1249,acteurs sociaux,0.0792
instrumentiste,Q1278335,activiste,0.2515,archiviste,0.2281,secouriste,0.2271
artisan,Q1294787,archiviste,0.1227,investisseur,0.1106,partenaire,0.1022
avocat ou avocate,Q40348,avocat,0.9493,diplomate,0.0554,ouvrier,0.0341
directeur juridique,Q564612,lecteur,0.3738,inspecteur,0.2903,acteur,0.2554
entraîneur sportif,Q41583,entrepreneur,0.4025,transporteur,0.3451,spectateur,0.0793
archéologue,Q3621491,psychologue,0.4993,archiviste,0.2991,écologiste,0.1241
personne du monde du divertissement,Q138858,investisseur,0.2929,agent de,0.1939,mentor,0.1786
sténographe,Q18810149,cartographe,0.7031,philosophe,0.1283,guerrier,0.0
ingénieur ou ingénieure,Q81096,inventeur,0.1874,inspecteur,0.1802,innovateur,0.1759
géographe,Q901402,cartographe,0.7031,philosophe,0.1283,guerrier,0.0
agent de terrain,Q5446967,agent de,0.9124,client,0.1285,guerrier,0.0574
éleveur ou éleveuse de bovins,Q113666166,cultivateur / éleveur,0.5888,agent de,0.1025,inspecteur,0.0486
gardien de troupeau,Q12059906,agent de,0.3366,musicien,0.1768,politicien,0.1576
agriculteur ou agricultrice,Q131512,cultivateur / éleveur,0.2678,adulte,0.2096,agent de,0.1234
profession,Q28640,procureur,0.2381,producteur,0.2375,relation publique,0.1975
instrumentiste,Q1278335,activiste,0.2515,archiviste,0.2281,secouriste,0.2271
travailleur ou travailleuse,Q327055,travailleur social,0.7999,traducteur,0.115,transporteur,0.0962
conducteur de véhicule,Q23640580,traducteur,0.4545,producteur,0.4501,acteur,0.2714
œuvre littéraire,Q7725634,notaire,0.3888,secrétaire,0.3091,partenaire,0.3059
poésie,Q482,policier,0.2127,politicien,0.1842,pourvoyeur,0.1752
fonction publique,Q294414,relation publique,0.63,fonctionnaire,0.4785,publicitaire,0.2311
maire,Q30185,notaire,0.4251,secrétaire,0.3379,partenaire,0.3343
conseiller juridique,Q2135469,consultant,0.2381,juré,0.2042,relation publique,0.1846
courtier,Q160117,secouriste,0.2502,ouvrier,0.1633,policier,0.1627
géographe,Q901402,cartographe,0.7031,philosophe,0.1283,guerrier,0.0
biologiste,Q864503,écologiste,0.7881,activiste,0.2022,archiviste,0.1834
scientifique,Q901,relation publique,0.3032,client,0.1961,musicien,0.1323
arbitre sportif ou arbitre sportive,Q202648,transporteur,0.3527,ancêtre,0.1699,archiviste,0.0635
scoring official,Q52008310,officier,0.66,travailleur social,0.2214,acteurs sociaux,0.0372
décideur,Q9203135,défendeur,0.4048,vendeur,0.3675,acteur,0.094
allocator,Q108805714,allié,0.2887,mentor,0.2633,avocat,0.2582
géoscientifique,Q11424604,relation publique,0.3032,client,0.1961,musicien,0.1323
peintre,Q1028181,ancêtre,0.2667,entrepreneur,0.2507,mere,0.0778
juge,Q16533,juré,0.3333,traducteur,0.0,spectateur,0.0
artisan,Q1294787,archiviste,0.1227,investisseur,0.1106,partenaire,0.1022
dinandier,Q1551626,ouvrier,0.1766,policier,0.176,infirmier / soignant,0.1748
biologie,Q420,écologiste,0.4815,psychologue,0.1978,juré,0.0
collectionneur ou collectionneuse,Q3243461,fonctionnaire,0.3723,lecteur,0.2245,entrepreneur,0.1059
mécanicien,Q327029,technicien,0.5621,musicien,0.4096,politicien,0.3651
géographie physique,Q52107,cartographe,0.4089,relation publique,0.2225,philosophe,0.088
physique atmosphérique,Q5334416,relation publique,0.3727,syndiqué,0.0755,psychologue,0.0638
météorologie,Q25261,écologiste,0.4487,psychologue,0.1843,médiateur,0.0802
océanographie,Q43518,cartographe,0.5254,philosophe,0.0616,guerrier,0.0
voleur,Q3562775,bénévole,0.2385,travailleur social,0.2059,voisin,0.0946
militant social,Q8359428,travailleur social,0.4401,acteurs sociaux,0.2838,consultant,0.1884
personne du monde du divertissement,Q138858,investisseur,0.2929,agent de,0.1939,mentor,0.1786
idol,Q114890292,guerrier,0.0,traducteur,0.0,spectateur,0.0
cycliste,Q2309784,journaliste,0.4562,activiste,0.2853,archiviste,0.2588
entrepreneur ou entrepreneuse,Q131524,entrepreneur,0.9808,inventeur,0.0404,ancêtre,0.0385
information and communications technology professionals,Q108289029,informaticien,0.4335,relation publique,0.281,technicien,0.253
archéologue,Q3621491,psychologue,0.4993,archiviste,0.2991,écologiste,0.1241
médiéviste,Q3332711,activiste,0.4016,médiateur,0.385,archiviste,0.3644
législateur ou législatrice,Q4175034,législateur,0.9643,médiateur,0.0803,fondateur,0.0796
agriculteur ou agricultrice,Q131512,cultivateur / éleveur,0.2678,adulte,0.2096,agent de,0.1234
anthropogéographe,Q60332470,cartographe,0.6694,philosophe,0.1221,ancêtre,0.0601
fonctionnaire,Q1328323,fonctionnaire,1.0,partenaire,0.2162,notaire,0.1584
fonction,Q4164871,fonctionnaire,0.671,relation publique,0.197,fondateur,0.1348
personnalité juridique,Q3778211,juré,0.2314,relation publique,0.2092,syndiqué,0.1438
activité,Q12737077,activiste,0.7447,acteur,0.2396,acteurs sociaux,0.1239
entraîneur sportif,Q41583,entrepreneur,0.4025,transporteur,0.3451,spectateur,0.0793
musicologue,Q14915627,musicien,0.4529,psychologue,0.4298,écologiste,0.2347
spécialiste de la littérature,Q17167049,journaliste,0.4271,activiste,0.182,agent de,0.1804
liturgiste,Q10567966,écologiste,0.4463,activiste,0.2705,archiviste,0.2454
criminel ou criminelle,Q2159907,ouvrier,0.1278,bénévole,0.0935,comptable,0.0877
tireur embusqué,Q201948,assureur,0.2856,procureur,0.272,syndiqué,0.2541
industrie,Q8148,ouvrier,0.1783,guerrier,0.165,inventeur,0.1097
technologie,Q11016,technicien,0.4923,écologiste,0.2967,psychologue,0.1219
coach vocal,Q20971450,avocat,0.3206,voisin,0.1079,comptable,0.0711
joueur professionnel ou joueuse professionnelle,Q18536342,joueur,0.75,procureur,0.1549,producteur,0.1546
utilisateur ou utilisatrice,Q278368,médiateur,0.2049,fondateur,0.203,spectateur,0.1911
hobbyist,Q65720209,activiste,0.1748,archiviste,0.1586,secouriste,0.1578
joueur ou joueuse,Q4197743,joueur,0.9533,journaliste,0.1563,ouvrier,0.0403
curé,Q955464,juré,0.4599,procureur,0.076,cultivateur / éleveur,0.0722
prêtre catholique,Q250867,relation publique,0.321,ancêtre,0.296,psychologue,0.0789
ordinaire,Q1638918,partenaire,0.5009,fonctionnaire,0.4316,notaire,0.367
pasteur,Q352507,acteur,0.3004,auteur,0.259,lecteur,0.2472
chef ou cheffe d'orchestre,Q158852,ancêtre,0.2402,ouvrier,0.1087,archiviste,0.0897
directeur ou directrice,Q1162163,lecteur,0.4729,inspecteur,0.3673,acteur,0.2853
chargé de communication,Q2957754,relation publique,0.3223,agent de,0.1867,comptable,0.1413
directeur ou directrice,Q1072363,lecteur,0.4729,inspecteur,0.3673,acteur,0.2853
officiel du sport,Q15986539,officier,0.6998,transporteur,0.2483,policier,0.083
statisticien ou statisticienne,Q2732142,politicien,0.4365,informaticien,0.4231,musicien,0.3061
biologiste,Q864503,écologiste,0.7881,activiste,0.2022,archiviste,0.1834
officier,Q189290,officier,1.0,policier,0.3283,musicien,0.0891
instructeur,Q777952,inspecteur,0.452,traducteur,0.4484,producteur,0.444
oil worker,Q12248419,ouvrier,0.1706,policier,0.17,manager,0.1647
éleveur,Q1524582,cultivateur / éleveur,0.6431,acteur,0.0537,auteur,0.0463
conseiller ou conseillère,Q2994387,consultant,0.3471,enseignant,0.1833,père,0.1189
créateur ou créatrice,Q2500638,médiateur,0.2514,fondateur,0.249,spectateur,0.2344
artiste visuel ou artiste visuelle,Q3391743,archiviste,0.3556,activiste,0.3172,secouriste,0.2301
pédagogue,Q1231865,psychologue,0.4409,guerrier,0.0813,relation publique,0.0559
consultant ou consultante,Q15978655,consultant,0.9775,enfant,0.056,aidant,0.0554
psychologue,Q212980,psychologue,1.0,écologiste,0.0952,guerrier,0.0358
accompagnateur professionnel,Q2238884,producteur,0.2362,acteur,0.2122,médiateur,0.191
ingénieur ou ingénieure,Q81096,inventeur,0.1874,inspecteur,0.1802,innovateur,0.1759
professionnel ou professionnelle,Q702269,procureur,0.2189,producteur,0.2184,fonctionnaire,0.2022
personnalité politique,Q82955,politicien,0.5083,policier,0.2419,relation publique,0.1787
agent,Q24229398,agent de,0.8893,client,0.1584,manager,0.0616
historien ou historienne des sciences,Q16063546,musicien,0.2146,politicien,0.1912,technicien,0.1845
musicien ou musicienne,Q639669,musicien,0.9799,politicien,0.2255,technicien,0.2176
enseignant ou enseignante,Q37226,enseignant,0.9771,infirmier / soignant,0.2664,enfant,0.0992
athlète,Q2066131,hôte,0.2343,adulte,0.182,activiste,0.1553
daimyo,Q61982,guerrier,0.0,traducteur,0.0,spectateur,0.0
shugo,Q1141023,guerrier,0.0,traducteur,0.0,spectateur,0.0
personnalité du monde des affaires,Q43845,fonctionnaire,0.2398,journaliste,0.1648,agent de,0.1413
substitut,Q1517802,investisseur,0.1317,guide spirituel,0.1187,législateur,0.0
instrumentiste,Q1278335,activiste,0.2515,archiviste,0.2281,secouriste,0.2271
claviériste,Q1075651,secouriste,0.4843,activiste,0.2853,archiviste,0.2588
jeu de balle,Q877517,agent de,0.2981,allié,0.1118,banquier,0.0878
sport d'équipe,Q216048,transporteur,0.4101,banquier,0.081,spectateur,0.0673
prêtre,Q42603,ancêtre,0.519,procureur,0.0673,producteur,0.0672
fonction publique,Q294414,relation publique,0.63,fonctionnaire,0.4785,publicitaire,0.2311
chef de gouvernement,Q2285706,agent de,0.4617,mentor,0.2453,client,0.1867
charge élective,Q17279032,lecteur,0.2626,activiste,0.1984,cultivateur / éleveur,0.1963
géologue,Q520549,psychologue,0.619,écologiste,0.1539,guerrier,0.0579
géologue,Q520549,psychologue,0.619,écologiste,0.1539,guerrier,0.0579
planétologue,Q16742203,psychologue,0.619,écologiste,0.1539,guerrier,0.0579
géologue,Q520549,psychologue,0.619,écologiste,0.1539,guerrier,0.0579
géophysicien ou géophysicienne,Q12094958,musicien,0.6149,politicien,0.3189,technicien,0.3077
travailleur manuel,Q33394058,travailleur social,0.7406,manager,0.12,traducteur,0.1112
civil engineering labourers,Q108290766,citoyen,0.1064,enfant,0.0884,assureur,0.088
profession,Q28640,procureur,0.2381,producteur,0.2375,relation publique,0.1975
géographie,Q1071,cartographe,0.5254,philosophe,0.0616,guerrier,0.0
défenseur des droits de l'Homme,Q1476215,défendeur,0.4674,agent de,0.2277,précurseur,0.14
professeur,Q121594,investisseur,0.3897,précurseur,0.2714,procureur,0.2329
professeur ou professeure d'université,Q1622272,investisseur,0.3578,procureur,0.2553,précurseur,0.2326
professeur de physique,Q101445630,investisseur,0.269,relation publique,0.214,précurseur,0.1873
danseur ou danseuse,Q5716684,précurseur,0.1886,investisseur,0.1699,aidant,0.1262
professionnel des médias,Q15980804,médiateur,0.5037,médecin,0.1538,procureur,0.1387
philosophe,Q4964182,philosophe,1.0,cartographe,0.0902,pharmacien,0.0333
professional dominant,Q97361669,enseignant,0.2707,infirmier / soignant,0.2079,procureur,0.1791
femme,Q467,guerrier,0.0,traducteur,0.0,spectateur,0.0
chercheur ou chercheuse,Q1650915,archiviste,0.1748,ouvrier,0.1058,acteur,0.0897
assistant,Q23835475,consultant,0.3162,assureur,0.2513,enfant,0.1454
exploitant,Q1970438,consultant,0.3527,enfant,0.1621,aidant,0.1605
col bleu,Q1191714,comptable,0.1927,écologiste,0.1048,consultant,0.0852
domestic worker,Q464705,investisseur,0.2695,politicien,0.087,informaticien,0.075
companions and valets,Q108290509,comptable,0.4073,consultant,0.1245,ancêtre,0.0816
monteur d'acier,Q15980591,inventeur,0.3348,policier,0.2851,officier,0.2733
cosmétique,Q131207,relation publique,0.3543,syndiqué,0.0718,comptable,0.0673
commissaire d'exposition,Q780596,fonctionnaire,0.2831,notaire,0.2407,relation publique,0.2367
danseur ou danseuse,Q5716684,précurseur,0.1886,investisseur,0.1699,aidant,0.1262
voyageur ou voyageuse,Q22813352,pourvoyeur,0.148,voisin,0.1449,agent de,0.1262
activité,Q12737077,activiste,0.7447,acteur,0.2396,acteurs sociaux,0.1239
cadre d'entreprise,Q4359236,entrepreneur,0.5621,ancêtre,0.0839,secouriste,0.0552
universitaire,Q3400985,publicitaire,0.5629,notaire,0.4995,secrétaire,0.397
fonction,Q4164871,fonctionnaire,0.671,relation publique,0.197,fondateur,0.1348
technicien ou technicienne,Q5352191,technicien,0.9852,musicien,0.2158,politicien,0.1923
prestataire de soins,Q55645123,notaire,0.3564,secrétaire,0.2833,publicitaire,0.2614
écrivain ou écrivaine,Q36180,écologiste,0.1108,travailleur social,0.0853,cultivateur / éleveur,0.0847
administrateur colonial ou administratrice coloniale,Q17765219,écologiste,0.2385,travailleur social,0.1621,médiateur,0.1201
éditeur ou éditrice,Q1607826,éditeur,0.9304,médiateur,0.1344,acteur,0.0931
fashion journalist,Q105375326,journaliste,0.8564,joueur,0.1396,relation publique,0.0875
entrepreneur ou entrepreneuse,Q131524,entrepreneur,0.9808,inventeur,0.0404,ancêtre,0.0385
personnalité du monde de la mode,Q27943370,agent de,0.2857,journaliste,0.1356,fonctionnaire,0.1242
artisan,Q1294787,archiviste,0.1227,investisseur,0.1106,partenaire,0.1022
diplomate,Q193391,diplomate,1.0,réformateur,0.0911,hôte,0.0337
espion ou espionne,Q9352089,fonctionnaire,0.1854,relation publique,0.1665,guide spirituel,0.0955
médecin spécialiste,Q3332438,médecin,0.754,journaliste,0.3311,activiste,0.1411
cuivriste,Q25829748,secouriste,0.4546,activiste,0.2678,archiviste,0.243
pompier ou pompière,Q107711,père,0.2337,policier,0.213,ouvrier,0.1804
première dame,Q203184,père,0.3978,entrepreneur,0.0914,procureur,0.0824
première dame,Q203184,père,0.3978,entrepreneur,0.0914,procureur,0.0824
coloriste de bande dessinée,Q59587410,secouriste,0.2733,écologiste,0.2657,agent de,0.263
mangeur,Q20984678,manager,0.37,acteur,0.1146,amant/e,0.1084
athlète,Q2066131,hôte,0.2343,adulte,0.182,activiste,0.1553
activité,Q12737077,activiste,0.7447,acteur,0.2396,acteurs sociaux,0.1239
government employees in the United States,Q28226203,mentor,0.2028,spectateur,0.1654,client,0.1544
diplomate,Q193391,diplomate,1.0,réformateur,0.0911,hôte,0.0337
comptable,Q326653,comptable,1.0,bénévole,0.0376,consultant,0.0343
guérisseur,Q2518689,investisseur,0.5126,précurseur,0.1938,acteur,0.0642
ethnologue,Q1371378,psychologue,0.619,écologiste,0.1539,guerrier,0.0579
archéologue,Q3621491,psychologue,0.4993,archiviste,0.2991,écologiste,0.1241
américaniste,Q16308157,activiste,0.3698,archiviste,0.3355,secouriste,0.3339
travailleur du bois,Q15977971,travailleur social,0.8025,traducteur,0.1205,transporteur,0.1008
juge,Q16533,juré,0.3333,traducteur,0.0,spectateur,0.0
ébéniste,Q559597,activiste,0.3698,archiviste,0.3355,secouriste,0.3339
artisan,Q1294787,archiviste,0.1227,investisseur,0.1106,partenaire,0.1022
artiste,Q483501,archiviste,0.3646,activiste,0.3108,secouriste,0.2806
développeur ou développeuse,Q183888,défendeur,0.2444,ouvrier,0.1058,acteur,0.0897
auteur ou autrice,Q482980,auteur,0.9201,acteur,0.116,lecteur,0.0955
femme,Q467,guerrier,0.0,traducteur,0.0,spectateur,0.0
religieux catholique,Q2566598,relation publique,0.4601,psychologue,0.0841,avocat,0.0639
auteur ou autrice de jeux de société,Q1544133,auteur,0.6802,agent de,0.2517,acteurs sociaux,0.1941
auteur ou autrice de livre-jeu,Q37495867,auteur,0.8623,agent de,0.1595,acteur,0.1087
concepteur ou conceptrice de jeu,Q3630699,consultant,0.2493,agent de,0.1695,acteur,0.1155
copiste,Q3997704,activiste,0.3769,archiviste,0.3419,secouriste,0.3403
architecte,Q42973,archiviste,0.5309,lecteur,0.1686,inspecteur,0.1309
historien ou historienne de l'art,Q1792450,agent de,0.1832,ouvrier,0.1591,musicien,0.1274
préservationniste,Q7241052,fonctionnaire,0.2497,relation publique,0.2176,activiste,0.1984
historic preservationist,Q54862879,relation publique,0.2537,fonctionnaire,0.1325,activiste,0.0799
archéologue,Q3621491,psychologue,0.4993,archiviste,0.2991,écologiste,0.1241
capitaine général,Q107147053,publicitaire,0.2189,bénévole,0.0915,notaire,0.0796
artisan,Q1294787,archiviste,0.1227,investisseur,0.1106,partenaire,0.1022
usine,Q83405,voisin,0.1843,musicien,0.1713,frère/socur,0.0
athlète,Q2066131,hôte,0.2343,adulte,0.182,activiste,0.1553
artiste,Q483501,archiviste,0.3646,activiste,0.3108,secouriste,0.2806
footman,Q4382663,manager,0.1562,amant/e,0.1553,fondateur,0.1548
archéologue spécialiste du Proche-Orient,Q26424344,psychologue,0.3235,archiviste,0.3039,journaliste,0.285
bibliste,Q19829990,journaliste,0.4613,activiste,0.2885,archiviste,0.2618
vendeur ou vendeuse,Q685433,vendeur,0.9634,défendeur,0.4247,inventeur,0.0783
chanteur ou chanteuse,Q177220,inventeur,0.4251,acteur,0.1658,auteur,0.143
salarié,Q703534,allié,0.2887,guerrier,0.0,législateur,0.0
trader,Q3704253,traducteur,0.4989,transporteur,0.1758,travailleur social,0.1452
danseur ou danseuse,Q5716684,précurseur,0.1886,investisseur,0.1699,aidant,0.1262
maître à danser,Q2393361,ancêtre,0.2126,manager,0.136,aidant,0.1046
YouTubeur ou YouTubeuse,Q17125263,ouvrier,0.1983,acteur,0.1682,cultivateur / éleveur,0.1472
artisan,Q1294787,archiviste,0.1227,investisseur,0.1106,partenaire,0.1022
artiste,Q483501,archiviste,0.3646,activiste,0.3108,secouriste,0.2806
viniculteur,Q21771805,cultivateur / éleveur,0.2799,adulte,0.2716,acteur,0.1957
médecin,Q39631,médecin,1.0,médiateur,0.146,voisin,0.0457
auteur ou autrice de non-fiction,Q15980158,auteur,0.7176,fonctionnaire,0.1634,relation publique,0.1513
personnalité du monde de la mode,Q27943370,agent de,0.2857,journaliste,0.1356,fonctionnaire,0.1242
travailleur manuel,Q33394058,travailleur social,0.7406,manager,0.12,traducteur,0.1112
"hairdressers, beauticians and related workers",Q108289644,relation publique,0.3157,législateur,0.1062,politicien,0.1051
architecte,Q42973,archiviste,0.5309,lecteur,0.1686,inspecteur,0.1309
éditeur ou éditrice,Q1607826,éditeur,0.9304,médiateur,0.1344,acteur,0.0931
travailleur de la construction,Q811122,travailleur social,0.6331,consultant,0.1745,fonctionnaire,0.1419
chorégraphe,Q2490358,cartographe,0.6007,philosophe,0.1381,psychologue,0.0523
manager de baseball,Q1186921,manager,0.8831,agent de,0.2127,banquier,0.0708
joueur de baseball,Q10871364,joueur,0.8453,agent de,0.1871,journaliste,0.118
player-coach,Q379533,guerrier,0.0,traducteur,0.0,spectateur,0.0
manager,Q2462658,manager,1.0,agent de,0.0548,amant/e,0.0485
manager général,Q1210069,manager,0.9463,agent de,0.0519,bénévole,0.0501
agriculteur ou agricultrice,Q131512,cultivateur / éleveur,0.2678,adulte,0.2096,agent de,0.1234
courtisan,Q1511216,secouriste,0.2626,investisseur,0.0872,comptable,0.0804
astronaute,Q11631,auteur,0.4389,assureur,0.1128,hôte,0.0756
instructeur,Q777952,inspecteur,0.452,traducteur,0.4484,producteur,0.444
roi,Q12097,guerrier,0.0,traducteur,0.0,spectateur,0.0
plongeur,Q1866686,acteur,0.1682,diplomate,0.1671,cultivateur / éleveur,0.1472
artiste visuel ou artiste visuelle,Q3391743,archiviste,0.3556,activiste,0.3172,secouriste,0.2301
chercheur ou chercheuse en science de l'information,Q1265807,informaticien,0.5722,réformateur,0.285,relation publique,0.2254
bibliothécaire,Q182436,notaire,0.4332,publicitaire,0.3957,secrétaire,0.3443
instrumentiste,Q1278335,activiste,0.2515,archiviste,0.2281,secouriste,0.2271
marketeur ou marketeuse,Q1900657,acteur,0.2319,auteur,0.1999,lecteur,0.1908
pilote automobile,Q10349745,auteur,0.4028,philosophe,0.0846,bénévole,0.0795
peintre de vases grec,Q18714098,agent de,0.2883,ancêtre,0.207,entrepreneur,0.1946
Unteritalischer Vasenmaler,Q55473978,journaliste,0.2073,inventeur,0.085,ouvrier,0.083
peintre de vases grec,Q18714098,agent de,0.2883,ancêtre,0.207,entrepreneur,0.1946
Unteritalischer Vasenmaler,Q55473978,journaliste,0.2073,inventeur,0.085,ouvrier,0.083
peintre de vases grec,Q18714098,agent de,0.2883,ancêtre,0.207,entrepreneur,0.1946
architecte,Q42973,archiviste,0.5309,lecteur,0.1686,inspecteur,0.1309
historien ou historienne,Q201788,ouvrier,0.1787,musicien,0.1431,mentor,0.1408
historien ou historienne,Q201788,ouvrier,0.1787,musicien,0.1431,mentor,0.1408
pilote automobile,Q10349745,auteur,0.4028,philosophe,0.0846,bénévole,0.0795
Line officer,Q16932857,officier,0.7352,ouvrier,0.0378,policier,0.0377
influenceur ou influenceuse numérique,Q2906862,relation publique,0.2252,informaticien,0.205,infirmier / soignant,0.1737
trendsetter,Q51647820,entrepreneur,0.1712,vendeur,0.1138,ancêtre,0.1022
magnat des affaires,Q911554,notaire,0.1954,secrétaire,0.1553,partenaire,0.1537
religieuse chrétienne,Q28146366,relation publique,0.2244,secrétaire,0.0976,client,0.0696
religieux catholique,Q2566598,relation publique,0.4601,psychologue,0.0841,avocat,0.0639
vierge consacrée,Q1520404,consultant,0.4304,secrétaire,0.0768,comptable,0.0634
Amoraïm,Q474035,amant/e,0.2402,guerrier,0.0,législateur,0.0
commerçant,Q215536,comptable,0.2522,consultant,0.2022,enfant,0.1789
supreme court judge,Q117826617,secouriste,0.2379,juré,0.1413,entrepreneur,0.0777
théologien ou théologienne,Q1234713,écologiste,0.4405,psychologue,0.181,musicien,0.1043
membre,Q9200127,mere,0.3958,mentor,0.193,père,0.1415
conseil,Q63769412,consultant,0.3921,enseignant,0.2071,comptable,0.0578
information,Q11028,informaticien,0.6714,réformateur,0.3058,relation publique,0.2615
personnalité du monde des affaires,Q43845,fonctionnaire,0.2398,journaliste,0.1648,agent de,0.1413
extraction de l'or,Q1071389,fonctionnaire,0.2478,relation publique,0.2294,agent de,0.2013
intendente provincial de Chile,Q16140892,inventeur,0.2008,agent de,0.1898,travailleur social,0.1881
ambassadeur ou ambassadrice,Q121998,vendeur,0.2385,défendeur,0.1987,assureur,0.1776
personnalité,Q662729,journaliste,0.2197,fonctionnaire,0.2012,politicien,0.0816
agent commercial,Q705908,agent de,0.6449,travailleur social,0.2041,comptable,0.1291
criminel ou criminelle,Q2159907,ouvrier,0.1278,bénévole,0.0935,comptable,0.0877
graphiste,Q627325,cartographe,0.3433,activiste,0.2407,archiviste,0.2184
profession,Q28640,procureur,0.2381,producteur,0.2375,relation publique,0.1975
teaching assistant,Q2070313,consultant,0.2832,assureur,0.225,enfant,0.1302
assistant de recherche,Q5405633,consultant,0.2341,agent de,0.2332,assureur,0.1861
étudiant de troisième cycle,Q18245166,étudiant,0.8505,agent de,0.1733,voisin,0.1512
menuisier,Q326358,mentor,0.3243,ouvrier,0.1591,policier,0.1585
ébéniste,Q19382184,activiste,0.3698,archiviste,0.3355,secouriste,0.3339
compositeur ou compositrice,Q36834,comptable,0.447,éditeur,0.228,acteur,0.0978
musicien ou musicienne,Q639669,musicien,0.9799,politicien,0.2255,technicien,0.2176
directeur ou directrice,Q1162163,lecteur,0.4729,inspecteur,0.3673,acteur,0.2853
athlète,Q2066131,hôte,0.2343,adulte,0.182,activiste,0.1553
joueur professionnel ou joueuse professionnelle,Q18536342,joueur,0.75,procureur,0.1549,producteur,0.1546
instrumentiste,Q1278335,activiste,0.2515,archiviste,0.2281,secouriste,0.2271
journaliste,Q1930187,journaliste,1.0,secouriste,0.1649,activiste,0.1505
personne de la presse écrite,Q96050759,agent de,0.2432,guide spirituel,0.0973,écologiste,0.0949
agriculteur ou agricultrice,Q131512,cultivateur / éleveur,0.2678,adulte,0.2096,agent de,0.1234
meurtrier ou meurtrière,Q931260,ouvrier,0.3685,guerrier,0.2724,père,0.2366
pilote de moto,Q3014296,agent de,0.3713,philosophe,0.094,hôte,0.077
chef de gouvernement,Q2285706,agent de,0.4617,mentor,0.2453,client,0.1867
chancelier,Q373085,familier,0.4251,ouvrier,0.1591,policier,0.1585
analyste,Q485178,journaliste,0.2376,activiste,0.1736,archiviste,0.1575
espion ou espionne,Q9352089,fonctionnaire,0.1854,relation publique,0.1665,guide spirituel,0.0955
conseiller politique,Q8125919,politicien,0.4382,policier,0.2492,consultant,0.2169
curé,Q955464,juré,0.4599,procureur,0.076,cultivateur / éleveur,0.0722
pasteur,Q152002,acteur,0.3004,auteur,0.259,lecteur,0.2472
ingénieur ou ingénieure,Q81096,inventeur,0.1874,inspecteur,0.1802,innovateur,0.1759
artiste visuel ou artiste visuelle,Q3391743,archiviste,0.3556,activiste,0.3172,secouriste,0.2301
ingénieur ou ingénieure,Q81096,inventeur,0.1874,inspecteur,0.1802,innovateur,0.1759
dirigeant sportif,Q26481809,transporteur,0.357,enfant,0.1286,aidant,0.1273
artisan,Q1294787,archiviste,0.1227,investisseur,0.1106,partenaire,0.1022
travailleur qualifié ou travailleuse qualifiée,Q2588761,travailleur social,0.7801,traducteur,0.1122,transporteur,0.0938
chirurgien ou chirurgienne,Q774306,musicien,0.1859,politicien,0.1657,technicien,0.1599
transportation occupation,Q56148021,transporteur,0.5194,relation publique,0.3606,fonctionnaire,0.1206
machiniste itinérant,Q1430248,archiviste,0.2894,activiste,0.2467,secouriste,0.2227
militaire,Q47064,publicitaire,0.465,notaire,0.4127,secrétaire,0.328
accounting associate professionals,Q108286865,acteurs sociaux,0.2478,travailleur social,0.1837,assureur,0.1695
aquaculteur,Q116169493,cultivateur / éleveur,0.3017,adulte,0.2927,acteur,0.2109
chanteur ou chanteuse,Q177220,inventeur,0.4251,acteur,0.1658,auteur,0.143
rang diplomatique,Q303618,diplomate,0.7298,relation publique,0.2025,informaticien,0.0931
diplomate,Q193391,diplomate,1.0,réformateur,0.0911,hôte,0.0337
consultant ou consultante,Q15978655,consultant,0.9775,enfant,0.056,aidant,0.0554
rural gentry,Q1423622,agent de,0.2974,entrepreneur,0.2008,client,0.0684
classe sociale,Q187588,travailleur social,0.4329,acteurs sociaux,0.3604,client,0.073
peintre décorateur,Q1183704,médiateur,0.233,fondateur,0.2308,spectateur,0.2173
enseignant ou enseignante,Q37226,enseignant,0.9771,infirmier / soignant,0.2664,enfant,0.0992
ingénieur ou ingénieure,Q81096,inventeur,0.1874,inspecteur,0.1802,innovateur,0.1759
scientifique,Q901,relation publique,0.3032,client,0.1961,musicien,0.1323
historien ou historienne,Q201788,ouvrier,0.1787,musicien,0.1431,mentor,0.1408
artisan,Q1294787,archiviste,0.1227,investisseur,0.1106,partenaire,0.1022
voyageur ou voyageuse,Q22813352,pourvoyeur,0.148,voisin,0.1449,agent de,0.1262
vacancier,Q24007814,policier,0.4209,officier,0.4035,ouvrier,0.1701
économiste,Q188094,écologiste,0.4832,activiste,0.2853,archiviste,0.2588
technicien ou technicienne,Q5352191,technicien,0.9852,musicien,0.2158,politicien,0.1923
hobbyist,Q65720209,activiste,0.1748,archiviste,0.1586,secouriste,0.1578
hacker,Q1487,ouvrier,0.1706,policier,0.17,manager,0.1647
réalisateur ou réalisatrice,Q3455803,journaliste,0.2604,réformateur,0.2349,médiateur,0.1585
membre d'équipe de cinéma,Q17291399,agent de,0.2883,mere,0.169,citoyen,0.0902
travailleur ou travailleuse,Q327055,travailleur social,0.7999,traducteur,0.115,transporteur,0.0962
éducation,Q8434,relation publique,0.3977,fonctionnaire,0.133,éditeur,0.082
chercheur ou chercheuse en science de l'information,Q1265807,informaticien,0.5722,réformateur,0.285,relation publique,0.2254
historien ou historienne,Q201788,ouvrier,0.1787,musicien,0.1431,mentor,0.1408
instrumentiste,Q1278335,activiste,0.2515,archiviste,0.2281,secouriste,0.2271
professionnel des médias,Q15980804,médiateur,0.5037,médecin,0.1538,procureur,0.1387
pilote automobile,Q10349745,auteur,0.4028,philosophe,0.0846,bénévole,0.0795
instrumentiste,Q1278335,activiste,0.2515,archiviste,0.2281,secouriste,0.2271
ministre,Q83307,ancêtre,0.3254,père,0.0949,mere,0.0949
fonctionnaire,Q212238,fonctionnaire,1.0,partenaire,0.2162,notaire,0.1584
juge,Q16533,juré,0.3333,traducteur,0.0,spectateur,0.0
juriste d'entreprise,Q5172469,secouriste,0.4133,entrepreneur,0.4044,juré,0.193
directeur ou directrice,Q1072363,lecteur,0.4729,inspecteur,0.3673,acteur,0.2853
auteur-compositeur-interprète ou autrice-compositrice-interprète,Q488205,auteur,0.6386,éditeur,0.1898,comptable,0.1882
profession,Q28640,procureur,0.2381,producteur,0.2375,relation publique,0.1975
tissage au doigt,Q5450303,investisseur,0.2313,auteur,0.128,agent de,0.0939
management,Q2920921,manager,0.7147,agent de,0.1876,mentor,0.1728
historien ou historienne,Q201788,ouvrier,0.1787,musicien,0.1431,mentor,0.1408
vice-gouverneur,Q66716743,entrepreneur,0.3073,ouvrier,0.1168,acteur,0.099
criminel ou criminelle,Q2159907,ouvrier,0.1278,bénévole,0.0935,comptable,0.0877
prédateur sexuel,Q4207313,fondateur,0.4016,médiateur,0.2002,précurseur,0.1942
professionnel de l'informatique,Q5157565,informaticien,0.5363,réformateur,0.2806,relation publique,0.2111
imprimeur,Q175151,acteur,0.2759,cultivateur / éleveur,0.2414,auteur,0.2378
alcalde / alcaldesa,Q87003419,allié,0.2424,agent de,0.0953,guide spirituel,0.0589
conseiller municipal,Q708492,consultant,0.2844,travailleur social,0.1541,enseignant,0.1502
maire,Q30185,notaire,0.4251,secrétaire,0.3379,partenaire,0.3343
maraîcher,Q19914236,manager,0.2924,ouvrier,0.0961,policier,0.0957
biologiste,Q864503,écologiste,0.7881,activiste,0.2022,archiviste,0.1834
géologue,Q520549,psychologue,0.619,écologiste,0.1539,guerrier,0.0579
microbiologiste,Q3779582,écologiste,0.7881,activiste,0.2022,archiviste,0.1834
artiste,Q483501,archiviste,0.3646,activiste,0.3108,secouriste,0.2806
biologiste,Q864503,écologiste,0.7881,activiste,0.2022,archiviste,0.1834
agronome,Q1781198,agent de,0.2716,guerrier,0.0,frère/socur,0.0
athlète,Q2066131,hôte,0.2343,adulte,0.182,activiste,0.1553
chirurgien ou chirurgienne,Q774306,musicien,0.1859,politicien,0.1657,technicien,0.1599
traumatologue,Q26203274,psychologue,0.5513,écologiste,0.137,traducteur,0.1331
climatologue,Q1113838,psychologue,0.536,client,0.2133,écologiste,0.1332
géologue,Q520549,psychologue,0.619,écologiste,0.1539,guerrier,0.0579
commerçant,Q7501153,comptable,0.2522,consultant,0.2022,enfant,0.1789
trésorier,Q388338,ouvrier,0.4584,guerrier,0.4243,policier,0.1683
professeur ou professeure d'université,Q1622272,investisseur,0.3578,procureur,0.2553,précurseur,0.2326
personnel académique,Q5428874,relation publique,0.3119,acteur,0.0901,syndiqué,0.0632
universitaire,Q3400985,publicitaire,0.5629,notaire,0.4995,secrétaire,0.397
éleveur,Q1524582,cultivateur / éleveur,0.6431,acteur,0.0537,auteur,0.0463
propriétaire de biens,Q12794619,secrétaire,0.4561,notaire,0.3735,publicitaire,0.274
conseiller politique,Q8125919,politicien,0.4382,policier,0.2492,consultant,0.2169
entraîneur sportif,Q41583,entrepreneur,0.4025,transporteur,0.3451,spectateur,0.0793
anthropogéographe,Q60332470,cartographe,0.6694,philosophe,0.1221,ancêtre,0.0601
linguiste,Q14467526,activiste,0.3698,archiviste,0.3355,secouriste,0.3339
instructeur,Q777952,inspecteur,0.452,traducteur,0.4484,producteur,0.444
musique islamique,Q1482325,relation publique,0.3162,musicien,0.2543,législateur,0.108
archéologue,Q3621491,psychologue,0.4993,archiviste,0.2991,écologiste,0.1241
amateur,Q455595,réformateur,0.4011,amant/e,0.2473,médiateur,0.2429
officiel du sport,Q15986539,officier,0.6998,transporteur,0.2483,policier,0.083
arbitre sportif ou arbitre sportive,Q202648,transporteur,0.3527,ancêtre,0.1699,archiviste,0.0635
artiste visuel ou artiste visuelle,Q3391743,archiviste,0.3556,activiste,0.3172,secouriste,0.2301
arbitre sportif ou arbitre sportive,Q202648,transporteur,0.3527,ancêtre,0.1699,archiviste,0.0635
joueur ou joueuse de hockey sur glace,Q11774891,joueur,0.9115,journaliste,0.1481,agent de,0.1174
para-athlete,Q114414171,partenaire,0.3318,hôte,0.0858,adulte,0.0667
historien ou historienne,Q201788,ouvrier,0.1787,musicien,0.1431,mentor,0.1408
importer,Q1660363,transporteur,0.4448,partenaire,0.0686,ouvrier,0.0463
juge,Q16533,juré,0.3333,traducteur,0.0,spectateur,0.0
enquêteur,Q30093123,acteur,0.2938,auteur,0.2533,lecteur,0.2418
éclaireur,Q2314719,assureur,0.3049,procureur,0.2905,notaire,0.191
espion ou espionne,Q9352089,fonctionnaire,0.1854,relation publique,0.1665,guide spirituel,0.0955
capitaine,Q19100,publicitaire,0.2713,notaire,0.0987,cartographe,0.0956
général,Q83460,bénévole,0.1549,travailleur social,0.1117,guerrier,0.0
érudit,Q20826540,éditeur,0.1939,étudiant,0.1608,traducteur,0.0
spécialiste de la littérature,Q17167049,journaliste,0.4271,activiste,0.182,agent de,0.1804
ingénieur système,Q1572123,inventeur,0.1847,inspecteur,0.1777,innovateur,0.1734
courtisan,Q376924,secouriste,0.2626,investisseur,0.0872,comptable,0.0804
yūjo,Q12609698,guerrier,0.0,traducteur,0.0,spectateur,0.0
communicateur,Q5780518,médiateur,0.254,fondateur,0.2516,spectateur,0.2369
vol avec violence,Q53706,bénévole,0.2191,voisin,0.1303,avocat,0.1291
Mandaean priest,Q108914342,manager,0.2708,fondateur,0.0947,ouvrier,0.0827
artiste interprète,Q713200,archiviste,0.3324,activiste,0.2913,secouriste,0.263
danseurs et chorégraphes,Q108290379,cartographe,0.369,acteurs sociaux,0.2111,précurseur,0.1264
artiste,Q483501,archiviste,0.3646,activiste,0.3108,secouriste,0.2806
commissaire d'exposition,Q780596,fonctionnaire,0.2831,notaire,0.2407,relation publique,0.2367
entraîneur sportif,Q41583,entrepreneur,0.4025,transporteur,0.3451,spectateur,0.0793
outil,Q39546,ouvrier,0.2502,guerrier,0.0,législateur,0.0
general abbot,Q1501723,agent de,0.1568,entrepreneur,0.1059,travailleur social,0.0912
supérieur général,Q1337239,travailleur social,0.1358,bénévole,0.1183,acteur,0.1146
moine cistercien,Q98603258,musicien,0.2686,témoin,0.2589,politicien,0.2394
instrumentiste à cordes,Q13138067,activiste,0.2411,archiviste,0.2187,secouriste,0.2177
col bleu,Q1191714,comptable,0.1927,écologiste,0.1048,consultant,0.0852
bakushin,Q11481849,banquier,0.1724,voisin,0.1443,témoin,0.1443
administrateur,Q16532929,médiateur,0.309,fondateur,0.3061,spectateur,0.2882
juriste,Q185351,secouriste,0.5493,juré,0.2839,activiste,0.2205
avocat ou avocate,Q40348,avocat,0.9493,diplomate,0.0554,ouvrier,0.0341
fonctionnaire,Q212238,fonctionnaire,1.0,partenaire,0.2162,notaire,0.1584
haut fonctionnaire ou haute fonctionnaire,Q599151,fonctionnaire,0.9719,partenaire,0.2101,notaire,0.1539
créateur ou créatrice de contenu,Q109459317,agent de,0.195,médiateur,0.1792,fondateur,0.1775
agriculteur ou agricultrice,Q131512,cultivateur / éleveur,0.2678,adulte,0.2096,agent de,0.1234
livestock worker,Q110007257,investisseur,0.3002,ouvrier,0.0625,policier,0.0622
militant ou militante politique,Q11499147,politicien,0.3756,consultant,0.1885,familier,0.1841
nationaliste,Q106399618,journaliste,0.5706,relation publique,0.2021,activiste,0.1843
antisémite,Q15954665,éditeur,0.1377,ancêtre,0.1208,investisseur,0.0936
anti-catholique,Q120292951,relation publique,0.3832,psychologue,0.0942,avocat,0.0716
militant ou militante,Q15253558,consultant,0.2383,familier,0.2326,enfant,0.0938
anti-capitalist,Q120324952,journaliste,0.3807,ancêtre,0.0845,publicitaire,0.0675
anti-communiste,Q120115224,activiste,0.3195,archiviste,0.2898,secouriste,0.2885
imperialist,Q120327993,journaliste,0.4218,travailleur social,0.0615,activiste,0.0523
anti-marxist,Q120325794,ancêtre,0.1664,enfant,0.095,aidant,0.094
,Q120439954,enseignant,0.1876,infirmier / soignant,0.1441,guerrier,0.0
Ethnic supremacist,Q122167190,technicien,0.2269,pharmacien,0.2227,entrepreneur,0.0666
ultranationaliste,Q122167902,journaliste,0.5101,relation publique,0.1807,activiste,0.1648
anti-socialiste,Q120285948,journaliste,0.4203,travailleur social,0.2879,acteurs sociaux,0.2099
fasciste,Q88110348,activiste,0.3698,archiviste,0.3355,secouriste,0.3339
employé de bar,Q808266,agent de,0.3502,banquier,0.1031,diplomate,0.0959
vivandiers,Q2566474,syndiqué,0.1171,acteurs sociaux,0.0992,cultivateur / éleveur,0.0839
traducteur ou traductrice,Q333634,traducteur,0.9583,producteur,0.3083,transporteur,0.1432
charpentier,Q154549,ouvrier,0.2096,policier,0.2088,officier,0.2002
cannery worker,Q115771277,cartographe,0.1525,ouvrier,0.0961,policier,0.0957
high court judge,Q107333445,secouriste,0.2626,juré,0.156,comptable,0.0804
vendeur à la sauvette,Q3555589,vendeur,0.9837,défendeur,0.4765,inventeur,0.0896
haut-shérif,Q1888937,auteur,0.3091,guerrier,0.0,spectateur,0.0
haut-shérif,Q1888937,auteur,0.3091,guerrier,0.0,spectateur,0.0
enseignant ou enseignante,Q37226,enseignant,0.9771,infirmier / soignant,0.2664,enfant,0.0992
teaching professionals,Q108284914,procureur,0.2182,producteur,0.2176,technicien,0.0834
manager,Q2462658,manager,1.0,agent de,0.0548,amant/e,0.0485
directeur ou directrice,Q1162163,lecteur,0.4729,inspecteur,0.3673,acteur,0.2853
enseignant ou enseignante,Q37226,enseignant,0.9771,infirmier / soignant,0.2664,enfant,0.0992
adjoint,Q3250324,adulte,0.1701,témoin,0.166,enfant,0.0814
artiste,Q483501,archiviste,0.3646,activiste,0.3108,secouriste,0.2806
membre d'équipe de cinéma,Q17291399,agent de,0.2883,mere,0.169,citoyen,0.0902
mannequin,Q4610556,manager,0.3207,banquier,0.1061,amant/e,0.094
activité,Q12737077,activiste,0.7447,acteur,0.2396,acteurs sociaux,0.1239
chirurgien ou chirurgienne,Q774306,musicien,0.1859,politicien,0.1657,technicien,0.1599
handballeur,Q12840545,travailleur social,0.3779,allié,0.1048,acteur,0.077
entraîneur de handball,Q13365201,entrepreneur,0.445,agent de,0.2534,traducteur,0.0822
porte-drapeau,Q2486919,transporteur,0.406,cartographe,0.0671,policier,0.066
commandant en chef,Q380782,aidant,0.3793,enfant,0.1899,comptable,0.1804
activité,Q12737077,activiste,0.7447,acteur,0.2396,acteurs sociaux,0.1239
professionnel des médias,Q15980804,médiateur,0.5037,médecin,0.1538,procureur,0.1387
producteur,Q13235160,producteur,1.0,traducteur,0.4194,acteur,0.2505
conjoint,Q1196129,consultant,0.3179,témoin,0.1257,comptable,0.0828
policier ou policière,Q384593,policier,0.9261,politicien,0.3633,officier,0.2039
haut fonctionnaire ou haute fonctionnaire,Q599151,fonctionnaire,0.9719,partenaire,0.2101,notaire,0.1539
fonctionnaire,Q212238,fonctionnaire,1.0,partenaire,0.2162,notaire,0.1584
artiste,Q483501,archiviste,0.3646,activiste,0.3108,secouriste,0.2806
producteur,Q13235160,producteur,1.0,traducteur,0.4194,acteur,0.2505
personnalité liée au sport,Q50995749,transporteur,0.2885,journaliste,0.146,fonctionnaire,0.1338
artisan,Q1294787,archiviste,0.1227,investisseur,0.1106,partenaire,0.1022
producteur de disques,Q183945,producteur,0.8951,traducteur,0.3755,acteur,0.2242
écuyer,Q109442873,précurseur,0.1317,écologiste,0.1307,ouvrier,0.0741
cadre dirigeant ou cadre dirigeante,Q978044,enfant,0.1253,aidant,0.124,diplomate,0.1182
seigneur,Q2366336,enseignant,0.3738,entrepreneur,0.2056,acteur,0.0662
céramiste,Q7541856,activiste,0.3698,archiviste,0.3355,secouriste,0.3339
programmeur ou programmeuse,Q5482740,procureur,0.2541,producteur,0.2535,cartographe,0.23
DJ producer,Q3922505,producteur,0.7439,procureur,0.1593,traducteur,0.0559
col blanc,Q255274,ancêtre,0.1428,écologiste,0.1218,comptable,0.102
vendeur ou vendeuse,Q685433,vendeur,0.9634,défendeur,0.4247,inventeur,0.0783
adjoint,Q3250324,adulte,0.1701,témoin,0.166,enfant,0.0814
personnalité politique locale,Q10547393,politicien,0.491,policier,0.2337,relation publique,0.1726
enseignant ou enseignante,Q37226,enseignant,0.9771,infirmier / soignant,0.2664,enfant,0.0992
travailleur qualifié,Q1391083,travailleur social,0.7884,traducteur,0.1184,transporteur,0.099
enseignant ou enseignante,Q37226,enseignant,0.9771,infirmier / soignant,0.2664,enfant,0.0992
historien ou historienne,Q201788,ouvrier,0.1787,musicien,0.1431,mentor,0.1408
subject teacher,Q1391411,lecteur,0.1451,technicien,0.1407,inspecteur,0.1127
taille d'épargne,Q3921059,travailleur social,0.3238,partenaire,0.0704,notaire,0.0651
imprimerie,Q11034,mere,0.2562,ouvrier,0.1544,guerrier,0.1429
sens,Q183046,enseignant,0.1514,secrétaire,0.1283,secouriste,0.1269
terme,Q1969448,technicien,0.2084,guerrier,0.0,diplomate,0.0
nutritionniste,Q2576499,fonctionnaire,0.2957,activiste,0.235,archiviste,0.2132
entraîneur sportif,Q41583,entrepreneur,0.4025,transporteur,0.3451,spectateur,0.0793
concepteur ou conceptrice de jeu,Q3630699,consultant,0.2493,agent de,0.1695,acteur,0.1155
développeur ou développeuse,Q183888,défendeur,0.2444,ouvrier,0.1058,acteur,0.0897
artiste textile,Q10694573,archiviste,0.3205,activiste,0.2732,secouriste,0.2467
travailleur du textile,Q66035178,travailleur social,0.7907,traducteur,0.1187,transporteur,0.0993
croyant ou croyante,Q17573152,enfant,0.2356,aidant,0.2332,étudiant,0.1948
magie blanche,Q1858206,manager,0.1435,ancêtre,0.1428,philosophe,0.0967
spiritualisme moderne anglo-saxon,Q829348,guide spirituel,0.559,journaliste,0.1305,ancêtre,0.054
rôle,Q4897819,bénévole,0.2003,comptable,0.1879,guerrier,0.0
manager,Q2462658,manager,1.0,agent de,0.0548,amant/e,0.0485
artiste visuel ou artiste visuelle,Q3391743,archiviste,0.3556,activiste,0.3172,secouriste,0.2301
héraldiste,Q516463,activiste,0.4206,archiviste,0.3816,secouriste,0.3798
militant ou militante politique,Q11499147,politicien,0.3756,consultant,0.1885,familier,0.1841
mouvement social,Q49773,travailleur social,0.4927,acteurs sociaux,0.3178,mentor,0.1598
instrumentiste,Q1278335,activiste,0.2515,archiviste,0.2281,secouriste,0.2271
patriarche,Q171692,archiviste,0.2819,partenaire,0.0936,philosophe,0.074
évêque copte orthodoxe,Q102387005,relation publique,0.1994,transporteur,0.0844,comptable,0.0758
archevêque,Q49476,archiviste,0.4171,relation publique,0.152,psychologue,0.0521
pape,Q7229148,partenaire,0.2059,guerrier,0.0,législateur,0.0
monteur d'acier,Q15980591,inventeur,0.3348,policier,0.2851,officier,0.2733
artisan manuel,Q19101121,manager,0.2326,guide spirituel,0.171,archiviste,0.0702
industriel,Q6606110,ouvrier,0.1357,guerrier,0.1256,guide spirituel,0.1089
collectionneur ou collectionneuse d'œuvres d'art,Q10732476,fonctionnaire,0.367,lecteur,0.2213,entrepreneur,0.1044
duc,Q166886,traducteur,0.2091,producteur,0.207,guerrier,0.0
rugby,Q5378,guerrier,0.0,traducteur,0.0,spectateur,0.0
textile,Q28823,technicien,0.1538,bénévole,0.1351,comptable,0.1268
avocat ou avocate,Q40348,avocat,0.9493,diplomate,0.0554,ouvrier,0.0341
athlète,Q2066131,hôte,0.2343,adulte,0.182,activiste,0.1553
consort,Q5784340,consultant,0.4458,transporteur,0.0732,comptable,0.0657
roi consort,Q2000200,consultant,0.4458,transporteur,0.0732,comptable,0.0657
reine consort,Q719039,consultant,0.4164,transporteur,0.0683,comptable,0.0614
professionnel du cinéma,Q3406858,procureur,0.1898,producteur,0.1894,fonctionnaire,0.1753
artisan,Q1294787,archiviste,0.1227,investisseur,0.1106,partenaire,0.1022
ministre du culte,Q1423891,adulte,0.3833,cultivateur / éleveur,0.2485,ancêtre,0.1529
reine de Castille,Q58557987,agent de,0.2476,travailleur social,0.1524,investisseur,0.0599
reine consort,Q719039,consultant,0.4164,transporteur,0.0683,comptable,0.0614
consort,Q5784340,consultant,0.4458,transporteur,0.0732,comptable,0.0657
competitor,Q27019785,comptable,0.3825,mentor,0.2519,citoyen,0.0769
athlète,Q2066131,hôte,0.2343,adulte,0.182,activiste,0.1553
skieur ou skieuse,Q4270517,ouvrier,0.1983,acteur,0.1682,cultivateur / éleveur,0.1472
critique,Q17955,relation publique,0.3263,politicien,0.078,syndiqué,0.0661
forestier ou forestière,Q1895303,investisseur,0.2308,père,0.1649,ouvrier,0.1273
Wildhüter,Q16632551,ouvrier,0.1706,policier,0.17,manager,0.1647
travailleur forestier,Q12335817,travailleur social,0.7372,investisseur,0.1166,traducteur,0.1107
mannequin,Q4610556,manager,0.3207,banquier,0.1061,amant/e,0.094
ingénieur en informatique,Q10272926,informaticien,0.6893,réformateur,0.3206,relation publique,0.1977
système de connaissances,Q105948247,fonctionnaire,0.2718,agent de,0.2022,consultant,0.1487
conseiller ou conseillère de rédaction,Q876864,consultant,0.3034,enseignant,0.1603,fonctionnaire,0.1341
rédacteur ou rédactrice,Q17351648,acteur,0.6259,acteurs sociaux,0.2875,lecteur,0.2557
célébrité d'internet,Q2045208,inventeur,0.1685,guide spirituel,0.1187,diplomate,0.0
vlogueur ou vlogueuse,Q4110598,psychologue,0.3816,joueur,0.2399,guerrier,0.0704
YouTubeur ou YouTubeuse,Q17125263,ouvrier,0.1983,acteur,0.1682,cultivateur / éleveur,0.1472
streameur,Q57414145,entrepreneur,0.2191,acteur,0.1776,ancêtre,0.1682
philosophe,Q4964182,philosophe,1.0,cartographe,0.0902,pharmacien,0.0333
elephant trainer,Q70390903,traducteur,0.2201,transporteur,0.1841,enfant,0.1822
animateur ou animatrice de télévision,Q947873,réformateur,0.2876,agent de,0.1673,médiateur,0.1538
instrumentiste,Q1278335,activiste,0.2515,archiviste,0.2281,secouriste,0.2271
industrie légère,Q770899,père,0.309,législateur,0.239,ouvrier,0.0809
prêtre catholique,Q250867,relation publique,0.321,ancêtre,0.296,psychologue,0.0789
visitator,Q56408607,mentor,0.3021,voisin,0.0997,spectateur,0.0862
entraîneur sportif,Q41583,entrepreneur,0.4025,transporteur,0.3451,spectateur,0.0793
historien ou historienne de l'art,Q1792450,agent de,0.1832,ouvrier,0.1591,musicien,0.1274
historien des médias,Q8175949,médiateur,0.5428,médecin,0.1658,musicien,0.111
health care resources,Q70477383,cartographe,0.243,père,0.0708,mere,0.0708
travailleur ou travailleuse,Q327055,travailleur social,0.7999,traducteur,0.115,transporteur,0.0962
ethnologue,Q1371378,psychologue,0.619,écologiste,0.1539,guerrier,0.0579
historien ou historienne,Q201788,ouvrier,0.1787,musicien,0.1431,mentor,0.1408
fonctionnaire,Q212238,fonctionnaire,1.0,partenaire,0.2162,notaire,0.1584
miles christianus,Q1678054,secouriste,0.2252,familier,0.0963,étudiant,0.0962
chevalier,Q102083,familier,0.4251,ouvrier,0.1591,policier,0.1585
moine catholique latin,Q97722145,relation publique,0.4157,témoin,0.2234,psychologue,0.0782
noblesse espagnole,Q2554364,bénévole,0.2572,comptable,0.1562,notaire,0.1084
moine guerrier,Q7970798,guerrier,0.9281,ouvrier,0.2136,témoin,0.168
chevalier,Q102083,familier,0.4251,ouvrier,0.1591,policier,0.1585
chevalier,Q2261440,familier,0.4251,ouvrier,0.1591,policier,0.1585
moine guerrier,Q7970798,guerrier,0.9281,ouvrier,0.2136,témoin,0.168
miles christianus,Q1678054,secouriste,0.2252,familier,0.0963,étudiant,0.0962
travailleur qualifié ou travailleuse qualifiée,Q2588761,travailleur social,0.7801,traducteur,0.1122,transporteur,0.0938
tisserand,Q437512,investisseur,0.4224,transporteur,0.0723,guerrier,0.0
industriel,Q6606110,ouvrier,0.1357,guerrier,0.1256,guide spirituel,0.1089
physical and earth science professionals,Q108289376,musicien,0.1962,procureur,0.1678,producteur,0.1674
député fédéral,Q20058725,défendeur,0.1577,travailleur social,0.1117,guerrier,0.0
clerc chrétien,Q105200223,client,0.2207,musicien,0.2111,politicien,0.1882
participant,Q56512863,partenaire,0.3896,politicien,0.152,enfant,0.1341
étudiant ou étudiante,Q48282,étudiant,0.9707,enfant,0.0641,aidant,0.0635
advanced practice nurse,Q12615130,précurseur,0.2461,activiste,0.195,acteurs sociaux,0.0969
professionnel médical,Q6840857,médiateur,0.3643,médecin,0.1703,procureur,0.1536
pharmacologue,Q2114605,pharmacien,0.5555,psychologue,0.386,écologiste,0.2108
neurobiologiste,Q6337803,écologiste,0.7353,activiste,0.1886,archiviste,0.1712
spécialiste technique,Q56884382,technicien,0.4508,journaliste,0.3287,relation publique,0.163
théologien chrétien,Q55737401,écologiste,0.3112,musicien,0.2228,politicien,0.1985
coloriste,Q1111648,secouriste,0.4152,écologiste,0.4036,activiste,0.2446
auteur ou autrice de bande dessinée,Q715301,auteur,0.7176,agent de,0.2187,banquier,0.1172
entraîneur sportif,Q41583,entrepreneur,0.4025,transporteur,0.3451,spectateur,0.0793
écrivain ou écrivaine,Q36180,écologiste,0.1108,travailleur social,0.0853,cultivateur / éleveur,0.0847
travailleur ou travailleuse indépendant,Q215279,travailleur social,0.773,aidant,0.1201,traducteur,0.1111
crime boss,Q4947495,guerrier,0.0,traducteur,0.0,spectateur,0.0
entraîneur sportif,Q41583,entrepreneur,0.4025,transporteur,0.3451,spectateur,0.0793
entraîneur sportif,Q41583,entrepreneur,0.4025,transporteur,0.3451,spectateur,0.0793
athlète,Q2066131,hôte,0.2343,adulte,0.182,activiste,0.1553
joueur professionnel ou joueuse professionnelle,Q18536342,joueur,0.75,procureur,0.1549,producteur,0.1546
annélidologiste,Q38687772,écologiste,0.7627,activiste,0.1957,archiviste,0.1775
objet artificiel physique,Q8205328,officier,0.2911,relation publique,0.2426,policier,0.103
élément d'une collection ou d'une exposition,Q18593264,relation publique,0.2873,fonctionnaire,0.228,lecteur,0.1318
memorabilia,Q11989025,mere,0.2141,familier,0.168,mentor,0.1624
matériel militaire,Q18643213,publicitaire,0.4105,notaire,0.3643,secrétaire,0.2896
artiste visuel ou artiste visuelle,Q3391743,archiviste,0.3556,activiste,0.3172,secouriste,0.2301
bibliothécaire,Q182436,notaire,0.4332,publicitaire,0.3957,secrétaire,0.3443
musicologue,Q14915627,musicien,0.4529,psychologue,0.4298,écologiste,0.2347
professeur,Q121594,investisseur,0.3897,précurseur,0.2714,procureur,0.2329
médecin,Q39631,médecin,1.0,médiateur,0.146,voisin,0.0457
médecin,Q39631,médecin,1.0,médiateur,0.146,voisin,0.0457
informaticien ou informaticienne,Q82594,informaticien,0.9882,réformateur,0.2947,politicien,0.2734
chercheur ou chercheuse,Q1650915,archiviste,0.1748,ouvrier,0.1058,acteur,0.0897
chercheur ou chercheuse en sciences sociales,Q15319501,travailleur social,0.3971,acteurs sociaux,0.321,musicien,0.1212
théoricien ou théoricienne,Q18931911,musicien,0.5062,politicien,0.4511,technicien,0.4353
chercheur ou chercheuse,Q1650915,archiviste,0.1748,ouvrier,0.1058,acteur,0.0897
professionnel ou professionnelle,Q702269,procureur,0.2189,producteur,0.2184,fonctionnaire,0.2022
sauveteur,Q17126809,acteur,0.4339,auteur,0.374,lecteur,0.357
alpiniste,Q9149093,activiste,0.3698,archiviste,0.3355,secouriste,0.3339
artiste visuel ou artiste visuelle,Q3391743,archiviste,0.3556,activiste,0.3172,secouriste,0.2301
court appointment,Q1622925,mentor,0.2345,secouriste,0.193,client,0.1784
peintre,Q1028181,ancêtre,0.2667,entrepreneur,0.2507,mere,0.0778
coach maker,Q63973019,manager,0.2333,comptable,0.1133,consultant,0.1101
peintre,Q1028181,ancêtre,0.2667,entrepreneur,0.2507,mere,0.0778
artiste floral,Q96044701,archiviste,0.3385,activiste,0.2885,secouriste,0.2605
peintre,Q1028181,ancêtre,0.2667,entrepreneur,0.2507,mere,0.0778
peintre,Q1028181,ancêtre,0.2667,entrepreneur,0.2507,mere,0.0778
peintre,Q1028181,ancêtre,0.2667,entrepreneur,0.2507,mere,0.0778
ceramic painter,Q56312678,familier,0.1791,inventeur,0.128,partenaire,0.1106
peintre,Q1028181,ancêtre,0.2667,entrepreneur,0.2507,mere,0.0778
artiste visuel ou artiste visuelle,Q3391743,archiviste,0.3556,activiste,0.3172,secouriste,0.2301
amateur,Q455595,réformateur,0.4011,amant/e,0.2473,médiateur,0.2429
instrument à cordes frappées,Q3152898,mentor,0.224,inspecteur,0.1912,client,0.1704
instrument à clavier,Q52954,client,0.266,mentor,0.2286,inspecteur,0.1952
true board zithers with resonator box,Q4951628,mentor,0.3083,relation publique,0.1142,acteurs sociaux,0.0724
chanteur ou chanteuse,Q177220,inventeur,0.4251,acteur,0.1658,auteur,0.143
médecin interniste,Q15924224,médecin,0.8814,activiste,0.1649,archiviste,0.1496
médecin spécialiste,Q3332438,médecin,0.754,journaliste,0.3311,activiste,0.1411
agent de la force publique,Q6503343,agent de,0.6276,relation publique,0.5213,publicitaire,0.2462
chef de tribu,Q1259323,agent de,0.4079,traducteur,0.0882,guide spirituel,0.0743
personnalité politique,Q82955,politicien,0.5083,policier,0.2419,relation publique,0.1787
policier ou policière,Q384593,policier,0.9261,politicien,0.3633,officier,0.2039
Milicien,Q65274801,musicien,0.3729,politicien,0.3323,policier,0.3208
communist militiaman,Q117878403,familier,0.195,amant/e,0.1945,politicien,0.185
travailleur manuel,Q33394058,travailleur social,0.7406,manager,0.12,traducteur,0.1112
thérapeute,Q2419397,auteur,0.1969,cartographe,0.1176,hôte,0.1017
production audiovisuelle,Q21198548,producteur,0.596,fonctionnaire,0.1794,relation publique,0.1661
conseiller juridique,Q2135469,consultant,0.2381,juré,0.2042,relation publique,0.1846
Services juridiques de l'État,Q112684029,juré,0.2539,agent de,0.1955,syndiqué,0.1578
slaviste,Q15976341,activiste,0.5124,archiviste,0.4649,secouriste,0.2666
prestation musicale,Q6942562,musicien,0.4659,relation publique,0.2841,fonctionnaire,0.095
hip-hop,Q11401,guerrier,0.0,traducteur,0.0,spectateur,0.0
enseignant ou enseignante,Q37226,enseignant,0.9771,infirmier / soignant,0.2664,enfant,0.0992
militaire,Q47064,publicitaire,0.465,notaire,0.4127,secrétaire,0.328
guerrier,Q1250916,guerrier,1.0,ouvrier,0.2301,policier,0.0845
chevalier,Q102083,familier,0.4251,ouvrier,0.1591,policier,0.1585
participant à une émission de téléréalité,Q27658988,partenaire,0.2743,agent de,0.2046,politicien,0.1563
juge de concours,Q52008309,agent de,0.2117,consultant,0.1557,secouriste,0.1542
activité économique,Q8187769,activiste,0.5396,relation publique,0.2003,acteur,0.1736
jardinier,Q758780,ouvrier,0.3027,policier,0.3016,officier,0.2891
landscaping industry,Q98446778,inventeur,0.1751,inspecteur,0.1684,innovateur,0.1644
courtier d'assurances,Q285759,assureur,0.3962,secouriste,0.1554,ouvrier,0.1015
opérateur,Q1206110,médiateur,0.4137,fondateur,0.4097,spectateur,0.3858
broadcasting executive,Q28050438,activiste,0.1405,investisseur,0.1375,cultivateur / éleveur,0.0968
intervieweur,Q46034607,inventeur,0.348,inspecteur,0.1777,innovateur,0.1734
écologue aquatique,Q108369443,écologiste,0.4434,psychologue,0.4177,relation publique,0.2198
chercheur ou chercheuse en sciences sociales,Q15319501,travailleur social,0.3971,acteurs sociaux,0.321,musicien,0.1212
prêtre catholique de l'est,Q104053959,relation publique,0.2922,ancêtre,0.2694,agent de,0.1628
prêtre catholique,Q250867,relation publique,0.321,ancêtre,0.296,psychologue,0.0789
Eastern Catholic,Q117942801,policier,0.2662,avocat,0.1032,psychologue,0.074
évêque catholique,Q611644,relation publique,0.4001,psychologue,0.1079,avocat,0.0563
éparque,Q18246606,relation publique,0.2055,époux,0.1331,partenaire,0.0936
Eastern Catholic,Q117942801,policier,0.2662,avocat,0.1032,psychologue,0.074
historien ou historienne,Q201788,ouvrier,0.1787,musicien,0.1431,mentor,0.1408
physiologiste,Q2055046,écologiste,0.7667,activiste,0.1967,archiviste,0.1785
botaniste,Q2374149,activiste,0.3339,archiviste,0.3029,secouriste,0.3015
technicien des systèmes d'information,Q3323515,technicien,0.689,informaticien,0.5612,réformateur,0.2233
travailleur qualifié,Q1391083,travailleur social,0.7884,traducteur,0.1184,transporteur,0.099
danseur ou danseuse,Q5716684,précurseur,0.1886,investisseur,0.1699,aidant,0.1262
géographe,Q901402,cartographe,0.7031,philosophe,0.1283,guerrier,0.0
œuvre intellectuelle,Q15621286,lecteur,0.2186,guide spirituel,0.1367,inventeur,0.0996
information transfer,Q4350200,informaticien,0.5812,transporteur,0.2665,réformateur,0.2648
événement,Q1656682,mentor,0.3457,client,0.2631,agent de,0.2602
présentation,Q604733,relation publique,0.3737,précurseur,0.1585,fonctionnaire,0.125
psychologue clinicien,Q1113899,psychologue,0.8518,technicien,0.264,musicien,0.1924
neurobiologiste,Q6337803,écologiste,0.7353,activiste,0.1886,archiviste,0.1712
chirurgien ou chirurgienne,Q774306,musicien,0.1859,politicien,0.1657,technicien,0.1599
dentiste,Q27349,activiste,0.3171,archiviste,0.2877,secouriste,0.2863
plantsman,Q7201672,amant/e,0.2775,manager,0.1747,enfant,0.1188
horticulteur,Q3140857,cultivateur / éleveur,0.2649,adulte,0.2571,acteur,0.1853
défenseur des droits de l'Homme,Q1476215,défendeur,0.4674,agent de,0.2277,précurseur,0.14
laïc,Q726710,guerrier,0.0,traducteur,0.0,spectateur,0.0
ingénieur ou ingénieure,Q81096,inventeur,0.1874,inspecteur,0.1802,innovateur,0.1759
travailleur ou travailleuse de la connaissance,Q1914017,travailleur social,0.7496,traducteur,0.1078,fonctionnaire,0.0983
informaticien ou informaticienne,Q82594,informaticien,0.9882,réformateur,0.2947,politicien,0.2734
bibliothécaire,Q182436,notaire,0.4332,publicitaire,0.3957,secrétaire,0.3443
scientifique,Q901,relation publique,0.3032,client,0.1961,musicien,0.1323
polémiste,Q1642960,activiste,0.3222,archiviste,0.2923,secouriste,0.291
journaliste,Q1930187,journaliste,1.0,secouriste,0.1649,activiste,0.1505
éleveur,Q1368409,cultivateur / éleveur,0.6431,acteur,0.0537,auteur,0.0463
prêtre,Q42603,ancêtre,0.519,procureur,0.0673,producteur,0.0672
organisme,Q7239,guerrier,0.0,traducteur,0.0,spectateur,0.0
carnivore,Q81875,cartographe,0.2975,mere,0.0867,père,0.0867
zoophage,Q220314,agent de,0.1348,pharmacien,0.1214,manager,0.1199
profession,Q28640,procureur,0.2381,producteur,0.2375,relation publique,0.1975
slaviste,Q15976341,activiste,0.5124,archiviste,0.4649,secouriste,0.2666
généticien ou généticienne,Q3126128,politicien,0.5268,informaticien,0.4539,musicien,0.3694
paléontologue,Q1662561,psychologue,0.5701,écologiste,0.1417,mentor,0.0725
photographe professionnel,Q98084799,cartographe,0.6519,philosophe,0.1314,procureur,0.1099
illustrateur ou illustratrice,Q644687,médiateur,0.215,fondateur,0.2129,traducteur,0.2028
professeur d'éducation physique et sportive,Q2312637,relation publique,0.3897,transporteur,0.22,investisseur,0.1982
athlète,Q2066131,hôte,0.2343,adulte,0.182,activiste,0.1553
botaniste,Q2374149,activiste,0.3339,archiviste,0.3029,secouriste,0.3015
lexicographe,Q14972848,cartographe,0.6801,philosophe,0.1241,lecteur,0.0749
wikimédien ou wikimédienne,Q41546637,médiateur,0.3338,musicien,0.1383,politicien,0.1233
plucked instrument player,Q115246813,mentor,0.2596,inspecteur,0.2217,client,0.1976
torero,Q549322,mentor,0.2633,guerrier,0.0,juré,0.0
manager,Q2462658,manager,1.0,agent de,0.0548,amant/e,0.0485
journaliste,Q1930187,journaliste,1.0,secouriste,0.1649,activiste,0.1505
archevêque,Q49476,archiviste,0.4171,relation publique,0.152,psychologue,0.0521
patriarche,Q171692,archiviste,0.2819,partenaire,0.0936,philosophe,0.074
chanteur ou chanteuse,Q177220,inventeur,0.4251,acteur,0.1658,auteur,0.143
pop musician,Q102277154,musicien,0.7429,policier,0.0816,politicien,0.0707
être humain,Q5,ancêtre,0.519,témoin,0.0773,voisin,0.0773
participant à un concours de beauté,Q18581305,partenaire,0.2519,agent de,0.1879,consultant,0.1817
machine-outil,Q19768,manager,0.1395,archiviste,0.1193,pharmacien,0.1181
chercheur ou chercheuse,Q1650915,archiviste,0.1748,ouvrier,0.1058,acteur,0.0897
écologiste,Q3578589,écologiste,1.0,activiste,0.1594,archiviste,0.1446
environmental defender,Q101067779,défendeur,0.3655,mentor,0.2029,vendeur,0.1998
membre d'équipe de cinéma,Q17291399,agent de,0.2883,mere,0.169,citoyen,0.0902
chorégraphe,Q2490358,cartographe,0.6007,philosophe,0.1381,psychologue,0.0523
aviateur ou aviatrice,Q2095549,médiateur,0.4488,fondateur,0.1878,spectateur,0.1769
scientifique,Q901,relation publique,0.3032,client,0.1961,musicien,0.1323
enseignant ou enseignante,Q37226,enseignant,0.9771,infirmier / soignant,0.2664,enfant,0.0992
chef cuisinier ou chef cuisinière,Q3499072,voisin,0.3431,père,0.1752,ouvrier,0.1353
artisan,Q1294787,archiviste,0.1227,investisseur,0.1106,partenaire,0.1022
fonctionnaire,Q212238,fonctionnaire,1.0,partenaire,0.2162,notaire,0.1584
fonctionnaire,Q212238,fonctionnaire,1.0,partenaire,0.2162,notaire,0.1584
réalisateur ou réalisatrice,Q3455803,journaliste,0.2604,réformateur,0.2349,médiateur,0.1585
fonction,Q4164871,fonctionnaire,0.671,relation publique,0.197,fondateur,0.1348
responsable,Q1251441,comptable,0.4035,consultant,0.0672,transporteur,0.0644
motorsports competitor,Q30339659,comptable,0.2764,transporteur,0.2645,mentor,0.2427
écrivain ou écrivaine,Q36180,écologiste,0.1108,travailleur social,0.0853,cultivateur / éleveur,0.0847
guitariste,Q855091,secouriste,0.4118,activiste,0.2426,archiviste,0.2201
membre du groupe,Q52630241,mere,0.3958,mentor,0.193,père,0.1415
reine consort,Q719039,consultant,0.4164,transporteur,0.0683,comptable,0.0614
consort,Q5784340,consultant,0.4458,transporteur,0.0732,comptable,0.0657
écologiste,Q3578589,écologiste,1.0,activiste,0.1594,archiviste,0.1446
défenseur des droits de l'Homme,Q1476215,défendeur,0.4674,agent de,0.2277,précurseur,0.14
militant ou militante,Q15253558,consultant,0.2383,familier,0.2326,enfant,0.0938
boulanger ou boulangère,Q160131,père,0.3326,manager,0.248,ouvrier,0.1526
university head,Q108392111,guerrier,0.0,traducteur,0.0,spectateur,0.0
graveur ou graveuse d'estampes,Q11569986,cultivateur / éleveur,0.1997,travailleur social,0.1005,cartographe,0.0906
graveur ou graveuse sur métal,Q329439,cultivateur / éleveur,0.1955,travailleur social,0.1337,assureur,0.0952
évêque,Q29182,relation publique,0.2684,psychologue,0.0919,juré,0.0
clerc catholique,Q105200214,relation publique,0.376,psychologue,0.0925,client,0.0747
pasteur,Q352507,acteur,0.3004,auteur,0.259,lecteur,0.2472
prêtre,Q42603,ancêtre,0.519,procureur,0.0673,producteur,0.0672
femme,Q467,guerrier,0.0,traducteur,0.0,spectateur,0.0
musicien ou musicienne,Q639669,musicien,0.9799,politicien,0.2255,technicien,0.2176
agent,Q24229398,agent de,0.8893,client,0.1584,manager,0.0616
roller athlete,Q124020978,hôte,0.115,travailleur social,0.1137,adulte,0.0893
classe de profession par domaine,Q100529537,agent de,0.1984,partenaire,0.1591,procureur,0.1403
paraprofessional,Q7135767,partenaire,0.223,journaliste,0.0699,procureur,0.0685
auxiliaire de santé,Q55071047,notaire,0.2859,agent de,0.2467,secrétaire,0.2273
programmeur ou programmeuse,Q5482740,procureur,0.2541,producteur,0.2535,cartographe,0.23
software and applications developers and analysts,Q108289400,relation publique,0.1761,ancêtre,0.1723,fonctionnaire,0.1091
victime,Q1851760,activiste,0.2082,fonctionnaire,0.1622,guerrier,0.0
artisan,Q1294787,archiviste,0.1227,investisseur,0.1106,partenaire,0.1022
sculpteur sur bois ou autre matériau  naturel,Q1840507,auteur,0.3502,assureur,0.152,acteur,0.1446
travailleur du bois,Q15977971,travailleur social,0.8025,traducteur,0.1205,transporteur,0.1008
assurance qualité,Q836575,assureur,0.5949,ancêtre,0.0667,politicien,0.0599
responsable événementiel,Q1419997,comptable,0.3403,mentor,0.1934,consultant,0.0567
artisan,Q1294787,archiviste,0.1227,investisseur,0.1106,partenaire,0.1022
graveur ou graveuse sur métal,Q329439,cultivateur / éleveur,0.1955,travailleur social,0.1337,assureur,0.0952
artisan,Q1294787,archiviste,0.1227,investisseur,0.1106,partenaire,0.1022
travailleur du textile,Q66035178,travailleur social,0.7907,traducteur,0.1187,transporteur,0.0993
думны чын,Q2380392,guerrier,0.0,traducteur,0.0,spectateur,0.0
photographie,Q11633,cartographe,0.5956,philosophe,0.0962,pharmacien,0.0459
migrant,Q1932461,enfant,0.2209,aidant,0.2187,étudiant,0.1827
évêque,Q29182,relation publique,0.2684,psychologue,0.0919,juré,0.0
head of a diocese,Q112074151,officier,0.169,diplomate,0.1491,guerrier,0.0
aviateur ou aviatrice,Q2095549,médiateur,0.4488,fondateur,0.1878,spectateur,0.1769
biologiste,Q864503,écologiste,0.7881,activiste,0.2022,archiviste,0.1834
contrebandier,Q17176618,consultant,0.1874,banquier,0.1847,entrepreneur,0.172
guitariste,Q855091,secouriste,0.4118,activiste,0.2426,archiviste,0.2201
musicien ou musicienne de jazz,Q15981151,musicien,0.9589,politicien,0.2206,technicien,0.2129
cartomancien,Q22813360,cartographe,0.4209,musicien,0.2092,politicien,0.1865
chercheur ou chercheuse en sciences sociales,Q15319501,travailleur social,0.3971,acteurs sociaux,0.321,musicien,0.1212
chanteur ou chanteuse,Q177220,inventeur,0.4251,acteur,0.1658,auteur,0.143
auteur comique,Q12406482,auteur,0.7427,relation publique,0.2075,comptable,0.1338
écologue,Q15839134,écologiste,0.5256,psychologue,0.4607,guerrier,0.0431
biologiste marin,Q3640160,écologiste,0.7456,activiste,0.1913,archiviste,0.1736
aquatic scientist,Q110974141,informaticien,0.2925,client,0.2138,politicien,0.1946
historien ou historienne,Q201788,ouvrier,0.1787,musicien,0.1431,mentor,0.1408
joueur ou joueuse,Q4197743,joueur,0.9533,journaliste,0.1563,ouvrier,0.0403
érudit,Q20826540,éditeur,0.1939,étudiant,0.1608,traducteur,0.0
scientifique,Q901,relation publique,0.3032,client,0.1961,musicien,0.1323
personnalité politique,Q82955,politicien,0.5083,policier,0.2419,relation publique,0.1787
dirigeant sportif,Q26481809,transporteur,0.357,enfant,0.1286,aidant,0.1273
romaniste,Q2504617,activiste,0.3391,archiviste,0.3076,secouriste,0.3062
professeur,Q121594,investisseur,0.3897,précurseur,0.2714,procureur,0.2329
biologiste,Q864503,écologiste,0.7881,activiste,0.2022,archiviste,0.1834
réalisateur ou réalisatrice,Q3455803,journaliste,0.2604,réformateur,0.2349,médiateur,0.1585
fonctionnaire,Q212238,fonctionnaire,1.0,partenaire,0.2162,notaire,0.1584
propriétaire de biens,Q12794619,secrétaire,0.4561,notaire,0.3735,publicitaire,0.274
exploitant,Q13405326,consultant,0.3527,enfant,0.1621,aidant,0.1605
propriétaire terrien,Q1549283,secrétaire,0.4049,notaire,0.3316,guerrier,0.3061
lessor,Q15839238,lecteur,0.2087,mentor,0.1862,guerrier,0.0
sujet,Q830077,guerrier,0.0,traducteur,0.0,spectateur,0.0
participant,Q56512863,partenaire,0.3896,politicien,0.152,enfant,0.1341
défenseur des droits de l'Homme,Q1476215,défendeur,0.4674,agent de,0.2277,précurseur,0.14
socialisme,Q7272,travailleur social,0.4463,acteurs sociaux,0.3716,journaliste,0.1593
aviateur militaire,Q105550321,publicitaire,0.3735,notaire,0.3315,médiateur,0.3243
écrivain ou écrivaine,Q36180,écologiste,0.1108,travailleur social,0.0853,cultivateur / éleveur,0.0847
fonctionnaire,Q1328323,fonctionnaire,1.0,partenaire,0.2162,notaire,0.1584
arme,Q781132,archiviste,0.1461,pharmacien,0.1446,guerrier,0.0
haut fonctionnaire ou haute fonctionnaire,Q599151,fonctionnaire,0.9719,partenaire,0.2101,notaire,0.1539
diplomate,Q193391,diplomate,1.0,réformateur,0.0911,hôte,0.0337
fonctionnaire,Q212238,fonctionnaire,1.0,partenaire,0.2162,notaire,0.1584
chef ou cheffe d'orchestre,Q158852,ancêtre,0.2402,ouvrier,0.1087,archiviste,0.0897
directeur musical ou directrice musicale,Q1198887,musicien,0.5998,lecteur,0.2521,inspecteur,0.1958
consultant ou consultante,Q15978655,consultant,0.9775,enfant,0.056,aidant,0.0554
conseiller en affaires,Q16849727,consultant,0.2976,enseignant,0.1953,travailleur social,0.121
inspecteur général,Q2305417,inspecteur,0.9513,lecteur,0.3528,spectateur,0.3132
batteur ou batteuse,Q386854,acteur,0.2319,auteur,0.1999,lecteur,0.1908
musicien ou musicienne de jazz,Q15981151,musicien,0.9589,politicien,0.2206,technicien,0.2129
musicien ou musicienne de jazz,Q15981151,musicien,0.9589,politicien,0.2206,technicien,0.2129
pianiste,Q486748,activiste,0.3698,archiviste,0.3355,secouriste,0.3339
musicien ou musicienne de jazz,Q15981151,musicien,0.9589,politicien,0.2206,technicien,0.2129
trompettiste,Q12377274,activiste,0.3135,archiviste,0.2844,secouriste,0.2831
reporter,Q42909,transporteur,0.3875,entrepreneur,0.0636,partenaire,0.0597
cadreur,Q1208175,assureur,0.3648,procureur,0.3475,acteur,0.1048
journaliste,Q1930187,journaliste,1.0,secouriste,0.1649,activiste,0.1505
écrivain religieux,Q24262594,relation publique,0.1738,époux,0.0889,écologiste,0.0746
militant social,Q8359428,travailleur social,0.4401,acteurs sociaux,0.2838,consultant,0.1884
wali,Q4231368,journaliste,0.1937,guerrier,0.0,législateur,0.0
wāli,Q12087689,guerrier,0.0,traducteur,0.0,spectateur,0.0
grammairien,Q15991187,musicien,0.1792,politicien,0.1597,technicien,0.1541
joueur professionnel ou joueuse professionnelle,Q18536342,joueur,0.75,procureur,0.1549,producteur,0.1546
Lord,Q12552047,guerrier,0.0,traducteur,0.0,spectateur,0.0
bushi,Q1975935,guerrier,0.0,traducteur,0.0,spectateur,0.0
officier,Q189290,officier,1.0,policier,0.3283,musicien,0.0891
ministre du culte,Q1423891,adulte,0.3833,cultivateur / éleveur,0.2485,ancêtre,0.1529
botaniste,Q2374149,activiste,0.3339,archiviste,0.3029,secouriste,0.3015
pianiste,Q486748,activiste,0.3698,archiviste,0.3355,secouriste,0.3339
musicien ou musicienne de musique classique,Q81729632,musicien,0.843,relation publique,0.164,politicien,0.1636
musicologue,Q14915627,musicien,0.4529,psychologue,0.4298,écologiste,0.2347
fabricant d'instruments,Q2341443,mentor,0.2762,enfant,0.1675,aidant,0.1658
paraprofessional,Q7135767,partenaire,0.223,journaliste,0.0699,procureur,0.0685
peinture,Q3374341,assureur,0.1747,procureur,0.1664,père,0.1415
peinture,Q11629,assureur,0.1747,procureur,0.1664,père,0.1415
para-athlete,Q114414171,partenaire,0.3318,hôte,0.0858,adulte,0.0667
joueur de rugby,Q13415036,joueur,0.9001,agent de,0.1993,journaliste,0.1257
escrimeur,Q13381863,acteur,0.2759,cultivateur / éleveur,0.2414,auteur,0.2378
para-athlete,Q114414171,partenaire,0.3318,hôte,0.0858,adulte,0.0667
sémitologue,Q19361455,psychologue,0.593,écologiste,0.1474,citoyen,0.0691
archéologue,Q3621491,psychologue,0.4993,archiviste,0.2991,écologiste,0.1241
directeur ou directrice,Q1072363,lecteur,0.4729,inspecteur,0.3673,acteur,0.2853
écrivain ou écrivaine,Q36180,écologiste,0.1108,travailleur social,0.0853,cultivateur / éleveur,0.0847
consultant ou consultante,Q15978655,consultant,0.9775,enfant,0.056,aidant,0.0554
publicitaire,Q10355417,publicitaire,1.0,notaire,0.2812,relation publique,0.2302
historien ou historienne,Q201788,ouvrier,0.1787,musicien,0.1431,mentor,0.1408
maître des requêtes,Q1664236,ancêtre,0.2402,agent de,0.1179,manager,0.1049
personnalité liée au droit,Q57735705,journaliste,0.1937,fonctionnaire,0.1774,auteur,0.103
président ou présidente,Q30461,précurseur,0.2403,inventeur,0.1614,client,0.145
supérieur général,Q1337239,travailleur social,0.1358,bénévole,0.1183,acteur,0.1146
ordinaire,Q1638918,partenaire,0.5009,fonctionnaire,0.4316,notaire,0.367
acteur ou actrice de doublage,Q2405480,acteur,0.802,acteurs sociaux,0.3859,agent de,0.2239
directeur ou directrice,Q1162163,lecteur,0.4729,inspecteur,0.3673,acteur,0.2853
directeur ou directrice,Q1072363,lecteur,0.4729,inspecteur,0.3673,acteur,0.2853
modélisme,Q917912,journaliste,0.1937,guerrier,0.0,législateur,0.0
directeur ou directrice,Q1072363,lecteur,0.4729,inspecteur,0.3673,acteur,0.2853
écrivain ou écrivaine,Q36180,écologiste,0.1108,travailleur social,0.0853,cultivateur / éleveur,0.0847
diseur de bonne aventure,Q8011724,agent de,0.2614,inventeur,0.202,précurseur,0.1801
idéologie politique,Q12909644,politicien,0.5011,policier,0.2603,écologiste,0.2404
loyauté,Q1132131,auteur,0.3091,guerrier,0.0,spectateur,0.0
conseiller ou conseillère de rédaction,Q876864,consultant,0.3034,enseignant,0.1603,fonctionnaire,0.1341
rédacteur ou rédactrice,Q17351648,acteur,0.6259,acteurs sociaux,0.2875,lecteur,0.2557
col blanc,Q255274,ancêtre,0.1428,écologiste,0.1218,comptable,0.102
éditeur ou éditrice,Q1607826,éditeur,0.9304,médiateur,0.1344,acteur,0.0931
cartographe,Q1734662,cartographe,1.0,philosophe,0.0902,partenaire,0.0318
Internet user,Q115460164,inventeur,0.2592,infirmier / soignant,0.1118,inspecteur,0.0874
bénévole,Q24716636,bénévole,1.0,comptable,0.0376,guerrier,0.0
hobbyist,Q65720209,activiste,0.1748,archiviste,0.1586,secouriste,0.1578
qari,Q3595924,guerrier,0.0,traducteur,0.0,spectateur,0.0
concubine,Q2719946,consultant,0.2892,fonctionnaire,0.0906,comptable,0.0877
consort,Q5784340,consultant,0.4458,transporteur,0.0732,comptable,0.0657
mode de vie,Q32090,agent de,0.4313,guide spirituel,0.1214,guerrier,0.0
female lover,Q29949654,bénévole,0.1606,comptable,0.1506,ouvrier,0.102
administrateur ou administratrice de société,Q2824523,travailleur social,0.237,acteurs sociaux,0.2263,agent de,0.1687
charge élective,Q17279032,lecteur,0.2626,activiste,0.1984,cultivateur / éleveur,0.1963
éducateur ou éducatrice,Q974144,éditeur,0.2431,traducteur,0.1835,producteur,0.1817
athlète,Q11513337,hôte,0.2343,adulte,0.182,activiste,0.1553
peintre,Q1028181,ancêtre,0.2667,entrepreneur,0.2507,mere,0.0778
brodeur,Q1509440,vendeur,0.4098,défendeur,0.3413,producteur,0.178
maire,Q30185,notaire,0.4251,secrétaire,0.3379,partenaire,0.3343
officiel du sport,Q15986539,officier,0.6998,transporteur,0.2483,policier,0.083
sport de puissance,Q337979,transporteur,0.3246,agent de,0.2177,guide spirituel,0.0793
force basque,Q631306,relation publique,0.1926,banquier,0.0966,fondateur,0.0853
designer,Q5322166,agent de,0.179,infirmier / soignant,0.1351,enseignant,0.1131
artiste visuel ou artiste visuelle,Q3391743,archiviste,0.3556,activiste,0.3172,secouriste,0.2301
dessin,Q93184,voisin,0.3682,agent de,0.1406,témoin,0.0983
œuvre d’art,Q838948,partenaire,0.1765,ouvrier,0.165,père,0.1064
missionnaire,Q219477,fonctionnaire,0.6595,partenaire,0.307,notaire,0.2249
spécialiste de l'Asie de l'Est,Q84505214,journaliste,0.3615,agent de,0.3054,activiste,0.154
entraîneur sportif,Q41583,entrepreneur,0.4025,transporteur,0.3451,spectateur,0.0793
person associated with football,Q116763437,acteurs sociaux,0.2505,travailleur social,0.2133,assureur,0.1967
éthique de l'environnement,Q875686,agent de,0.3382,relation publique,0.2382,mentor,0.1797
protection de l'environnement,Q832237,agent de,0.2855,fonctionnaire,0.2504,relation publique,0.1953
maire en Turquie,Q99766277,notaire,0.303,secrétaire,0.2408,partenaire,0.2383
responsable,Q1251441,comptable,0.4035,consultant,0.0672,transporteur,0.0644
dirigeant,Q1097498,enfant,0.2209,aidant,0.2187,étudiant,0.1827
leader amérindien,Q62933979,musicien,0.1785,politicien,0.1591,technicien,0.1535
batteur ou batteuse,Q386854,acteur,0.2319,auteur,0.1999,lecteur,0.1908
rockeur,Q29017403,procureur,0.2864,acteur,0.1682,cultivateur / éleveur,0.1472
généticien ou généticienne,Q3126128,politicien,0.5268,informaticien,0.4539,musicien,0.3694
physicien ou physicienne,Q169470,musicien,0.6213,politicien,0.3222,technicien,0.3109
fonctionnaire,Q212238,fonctionnaire,1.0,partenaire,0.2162,notaire,0.1584
legal and related associate professionals,Q108290452,relation publique,0.28,travailleur social,0.1695,acteurs sociaux,0.1654
agent de la force publique,Q6503343,agent de,0.6276,relation publique,0.5213,publicitaire,0.2462
linguiste,Q14467526,activiste,0.3698,archiviste,0.3355,secouriste,0.3339
artiste,Q483501,archiviste,0.3646,activiste,0.3108,secouriste,0.2806
entraîneur sportif,Q41583,entrepreneur,0.4025,transporteur,0.3451,spectateur,0.0793
patineur ou patineuse à roulettes,Q61278580,entrepreneur,0.2179,partenaire,0.1066,informaticien,0.0805
prévôt,Q756215,précurseur,0.3415,procureur,0.1001,producteur,0.0998
pratiquant d'arts martiaux,Q11124885,acteurs sociaux,0.2885,enfant,0.1102,aidant,0.1091
chanteur ou chanteuse,Q177220,inventeur,0.4251,acteur,0.1658,auteur,0.143
conseiller général,Q3780304,consultant,0.3082,travailleur social,0.1671,enseignant,0.1628
thérapeute,Q2419397,auteur,0.1969,cartographe,0.1176,hôte,0.1017
professionnel ou professionnelle de la santé mentale,Q6817473,mentor,0.2379,procureur,0.1815,producteur,0.181
sport,Q349,transporteur,0.4391,spectateur,0.0721,guide spirituel,0.0536
médecin,Q39631,médecin,1.0,médiateur,0.146,voisin,0.0457
entomologiste,Q3055126,écologiste,0.6932,activiste,0.1778,archiviste,0.1613
journaliste de radio,Q24702769,journaliste,0.935,secouriste,0.1541,activiste,0.1407
chroniqueur ou chroniqueuse,Q1086863,joueur,0.3034,relation publique,0.2077,syndiqué,0.0842
ingénieur ou ingénieure,Q81096,inventeur,0.1874,inspecteur,0.1802,innovateur,0.1759
bromatologue,Q12304425,psychologue,0.5549,diplomate,0.1543,écologiste,0.138
juge,Q16533,juré,0.3333,traducteur,0.0,spectateur,0.0
activité,Q12737077,activiste,0.7447,acteur,0.2396,acteurs sociaux,0.1239
fonction,Q4164871,fonctionnaire,0.671,relation publique,0.197,fondateur,0.1348
religious professionals,Q108290376,relation publique,0.2273,procureur,0.2025,producteur,0.202
musicologue,Q14915627,musicien,0.4529,psychologue,0.4298,écologiste,0.2347
musicien ou musicienne,Q639669,musicien,0.9799,politicien,0.2255,technicien,0.2176
pilote de moto,Q3014296,agent de,0.3713,philosophe,0.094,hôte,0.077
terroriste,Q12414919,secouriste,0.4546,activiste,0.2678,archiviste,0.243
chercheur ou chercheuse en sciences sociales,Q15319501,travailleur social,0.3971,acteurs sociaux,0.321,musicien,0.1212
scientifique des matériaux,Q21329070,acteurs sociaux,0.2591,relation publique,0.2164,client,0.1399
artiste visuel ou artiste visuelle,Q3391743,archiviste,0.3556,activiste,0.3172,secouriste,0.2301
publicitaire,Q10355417,publicitaire,1.0,notaire,0.2812,relation publique,0.2302
journaliste de jeu vidéo,Q48375857,journaliste,0.9507,secouriste,0.1567,activiste,0.143
commentateur sportif,Q2986228,spectateur,0.3576,transporteur,0.3348,médiateur,0.166
diacre,Q161944,diplomate,0.139,médiateur,0.1332,étudiant,0.1253
archdeacon,Q99530891,archiviste,0.4383,consultant,0.0706,relation publique,0.0563
biologiste,Q864503,écologiste,0.7881,activiste,0.2022,archiviste,0.1834
directeur ou directrice,Q1162163,lecteur,0.4729,inspecteur,0.3673,acteur,0.2853
Inspection générale des monuments historiques,Q35309827,inspecteur,0.5426,relation publique,0.237,spectateur,0.1972
professionnel ou professionnelle de la santé,Q11974939,procureur,0.2055,producteur,0.205,fonctionnaire,0.1898
inspecteur général,Q2305417,inspecteur,0.9513,lecteur,0.3528,spectateur,0.3132
criminel ou criminelle,Q2159907,ouvrier,0.1278,bénévole,0.0935,comptable,0.0877
personnalité du monde des affaires,Q43845,fonctionnaire,0.2398,journaliste,0.1648,agent de,0.1413
ministre,Q83307,ancêtre,0.3254,père,0.0949,mere,0.0949
organe,Q895526,guerrier,0.0,traducteur,0.0,spectateur,0.0
directeur ou directrice,Q1162163,lecteur,0.4729,inspecteur,0.3673,acteur,0.2853
conseiller régional,Q27830328,consultant,0.2816,travailleur social,0.1526,enseignant,0.1487
compositeur ou compositrice,Q36834,comptable,0.447,éditeur,0.228,acteur,0.0978
réalisateur ou réalisatrice,Q3455803,journaliste,0.2604,réformateur,0.2349,médiateur,0.1585
musicien ou musicienne de jazz,Q15981151,musicien,0.9589,politicien,0.2206,technicien,0.2129
tromboniste,Q544972,activiste,0.3818,archiviste,0.3464,secouriste,0.3447
professionnel de l'information,Q1662485,informaticien,0.508,réformateur,0.2658,relation publique,0.25
personnel des archives,Q118877673,archiviste,0.6198,agent de,0.0679,investisseur,0.0466
militant social,Q8359428,travailleur social,0.4401,acteurs sociaux,0.2838,consultant,0.1884
gouverneur colonial,Q42953119,entrepreneur,0.1962,écologiste,0.1734,travailleur social,0.169
capitaine général,Q56923,publicitaire,0.2189,bénévole,0.0915,notaire,0.0796
chanteur ou chanteuse,Q177220,inventeur,0.4251,acteur,0.1658,auteur,0.143
fado musician,Q88821468,musicien,0.7358,familier,0.0601,étudiant,0.0601
historien ou historienne des sciences,Q16063546,musicien,0.2146,politicien,0.1912,technicien,0.1845
pédagogue,Q1231865,psychologue,0.4409,guerrier,0.0813,relation publique,0.0559
professeur ou professeure d'université,Q1622272,investisseur,0.3578,procureur,0.2553,précurseur,0.2326
juriste,Q16012028,secouriste,0.5493,juré,0.2839,activiste,0.2205
ouvrier,Q12713481,ouvrier,1.0,guerrier,0.2301,policier,0.0913
entrepreneur ou entrepreneuse,Q131524,entrepreneur,0.9808,inventeur,0.0404,ancêtre,0.0385
contracteur,Q15982656,acteur,0.6204,lecteur,0.2871,acteurs sociaux,0.2802
travailleur de la construction,Q811122,travailleur social,0.6331,consultant,0.1745,fonctionnaire,0.1419
salarié,Q703534,allié,0.2887,guerrier,0.0,législateur,0.0
ingénieur ou ingénieure,Q81096,inventeur,0.1874,inspecteur,0.1802,innovateur,0.1759
consultant ou consultante,Q15978655,consultant,0.9775,enfant,0.056,aidant,0.0554
fonctionnaire,Q212238,fonctionnaire,1.0,partenaire,0.2162,notaire,0.1584
fonctionnaire,Q212238,fonctionnaire,1.0,partenaire,0.2162,notaire,0.1584
fonctionnaire,Q212238,fonctionnaire,1.0,partenaire,0.2162,notaire,0.1584
travailleur ou travailleuse,Q327055,travailleur social,0.7999,traducteur,0.115,transporteur,0.0962
personnalité politique,Q82955,politicien,0.5083,policier,0.2419,relation publique,0.1787
chimiste,Q593644,archiviste,0.4339,activiste,0.3698,secouriste,0.3339
kenin,Q63473,voisin,0.2224,témoin,0.2224,médecin,0.2055
activité économique,Q8187769,activiste,0.5396,relation publique,0.2003,acteur,0.1736
maladie,Q12136,manager,0.2416,guerrier,0.0,législateur,0.0
Pathologie professionnelle,Q3368711,écologiste,0.2775,psychologue,0.2504,procureur,0.1338
cheminot,Q7063944,notaire,0.2618,traducteur,0.0,spectateur,0.0
illustrateur ou illustratrice,Q644687,médiateur,0.215,fondateur,0.2129,traducteur,0.2028
chanteur ou chanteuse,Q177220,inventeur,0.4251,acteur,0.1658,auteur,0.143
mobile salesperson,Q2548031,inspecteur,0.1172,spectateur,0.1153,bénévole,0.112
vil métier,Q2493023,ouvrier,0.2415,policier,0.2406,officier,0.2306
Other Sales Worker,Q108285720,ouvrier,0.1706,policier,0.17,manager,0.1647
dessinateur ou dessinatrice,Q15296811,médiateur,0.2049,fondateur,0.203,spectateur,0.1911
enseignant ou enseignante,Q37226,enseignant,0.9771,infirmier / soignant,0.2664,enfant,0.0992
érudit,Q20826540,éditeur,0.1939,étudiant,0.1608,traducteur,0.0
écologue,Q15839134,écologiste,0.5256,psychologue,0.4607,guerrier,0.0431
paléobiologiste,Q16037036,écologiste,0.7627,activiste,0.1957,archiviste,0.1775
artiste,Q483501,archiviste,0.3646,activiste,0.3108,secouriste,0.2806
col bleu,Q1191714,comptable,0.1927,écologiste,0.1048,consultant,0.0852
étudiant,Q2248623,étudiant,1.0,enfant,0.094,aidant,0.0931
scientifique,Q901,relation publique,0.3032,client,0.1961,musicien,0.1323
nhạc sĩ,Q109429537,guerrier,0.0,traducteur,0.0,spectateur,0.0
artiste,Q483501,archiviste,0.3646,activiste,0.3108,secouriste,0.2806
agent,Q24229398,agent de,0.8893,client,0.1584,manager,0.0616
rebelle,Q1125062,bénévole,0.1087,comptable,0.102,relation publique,0.0946
criminel ou criminelle,Q2159907,ouvrier,0.1278,bénévole,0.0935,comptable,0.0877
créateur ou créatrice,Q2500638,médiateur,0.2514,fondateur,0.249,spectateur,0.2344
prêtresse,Q6116659,ancêtre,0.3191,investisseur,0.0872,procureur,0.0774
anthropogéographe,Q60332470,cartographe,0.6694,philosophe,0.1221,ancêtre,0.0601
scientifique,Q901,relation publique,0.3032,client,0.1961,musicien,0.1323
animateur ou animatrice de télévision,Q947873,réformateur,0.2876,agent de,0.1673,médiateur,0.1538
inlay,Q1281067,inventeur,0.1751,inspecteur,0.1684,innovateur,0.1644
pilote,Q378622,philosophe,0.161,hôte,0.132,adulte,0.1025
pédagogue,Q1231865,psychologue,0.4409,guerrier,0.0813,relation publique,0.0559
éducateur ou éducatrice,Q974144,éditeur,0.2431,traducteur,0.1835,producteur,0.1817
officier subalterne,Q1156796,officier,0.9726,policier,0.3193,musicien,0.0867
enseignant ou enseignante,Q37226,enseignant,0.9771,infirmier / soignant,0.2664,enfant,0.0992
décorateur,Q22811707,médiateur,0.3188,fondateur,0.3158,spectateur,0.2973
Auxiliaire de justice,Q2135588,notaire,0.2568,agent de,0.2215,secrétaire,0.2041
commerçant,Q215536,comptable,0.2522,consultant,0.2022,enfant,0.1789
expert interdisciplinaire d'une région géographique,Q17135920,cartographe,0.3087,relation publique,0.2519,partenaire,0.2264
conseiller ou conseillère,Q2994387,consultant,0.3471,enseignant,0.1833,père,0.1189
scientifique,Q901,relation publique,0.3032,client,0.1961,musicien,0.1323
collectionneur scientifique,Q98544732,fonctionnaire,0.2882,relation publique,0.2537,lecteur,0.1907
restaurateur,Q2145981,médiateur,0.3188,fondateur,0.3158,spectateur,0.2973
restaurateur,Q2145981,médiateur,0.3188,fondateur,0.3158,spectateur,0.2973
directeur musical ou directrice musicale,Q1198887,musicien,0.5998,lecteur,0.2521,inspecteur,0.1958
illustrateur ou illustratrice,Q644687,médiateur,0.215,fondateur,0.2129,traducteur,0.2028
métier manuel,Q2207288,manager,0.2795,guide spirituel,0.1765,ouvrier,0.1284
processus,Q3249551,procureur,0.4845,producteur,0.2148,assureur,0.0942
nature photographer,Q12368980,cartographe,0.6559,philosophe,0.078,assureur,0.0477
auteur ou autrice de non-fiction,Q15980158,auteur,0.7176,fonctionnaire,0.1634,relation publique,0.1513
designer,Q5322166,agent de,0.179,infirmier / soignant,0.1351,enseignant,0.1131
artisan,Q1294787,archiviste,0.1227,investisseur,0.1106,partenaire,0.1022
musicien ou musicienne de jazz,Q15981151,musicien,0.9589,politicien,0.2206,technicien,0.2129
bassiste,Q584301,activiste,0.3339,archiviste,0.3029,secouriste,0.3015
musicien ou musicienne de jazz,Q15981151,musicien,0.9589,politicien,0.2206,technicien,0.2129
clarinettiste,Q118865,activiste,0.3339,archiviste,0.3029,secouriste,0.3015
musicien ou musicienne de jazz,Q15981151,musicien,0.9589,politicien,0.2206,technicien,0.2129
saxophoniste,Q12800682,activiste,0.3698,archiviste,0.3355,secouriste,0.3339
compositeur ou compositrice,Q36834,comptable,0.447,éditeur,0.228,acteur,0.0978
journaliste de jeu vidéo,Q48375857,journaliste,0.9507,secouriste,0.1567,activiste,0.143
critique,Q6430706,relation publique,0.3263,politicien,0.078,syndiqué,0.0661
manager,Q2462658,manager,1.0,agent de,0.0548,amant/e,0.0485
maître ou maîtresse de conférences,Q462390,agent de,0.1842,ancêtre,0.1804,consultant,0.1355
dessinateur ou dessinatrice,Q15296811,médiateur,0.2049,fondateur,0.203,spectateur,0.1911
thérapeute,Q2419397,auteur,0.1969,cartographe,0.1176,hôte,0.1017
producteur ou productrice de télévision,Q578109,producteur,0.8996,traducteur,0.2884,procureur,0.1455
clerk,Q5131856,client,0.2746,guerrier,0.0,traducteur,0.0
chauffeur de maître,Q216541,agent de,0.2969,ancêtre,0.2132,entrepreneur,0.1009
fonctionnaire,Q212238,fonctionnaire,1.0,partenaire,0.2162,notaire,0.1584
höherer Dienst,Q1643743,mere,0.1734,diplomate,0.1054,enseignant,0.1025
économie d’une région,Q100773131,écologiste,0.1963,relation publique,0.1441,réformateur,0.0679
pêcheur ou pêcheuse,Q331432,ouvrier,0.1983,acteur,0.1682,cultivateur / éleveur,0.1472
enseignant ou enseignante,Q37226,enseignant,0.9771,infirmier / soignant,0.2664,enfant,0.0992
entrepreneur ou entrepreneuse,Q131524,entrepreneur,0.9808,inventeur,0.0404,ancêtre,0.0385
industriel,Q6606110,ouvrier,0.1357,guerrier,0.1256,guide spirituel,0.1089
archevêque émérite,Q439103,archiviste,0.3973,relation publique,0.1344,éditeur,0.0816
graveur ou graveuse sur métal,Q329439,cultivateur / éleveur,0.1955,travailleur social,0.1337,assureur,0.0952
manager,Q2462658,manager,1.0,agent de,0.0548,amant/e,0.0485
écrivain ou écrivaine,Q36180,écologiste,0.1108,travailleur social,0.0853,cultivateur / éleveur,0.0847
folkloriste,Q3075052,secouriste,0.4897,activiste,0.2885,archiviste,0.2618
hobbyist,Q65720209,activiste,0.1748,archiviste,0.1586,secouriste,0.1578
profession agricole,Q19261760,bénévole,0.1958,procureur,0.1717,producteur,0.1712
agriculteur ou agricultrice,Q131512,cultivateur / éleveur,0.2678,adulte,0.2096,agent de,0.1234
professeur ou professeure d'université,Q1622272,investisseur,0.3578,procureur,0.2553,précurseur,0.2326
personnel académique,Q5428874,relation publique,0.3119,acteur,0.0901,syndiqué,0.0632
instructeur,Q777952,inspecteur,0.452,traducteur,0.4484,producteur,0.444
archéologue,Q3621491,psychologue,0.4993,archiviste,0.2991,écologiste,0.1241
orientaliste,Q1731155,journaliste,0.5182,activiste,0.2208,archiviste,0.2003
peintre,Q1028181,ancêtre,0.2667,entrepreneur,0.2507,mere,0.0778
maire,Q30185,notaire,0.4251,secrétaire,0.3379,partenaire,0.3343
personne,Q215627,fonctionnaire,0.1774,guerrier,0.0,traducteur,0.0
absence,Q19829125,guerrier,0.0,traducteur,0.0,spectateur,0.0
manager,Q2462658,manager,1.0,agent de,0.0548,amant/e,0.0485
arbitre sportif ou arbitre sportive,Q202648,transporteur,0.3527,ancêtre,0.1699,archiviste,0.0635
entraîneur sportif,Q41583,entrepreneur,0.4025,transporteur,0.3451,spectateur,0.0793
général,Q83460,bénévole,0.1549,travailleur social,0.1117,guerrier,0.0
haut fonctionnaire ou haute fonctionnaire,Q599151,fonctionnaire,0.9719,partenaire,0.2101,notaire,0.1539
fonction publique,Q294414,relation publique,0.63,fonctionnaire,0.4785,publicitaire,0.2311
auteur ou autrice de non-fiction,Q15980158,auteur,0.7176,fonctionnaire,0.1634,relation publique,0.1513
ingénieur des transports,Q12964993,transporteur,0.8379,traducteur,0.1349,inspecteur,0.0958
ingénieur civil,Q13582652,inventeur,0.1566,inspecteur,0.1506,innovateur,0.147
firme,Q4830453,infirmier / soignant,0.273,guerrier,0.0,législateur,0.0
hands-on learning,Q11327083,lecteur,0.2087,relation publique,0.1127,guerrier,0.0
médecin,Q39631,médecin,1.0,médiateur,0.146,voisin,0.0457
médecin de premier recours,Q55379489,médecin,0.6936,secouriste,0.1968,agent de,0.1287
prestataire de soins,Q55645123,notaire,0.3564,secrétaire,0.2833,publicitaire,0.2614
gamer,Q5276395,mere,0.2868,ouvrier,0.0961,policier,0.0957
stratège,Q7621877,traducteur,0.1952,transporteur,0.1633,travailleur social,0.1348
gouvernement,Q7188,mentor,0.3083,client,0.2346,agent de,0.2321
organisation,Q43229,relation publique,0.4603,fonctionnaire,0.154,informaticien,0.0538
président ou présidente,Q140686,précurseur,0.2403,inventeur,0.1614,client,0.145
secretaries (general),Q108289635,secrétaire,0.3967,secouriste,0.1785,agent de,0.094
personnalité liée au droit,Q57735705,journaliste,0.1937,fonctionnaire,0.1774,auteur,0.103
fonctionnaire,Q212238,fonctionnaire,1.0,partenaire,0.2162,notaire,0.1584
intervenant d'urgence,Q19693316,enseignant,0.2842,infirmier / soignant,0.2477,inventeur,0.1955
specialised journalism,Q1391316,journaliste,0.7263,spectateur,0.1944,joueur,0.1163
special interest journalism,Q1262864,journaliste,0.6538,spectateur,0.2009,travailleur social,0.1537
visualisation,Q451553,relation publique,0.381,journaliste,0.1665,fonctionnaire,0.1275
chef religieux,Q15995642,relation publique,0.2441,époux,0.1249,acteurs sociaux,0.0792
zoologiste des invertébrés,Q108614246,écologiste,0.669,inventeur,0.2485,investisseur,0.1943
éditeur ou éditrice,Q2516866,éditeur,0.9304,médiateur,0.1344,acteur,0.0931
éditeur ou éditrice,Q1607826,éditeur,0.9304,médiateur,0.1344,acteur,0.0931
inspecteur,Q27214348,inspecteur,1.0,lecteur,0.3709,spectateur,0.3292
soldat,Q4991371,avocat,0.1563,fondateur,0.145,acteurs sociaux,0.0818
guérisseur,Q2518689,investisseur,0.5126,précurseur,0.1938,acteur,0.0642
médecin,Q39631,médecin,1.0,médiateur,0.146,voisin,0.0457
maire,Q382617,notaire,0.4251,secrétaire,0.3379,partenaire,0.3343
dirigeant sportif,Q26481809,transporteur,0.357,enfant,0.1286,aidant,0.1273
chef religieux,Q15995642,relation publique,0.2441,époux,0.1249,acteurs sociaux,0.0792
charpentier,Q154549,ouvrier,0.2096,policier,0.2088,officier,0.2002
combattant,Q1414937,consultant,0.3937,comptable,0.2151,enfant,0.1526
paramilitary,Q117804716,familier,0.4118,partenaire,0.1862,politicien,0.0651
soldat volontaire,Q1454940,notaire,0.4384,secrétaire,0.3485,publicitaire,0.3216
professeur ou professeure d'université,Q1622272,investisseur,0.3578,procureur,0.2553,précurseur,0.2326
professorat,Q81752537,procureur,0.2954,producteur,0.2947,avocat,0.14
avocat ou avocate en droit criminel,Q512345,avocat,0.9299,diplomate,0.0543,ouvrier,0.0334
Services juridiques de l'État,Q112684029,juré,0.2539,agent de,0.1955,syndiqué,0.1578
procureur ou procureure,Q600751,procureur,0.9776,assureur,0.289,producteur,0.1418
amateur actor,Q1800680,acteur,0.3538,réformateur,0.3161,mentor,0.2136
médecin,Q39631,médecin,1.0,médiateur,0.146,voisin,0.0457
data manager,Q48357783,manager,0.972,fondateur,0.0562,agent de,0.0533
conseiller municipal,Q15113603,consultant,0.2844,travailleur social,0.1541,enseignant,0.1502
moine ou moniale,Q733786,témoin,0.3236,ouvrier,0.1036,bénévole,0.0758
ascète,Q779458,assureur,0.1969,hôte,0.132,adulte,0.1025
conseiller municipal,Q15113603,consultant,0.2844,travailleur social,0.1541,enseignant,0.1502
extraordinary professor,Q32391314,procureur,0.2681,producteur,0.2675,mentor,0.1296
professeur,Q73536659,investisseur,0.3897,précurseur,0.2714,procureur,0.2329
herpétologiste,Q16271064,écologiste,0.7881,activiste,0.2022,archiviste,0.1834
paléontologue,Q1662561,psychologue,0.5701,écologiste,0.1417,mentor,0.0725
chanteur ou chanteuse,Q177220,inventeur,0.4251,acteur,0.1658,auteur,0.143
soul musician,Q105652947,musicien,0.7429,acteurs sociaux,0.0774,travailleur social,0.0659
criminel ou criminelle,Q2159907,ouvrier,0.1278,bénévole,0.0935,comptable,0.0877
tuteur ou tutrice,Q901222,auteur,0.5903,acteur,0.2246,lecteur,0.1848
éducateur ou éducatrice,Q974144,éditeur,0.2431,traducteur,0.1835,producteur,0.1817
patineur inline,Q50259293,entrepreneur,0.2696,inventeur,0.1104,inspecteur,0.1062
joueur professionnel ou joueuse professionnelle,Q18536342,joueur,0.75,procureur,0.1549,producteur,0.1546
activité,Q1914636,activiste,0.7447,acteur,0.2396,acteurs sociaux,0.1239
œuvre,Q386724,ouvrier,0.2068,père,0.1333,mere,0.1333
ingénieur ou ingénieure,Q81096,inventeur,0.1874,inspecteur,0.1802,innovateur,0.1759
Landessuperintendent,Q121144378,vendeur,0.2844,défendeur,0.2369,client,0.1649
acteur ou actrice,Q33999,acteur,0.9123,acteurs sociaux,0.4389,activiste,0.2541
auteur ou autrice de bande dessinée,Q715301,auteur,0.7176,agent de,0.2187,banquier,0.1172
avocat ou avocate,Q40348,avocat,0.9493,diplomate,0.0554,ouvrier,0.0341
ministère,Q192350,père,0.4697,mere,0.0949,frère/socur,0.0927
athlète,Q2066131,hôte,0.2343,adulte,0.182,activiste,0.1553
joueur professionnel ou joueuse professionnelle,Q18536342,joueur,0.75,procureur,0.1549,producteur,0.1546
ingénieur en informatique,Q10272926,informaticien,0.6893,réformateur,0.3206,relation publique,0.1977
chef d'État,Q48352,avocat,0.1491,spectateur,0.1302,secrétaire,0.1201
monarque,Q116,relation publique,0.2684,psychologue,0.0919,juré,0.0
chef religieux,Q15995642,relation publique,0.2441,époux,0.1249,acteurs sociaux,0.0792
travailleur ou travailleuse,Q327055,travailleur social,0.7999,traducteur,0.115,transporteur,0.0962
artisan,Q1294787,archiviste,0.1227,investisseur,0.1106,partenaire,0.1022
danseur ou danseuse,Q5716684,précurseur,0.1886,investisseur,0.1699,aidant,0.1262
fabricant d'instruments,Q2341443,mentor,0.2762,enfant,0.1675,aidant,0.1658
fabricant d'instruments,Q2341443,mentor,0.2762,enfant,0.1675,aidant,0.1658
fabricant d'instruments,Q2341443,mentor,0.2762,enfant,0.1675,aidant,0.1658
fabricant d'instruments,Q2341443,mentor,0.2762,enfant,0.1675,aidant,0.1658
fabricant d'instruments,Q2341443,mentor,0.2762,enfant,0.1675,aidant,0.1658
fabricant d'instruments,Q2341443,mentor,0.2762,enfant,0.1675,aidant,0.1658
fabricant d'instruments,Q2341443,mentor,0.2762,enfant,0.1675,aidant,0.1658
fabricant d'instruments,Q2341443,mentor,0.2762,enfant,0.1675,aidant,0.1658
fabricant d'instruments,Q2341443,mentor,0.2762,enfant,0.1675,aidant,0.1658
fabricant d'instruments,Q2341443,mentor,0.2762,enfant,0.1675,aidant,0.1658
fabricant d'instruments,Q2341443,mentor,0.2762,enfant,0.1675,aidant,0.1658
fonctionnaire,Q212238,fonctionnaire,1.0,partenaire,0.2162,notaire,0.1584
fabricant d'instruments d'optique,Q66060346,relation publique,0.2635,mentor,0.1987,enfant,0.1206
entrepreneur ou entrepreneuse,Q131524,entrepreneur,0.9808,inventeur,0.0404,ancêtre,0.0385
personnalité du monde des affaires,Q43845,fonctionnaire,0.2398,journaliste,0.1648,agent de,0.1413
plucked necked box lute,Q57306162,auteur,0.2554,hôte,0.132,adulte,0.1025
"long, thin object",Q113519195,lecteur,0.1781,voisin,0.1572,témoin,0.1572
commerçant,Q215536,comptable,0.2522,consultant,0.2022,enfant,0.1789
commerçant,Q7501153,comptable,0.2522,consultant,0.2022,enfant,0.1789
artisan,Q1294787,archiviste,0.1227,investisseur,0.1106,partenaire,0.1022
fonctionnaire,Q212238,fonctionnaire,1.0,partenaire,0.2162,notaire,0.1584
juriste,Q185351,secouriste,0.5493,juré,0.2839,activiste,0.2205
auteur ou autrice de non-fiction,Q15980158,auteur,0.7176,fonctionnaire,0.1634,relation publique,0.1513
écrivain ou écrivaine,Q36180,écologiste,0.1108,travailleur social,0.0853,cultivateur / éleveur,0.0847
célébrité,Q211236,guide spirituel,0.1678,traducteur,0.0,spectateur,0.0
archéologue,Q3621491,psychologue,0.4993,archiviste,0.2991,écologiste,0.1241
géologue,Q520549,psychologue,0.619,écologiste,0.1539,guerrier,0.0579
militant ou militante pour les droits LGBTI,Q19509201,consultant,0.2186,familier,0.2134,pourvoyeur,0.1761
infirmière ou infirmier,Q186360,infirmier / soignant,0.6878,informaticien,0.1001,père,0.0971
administrateur,Q16532929,médiateur,0.309,fondateur,0.3061,spectateur,0.2882
biologiste,Q864503,écologiste,0.7881,activiste,0.2022,archiviste,0.1834
informaticien ou informaticienne,Q82594,informaticien,0.9882,réformateur,0.2947,politicien,0.2734
chanteur ou chanteuse,Q177220,inventeur,0.4251,acteur,0.1658,auteur,0.143
musicien ou musicienne de jazz,Q15981151,musicien,0.9589,politicien,0.2206,technicien,0.2129
inspecteur,Q27214348,inspecteur,1.0,lecteur,0.3709,spectateur,0.3292
témoin,Q196939,témoin,1.0,voisin,0.0494,médecin,0.0457
expert,Q381160,guerrier,0.0,traducteur,0.0,spectateur,0.0
organiste,Q765778,activiste,0.4206,archiviste,0.3816,secouriste,0.3798
musicien d'église,Q355493,musicien,0.9719,politicien,0.256,technicien,0.2471
musicien ou musicienne de jazz,Q15981151,musicien,0.9589,politicien,0.2206,technicien,0.2129
organiste,Q765778,activiste,0.4206,archiviste,0.3816,secouriste,0.3798
percussionniste,Q4351403,activiste,0.3108,archiviste,0.2819,secouriste,0.2806
blogueur ou blogueuse,Q8246794,psychologue,0.3816,joueur,0.2399,guerrier,0.0704
célébrité d'internet,Q2045208,inventeur,0.1685,guide spirituel,0.1187,diplomate,0.0
créateur ou créatrice de contenu,Q109459317,agent de,0.195,médiateur,0.1792,fondateur,0.1775
créateur ou créatrice numérique,Q111263847,relation publique,0.2451,médiateur,0.1919,fondateur,0.1901
posteur ou posteuse,Q111651501,acteur,0.2141,auteur,0.1846,lecteur,0.1762
actrice,Q21169216,acteur,0.53,activiste,0.3366,acteurs sociaux,0.2742
acteur ou actrice pornographique,Q488111,acteur,0.6244,acteurs sociaux,0.3004,cartographe,0.2904
building finishers and related trades workers,Q108289663,relation publique,0.3111,traducteur,0.262,législateur,0.1046
mental health counselor,Q6817463,mentor,0.5281,mere,0.0906,secouriste,0.0642
courtier,Q160117,secouriste,0.2502,ouvrier,0.1633,policier,0.1627
personne morale,Q155076,bénévole,0.1351,fonctionnaire,0.1309,comptable,0.1268
homosexualité,Q6636,politicien,0.1527,journaliste,0.137,guerrier,0.0
identité LGBT+,Q115870510,guide spirituel,0.1331,client,0.1283,agent de,0.1269
gynéphilie,Q1558475,familier,0.2672,philosophe,0.242,client,0.095
saphisme,Q25447263,philosophe,0.1378,cartographe,0.1305,guerrier,0.0
fonctionnaire,Q212238,fonctionnaire,1.0,partenaire,0.2162,notaire,0.1584
haut fonctionnaire ou haute fonctionnaire,Q599151,fonctionnaire,0.9719,partenaire,0.2101,notaire,0.1539
propriétaire terrien,Q1483709,secrétaire,0.4049,notaire,0.3316,guerrier,0.3061
agriculteur ou agricultrice,Q131512,cultivateur / éleveur,0.2678,adulte,0.2096,agent de,0.1234
dirigeant sportif,Q26481809,transporteur,0.357,enfant,0.1286,aidant,0.1273
géomètre,Q294126,ancêtre,0.3647,mere,0.1064,père,0.1064
anthropologue,Q4773904,psychologue,0.563,écologiste,0.1399,ancêtre,0.0654
universitaire,Q3400985,publicitaire,0.5629,notaire,0.4995,secrétaire,0.397
cuisine européenne,Q579316,voisin,0.3817,cultivateur / éleveur,0.1065,acteur,0.0341
athlète,Q2066131,hôte,0.2343,adulte,0.182,activiste,0.1553
pratiquant d'arts martiaux,Q11124885,acteurs sociaux,0.2885,enfant,0.1102,aidant,0.1091
budoka,Q1552832,guerrier,0.0,traducteur,0.0,spectateur,0.0
travailleur ou travailleuse,Q327055,travailleur social,0.7999,traducteur,0.115,transporteur,0.0962
travailleur ou travailleuse de la connaissance,Q1914017,travailleur social,0.7496,traducteur,0.1078,fonctionnaire,0.0983
calligraphe,Q3303330,cartographe,0.5863,allié,0.2199,philosophe,0.1241
ingénieur civil,Q13582652,inventeur,0.1566,inspecteur,0.1506,innovateur,0.147
universitaire,Q66666685,publicitaire,0.5629,notaire,0.4995,secrétaire,0.397
parlement,Q35749,mentor,0.2597,partenaire,0.2353,client,0.1977
érudit,Q20826540,éditeur,0.1939,étudiant,0.1608,traducteur,0.0
astronome,Q11063,assureur,0.2383,guerrier,0.0,frère/socur,0.0
chimiste,Q593644,archiviste,0.4339,activiste,0.3698,secouriste,0.3339
collectionneur ou collectionneuse,Q3243461,fonctionnaire,0.3723,lecteur,0.2245,entrepreneur,0.1059
élu ou élue,Q16060143,cultivateur / éleveur,0.1299,ouvrier,0.1036,psychologue,0.064
président ou présidente,Q30461,précurseur,0.2403,inventeur,0.1614,client,0.145
athlète,Q2066131,hôte,0.2343,adulte,0.182,activiste,0.1553
joueur ou joueuse,Q4197743,joueur,0.9533,journaliste,0.1563,ouvrier,0.0403
joueur de billard,Q18544928,joueur,0.8714,agent de,0.1929,journaliste,0.1217
musicien ou musicienne,Q639669,musicien,0.9799,politicien,0.2255,technicien,0.2176
chanteur ou chanteuse,Q177220,inventeur,0.4251,acteur,0.1658,auteur,0.143
musicien de country,Q66763670,musicien,0.8662,politicien,0.2282,technicien,0.2202
militant ou militante politique,Q11499147,politicien,0.3756,consultant,0.1885,familier,0.1841
technicien ou technicienne,Q5352191,technicien,0.9852,musicien,0.2158,politicien,0.1923
bibliste,Q19829990,journaliste,0.4613,activiste,0.2885,archiviste,0.2618
juge,Q16533,juré,0.3333,traducteur,0.0,spectateur,0.0
lord-maire,Q11902879,notaire,0.4834,secrétaire,0.3842,partenaire,0.3802
réalisateur ou réalisatrice,Q3455803,journaliste,0.2604,réformateur,0.2349,médiateur,0.1585
chimiste,Q593644,archiviste,0.4339,activiste,0.3698,secouriste,0.3339
scientifique de l'environnement,Q16529590,agent de,0.3421,client,0.2616,relation publique,0.2143
chimiste,Q593644,archiviste,0.4339,activiste,0.3698,secouriste,0.3339
scientifique numéricien,Q5157338,musicien,0.3895,politicien,0.3471,technicien,0.335
épidémiologiste,Q13416803,écologiste,0.7627,activiste,0.1957,archiviste,0.1775
psychiatre,Q211346,psychologue,0.4569,ancêtre,0.1517,médiateur,0.0663
athlète,Q2066131,hôte,0.2343,adulte,0.182,activiste,0.1553
cadre dirigeant ou cadre dirigeante,Q978044,enfant,0.1253,aidant,0.124,diplomate,0.1182
administrateur académique,Q21281706,relation publique,0.2649,acteur,0.2303,médiateur,0.2074
pilote de moto-cross,Q12327806,agent de,0.3713,philosophe,0.094,hôte,0.077
sauveteur,Q17126809,acteur,0.4339,auteur,0.374,lecteur,0.357
écrivain ou écrivaine,Q36180,écologiste,0.1108,travailleur social,0.0853,cultivateur / éleveur,0.0847
historien ou historienne,Q201788,ouvrier,0.1787,musicien,0.1431,mentor,0.1408
écrivain ou écrivaine,Q36180,écologiste,0.1108,travailleur social,0.0853,cultivateur / éleveur,0.0847
artisan,Q1294787,archiviste,0.1227,investisseur,0.1106,partenaire,0.1022
danseur ou danseuse,Q5716684,précurseur,0.1886,investisseur,0.1699,aidant,0.1262
athlète,Q2066131,hôte,0.2343,adulte,0.182,activiste,0.1553
modéliste,Q3501317,journaliste,0.4905,activiste,0.3067,archiviste,0.2783
organe,Q895526,guerrier,0.0,traducteur,0.0,spectateur,0.0
panel,Q938236,partenaire,0.1456,guide spirituel,0.1187,guerrier,0.0
domaine d'activité,Q627436,activiste,0.6172,acteur,0.0859,diplomate,0.0694
personne du monde du divertissement,Q138858,investisseur,0.2929,agent de,0.1939,mentor,0.1786
artiste interprète,Q713200,archiviste,0.3324,activiste,0.2913,secouriste,0.263
chanteur de rock,Q104218554,inventeur,0.3586,agent de,0.2596,acteur,0.177
musicien de heavy metal,Q67200506,musicien,0.8859,politicien,0.2334,technicien,0.2252
rockeur,Q29017403,procureur,0.2864,acteur,0.1682,cultivateur / éleveur,0.1472
peintre,Q1028181,ancêtre,0.2667,entrepreneur,0.2507,mere,0.0778
historien ou historienne,Q201788,ouvrier,0.1787,musicien,0.1431,mentor,0.1408
entraîneur sportif,Q41583,entrepreneur,0.4025,transporteur,0.3451,spectateur,0.0793
travailleur du textile,Q66035178,travailleur social,0.7907,traducteur,0.1187,transporteur,0.0993
chercheur ou chercheuse en sciences sociales,Q15319501,travailleur social,0.3971,acteurs sociaux,0.321,musicien,0.1212
designer,Q5322166,agent de,0.179,infirmier / soignant,0.1351,enseignant,0.1131
juriste,Q185351,secouriste,0.5493,juré,0.2839,activiste,0.2205
courtisan,Q1511216,secouriste,0.2626,investisseur,0.0872,comptable,0.0804
chef religieux,Q15995642,relation publique,0.2441,époux,0.1249,acteurs sociaux,0.0792
clerc musulman,Q105275968,musicien,0.3009,client,0.1137,manager,0.0836
juriste,Q185351,secouriste,0.5493,juré,0.2839,activiste,0.2205
business or financial occupation,Q28364495,relation publique,0.3049,travailleur social,0.2114,fonctionnaire,0.102
rockeur,Q29017403,procureur,0.2864,acteur,0.1682,cultivateur / éleveur,0.1472
guitariste,Q855091,secouriste,0.4118,activiste,0.2426,archiviste,0.2201
directeur ou directrice,Q1162163,lecteur,0.4729,inspecteur,0.3673,acteur,0.2853
administrateur,Q16532929,médiateur,0.309,fondateur,0.3061,spectateur,0.2882
magistrat romain,Q20778343,écologiste,0.1897,avocat,0.0984,manager,0.0921
acteur ou actrice,Q33999,acteur,0.9123,acteurs sociaux,0.4389,activiste,0.2541
artiste interprète,Q713200,archiviste,0.3324,activiste,0.2913,secouriste,0.263
professionnel des musées,Q47090899,musicien,0.2272,procureur,0.1703,producteur,0.1699
muséologue,Q10333969,psychologue,0.5496,musicien,0.193,écologiste,0.1366
généticien ou généticienne,Q3126128,politicien,0.5268,informaticien,0.4539,musicien,0.3694
physiologiste,Q2055046,écologiste,0.7667,activiste,0.1967,archiviste,0.1785
producteur de disques,Q183945,producteur,0.8951,traducteur,0.3755,acteur,0.2242
infirmière ou infirmier,Q186360,infirmier / soignant,0.6878,informaticien,0.1001,père,0.0971
bénéficiaire,Q2596417,bénévole,0.3682,notaire,0.25,publicitaire,0.2103
mariée,Q353673,manager,0.2416,guerrier,0.0,législateur,0.0
djihadiste,Q21512362,activiste,0.4206,archiviste,0.3816,secouriste,0.3798
œuvre littéraire,Q7725634,notaire,0.3888,secrétaire,0.3091,partenaire,0.3059
fonctionnaire,Q212238,fonctionnaire,1.0,partenaire,0.2162,notaire,0.1584
collectionneur ou collectionneuse,Q3243461,fonctionnaire,0.3723,lecteur,0.2245,entrepreneur,0.1059
other personal services workers,Q108289646,journaliste,0.0934,acteurs sociaux,0.0895,secrétaire,0.0838
aviation,Q765633,relation publique,0.4134,fonctionnaire,0.1383,avocat,0.0803
sport aérien,Q644628,transporteur,0.3756,musicien,0.1323,politicien,0.1179
capitaine de navire,Q849424,publicitaire,0.293,agent de,0.2688,notaire,0.2167
ingénieur du son,Q128124,inventeur,0.1595,inspecteur,0.1534,innovateur,0.1497
chasseur ou chasseresse,Q1714828,investisseur,0.3365,précurseur,0.1429,assureur,0.1378
enseignant ou enseignante,Q37226,enseignant,0.9771,infirmier / soignant,0.2664,enfant,0.0992
rock guitarist,Q67378332,secouriste,0.1954,guide spirituel,0.1746,procureur,0.0833
musicien de heavy metal,Q67200506,musicien,0.8859,politicien,0.2334,technicien,0.2252
batteur de rock,Q62974259,agent de,0.3068,acteur,0.2091,auteur,0.1803
musicien de heavy metal,Q67200506,musicien,0.8859,politicien,0.2334,technicien,0.2252
ancient Near Eastern scholar,Q110042402,client,0.3495,ancêtre,0.2073,psychologue,0.1596
maire,Q30185,notaire,0.4251,secrétaire,0.3379,partenaire,0.3343
professionnel de l'informatique,Q5157565,informaticien,0.5363,réformateur,0.2806,relation publique,0.2111
physicien ou physicienne,Q169470,musicien,0.6213,politicien,0.3222,technicien,0.3109
consultant ou consultante,Q15978655,consultant,0.9775,enfant,0.056,aidant,0.0554
pseudo-scientifique,Q22082749,relation publique,0.276,client,0.1785,musicien,0.1205
sociologue,Q2306091,psychologue,0.5177,acteurs sociaux,0.2227,travailleur social,0.1896
formation social,Q1641112,travailleur social,0.3728,informaticien,0.3346,réformateur,0.2758
custodian,Q115641683,étudiant,0.3292,médiateur,0.1032,cultivateur / éleveur,0.0801
consommateur,Q22855,réformateur,0.3473,consultant,0.3463,médiateur,0.2103
patient,Q181600,client,0.4859,agent de,0.205,informaticien,0.1023
professionnel ou professionnelle de la santé mentale,Q6817473,mentor,0.2379,procureur,0.1815,producteur,0.181
conseiller,Q69945363,consultant,0.3323,enseignant,0.1755,travailleur social,0.1351
professionnel ou professionnelle de la santé,Q11974939,procureur,0.2055,producteur,0.205,fonctionnaire,0.1898
designer,Q5322166,agent de,0.179,infirmier / soignant,0.1351,enseignant,0.1131
prédicateur laïc,Q3408848,médiateur,0.3324,fondateur,0.2561,précurseur,0.2508
prédicateur,Q432386,médiateur,0.3324,fondateur,0.2561,précurseur,0.2508
directeur ou directrice,Q1072363,lecteur,0.4729,inspecteur,0.3673,acteur,0.2853
conseiller ou conseillère,Q2994387,consultant,0.3471,enseignant,0.1833,père,0.1189
évêque,Q29182,relation publique,0.2684,psychologue,0.0919,juré,0.0
métier militaire,Q6857706,publicitaire,0.4276,notaire,0.3795,secrétaire,0.3016
évêque luthérien,Q94939480,relation publique,0.1956,musicien,0.175,politicien,0.156
dessinateur ou dessinatrice,Q15296811,médiateur,0.2049,fondateur,0.203,spectateur,0.1911
artisan,Q1294787,archiviste,0.1227,investisseur,0.1106,partenaire,0.1022
monarque,Q116,relation publique,0.2684,psychologue,0.0919,juré,0.0
propriété foncière,Q975783,fonctionnaire,0.3316,père,0.2499,fondateur,0.1879
objet géographique,Q618123,cartographe,0.4197,relation publique,0.2283,philosophe,0.0492
real assets,Q78775270,assureur,0.2919,investisseur,0.076,relation publique,0.0651
services and sales worker,Q108285748,ancêtre,0.1585,secrétaire,0.1146,secouriste,0.1133
développeur ou développeuse,Q183888,défendeur,0.2444,ouvrier,0.1058,acteur,0.0897
ministre du Tourisme,Q15722501,secouriste,0.4425,ancêtre,0.1884,journaliste,0.0869
commerçant,Q215536,comptable,0.2522,consultant,0.2022,enfant,0.1789
entité territoriale administrative,Q56061,guerrier,0.1786,entrepreneur,0.1092,mentor,0.1075
éleveur,Q1524582,cultivateur / éleveur,0.6431,acteur,0.0537,auteur,0.0463
gardien de troupeau,Q12059906,agent de,0.3366,musicien,0.1768,politicien,0.1576
évêque,Q29182,relation publique,0.2684,psychologue,0.0919,juré,0.0
généticien ou généticienne,Q3126128,politicien,0.5268,informaticien,0.4539,musicien,0.3694
firme,Q4830453,infirmier / soignant,0.273,guerrier,0.0,législateur,0.0
opération,Q362482,relation publique,0.4603,fonctionnaire,0.154,informaticien,0.0538
personne morale,Q155076,bénévole,0.1351,fonctionnaire,0.1309,comptable,0.1268
titre de civilité,Q216353,agent de,0.2571,ancêtre,0.1846,citoyen,0.0805
bibliothécaire,Q182436,notaire,0.4332,publicitaire,0.3957,secrétaire,0.3443
ingénieur du son,Q128124,inventeur,0.1595,inspecteur,0.1534,innovateur,0.1497
conseiller ou conseillère,Q2994387,consultant,0.3471,enseignant,0.1833,père,0.1189
taxologist,Q41511527,écologiste,0.6784,psychologue,0.1404,législateur,0.052
consultant ou consultante,Q15978655,consultant,0.9775,enfant,0.056,aidant,0.0554
athlète,Q2066131,hôte,0.2343,adulte,0.182,activiste,0.1553
technologue,Q12376667,psychologue,0.4607,technicien,0.4174,écologiste,0.1145
professionnel ou professionnelle de la santé,Q11974939,procureur,0.2055,producteur,0.205,fonctionnaire,0.1898
Handwerkschirurg,Q1575252,archiviste,0.2066,guerrier,0.0,législateur,0.0
humoriste,Q245068,secouriste,0.5207,activiste,0.3067,archiviste,0.2783
auteur ou autrice de littérature pour la jeunesse,Q4853732,auteur,0.7409,pourvoyeur,0.219,agent de,0.1351
illustrateur ou illustratrice,Q644687,médiateur,0.215,fondateur,0.2129,traducteur,0.2028
fonction publique,Q294414,relation publique,0.63,fonctionnaire,0.4785,publicitaire,0.2311
musicien ou musicienne de musique classique,Q81729632,musicien,0.843,relation publique,0.164,politicien,0.1636
musicien ou musicienne,Q639669,musicien,0.9799,politicien,0.2255,technicien,0.2176
principal,Q7245049,procureur,0.1257,producteur,0.1254,travailleur social,0.1202
détective privé,Q1058617,activiste,0.2458,défendeur,0.0901,lecteur,0.0868
travailleur qualifié ou travailleuse qualifiée,Q2588761,travailleur social,0.7801,traducteur,0.1122,transporteur,0.0938
patron,Q1240788,partenaire,0.1456,relation publique,0.1127,guerrier,0.0
préfet romain,Q5183538,précurseur,0.222,défendeur,0.0878,réformateur,0.0838
fidèle,Q3071477,bénévole,0.2003,comptable,0.1879,guerrier,0.0
sculpteur ou sculptrice,Q1281618,cultivateur / éleveur,0.2503,acteur,0.2065,auteur,0.178
artiste visuel ou artiste visuelle,Q3391743,archiviste,0.3556,activiste,0.3172,secouriste,0.2301
artiste lyrique,Q2865819,archiviste,0.264,relation publique,0.2618,activiste,0.225
artiste visuel ou artiste visuelle,Q3391743,archiviste,0.3556,activiste,0.3172,secouriste,0.2301
multi-instrumentiste,Q1327329,activiste,0.2268,archiviste,0.2058,secouriste,0.2048
reed player,Q2465389,relation publique,0.1317,ouvrier,0.0961,policier,0.0957
maire,Q30185,notaire,0.4251,secrétaire,0.3379,partenaire,0.3343
forgerie,Q1332286,manager,0.129,ouvrier,0.1117,fondateur,0.1069
processus de production,Q1408286,producteur,0.6131,procureur,0.2939,fonctionnaire,0.1574
fraude,Q28813,agent de,0.1675,frère/socur,0.1391,guide spirituel,0.1035
travailleur qualifié ou travailleuse qualifiée,Q2588761,travailleur social,0.7801,traducteur,0.1122,transporteur,0.0938
membre d'équipe de cinéma,Q17291399,agent de,0.2883,mere,0.169,citoyen,0.0902
scénariste,Q28389,secouriste,0.5207,activiste,0.3067,archiviste,0.2783
pareur,Q66686203,assureur,0.2991,procureur,0.2849,partenaire,0.2501
forgeron ou forgeronne,Q1639825,manager,0.1306,fonctionnaire,0.1281,fondateur,0.1082
thérapeute,Q2419397,auteur,0.1969,cartographe,0.1176,hôte,0.1017
other health professionals,Q108289390,procureur,0.2513,producteur,0.2507,journaliste,0.0894
Beth din,Q831124,diplomate,0.1604,voisin,0.1443,témoin,0.1443
prétendant au trône,Q845929,aidant,0.3426,précurseur,0.1577,enfant,0.1156
chasseur ou chasseresse,Q1714828,investisseur,0.3365,précurseur,0.1429,assureur,0.1378
créateur de jeux vidéo,Q18882335,agent de,0.2794,médiateur,0.2567,fondateur,0.2543
rang civil de l'Empire russe,Q28745974,agent de,0.2523,notaire,0.1409,secrétaire,0.112
haut fonctionnaire ou haute fonctionnaire,Q599151,fonctionnaire,0.9719,partenaire,0.2101,notaire,0.1539
Head of Administration,Q4139091,relation publique,0.3894,fonctionnaire,0.1303,adulte,0.0782
chef de gouvernement,Q2285706,agent de,0.4617,mentor,0.2453,client,0.1867
officier d'armes,Q3247049,officier,0.9726,policier,0.3193,musicien,0.0867
guérisseur,Q2518689,investisseur,0.5126,précurseur,0.1938,acteur,0.0642
pirate,Q10729326,diplomate,0.2377,guide spirituel,0.098,hôte,0.0933
officier de marine,Q10669499,officier,0.9057,policier,0.2973,agent de,0.1667
professionnel ou professionnelle de la santé,Q11974939,procureur,0.2055,producteur,0.205,fonctionnaire,0.1898
travailleur de la santé,Q59283400,travailleur social,0.7707,agent de,0.1403,traducteur,0.1157
professeur ou professeure d'université,Q1622272,investisseur,0.3578,procureur,0.2553,précurseur,0.2326
personnel académique,Q5428874,relation publique,0.3119,acteur,0.0901,syndiqué,0.0632
haut fonctionnaire ou haute fonctionnaire,Q599151,fonctionnaire,0.9719,partenaire,0.2101,notaire,0.1539
paramilitaire,Q207320,publicitaire,0.3827,notaire,0.3396,familier,0.3167
tobaksarbetare,Q99220890,père,0.2366,mere,0.2366,notaire,0.1784
artiste visuel ou artiste visuelle,Q3391743,archiviste,0.3556,activiste,0.3172,secouriste,0.2301
travailleur ou travailleuse,Q327055,travailleur social,0.7999,traducteur,0.115,transporteur,0.0962
directeur ou directrice,Q1162163,lecteur,0.4729,inspecteur,0.3673,acteur,0.2853
professionnel des médias,Q15980804,médiateur,0.5037,médecin,0.1538,procureur,0.1387
travailleur ou travailleuse,Q327055,travailleur social,0.7999,traducteur,0.115,transporteur,0.0962
fraude,Q28813,agent de,0.1675,frère/socur,0.1391,guide spirituel,0.1035
crime financier,Q5449702,policier,0.3874,officier,0.3714,ouvrier,0.1566
conscription,Q580750,consultant,0.3461,relation publique,0.2606,fonctionnaire,0.1321
prisonnier ou prisonnière,Q1862087,père,0.2017,ouvrier,0.1557,fonctionnaire,0.1104
gardien de prison,Q311396,agent de,0.2863,musicien,0.1504,politicien,0.134
biologiste,Q864503,écologiste,0.7881,activiste,0.2022,archiviste,0.1834
travailleur ou travailleuse,Q327055,travailleur social,0.7999,traducteur,0.115,transporteur,0.0962
partie prenante,Q852998,partenaire,0.3735,entrepreneur,0.146,enseignant,0.1182
personne du monde du divertissement,Q138858,investisseur,0.2929,agent de,0.1939,mentor,0.1786
cinéaste,Q1414443,activiste,0.196,archiviste,0.1779,secouriste,0.177
tisserand,Q437512,investisseur,0.4224,transporteur,0.0723,guerrier,0.0
artiste,Q483501,archiviste,0.3646,activiste,0.3108,secouriste,0.2806
membre d'équipe de cinéma,Q17291399,agent de,0.2883,mere,0.169,citoyen,0.0902
métier du cinéma,Q4220920,médecin,0.2133,ouvrier,0.1766,policier,0.176
travail,Q268378,travailleur social,0.5949,traducteur,0.1327,transporteur,0.111
châtiment,Q186361,mentor,0.3457,client,0.2631,agent de,0.2602
offense against personal freedom,Q1424047,officier,0.207,enseignant,0.1777,agent de,0.0784
travail,Q192581,travailleur social,0.5949,traducteur,0.1327,transporteur,0.111
artiste visuel ou artiste visuelle,Q3391743,archiviste,0.3556,activiste,0.3172,secouriste,0.2301
courtier,Q160117,secouriste,0.2502,ouvrier,0.1633,policier,0.1627
représentant,Q11997597,consultant,0.2832,entrepreneur,0.2071,enfant,0.1302
substitut,Q1517802,investisseur,0.1317,guide spirituel,0.1187,législateur,0.0
commercial sales representatives,Q108290434,entrepreneur,0.2641,travailleur social,0.2015,comptable,0.1274
stratège,Q7621877,traducteur,0.1952,transporteur,0.1633,travailleur social,0.1348
sales and marketing managers,Q108290297,manager,0.8536,ancêtre,0.0542,agent de,0.0512
informaticien ou informaticienne,Q82594,informaticien,0.9882,réformateur,0.2947,politicien,0.2734
directeur ou directrice,Q1162163,lecteur,0.4729,inspecteur,0.3673,acteur,0.2853
transportation worker,Q91143339,transporteur,0.7013,relation publique,0.2435,traducteur,0.0915
travailleur qualifié,Q1391083,travailleur social,0.7884,traducteur,0.1184,transporteur,0.099
mécanicien,Q327029,technicien,0.5621,musicien,0.4096,politicien,0.3651
enseignant ou enseignante,Q37226,enseignant,0.9771,infirmier / soignant,0.2664,enfant,0.0992
historien ou historienne,Q201788,ouvrier,0.1787,musicien,0.1431,mentor,0.1408
théâtrologue,Q10379007,psychologue,0.619,écologiste,0.1539,guerrier,0.0579
Dienststellung,Q1221126,diplomate,0.1192,enseignant,0.116,client,0.0838
chef ou cheffe de cabinet,Q112119463,agent de,0.3502,ouvrier,0.1138,cartographe,0.0839
staff officer,Q47324169,officier,0.7352,ouvrier,0.0378,policier,0.0377
fonction militaire,Q16631188,fonctionnaire,0.6311,publicitaire,0.2897,notaire,0.2571
fonctionnaire,Q212238,fonctionnaire,1.0,partenaire,0.2162,notaire,0.1584
mouvement social,Q49773,travailleur social,0.4927,acteurs sociaux,0.3178,mentor,0.1598
personnalité politique locale,Q10547393,politicien,0.491,policier,0.2337,relation publique,0.1726
conseiller ou conseillère,Q2994387,consultant,0.3471,enseignant,0.1833,père,0.1189
fonction publique,Q294414,relation publique,0.63,fonctionnaire,0.4785,publicitaire,0.2311
technicien ou technicienne de laboratoire,Q1483433,technicien,0.961,musicien,0.2105,politicien,0.1876
science technician,Q2399383,technicien,0.8704,musicien,0.1126,politicien,0.1003
biologie,Q420,écologiste,0.4815,psychologue,0.1978,juré,0.0
chimie organique,Q11351,relation publique,0.3263,archiviste,0.0746,syndiqué,0.0661
producteur ou productrice artistique,Q47541952,producteur,0.8896,traducteur,0.2852,procureur,0.1439
poète ou poétesse,Q49757,policier,0.1566,politicien,0.1356,pourvoyeur,0.1289
auteur-compositeur-interprète ou autrice-compositrice-interprète,Q488205,auteur,0.6386,éditeur,0.1898,comptable,0.1882
artiste autodidacte,Q16157609,activiste,0.2828,archiviste,0.2717,auteur,0.2502
profession historique,Q16335296,relation publique,0.3835,procureur,0.1541,producteur,0.1537
détective privé,Q1058617,activiste,0.2458,défendeur,0.0901,lecteur,0.0868
conseiller politique,Q8125919,politicien,0.4382,policier,0.2492,consultant,0.2169
storytelling,Q989963,allié,0.2041,mentor,0.1862,guerrier,0.0
slaviste,Q15976341,activiste,0.5124,archiviste,0.4649,secouriste,0.2666
généticien ou généticienne,Q3126128,politicien,0.5268,informaticien,0.4539,musicien,0.3694
biologiste cellulaire,Q15839136,écologiste,0.7103,notaire,0.2095,activiste,0.1822
medical geneticist,Q16404706,politicien,0.1825,informaticien,0.1572,mere,0.113
pharmacien,Q105186,pharmacien,1.0,musicien,0.1658,informaticien,0.155
chimiste,Q593644,archiviste,0.4339,activiste,0.3698,secouriste,0.3339
informaticien ou informaticienne,Q82594,informaticien,0.9882,réformateur,0.2947,politicien,0.2734
histologiste,Q2552072,écologiste,0.7745,activiste,0.2241,archiviste,0.2033
pathologiste,Q3368718,écologiste,0.699,psychologue,0.2354,activiste,0.1793
chimiste,Q593644,archiviste,0.4339,activiste,0.3698,secouriste,0.3339
géomorphologue,Q38053159,psychologue,0.6971,écologiste,0.1366,guerrier,0.0514
anthropologue,Q4773904,psychologue,0.563,écologiste,0.1399,ancêtre,0.0654
chanteur ou chanteuse,Q177220,inventeur,0.4251,acteur,0.1658,auteur,0.143
récitateur,Q23037330,spectateur,0.4074,réformateur,0.2548,médiateur,0.2157
biochimiste,Q2919046,archiviste,0.4339,activiste,0.3698,secouriste,0.3339
pathologiste,Q3368718,écologiste,0.699,psychologue,0.2354,activiste,0.1793
chimiste,Q593644,archiviste,0.4339,activiste,0.3698,secouriste,0.3339
mécanicien,Q6804564,technicien,0.5621,musicien,0.4096,politicien,0.3651
chimiste,Q593644,archiviste,0.4339,activiste,0.3698,secouriste,0.3339
botaniste,Q2374149,activiste,0.3339,archiviste,0.3029,secouriste,0.3015
physicien ou physicienne,Q169470,musicien,0.6213,politicien,0.3222,technicien,0.3109
opticien,Q71133019,politicien,0.593,informaticien,0.5109,musicien,0.4442
physicien quantique,Q16745601,musicien,0.502,politicien,0.2804,technicien,0.2705
médecin spécialiste,Q3332438,médecin,0.754,journaliste,0.3311,activiste,0.1411
physiologiste,Q2055046,écologiste,0.7667,activiste,0.1967,archiviste,0.1785
joueur de billard carambole,Q26876987,joueur,0.7455,agent de,0.165,bénévole,0.1331
rappeur ou rappeuse,Q2252262,cartographe,0.1561,ouvrier,0.1058,acteur,0.0897
artiste,Q483501,archiviste,0.3646,activiste,0.3108,secouriste,0.2806
distinction,Q618779,fonctionnaire,0.3966,relation publique,0.2351,activiste,0.0869
artiste,Q483501,archiviste,0.3646,activiste,0.3108,secouriste,0.2806
résidence créative,Q117531692,réformateur,0.0985,secrétaire,0.0963,activiste,0.0881
ingénieur ou ingénieure,Q81096,inventeur,0.1874,inspecteur,0.1802,innovateur,0.1759
trésorier,Q388338,ouvrier,0.4584,guerrier,0.4243,policier,0.1683
fonction,Q4164871,fonctionnaire,0.671,relation publique,0.197,fondateur,0.1348
journaliste,Q1930187,journaliste,1.0,secouriste,0.1649,activiste,0.1505
freelance writer,Q59616954,éditeur,0.1173,ancêtre,0.1028,frère/socur,0.0806
biologie,Q420,écologiste,0.4815,psychologue,0.1978,juré,0.0
aristocrate,Q2478141,secouriste,0.2673,archiviste,0.1806,diplomate,0.1732
domestique,Q54128,relation publique,0.3069,investisseur,0.1898,syndiqué,0.0622
dame de compagnie,Q6469874,comptable,0.4073,agent de,0.2615,consultant,0.0567
courtisan,Q1511216,secouriste,0.2626,investisseur,0.0872,comptable,0.0804
dessinateur ou dessinatrice,Q15296811,médiateur,0.2049,fondateur,0.203,spectateur,0.1911
illustrateur ou illustratrice,Q644687,médiateur,0.215,fondateur,0.2129,traducteur,0.2028
inventeur,Q205375,inventeur,1.0,investisseur,0.2358,acteur,0.1251
titre de noblesse,Q355567,agent de,0.27,ancêtre,0.1939,notaire,0.1344
comportement de groupe,Q3482410,agent de,0.2992,comptable,0.2796,transporteur,0.2603
adversarial process,Q4686698,procureur,0.3998,producteur,0.1773,travailleur social,0.1546
activité,Q1914636,activiste,0.7447,acteur,0.2396,acteurs sociaux,0.1239
arbitre sportif ou arbitre sportive,Q202648,transporteur,0.3527,ancêtre,0.1699,archiviste,0.0635
biologie aquatique,Q5728861,écologiste,0.326,relation publique,0.2992,psychologue,0.1785
hydrobiologie,Q1130698,écologiste,0.4815,psychologue,0.1978,juré,0.0
géologue,Q520549,psychologue,0.619,écologiste,0.1539,guerrier,0.0579
médecin spécialiste,Q3332438,médecin,0.754,journaliste,0.3311,activiste,0.1411
médecin,Q39631,médecin,1.0,médiateur,0.146,voisin,0.0457
élu au service public,Q382887,publicitaire,0.5475,relation publique,0.33,auteur,0.0851
rang civil de l'Empire russe,Q28745974,agent de,0.2523,notaire,0.1409,secrétaire,0.112
photographe,Q33231,cartographe,0.7546,philosophe,0.1521,pharmacien,0.0399
organisation,Q43229,relation publique,0.4603,fonctionnaire,0.154,informaticien,0.0538
organe de gouvernance,Q5588651,agent de,0.2981,ouvrier,0.0969,ancêtre,0.0931
professionnel ou professionnelle de la santé,Q11974939,procureur,0.2055,producteur,0.205,fonctionnaire,0.1898
professionnel médical,Q6840857,médiateur,0.3643,médecin,0.1703,procureur,0.1536
auxiliaire de santé,Q55071047,notaire,0.2859,agent de,0.2467,secrétaire,0.2273
reine,Q16511993,relation publique,0.1594,guerrier,0.0,législateur,0.0
后妃,Q16138124,guerrier,0.0,traducteur,0.0,spectateur,0.0
Eastern Orthodox deacon,Q101976445,agent de,0.1268,consultant,0.0932,transporteur,0.0893
moine orthodoxe,Q91187063,témoin,0.3909,transporteur,0.0957,guerrier,0.0
artiste des nouveaux médias,Q7016454,médiateur,0.4393,archiviste,0.2024,activiste,0.1725
graphiste,Q627325,cartographe,0.3433,activiste,0.2407,archiviste,0.2184
généticien ou généticienne,Q3126128,politicien,0.5268,informaticien,0.4539,musicien,0.3694
botaniste,Q2374149,activiste,0.3339,archiviste,0.3029,secouriste,0.3015
dirigeant,Q1097498,enfant,0.2209,aidant,0.2187,étudiant,0.1827
literary reading,Q106499608,éditeur,0.1583,politicien,0.1247,relation publique,0.092
récital,Q1446621,publicitaire,0.2254,réformateur,0.0881,précurseur,0.0856
police civil employee,Q77152841,policier,0.5714,politicien,0.3136,citoyen,0.131
wrestling referee,Q122147617,mere,0.2004,investisseur,0.1075,relation publique,0.092
planification,Q309100,relation publique,0.4134,fonctionnaire,0.1383,avocat,0.0803
prédiction,Q748250,fonctionnaire,0.2747,relation publique,0.2544,précurseur,0.1635
catcheur,Q13474373,avocat,0.1604,acteur,0.1318,cultivateur / éleveur,0.1154
manager,Q2462658,manager,1.0,agent de,0.0548,amant/e,0.0485
soldat,Q4991371,avocat,0.1563,fondateur,0.145,acteurs sociaux,0.0818
artiste,Q483501,archiviste,0.3646,activiste,0.3108,secouriste,0.2806
instrumentiste,Q1278335,activiste,0.2515,archiviste,0.2281,secouriste,0.2271
professeur ou professeure d'université,Q1622272,investisseur,0.3578,procureur,0.2553,précurseur,0.2326
professeur de mathématiques,Q29182003,investisseur,0.2546,précurseur,0.1773,agent de,0.1725
fonction,Q4164871,fonctionnaire,0.671,relation publique,0.197,fondateur,0.1348
activité,Q12737077,activiste,0.7447,acteur,0.2396,acteurs sociaux,0.1239
métier de la finance,Q108286983,agent de,0.2917,ouvrier,0.1387,policier,0.1382
salarié,Q703534,allié,0.2887,guerrier,0.0,législateur,0.0
service industry worker,Q66715835,secrétaire,0.1282,secouriste,0.1267,infirmier / soignant,0.1167
administrateur académique,Q21281706,relation publique,0.2649,acteur,0.2303,médiateur,0.2074
universitaire,Q3400985,publicitaire,0.5629,notaire,0.4995,secrétaire,0.397
ministre du culte,Q1423891,adulte,0.3833,cultivateur / éleveur,0.2485,ancêtre,0.1529
organisation,Q43229,relation publique,0.4603,fonctionnaire,0.154,informaticien,0.0538
convention,Q367293,inventeur,0.3399,relation publique,0.238,consultant,0.1536
prêtre,Q42603,ancêtre,0.519,procureur,0.0673,producteur,0.0672
directeur ou directrice,Q1162163,lecteur,0.4729,inspecteur,0.3673,acteur,0.2853
provost,Q2114175,procureur,0.3517,producteur,0.3508,précurseur,0.0972
directeur ou directrice d'école,Q1056391,lecteur,0.4013,inspecteur,0.3117,acteur,0.2421
university chief executive,Q108399377,archiviste,0.1525,activiste,0.1405,cultivateur / éleveur,0.0968
manager,Q2462658,manager,1.0,agent de,0.0548,amant/e,0.0485
enquêteur,Q30093123,acteur,0.2938,auteur,0.2533,lecteur,0.2418
fonctionnaire,Q212238,fonctionnaire,1.0,partenaire,0.2162,notaire,0.1584
producteur,Q13235160,producteur,1.0,traducteur,0.4194,acteur,0.2505
directeur de production,Q21292974,producteur,0.6785,lecteur,0.2854,traducteur,0.2255
manager,Q2462658,manager,1.0,agent de,0.0548,amant/e,0.0485
ministre du culte,Q1423891,adulte,0.3833,cultivateur / éleveur,0.2485,ancêtre,0.1529
linguiste,Q14467526,activiste,0.3698,archiviste,0.3355,secouriste,0.3339
psychologue,Q212980,psychologue,1.0,écologiste,0.0952,guerrier,0.0358
historien ou historienne,Q201788,ouvrier,0.1787,musicien,0.1431,mentor,0.1408
fonctionnaire,Q212238,fonctionnaire,1.0,partenaire,0.2162,notaire,0.1584
ornement extérieur de l'écu,Q1052804,agent de,0.4241,mentor,0.2253,client,0.1715
acheteur,Q1308239,acteur,0.5309,auteur,0.3056,lecteur,0.2917
chrétien ou chrétienne,Q106039,musicien,0.1859,politicien,0.1657,technicien,0.1599
régime monarchique,Q22676587,archiviste,0.3353,relation publique,0.2445,réformateur,0.0576
oncologue,Q16062369,psychologue,0.5312,écologiste,0.29,guerrier,0.0497
crime politique,Q2571535,politicien,0.5784,policier,0.3005,relation publique,0.222
source de risque,Q86923152,agent de,0.2701,relation publique,0.1585,secouriste,0.1247
militantisme politique,Q19890758,politicien,0.4941,policier,0.2351,relation publique,0.1737
aviateur ou aviatrice,Q2095549,médiateur,0.4488,fondateur,0.1878,spectateur,0.1769
transportation worker,Q91143339,transporteur,0.7013,relation publique,0.2435,traducteur,0.0915
mannequin de charme,Q3286043,agent de,0.2388,manager,0.2124,pharmacien,0.1902
prêtre,Q42603,ancêtre,0.519,procureur,0.0673,producteur,0.0672
Levite,Q6386590,lecteur,0.1585,éditeur,0.1473,hôte,0.0858
sport de raquette,Q2426135,transporteur,0.344,agent de,0.2308,guide spirituel,0.0841
sport olympique,Q212434,transporteur,0.3246,relation publique,0.2556,spectateur,0.0533
fumigators and other pest and weed controllers,Q108290649,consultant,0.1448,ancêtre,0.1229,acteurs sociaux,0.0949
entrepreneur ou entrepreneuse,Q131524,entrepreneur,0.9808,inventeur,0.0404,ancêtre,0.0385
colon,Q1818899,écologiste,0.2692,comptable,0.0795,consultant,0.0772
aviateur ou aviatrice,Q2095549,médiateur,0.4488,fondateur,0.1878,spectateur,0.1769
opérateur radio,Q1318390,médiateur,0.3571,fondateur,0.3538,spectateur,0.333
officier de la marine marchande,Q118981632,officier,0.7554,policier,0.248,agent de,0.18
commerçant,Q215536,comptable,0.2522,consultant,0.2022,enfant,0.1789
banquier,Q806798,banquier,1.0,ouvrier,0.083,policier,0.0827
Juifs,Q7325,juré,0.3333,traducteur,0.0,spectateur,0.0
personnalité du monde des affaires,Q43845,fonctionnaire,0.2398,journaliste,0.1648,agent de,0.1413
registraire,Q58371759,notaire,0.3246,secrétaire,0.258,partenaire,0.2553
Chinese medicine practitioner,Q93923328,fonctionnaire,0.1822,activiste,0.1794,relation publique,0.1227
médecin,Q39631,médecin,1.0,médiateur,0.146,voisin,0.0457
propriétaire de bien,Q618532,secrétaire,0.4542,notaire,0.372,publicitaire,0.2729
magistrate,Q6731168,écologiste,0.2404,diplomate,0.165,législateur,0.1085
accusé,Q28056401,acteur,0.306,activiste,0.1943,acteurs sociaux,0.1583
litigant,Q24571167,politicien,0.3052,enfant,0.1948,aidant,0.1929
commis,Q738142,comptable,0.3461,consultant,0.0991,guerrier,0.0
vendeur ou vendeuse,Q685433,vendeur,0.9634,défendeur,0.4247,inventeur,0.0783
ministère ecclésiastique,Q3315492,relation publique,0.2923,père,0.2582,investisseur,0.0602
fonctionnaire de la cour,Q61905636,fonctionnaire,0.91,partenaire,0.1967,notaire,0.1441
conseiller ou conseillère,Q2994387,consultant,0.3471,enseignant,0.1833,père,0.1189
ingénieur chimiste,Q7888586,archiviste,0.3871,activiste,0.3299,secouriste,0.2979
bioingénieur ou bioingénieure,Q26848923,témoin,0.1906,assureur,0.1414,procureur,0.1347
biochimiste,Q2919046,archiviste,0.4339,activiste,0.3698,secouriste,0.3339
release,Q115668308,relation publique,0.276,guerrier,0.0,législateur,0.0
journaliste sportif ou journaliste sportive,Q13219447,journaliste,0.886,transporteur,0.197,activiste,0.1496
speaker,Q1371925,spectateur,0.3401,inspecteur,0.1082,guide spirituel,0.0792
commerçant,Q215536,comptable,0.2522,consultant,0.2022,enfant,0.1789
scénariste,Q28389,secouriste,0.5207,activiste,0.3067,archiviste,0.2783
créateur de programmes,Q11499012,producteur,0.2509,agent de,0.2208,médiateur,0.2029
instructeur,Q777952,inspecteur,0.452,traducteur,0.4484,producteur,0.444
animateur ou animatrice,Q13590141,réformateur,0.3718,médiateur,0.1988,fondateur,0.1969
monastique,Q102250838,relation publique,0.3499,investisseur,0.0721,syndiqué,0.0709
religieux,Q4504549,relation publique,0.2441,époux,0.1249,acteurs sociaux,0.0792
religious personnel,Q69944008,relation publique,0.2138,fonctionnaire,0.0793,guide spirituel,0.0751
rappeur ou rappeuse,Q2252262,cartographe,0.1561,ouvrier,0.1058,acteur,0.0897
conservateur ou conservatrice de musée,Q674426,consultant,0.3592,innovateur,0.2162,cultivateur / éleveur,0.1659
loisir,Q184872,voisin,0.4513,traducteur,0.0,spectateur,0.0
entraîneur sportif,Q41583,entrepreneur,0.4025,transporteur,0.3451,spectateur,0.0793
professeur titulaire,Q25339110,investisseur,0.3162,notaire,0.2484,précurseur,0.2202
Premier ou Première ministre,Q14212,père,0.2232,infirmier / soignant,0.1636,ancêtre,0.1546
clown,Q7358,client,0.2746,guerrier,0.0,traducteur,0.0
performeur,Q10774753,réformateur,0.3747,informaticien,0.2649,acteur,0.1205
artiste de cirque,Q17307272,archiviste,0.2535,activiste,0.2161,agent de,0.2143
organe d'un animal,Q24060765,ancêtre,0.17,travailleur social,0.1117,guerrier,0.0
entité anatomique particulière,Q112826975,partenaire,0.2904,relation publique,0.2023,père,0.1787
organe sensoriel,Q3355930,ouvrier,0.1091,enseignant,0.1071,guerrier,0.101
orateur ou oratrice,Q12859263,médiateur,0.3571,fondateur,0.3538,spectateur,0.333
artiste,Q483501,archiviste,0.3646,activiste,0.3108,secouriste,0.2806
improvisateur ou improvisatrice,Q3149505,producteur,0.2179,médiateur,0.2172,fondateur,0.2152
cadres supérieurs de l’administration publique,Q108290289,relation publique,0.7068,publicitaire,0.2326,acteurs sociaux,0.1503
organe,Q895526,guerrier,0.0,traducteur,0.0,spectateur,0.0
fonction publique,Q294414,relation publique,0.63,fonctionnaire,0.4785,publicitaire,0.2311
conception,Q41553020,relation publique,0.2871,fonctionnaire,0.2036,consultant,0.1853
profession,Q28640,procureur,0.2381,producteur,0.2375,relation publique,0.1975
candidature,Q2383393,aidant,0.1182,fondateur,0.104,syndiqué,0.0952
necked bowl lutes played with a bow,Q57315384,auteur,0.3091,guerrier,0.0,spectateur,0.0
arbitre sportif ou arbitre sportive,Q202648,transporteur,0.3527,ancêtre,0.1699,archiviste,0.0635
chanteur de pop,Q60723829,inventeur,0.3643,agent de,0.2637,acteur,0.1798
schlager musician,Q105652965,musicien,0.6454,manager,0.2966,policier,0.0557
prêtre,Q42603,ancêtre,0.519,procureur,0.0673,producteur,0.0672
col blanc,Q255274,ancêtre,0.1428,écologiste,0.1218,comptable,0.102
general office clerks,Q108305377,officier,0.5965,client,0.0761,agent de,0.0753
animal vocalization,Q97234227,relation publique,0.3394,avocat,0.1978,fonctionnaire,0.1136
artiste de rue,Q2914170,archiviste,0.2893,activiste,0.2466,agent de,0.2445
peintre,Q1028181,ancêtre,0.2667,entrepreneur,0.2507,mere,0.0778
graphiste,Q627325,cartographe,0.3433,activiste,0.2407,archiviste,0.2184
artiste visuel ou artiste visuelle,Q3391743,archiviste,0.3556,activiste,0.3172,secouriste,0.2301
ingénieur ou ingénieure,Q81096,inventeur,0.1874,inspecteur,0.1802,innovateur,0.1759
Saiō,Q19841349,guerrier,0.0,traducteur,0.0,spectateur,0.0
prêtre catholique,Q250867,relation publique,0.321,ancêtre,0.296,psychologue,0.0789
représentant,Q11997597,consultant,0.2832,entrepreneur,0.2071,enfant,0.1302
ambassadeur ou ambassadrice,Q121998,vendeur,0.2385,défendeur,0.1987,assureur,0.1776
gouverneur,Q132050,entrepreneur,0.3073,ouvrier,0.1168,acteur,0.099
cheminot,Q7063944,notaire,0.2618,traducteur,0.0,spectateur,0.0
médecin,Q39631,médecin,1.0,médiateur,0.146,voisin,0.0457
médecin interne,Q79382845,médecin,0.9581,médiateur,0.1399,inventeur,0.0847
responsable,Q1251441,comptable,0.4035,consultant,0.0672,transporteur,0.0644
cadre dirigeant ou cadre dirigeante,Q978044,enfant,0.1253,aidant,0.124,diplomate,0.1182
observateur sportif,Q1339677,transporteur,0.4077,innovateur,0.3471,cultivateur / éleveur,0.27
encyclopédiste,Q16314501,activiste,0.3482,archiviste,0.3159,secouriste,0.3144
personnalité politique,Q82955,politicien,0.5083,policier,0.2419,relation publique,0.1787
consultant ou consultante,Q15978655,consultant,0.9775,enfant,0.056,aidant,0.0554
avocat ou avocate,Q40348,avocat,0.9493,diplomate,0.0554,ouvrier,0.0341
communication institutionnelle,Q1426058,relation publique,0.3153,fonctionnaire,0.2593,comptable,0.1376
haut fonctionnaire ou haute fonctionnaire,Q599151,fonctionnaire,0.9719,partenaire,0.2101,notaire,0.1539
sergent d'arme,Q2611907,agent de,0.512,client,0.2001,pharmacien,0.0789
ordre religieux,Q2061186,relation publique,0.2306,époux,0.118,père,0.0778
littérature,Q8242,politicien,0.1424,assureur,0.1313,procureur,0.1251
érotisme,Q181001,investisseur,0.1863,guerrier,0.0,législateur,0.0
professionnel ou professionnelle,Q702269,procureur,0.2189,producteur,0.2184,fonctionnaire,0.2022
firme,Q4830453,infirmier / soignant,0.273,guerrier,0.0,législateur,0.0
maître spirituel,Q29352392,guide spirituel,0.7679,ancêtre,0.1062,manager,0.0464
Sufi Scholar,Q113250479,psychologue,0.3206,guerrier,0.0,juré,0.0
parachutiste,Q6060450,activiste,0.2853,archiviste,0.2588,secouriste,0.2576
militaire,Q47064,publicitaire,0.465,notaire,0.4127,secrétaire,0.328
diffuseur,Q15958754,précurseur,0.3165,investisseur,0.2851,acteur,0.1048
vendeur,Q104099828,vendeur,1.0,défendeur,0.4844,inventeur,0.0911
shop salespersons,Q108289648,consultant,0.1474,inspecteur,0.1414,spectateur,0.1391
petite bourgeoisie,Q75617,voisin,0.343,éditeur,0.1203,secouriste,0.1077
journaliste sportif ou journaliste sportive,Q13219447,journaliste,0.886,transporteur,0.197,activiste,0.1496
évêque,Q29182,relation publique,0.2684,psychologue,0.0919,juré,0.0
évêque catholique,Q611644,relation publique,0.4001,psychologue,0.1079,avocat,0.0563
vicaire général,Q1044528,notaire,0.3838,secrétaire,0.305,partenaire,0.3019
évêque titulaire,Q948657,notaire,0.3316,secrétaire,0.2636,partenaire,0.2608
rituel,Q189819,guide spirituel,0.5813,traducteur,0.0,spectateur,0.0
cérémonie,Q2627975,témoin,0.2606,guerrier,0.0,diplomate,0.0
rite,Q628455,éditeur,0.1747,guide spirituel,0.1069,hôte,0.1017
astronome,Q11063,assureur,0.2383,guerrier,0.0,frère/socur,0.0
physicien ou physicienne,Q169470,musicien,0.6213,politicien,0.3222,technicien,0.3109
doctorat,Q849697,mentor,0.1862,avocat,0.1826,guerrier,0.0
auteur ou autrice,Q482980,auteur,0.9201,acteur,0.116,lecteur,0.0955
compositeur ou compositrice,Q36834,comptable,0.447,éditeur,0.228,acteur,0.0978
artiste,Q483501,archiviste,0.3646,activiste,0.3108,secouriste,0.2806
reine mère,Q10477002,père,0.4395,mere,0.0888,relation publique,0.0877
artisan,Q1294787,archiviste,0.1227,investisseur,0.1106,partenaire,0.1022
artiste visuel ou artiste visuelle,Q3391743,archiviste,0.3556,activiste,0.3172,secouriste,0.2301
thérapeute,Q2419397,auteur,0.1969,cartographe,0.1176,hôte,0.1017
artiste,Q483501,archiviste,0.3646,activiste,0.3108,secouriste,0.2806
communication verbale,Q1875737,relation publique,0.3431,comptable,0.1947,fonctionnaire,0.1148
création,Q11398090,relation publique,0.435,fonctionnaire,0.1455,secrétaire,0.0681
human communication,Q119822304,relation publique,0.3552,comptable,0.1557,fonctionnaire,0.1188
transformation,Q65757353,informaticien,0.3712,transporteur,0.3081,réformateur,0.306
juriste,Q185351,secouriste,0.5493,juré,0.2839,activiste,0.2205
solliciteur,Q14284,éditeur,0.3658,publicitaire,0.2873,policier,0.1617
personnage légendaire,Q13002315,fonctionnaire,0.2929,notaire,0.2299,secrétaire,0.1827
sage,Q2624172,agent de,0.2483,manager,0.2208,guerrier,0.0
poète ou poétesse,Q49757,policier,0.1566,politicien,0.1356,pourvoyeur,0.1289
être humain féminin,Q84048852,ancêtre,0.4447,témoin,0.1324,voisin,0.1324
parent,Q7566,partenaire,0.2545,client,0.2138,agent de,0.2114
chanoine,Q1104153,témoin,0.2606,guerrier,0.0,diplomate,0.0
parent,Q7566,partenaire,0.2545,client,0.2138,agent de,0.2114
humain masculin,Q84048850,voisin,0.1712,témoin,0.1712,médecin,0.1583
être humain,Q5,ancêtre,0.519,témoin,0.0773,voisin,0.0773
juvénile,Q1516282,juré,0.246,bénévole,0.1351,comptable,0.1268
pseudo-loi,Q27277581,psychologue,0.1366,précurseur,0.1275,investisseur,0.1149
policier ou policière,Q384593,policier,0.9261,politicien,0.3633,officier,0.2039
bénévole,Q24716636,bénévole,1.0,comptable,0.0376,guerrier,0.0
associate editor,Q107526461,acteurs sociaux,0.2218,mentor,0.1925,travailleur social,0.1889
commentateur sportif,Q2986228,spectateur,0.3576,transporteur,0.3348,médiateur,0.166
personnalité liée au sport,Q50995749,transporteur,0.2885,journaliste,0.146,fonctionnaire,0.1338
réalisateur ou réalisatrice de télévision,Q2059704,journaliste,0.218,réformateur,0.1967,agent de,0.1444
espion ou espionne,Q9352089,fonctionnaire,0.1854,relation publique,0.1665,guide spirituel,0.0955
juriste,Q185351,secouriste,0.5493,juré,0.2839,activiste,0.2205
garden and horticultural labourers,Q108290759,cultivateur / éleveur,0.1377,politicien,0.0955,informaticien,0.0823
action humaine,Q451967,activiste,0.323,fonctionnaire,0.2678,relation publique,0.248
flux de matériaux,Q4284762,acteurs sociaux,0.3445,agent de,0.2143,époux,0.1362
activité économique,Q8187769,activiste,0.5396,relation publique,0.2003,acteur,0.1736
journaliste,Q1930187,journaliste,1.0,secouriste,0.1649,activiste,0.1505
sénateur ou sénatrice,Q15686806,médiateur,0.3571,fondateur,0.3538,spectateur,0.333
charge élective,Q17279032,lecteur,0.2626,activiste,0.1984,cultivateur / éleveur,0.1963
state legislator of the United States,Q106088317,législateur,0.3816,spectateur,0.2146,mentor,0.1525
position politique,Q28819924,politicien,0.5224,relation publique,0.3412,policier,0.269
ministre,Q83307,ancêtre,0.3254,père,0.0949,mere,0.0949
vendeur ou vendeuse,Q685433,vendeur,0.9634,défendeur,0.4247,inventeur,0.0783
agent,Q24229398,agent de,0.8893,client,0.1584,manager,0.0616
scénariste,Q28389,secouriste,0.5207,activiste,0.3067,archiviste,0.2783
entraîneur sportif,Q41583,entrepreneur,0.4025,transporteur,0.3451,spectateur,0.0793
entraîneur physique,Q8563456,entrepreneur,0.4065,relation publique,0.225,traducteur,0.0751
consultant ou consultante,Q15978655,consultant,0.9775,enfant,0.056,aidant,0.0554
papal gentleman,Q1270844,agent de,0.3019,partenaire,0.0884,manager,0.0867
militant ou militante politique,Q11499147,politicien,0.3756,consultant,0.1885,familier,0.1841
entraîneur personnel,Q762121,entrepreneur,0.4789,traducteur,0.0885,inventeur,0.0825
entraîneur sportif,Q41583,entrepreneur,0.4025,transporteur,0.3451,spectateur,0.0793
athlète,Q2066131,hôte,0.2343,adulte,0.182,activiste,0.1553
fabricant d'instruments de musique,Q1955150,musicien,0.3203,agent de,0.2327,relation publique,0.1991
doublure corps,Q704948,publicitaire,0.1448,assureur,0.1155,procureur,0.1101
réformateur social,Q16611574,réformateur,0.7898,travailleur social,0.3691,acteurs sociaux,0.2518
chef religieux,Q15995642,relation publique,0.2441,époux,0.1249,acteurs sociaux,0.0792
militant ou militante politique,Q11499147,politicien,0.3756,consultant,0.1885,familier,0.1841
affiliate,Q8191099,médiateur,0.2447,diplomate,0.1671,officier,0.0981
supporter,Q16678266,transporteur,0.4448,partenaire,0.0686,ouvrier,0.0463
national syndicalist,Q118288910,syndiqué,0.421,journaliste,0.2726,relation publique,0.1818
anti-communiste,Q120115224,activiste,0.3195,archiviste,0.2898,secouriste,0.2885
nationaliste,Q106399618,journaliste,0.5706,relation publique,0.2021,activiste,0.1843
membre de parti politique,Q11388835,politicien,0.457,partenaire,0.2518,policier,0.2374
surintendant,Q66889825,aidant,0.3812,enfant,0.1286,étudiant,0.1064
cadre dirigeant ou cadre dirigeante,Q978044,enfant,0.1253,aidant,0.124,diplomate,0.1182
chef d'État,Q48352,avocat,0.1491,spectateur,0.1302,secrétaire,0.1201
curé,Q52769526,juré,0.4599,procureur,0.076,cultivateur / éleveur,0.0722
claviériste,Q1075651,secouriste,0.4843,activiste,0.2853,archiviste,0.2588
musicien ou musicienne,Q639669,musicien,0.9799,politicien,0.2255,technicien,0.2176
tax officer,Q66060370,officier,0.7352,ouvrier,0.0378,policier,0.0377
journaliste,Q1930187,journaliste,1.0,secouriste,0.1649,activiste,0.1505
professionnel de l'informatique,Q5157565,informaticien,0.5363,réformateur,0.2806,relation publique,0.2111
haut fonctionnaire ou haute fonctionnaire,Q599151,fonctionnaire,0.9719,partenaire,0.2101,notaire,0.1539
political appointee,Q2101540,politicien,0.7252,policier,0.299,témoin,0.0637
fonction,Q4164871,fonctionnaire,0.671,relation publique,0.197,fondateur,0.1348
consultant ou consultante,Q15978655,consultant,0.9775,enfant,0.056,aidant,0.0554
maître de chapelle,Q215793,agent de,0.2727,ancêtre,0.1959,manager,0.0856
milice,Q153936,familier,0.3487,policier,0.1064,publicitaire,0.0819
danseur ou danseuse,Q5716684,précurseur,0.1886,investisseur,0.1699,aidant,0.1262
athlète,Q2066131,hôte,0.2343,adulte,0.182,activiste,0.1553
vagabond,Q416718,fondateur,0.2395,guerrier,0.0,traducteur,0.0
poète ou poétesse,Q49757,policier,0.1566,politicien,0.1356,pourvoyeur,0.1289
profession historique,Q16335296,relation publique,0.3835,procureur,0.1541,producteur,0.1537
personnalité du monde des affaires,Q43845,fonctionnaire,0.2398,journaliste,0.1648,agent de,0.1413
bibliothécaire,Q182436,notaire,0.4332,publicitaire,0.3957,secrétaire,0.3443
enseignant ou enseignante,Q37226,enseignant,0.9771,infirmier / soignant,0.2664,enfant,0.0992
processus de groupe,Q54912758,procureur,0.4033,agent de,0.2534,producteur,0.1788
conseiller ou conseillère,Q2994387,consultant,0.3471,enseignant,0.1833,père,0.1189
biologiste,Q864503,écologiste,0.7881,activiste,0.2022,archiviste,0.1834
conservationniste,Q16060693,consultant,0.2645,fonctionnaire,0.2217,relation publique,0.1932
chimiste,Q593644,archiviste,0.4339,activiste,0.3698,secouriste,0.3339
scientifique des matériaux,Q21329070,acteurs sociaux,0.2591,relation publique,0.2164,client,0.1399
chancelier,Q5070767,familier,0.4251,ouvrier,0.1591,policier,0.1585
后妃,Q16138124,guerrier,0.0,traducteur,0.0,spectateur,0.0
impératrice,Q100387742,guerrier,0.0,traducteur,0.0,spectateur,0.0
organisation armée,Q17149090,relation publique,0.4134,fonctionnaire,0.1383,archiviste,0.0642
armée,Q8473,archiviste,0.1461,pharmacien,0.1446,guerrier,0.0
organisation gouvernementale,Q2659904,relation publique,0.3721,mentor,0.1908,fonctionnaire,0.1245
militant ou militante,Q15253558,consultant,0.2383,familier,0.2326,enfant,0.0938
analyste,Q485178,journaliste,0.2376,activiste,0.1736,archiviste,0.1575
data professional,Q112598603,procureur,0.2182,producteur,0.2176,fondateur,0.0959
analyste,Q942569,journaliste,0.2376,activiste,0.1736,archiviste,0.1575
médecin spécialiste,Q3332438,médecin,0.754,journaliste,0.3311,activiste,0.1411
ingénieur ou ingénieure,Q81096,inventeur,0.1874,inspecteur,0.1802,innovateur,0.1759
jardinier,Q758780,ouvrier,0.3027,policier,0.3016,officier,0.2891
drama genre,Q117422360,agent de,0.173,amant/e,0.153,père,0.1027
genre des arts de la scène,Q45971958,agent de,0.4344,partenaire,0.0886,archiviste,0.0684
éducateur ou éducatrice,Q974144,éditeur,0.2431,traducteur,0.1835,producteur,0.1817
investisseur,Q557880,investisseur,1.0,inventeur,0.2358,précurseur,0.1194
physicien ou physicienne,Q169470,musicien,0.6213,politicien,0.3222,technicien,0.3109
anagārika,Q4750824,manager,0.3624,ancêtre,0.1202,guerrier,0.0
juriste,Q185351,secouriste,0.5493,juré,0.2839,activiste,0.2205
croyant ou croyante,Q17573152,enfant,0.2356,aidant,0.2332,étudiant,0.1948
expert,Q381160,guerrier,0.0,traducteur,0.0,spectateur,0.0
activité,Q12737077,activiste,0.7447,acteur,0.2396,acteurs sociaux,0.1239
travail,Q192581,travailleur social,0.5949,traducteur,0.1327,transporteur,0.111
réalisateur ou réalisatrice,Q3455803,journaliste,0.2604,réformateur,0.2349,médiateur,0.1585
membre d'équipe de cinéma,Q17291399,agent de,0.2883,mere,0.169,citoyen,0.0902
endocrinologue,Q4531850,psychologue,0.5797,écologiste,0.1441,vendeur,0.0627
médecin nucléaire,Q2079079,médecin,0.9137,notaire,0.1965,secrétaire,0.1562
expert,Q381160,guerrier,0.0,traducteur,0.0,spectateur,0.0
artiste,Q483501,archiviste,0.3646,activiste,0.3108,secouriste,0.2806
conservateur ou conservatrice de musée,Q674426,consultant,0.3592,innovateur,0.2162,cultivateur / éleveur,0.1659
athlète,Q2066131,hôte,0.2343,adulte,0.182,activiste,0.1553
joueur professionnel ou joueuse professionnelle,Q18536342,joueur,0.75,procureur,0.1549,producteur,0.1546
géologie dynamique,Q3630257,écologiste,0.3238,relation publique,0.259,psychologue,0.1773
chanteur ou chanteuse,Q177220,inventeur,0.4251,acteur,0.1658,auteur,0.143
médecin,Q39631,médecin,1.0,médiateur,0.146,voisin,0.0457
maréchal de camp,Q7821620,agent de,0.2945,manager,0.0924,précurseur,0.0791
arbitre sportif ou arbitre sportive,Q202648,transporteur,0.3527,ancêtre,0.1699,archiviste,0.0635
cadres supérieurs de l’administration publique,Q108290289,relation publique,0.7068,publicitaire,0.2326,acteurs sociaux,0.1503
fonction,Q4164871,fonctionnaire,0.671,relation publique,0.197,fondateur,0.1348
sage-femme,Q185196,agent de,0.2483,manager,0.2208,guerrier,0.0
chanteur ou chanteuse,Q177220,inventeur,0.4251,acteur,0.1658,auteur,0.143
diacre catholique,Q25393460,relation publique,0.3591,psychologue,0.0883,avocat,0.0671
chirurgien ou chirurgienne,Q774306,musicien,0.1859,politicien,0.1657,technicien,0.1599
organisation,Q43229,relation publique,0.4603,fonctionnaire,0.154,informaticien,0.0538
personnalité juridique,Q3778211,juré,0.2314,relation publique,0.2092,syndiqué,0.1438
médecin spécialiste,Q3332438,médecin,0.754,journaliste,0.3311,activiste,0.1411
neurobiologiste,Q6337803,écologiste,0.7353,activiste,0.1886,archiviste,0.1712
directeur ou directrice,Q1162163,lecteur,0.4729,inspecteur,0.3673,acteur,0.2853
triumvir,Q64827934,traducteur,0.1952,transporteur,0.1633,travailleur social,0.1348
magistrat monétaire,Q1861571,secrétaire,0.4823,notaire,0.395,publicitaire,0.2897
ministre,Q83307,ancêtre,0.3254,père,0.0949,mere,0.0949
arbitrageur,Q629944,traducteur,0.1699,transporteur,0.1422,agent de,0.1278
médecine,Q11190,médecin,0.9174,médiateur,0.1592,guerrier,0.0
sciences cliniques,Q113129019,client,0.3558,relation publique,0.1654,musicien,0.1444
entreprise,Q6881511,entrepreneur,0.6666,secouriste,0.0528,ancêtre,0.0516
producteur,Q13235160,producteur,1.0,traducteur,0.4194,acteur,0.2505
libertarianisme,Q178598,étudiant,0.2274,guerrier,0.0,traducteur,0.0
vendeur ou vendeuse,Q685433,vendeur,0.9634,défendeur,0.4247,inventeur,0.0783
enseignant ou enseignante,Q37226,enseignant,0.9771,infirmier / soignant,0.2664,enfant,0.0992
arbitre sportif ou arbitre sportive,Q202648,transporteur,0.3527,ancêtre,0.1699,archiviste,0.0635
responsable,Q1251441,comptable,0.4035,consultant,0.0672,transporteur,0.0644
citation,Q1713,relation publique,0.3531,citoyen,0.1815,publicitaire,0.1446
lecture,Q199657,lecteur,0.6376,assureur,0.0751,procureur,0.0716
syndicaliste,Q15627169,syndiqué,0.4595,journaliste,0.4249,activiste,0.181
représentant permanent,Q19356884,consultant,0.2508,client,0.2043,agent de,0.202
ambassadeur ou ambassadrice,Q121998,vendeur,0.2385,défendeur,0.1987,assureur,0.1776
ingénieur ou ingénieure,Q81096,inventeur,0.1874,inspecteur,0.1802,innovateur,0.1759
chimiste,Q593644,archiviste,0.4339,activiste,0.3698,secouriste,0.3339
engineering professionals (excluding electrotechnology),Q108289381,technicien,0.3014,lecteur,0.1941,procureur,0.1314
personnage de fiction,Q95074,fonctionnaire,0.3488,agent de,0.2349,relation publique,0.2068
officier de marine,Q10669499,officier,0.9057,policier,0.2973,agent de,0.1667
aviateur de la marine,Q108114975,médiateur,0.4368,agent de,0.2347,fondateur,0.2137
peintre,Q1028181,ancêtre,0.2667,entrepreneur,0.2507,mere,0.0778
sculpteur ou sculptrice,Q1281618,cultivateur / éleveur,0.2503,acteur,0.2065,auteur,0.178
perception,Q160402,relation publique,0.374,fonctionnaire,0.1896,guerrier,0.0
qualité de superhumain,Q29604895,agent de,0.3265,politicien,0.0915,journaliste,0.0821
psychic ability,Q106249934,psychologue,0.481,familier,0.0657,politicien,0.0623
artiste,Q483501,archiviste,0.3646,activiste,0.3108,secouriste,0.2806
percussion instrument maker,Q94297215,mentor,0.2081,inspecteur,0.1777,client,0.1584
défenseur,Q380075,défendeur,0.5504,précurseur,0.1649,enseignant,0.1584
juriste,Q185351,secouriste,0.5493,juré,0.2839,activiste,0.2205
religieux,Q4504549,relation publique,0.2441,époux,0.1249,acteurs sociaux,0.0792
sacristain,Q1365552,secouriste,0.2647,notaire,0.0948,voisin,0.0943
sciences de l'esprit,Q944537,agent de,0.3294,musicien,0.1688,politicien,0.1504
éducation,Q8434,relation publique,0.3977,fonctionnaire,0.133,éditeur,0.082
directeur ou directrice artistique,Q706364,lecteur,0.3657,inspecteur,0.284,acteur,0.2207
responsable d'effets spéciaux,Q21560152,acteurs sociaux,0.3756,comptable,0.2801,époux,0.0571
professeur ou professeure de musique,Q2675537,investisseur,0.2976,procureur,0.2124,musicien,0.2118
chanteur ou chanteuse,Q177220,inventeur,0.4251,acteur,0.1658,auteur,0.143
géologue,Q520549,psychologue,0.619,écologiste,0.1539,guerrier,0.0579
moine ou moniale,Q733786,témoin,0.3236,ouvrier,0.1036,bénévole,0.0758
guerrier,Q1250916,guerrier,1.0,ouvrier,0.2301,policier,0.0845
italianiste,Q61790670,journaliste,0.3375,activiste,0.3067,archiviste,0.2783
écrivain ou écrivaine,Q36180,écologiste,0.1108,travailleur social,0.0853,cultivateur / éleveur,0.0847
éditeur ou éditrice,Q1607826,éditeur,0.9304,médiateur,0.1344,acteur,0.0931
créateur ou créatrice,Q2500638,médiateur,0.2514,fondateur,0.249,spectateur,0.2344
militant ou militante politique,Q11499147,politicien,0.3756,consultant,0.1885,familier,0.1841
militant social,Q8359428,travailleur social,0.4401,acteurs sociaux,0.2838,consultant,0.1884
vocaliste,Q2643890,journaliste,0.4978,activiste,0.2121,avocat,0.2115
organisation à but non lucratif,Q163740,relation publique,0.421,fonctionnaire,0.1154,informaticien,0.0807
biologiste,Q864503,écologiste,0.7881,activiste,0.2022,archiviste,0.1834
enseignant ou enseignante,Q37226,enseignant,0.9771,infirmier / soignant,0.2664,enfant,0.0992
écrivain ou écrivaine,Q36180,écologiste,0.1108,travailleur social,0.0853,cultivateur / éleveur,0.0847
animal attendant,Q93937321,aidant,0.4011,enfant,0.1353,étudiant,0.1119
croyant ou croyante,Q17573152,enfant,0.2356,aidant,0.2332,étudiant,0.1948
mystique,Q12328016,relation publique,0.3499,investisseur,0.0721,syndiqué,0.0709
artiste,Q483501,archiviste,0.3646,activiste,0.3108,secouriste,0.2806
graveur ou graveuse sur métal,Q329439,cultivateur / éleveur,0.1955,travailleur social,0.1337,assureur,0.0952
cheminot,Q7063944,notaire,0.2618,traducteur,0.0,spectateur,0.0
witch doctor,Q930402,mentor,0.456,guerrier,0.0,juré,0.0
discipline de cirque,Q4990963,agent de,0.2615,relation publique,0.1535,diplomate,0.1432
bibliothécaire,Q182436,notaire,0.4332,publicitaire,0.3957,secrétaire,0.3443
danseur ou danseuse,Q5716684,précurseur,0.1886,investisseur,0.1699,aidant,0.1262
éducateur ou éducatrice,Q974144,éditeur,0.2431,traducteur,0.1835,producteur,0.1817
chorégraphe,Q2490358,cartographe,0.6007,philosophe,0.1381,psychologue,0.0523
directeur ou directrice,Q1162163,lecteur,0.4729,inspecteur,0.3673,acteur,0.2853
sertanista,Q10370560,secouriste,0.1882,consultant,0.1283,secrétaire,0.1117
marchand d'esclave,Q17769800,archiviste,0.3099,manager,0.1208,guerrier,0.0
musicien ou musicienne,Q639669,musicien,0.9799,politicien,0.2255,technicien,0.2176
chef ou cheffe d'orchestre,Q158852,ancêtre,0.2402,ouvrier,0.1087,archiviste,0.0897
directeur musical ou directrice musicale,Q1198887,musicien,0.5998,lecteur,0.2521,inspecteur,0.1958
col blanc,Q255274,ancêtre,0.1428,écologiste,0.1218,comptable,0.102
employé de bureau,Q31179608,agent de,0.3563,diplomate,0.0976,assureur,0.0922
gestion d'entreprise,Q2043282,entrepreneur,0.4579,relation publique,0.1918,investisseur,0.1221
personnalité du monde des affaires,Q43845,fonctionnaire,0.2398,journaliste,0.1648,agent de,0.1413
commerçant,Q215536,comptable,0.2522,consultant,0.2022,enfant,0.1789
employé de banque,Q806717,banquier,0.5153,agent de,0.1945,relation publique,0.1142
"tellers, money collectors and related clerks",Q108289637,relation publique,0.2883,lecteur,0.1648,législateur,0.0969
col blanc,Q255274,ancêtre,0.1428,écologiste,0.1218,comptable,0.102
clergé bouddhiste,Q70901436,activiste,0.3698,archiviste,0.3355,secouriste,0.3339
nígū,Q97352502,guerrier,0.0,traducteur,0.0,spectateur,0.0
serveur,Q157195,cultivateur / éleveur,0.312,acteur,0.1009,auteur,0.0869
waiters and bartenders,Q108289643,partenaire,0.2997,vendeur,0.1723,défendeur,0.1435
philosophe,Q4964182,philosophe,1.0,cartographe,0.0902,pharmacien,0.0333
être humain,Q5,ancêtre,0.519,témoin,0.0773,voisin,0.0773
Pair,Q7160407,partenaire,0.2595,notaire,0.1223,secrétaire,0.0972
hereditary office,Q83230308,officier,0.6209,mere,0.1002,éditeur,0.0792
avocat ou avocate,Q40348,avocat,0.9493,diplomate,0.0554,ouvrier,0.0341
convention,Q367293,inventeur,0.3399,relation publique,0.238,consultant,0.1536
linguistique,Q8162,relation publique,0.3145,investisseur,0.0648,syndiqué,0.0637
travail en atelier,Q53178539,travailleur social,0.4983,familier,0.2177,traducteur,0.1111
specialist degree,Q2376292,spectateur,0.3034,journaliste,0.2727,inspecteur,0.1447
agence publique,Q327333,relation publique,0.6114,agent de,0.3168,publicitaire,0.2887
fonctionnaire,Q212238,fonctionnaire,1.0,partenaire,0.2162,notaire,0.1584
col bleu,Q1191714,comptable,0.1927,écologiste,0.1048,consultant,0.0852
building construction labourers,Q108290768,consultant,0.278,fonctionnaire,0.2261,relation publique,0.2093
artisan,Q1294787,archiviste,0.1227,investisseur,0.1106,partenaire,0.1022
travailleur de la construction,Q811122,travailleur social,0.6331,consultant,0.1745,fonctionnaire,0.1419
travailleur de la construction,Q811122,travailleur social,0.6331,consultant,0.1745,fonctionnaire,0.1419
manager,Q2462658,manager,1.0,agent de,0.0548,amant/e,0.0485
jardinier,Q758780,ouvrier,0.3027,policier,0.3016,officier,0.2891
horticulteur,Q3140857,cultivateur / éleveur,0.2649,adulte,0.2571,acteur,0.1853
mélange,Q169336,médiateur,0.221,médecin,0.2202,guerrier,0.0
matériau,Q214609,manager,0.1463,acteurs sociaux,0.1123,réformateur,0.0938
soldat,Q4991371,avocat,0.1563,fondateur,0.145,acteurs sociaux,0.0818
firme,Q4830453,infirmier / soignant,0.273,guerrier,0.0,législateur,0.0
personnalité politique,Q82955,politicien,0.5083,policier,0.2419,relation publique,0.1787
conseiller ou conseillère,Q2994387,consultant,0.3471,enseignant,0.1833,père,0.1189
consultant ou consultante,Q15978655,consultant,0.9775,enfant,0.056,aidant,0.0554
forgeron ou forgeronne,Q838566,manager,0.1306,fonctionnaire,0.1281,fondateur,0.1082
sociologue,Q2306091,psychologue,0.5177,acteurs sociaux,0.2227,travailleur social,0.1896
prostitué ou prostituée,Q14915751,procureur,0.2461,producteur,0.2455,investisseur,0.0842
femme,Q467,guerrier,0.0,traducteur,0.0,spectateur,0.0
activité,Q1914636,activiste,0.7447,acteur,0.2396,acteurs sociaux,0.1239
fonctionnaire,Q212238,fonctionnaire,1.0,partenaire,0.2162,notaire,0.1584
musicien ou musicienne,Q639669,musicien,0.9799,politicien,0.2255,technicien,0.2176
lettres,Q80083,lecteur,0.2178,ancêtre,0.1483,entrepreneur,0.1131
sciences sociales,Q34749,travailleur social,0.4712,acteurs sociaux,0.3923,musicien,0.1142
géographe,Q901402,cartographe,0.7031,philosophe,0.1283,guerrier,0.0
cadre d'entreprise,Q4359236,entrepreneur,0.5621,ancêtre,0.0839,secouriste,0.0552
enseignant ou enseignante,Q37226,enseignant,0.9771,infirmier / soignant,0.2664,enfant,0.0992
gardien de troupeau,Q12059906,agent de,0.3366,musicien,0.1768,politicien,0.1576
violoniste,Q1259917,écologiste,0.4228,activiste,0.3769,archiviste,0.3419
musicien ou musicienne de musique classique,Q81729632,musicien,0.843,relation publique,0.164,politicien,0.1636
musicien ou musicienne,Q639669,musicien,0.9799,politicien,0.2255,technicien,0.2176
tromboniste,Q544972,activiste,0.3818,archiviste,0.3464,secouriste,0.3447
musicien ou musicienne de musique classique,Q81729632,musicien,0.843,relation publique,0.164,politicien,0.1636
personne de couleur,Q2072081,agent de,0.253,travailleur social,0.1864,acteur,0.0697
professeur ou professeure d'université,Q1622272,investisseur,0.3578,procureur,0.2553,précurseur,0.2326
professeur ou professeure de musique,Q2675537,investisseur,0.2976,procureur,0.2124,musicien,0.2118
professeur ou professeure de musique,Q16145150,investisseur,0.2976,procureur,0.2124,musicien,0.2118
historien ou historienne,Q201788,ouvrier,0.1787,musicien,0.1431,mentor,0.1408
expert médiatique,Q6386271,médiateur,0.6427,relation publique,0.2466,médecin,0.1436
dramaturge,Q214917,amant/e,0.1827,réformateur,0.1179,diplomate,0.1168
action humaine,Q451967,activiste,0.323,fonctionnaire,0.2678,relation publique,0.248
mannequin de charme,Q3286043,agent de,0.2388,manager,0.2124,pharmacien,0.1902
agriculteur ou agricultrice,Q131512,cultivateur / éleveur,0.2678,adulte,0.2096,agent de,0.1234
alpiniste,Q9149093,activiste,0.3698,archiviste,0.3355,secouriste,0.3339
guide,Q14290559,guide spirituel,0.5733,agent de,0.0664,guerrier,0.0567
travailleur manuel,Q33394058,travailleur social,0.7406,manager,0.12,traducteur,0.1112
entrepreneur ou entrepreneuse,Q131524,entrepreneur,0.9808,inventeur,0.0404,ancêtre,0.0385
professionnel de la vue,Q5422651,agent de,0.2447,procureur,0.1731,producteur,0.1727
orthoprothésiste,Q2031939,activiste,0.3391,archiviste,0.3076,secouriste,0.3062
écrivain ou écrivaine,Q36180,écologiste,0.1108,travailleur social,0.0853,cultivateur / éleveur,0.0847
classe,Q16889133,client,0.1585,assureur,0.1376,investisseur,0.1075
art,Q735,archiviste,0.1525,partenaire,0.127,cartographe,0.1139
auteur ou autrice,Q482980,auteur,0.9201,acteur,0.116,lecteur,0.0955
écrivain ou écrivaine,Q36180,écologiste,0.1108,travailleur social,0.0853,cultivateur / éleveur,0.0847
créateur ou créatrice numérique,Q111263847,relation publique,0.2451,médiateur,0.1919,fondateur,0.1901
posteur ou posteuse,Q111651501,acteur,0.2141,auteur,0.1846,lecteur,0.1762
œuvre d’art,Q838948,partenaire,0.1765,ouvrier,0.165,père,0.1064
récit,Q1318295,réformateur,0.1264,précurseur,0.1228,citoyen,0.1196
littérature,Q8242,politicien,0.1424,assureur,0.1313,procureur,0.1251
professionnel de l'informatique,Q5157565,informaticien,0.5363,réformateur,0.2806,relation publique,0.2111
analyste,Q942569,journaliste,0.2376,activiste,0.1736,archiviste,0.1575
œuvre littéraire,Q7725634,notaire,0.3888,secrétaire,0.3091,partenaire,0.3059
récit,Q3328821,réformateur,0.1264,précurseur,0.1228,citoyen,0.1196
véhicule utilitaire,Q580939,publicitaire,0.4681,notaire,0.4154,secrétaire,0.3301
véhicule,Q42889,bénévole,0.1351,comptable,0.1268,cultivateur / éleveur,0.1158
humanitarian activity,Q107280686,activiste,0.662,acteur,0.213,acteurs sociaux,0.1102
member of the parliament of Sweden,Q110516696,mentor,0.2448,partenaire,0.1677,officier,0.1599
personne du monde du divertissement,Q138858,investisseur,0.2929,agent de,0.1939,mentor,0.1786
écologiste,Q3578589,écologiste,1.0,activiste,0.1594,archiviste,0.1446
militant ou militante,Q15253558,consultant,0.2383,familier,0.2326,enfant,0.0938
environmental defender,Q101067779,défendeur,0.3655,mentor,0.2029,vendeur,0.1998
vocational driver,Q19398863,avocat,0.4026,relation publique,0.2213,fonctionnaire,0.1156
enseignant ou enseignante,Q37226,enseignant,0.9771,infirmier / soignant,0.2664,enfant,0.0992
éducateur ou éducatrice,Q974144,éditeur,0.2431,traducteur,0.1835,producteur,0.1817
teaching professionals,Q108284914,procureur,0.2182,producteur,0.2176,technicien,0.0834
soldat,Q4991371,avocat,0.1563,fondateur,0.145,acteurs sociaux,0.0818
militaire,Q47064,publicitaire,0.465,notaire,0.4127,secrétaire,0.328
général,Q83460,bénévole,0.1549,travailleur social,0.1117,guerrier,0.0
soldat romain,Q67528681,avocat,0.1223,fondateur,0.1135,diplomate,0.0999
professionnel ou professionnelle,Q702269,procureur,0.2189,producteur,0.2184,fonctionnaire,0.2022
religieux,Q4504549,relation publique,0.2441,époux,0.1249,acteurs sociaux,0.0792
moine ou moniale,Q733786,témoin,0.3236,ouvrier,0.1036,bénévole,0.0758
supérieur,Q1776501,acteur,0.1776,ouvrier,0.175,guerrier,0.162
ordinaire,Q1638918,partenaire,0.5009,fonctionnaire,0.4316,notaire,0.367
religieuse,Q191808,relation publique,0.276,guerrier,0.0,législateur,0.0
professionnel des médias,Q15980804,médiateur,0.5037,médecin,0.1538,procureur,0.1387
patron,Q1240788,partenaire,0.1456,relation publique,0.1127,guerrier,0.0
professionnel des médias,Q15980804,médiateur,0.5037,médecin,0.1538,procureur,0.1387
prêtre,Q42603,ancêtre,0.519,procureur,0.0673,producteur,0.0672
ministre du culte,Q1423891,adulte,0.3833,cultivateur / éleveur,0.2485,ancêtre,0.1529
médecin spécialiste,Q3332438,médecin,0.754,journaliste,0.3311,activiste,0.1411
manager,Q2462658,manager,1.0,agent de,0.0548,amant/e,0.0485
protection,Q2251595,fonctionnaire,0.2684,relation publique,0.2485,procureur,0.1543
effets spéciaux,Q381243,acteurs sociaux,0.5217,époux,0.0793,spectateur,0.0611
domaine d'activité,Q627436,activiste,0.6172,acteur,0.0859,diplomate,0.0694
mécanique classique,Q11397,relation publique,0.3578,syndiqué,0.0725,psychologue,0.0613
cadres supérieurs de l’administration publique,Q108290289,relation publique,0.7068,publicitaire,0.2326,acteurs sociaux,0.1503
fonction,Q4164871,fonctionnaire,0.671,relation publique,0.197,fondateur,0.1348
artisan,Q1294787,archiviste,0.1227,investisseur,0.1106,partenaire,0.1022
carrossier,Q1734300,cartographe,0.2621,ouvrier,0.1733,policier,0.1727
chercheur ou chercheuse en sciences sociales,Q15319501,travailleur social,0.3971,acteurs sociaux,0.321,musicien,0.1212
pédagogue,Q1231865,psychologue,0.4409,guerrier,0.0813,relation publique,0.0559
domestique,Q54128,relation publique,0.3069,investisseur,0.1898,syndiqué,0.0622
domestique,Q54128,relation publique,0.3069,investisseur,0.1898,syndiqué,0.0622
archéologue,Q3621491,psychologue,0.4993,archiviste,0.2991,écologiste,0.1241
biologiste,Q864503,écologiste,0.7881,activiste,0.2022,archiviste,0.1834
technicien ou technicienne,Q5352191,technicien,0.9852,musicien,0.2158,politicien,0.1923
directeur ou directrice,Q1162163,lecteur,0.4729,inspecteur,0.3673,acteur,0.2853
sport de puissance,Q337979,transporteur,0.3246,agent de,0.2177,guide spirituel,0.0793
sport individuel,Q2755547,transporteur,0.3285,guide spirituel,0.1842,syndiqué,0.0627
trompette à coulisse,Q55738923,investisseur,0.1972,comptable,0.1332,secouriste,0.1063
droit,Q7748,guerrier,0.0,traducteur,0.0,spectateur,0.0
representación,Q17628570,entrepreneur,0.4122,pharmacien,0.0698,client,0.0552
substitut,Q1517802,investisseur,0.1317,guide spirituel,0.1187,législateur,0.0
droits de l'homme,Q8458,agent de,0.4573,guide spirituel,0.0833,guerrier,0.0
militant ou militante,Q15253558,consultant,0.2383,familier,0.2326,enfant,0.0938
animateur ou animatrice,Q13590141,réformateur,0.3718,médiateur,0.1988,fondateur,0.1969
assistant,Q23835475,consultant,0.3162,assureur,0.2513,enfant,0.1454
fonctionnaire de police,Q361593,fonctionnaire,0.8661,policier,0.2966,partenaire,0.1872
technicien ou technicienne,Q5352191,technicien,0.9852,musicien,0.2158,politicien,0.1923
artisan,Q1294787,archiviste,0.1227,investisseur,0.1106,partenaire,0.1022
radio writer,Q122657929,éditeur,0.1473,traducteur,0.1229,guide spirituel,0.0902
dramaturge,Q214917,amant/e,0.1827,réformateur,0.1179,diplomate,0.1168
instrumentiste,Q1278335,activiste,0.2515,archiviste,0.2281,secouriste,0.2271
harmoniciste,Q20850090,activiste,0.2602,archiviste,0.2361,secouriste,0.235
artisan,Q1294787,archiviste,0.1227,investisseur,0.1106,partenaire,0.1022
personnalité politique,Q82955,politicien,0.5083,policier,0.2419,relation publique,0.1787
party official,Q88190406,officier,0.5709,partenaire,0.2496,travailleur social,0.1915
fonction,Q4164871,fonctionnaire,0.671,relation publique,0.197,fondateur,0.1348
soprano,Q30903,philosophe,0.118,transporteur,0.1158,acteurs sociaux,0.0818
service,Q7406919,secrétaire,0.1902,secouriste,0.188,guerrier,0.0
business service,Q25351891,voisin,0.1547,musicien,0.1439,secrétaire,0.1033
produit,Q2424752,producteur,0.6563,procureur,0.188,précurseur,0.0519
modèle d'entreprise,Q815823,entrepreneur,0.5753,secouriste,0.0565,ancêtre,0.0552
capitaine de navire,Q849424,publicitaire,0.293,agent de,0.2688,notaire,0.2167
directeur ou directrice,Q1162163,lecteur,0.4729,inspecteur,0.3673,acteur,0.2853
administrateur ou administratrice de société,Q2824523,travailleur social,0.237,acteurs sociaux,0.2263,agent de,0.1687
prisoner of a Nazi concentration camp,Q1719325,relation publique,0.2997,fonctionnaire,0.1402,consultant,0.1276
ingénieur ou ingénieure,Q81096,inventeur,0.1874,inspecteur,0.1802,innovateur,0.1759
designer,Q5322166,agent de,0.179,infirmier / soignant,0.1351,enseignant,0.1131
maçon,Q327321,manager,0.1708,relation publique,0.1127,guerrier,0.0
acteur ou actrice pornographique,Q488111,acteur,0.6244,acteurs sociaux,0.3004,cartographe,0.2904
travailleur ou travailleuse du sexe,Q852857,travailleur social,0.7965,traducteur,0.1145,transporteur,0.0958
cycling coach,Q108181013,client,0.2026,comptable,0.1268,consultant,0.1232
directeur ou directrice,Q1162163,lecteur,0.4729,inspecteur,0.3673,acteur,0.2853
monteur d'acier,Q15980591,inventeur,0.3348,policier,0.2851,officier,0.2733
travail,Q192581,travailleur social,0.5949,traducteur,0.1327,transporteur,0.111
solide géométrique,Q937946,relation publique,0.2848,guide spirituel,0.15,agent de,0.0715
ensemble convexe,Q193657,enseignant,0.336,comptable,0.2157,consultant,0.1619
hyperball,Q3776995,allié,0.2887,guerrier,0.0,législateur,0.0
agriculteur ou agricultrice,Q131512,cultivateur / éleveur,0.2678,adulte,0.2096,agent de,0.1234
ouvrier agricole,Q5060555,ouvrier,0.8761,guerrier,0.2016,bénévole,0.1362
profession agricole,Q19261760,bénévole,0.1958,procureur,0.1717,producteur,0.1712
président de la République,Q248577,relation publique,0.5201,agent de,0.251,publicitaire,0.1883
chef d'État de la Roumanie,Q116730140,agent de,0.2981,avocat,0.1,spectateur,0.0873
évolution,Q1063,relation publique,0.3009,bénévole,0.2253,fonctionnaire,0.1525
paléoanthropologie,Q7206,écologiste,0.4035,psychologue,0.1657,policier,0.0744
érotisme anal,Q484744,manager,0.108,ancêtre,0.1075,journaliste,0.0866
scénariste,Q28389,secouriste,0.5207,activiste,0.3067,archiviste,0.2783
géographe,Q901402,cartographe,0.7031,philosophe,0.1283,guerrier,0.0
sciences sociales,Q34749,travailleur social,0.4712,acteurs sociaux,0.3923,musicien,0.1142
transport company,Q2127330,transporteur,0.7533,comptable,0.2359,traducteur,0.0983
lieu de travail,Q628858,travailleur social,0.5302,agent de,0.1822,traducteur,0.1182
Prestataire logistique,Q1468664,écologiste,0.3442,notaire,0.2974,secrétaire,0.2363
activité,Q12737077,activiste,0.7447,acteur,0.2396,acteurs sociaux,0.1239
musicien ou musicienne,Q639669,musicien,0.9799,politicien,0.2255,technicien,0.2176
personne,Q215627,fonctionnaire,0.1774,guerrier,0.0,traducteur,0.0
agriculteur ou agricultrice,Q131512,cultivateur / éleveur,0.2678,adulte,0.2096,agent de,0.1234
prêtre orthodoxe,Q19340487,ancêtre,0.4807,transporteur,0.0722,procureur,0.0623
moine orthodoxe,Q91187063,témoin,0.3909,transporteur,0.0957,guerrier,0.0
ordinaire,Q1638918,partenaire,0.5009,fonctionnaire,0.4316,notaire,0.367
agent de la force publique,Q6503343,agent de,0.6276,relation publique,0.5213,publicitaire,0.2462
enquêteur,Q30093123,acteur,0.2938,auteur,0.2533,lecteur,0.2418
nutritionniste,Q2576499,fonctionnaire,0.2957,activiste,0.235,archiviste,0.2132
professionnel ou professionnelle de la santé,Q11974939,procureur,0.2055,producteur,0.205,fonctionnaire,0.1898
anthropogéographe,Q60332470,cartographe,0.6694,philosophe,0.1221,ancêtre,0.0601
sociologue,Q2306091,psychologue,0.5177,acteurs sociaux,0.2227,travailleur social,0.1896
théoricien ou théoricienne de l'urbanisme,Q59913751,musicien,0.4546,politicien,0.4051,technicien,0.3909
urbaniste,Q131062,activiste,0.3698,archiviste,0.3355,secouriste,0.3339
ingénieur ou ingénieure,Q81096,inventeur,0.1874,inspecteur,0.1802,innovateur,0.1759
scientifique,Q901,relation publique,0.3032,client,0.1961,musicien,0.1323
théoricien ou théoricienne,Q18931911,musicien,0.5062,politicien,0.4511,technicien,0.4353
psychologue,Q212980,psychologue,1.0,écologiste,0.0952,guerrier,0.0358
opérateur de marché,Q1424605,agent de,0.2465,médiateur,0.2265,fondateur,0.2244
hobbyist,Q65720209,activiste,0.1748,archiviste,0.1586,secouriste,0.1578
service,Q7406919,secrétaire,0.1902,secouriste,0.188,guerrier,0.0
diffusion des connaissances,Q6423395,fonctionnaire,0.2913,consultant,0.1394,relation publique,0.1112
processus social,Q2305441,travailleur social,0.4735,acteurs sociaux,0.3053,procureur,0.2761
ingénieur système,Q1572123,inventeur,0.1847,inspecteur,0.1777,innovateur,0.1734
professeur ou professeure d'université,Q1622272,investisseur,0.3578,procureur,0.2553,précurseur,0.2326
architecture teacher,Q108818575,archiviste,0.4884,technicien,0.1095,éditeur,0.072
être humain,Q5,ancêtre,0.519,témoin,0.0773,voisin,0.0773
éditeur ou éditrice,Q2516866,éditeur,0.9304,médiateur,0.1344,acteur,0.0931
bassiste,Q12360214,activiste,0.3339,archiviste,0.3029,secouriste,0.3015
musicien de heavy metal,Q67200506,musicien,0.8859,politicien,0.2334,technicien,0.2252
marché noir,Q50851,archiviste,0.2772,notaire,0.1171,manager,0.108
biologiste,Q864503,écologiste,0.7881,activiste,0.2022,archiviste,0.1834
scientifique,Q901,relation publique,0.3032,client,0.1961,musicien,0.1323
biologiste,Q864503,écologiste,0.7881,activiste,0.2022,archiviste,0.1834
chimiste,Q593644,archiviste,0.4339,activiste,0.3698,secouriste,0.3339
biologiste,Q864503,écologiste,0.7881,activiste,0.2022,archiviste,0.1834
professionnel de l'informatique,Q5157565,informaticien,0.5363,réformateur,0.2806,relation publique,0.2111
spécialiste,Q1391344,journaliste,0.504,activiste,0.2147,archiviste,0.1948
textile industrial,Q58455065,travailleur social,0.2044,technicien,0.0899,bénévole,0.079
designer textile,Q18611810,agent de,0.1335,technicien,0.1024,infirmier / soignant,0.1008
personnalité politique,Q82955,politicien,0.5083,policier,0.2419,relation publique,0.1787
candidate ou candidat,Q618536,fondateur,0.1814,aidant,0.119,syndiqué,0.0958
rapport social,Q853725,travailleur social,0.5052,acteurs sociaux,0.3258,transporteur,0.138
chercheur ou chercheuse en sciences sociales,Q15319501,travailleur social,0.3971,acteurs sociaux,0.321,musicien,0.1212
cavalier,Q2730732,familier,0.3622,ouvrier,0.1355,policier,0.135
analyste,Q485178,journaliste,0.2376,activiste,0.1736,archiviste,0.1575
organisation armée,Q17149090,relation publique,0.4134,fonctionnaire,0.1383,archiviste,0.0642
early childhood educator,Q108290349,mentor,0.3021,avocat,0.0988,archiviste,0.079
ingénieur ou ingénieure,Q81096,inventeur,0.1874,inspecteur,0.1802,innovateur,0.1759
travailleur ou travailleuse,Q327055,travailleur social,0.7999,traducteur,0.115,transporteur,0.0962
artiste,Q483501,archiviste,0.3646,activiste,0.3108,secouriste,0.2806
travailleur manuel,Q33394058,travailleur social,0.7406,manager,0.12,traducteur,0.1112
guerre électronique,Q272826,guerrier,0.4432,relation publique,0.1995,lecteur,0.1777
guerre de l'information,Q911036,informaticien,0.4992,guerrier,0.3373,réformateur,0.2612
marin,Q45199,manager,0.1838,voisin,0.1443,témoin,0.1443
vessel captain,Q110996085,investisseur,0.1364,vendeur,0.0981,comptable,0.0753
chef ou cheffe d'entreprise,Q2961975,entrepreneur,0.5717,ouvrier,0.0683,secouriste,0.0561
agent de sécurité,Q856887,agent de,0.8611,précurseur,0.1319,client,0.1213
agriculteur ou agricultrice,Q131512,cultivateur / éleveur,0.2678,adulte,0.2096,agent de,0.1234
forgeron ou forgeronne,Q838566,manager,0.1306,fonctionnaire,0.1281,fondateur,0.1082
travailleur qualifié ou travailleuse qualifiée,Q2588761,travailleur social,0.7801,traducteur,0.1122,transporteur,0.0938
service industry worker,Q66715835,secrétaire,0.1282,secouriste,0.1267,infirmier / soignant,0.1167
défenseur des droits de l'Homme,Q1476215,défendeur,0.4674,agent de,0.2277,précurseur,0.14
évêque,Q29182,relation publique,0.2684,psychologue,0.0919,juré,0.0
évêque catholique,Q611644,relation publique,0.4001,psychologue,0.1079,avocat,0.0563
vicaire général,Q1044528,notaire,0.3838,secrétaire,0.305,partenaire,0.3019
évêque titulaire,Q948657,notaire,0.3316,secrétaire,0.2636,partenaire,0.2608
coadjuteur,Q114371470,auteur,0.5994,acteur,0.228,lecteur,0.1876
évêque auxiliaire,Q75178,notaire,0.2936,secrétaire,0.2333,partenaire,0.2309
district authority,Q854399,auteur,0.3923,diplomate,0.0892,guide spirituel,0.071
fonction,Q4164871,fonctionnaire,0.671,relation publique,0.197,fondateur,0.1348
maire,Q30185,notaire,0.4251,secrétaire,0.3379,partenaire,0.3343
clergé bouddhiste,Q70901436,activiste,0.3698,archiviste,0.3355,secouriste,0.3339
mendicant,Q987168,mentor,0.3004,enfant,0.1664,aidant,0.1647
religieuse,Q191808,relation publique,0.276,guerrier,0.0,législateur,0.0
nígū,Q97352502,guerrier,0.0,traducteur,0.0,spectateur,0.0
moine ou moniale,Q733786,témoin,0.3236,ouvrier,0.1036,bénévole,0.0758
clergé bouddhiste,Q70901436,activiste,0.3698,archiviste,0.3355,secouriste,0.3339
mendicant,Q987168,mentor,0.3004,enfant,0.1664,aidant,0.1647
plucked instrument player,Q115246813,mentor,0.2596,inspecteur,0.2217,client,0.1976
physico-chimiste,Q16744668,archiviste,0.3646,activiste,0.3108,secouriste,0.2806
théoricien ou théoricienne,Q18931911,musicien,0.5062,politicien,0.4511,technicien,0.4353
poupée,Q168658,pourvoyeur,0.3288,époux,0.1528,policier,0.1134
statue,Q179700,spectateur,0.1339,guide spirituel,0.0997,psychologue,0.0919
domestique,Q54128,relation publique,0.3069,investisseur,0.1898,syndiqué,0.0622
valet,Q13472752,guerrier,0.0,traducteur,0.0,spectateur,0.0
opérateur de marché,Q1424605,agent de,0.2465,médiateur,0.2265,fondateur,0.2244
entraîneur sportif,Q41583,entrepreneur,0.4025,transporteur,0.3451,spectateur,0.0793
security guards and security agencies,Q108341141,agent de,0.2937,secouriste,0.2674,secrétaire,0.1934
musicien ou musicienne,Q639669,musicien,0.9799,politicien,0.2255,technicien,0.2176
artiste,Q483501,archiviste,0.3646,activiste,0.3108,secouriste,0.2806
critique gastronomique,Q1495660,relation publique,0.3638,syndiqué,0.0737,psychologue,0.0623
rang académique,Q486983,relation publique,0.3323,acteur,0.096,transporteur,0.0703
musicien ou musicienne,Q639669,musicien,0.9799,politicien,0.2255,technicien,0.2176
arbitre sportif ou arbitre sportive,Q202648,transporteur,0.3527,ancêtre,0.1699,archiviste,0.0635
officiel d'un match de football,Q38088701,officier,0.7071,agent de,0.1683,informaticien,0.0922
person associated with football,Q116763437,acteurs sociaux,0.2505,travailleur social,0.2133,assureur,0.1967
plastic artwork,Q350268,archiviste,0.1078,investisseur,0.0972,politicien,0.0942
objet artificiel physique,Q8205328,officier,0.2911,relation publique,0.2426,policier,0.103
artéfact archéologique,Q220659,archiviste,0.3102,écologiste,0.2423,relation publique,0.1938
militant ou militante,Q15253558,consultant,0.2383,familier,0.2326,enfant,0.0938
conseiller ou conseillère de rédaction,Q876864,consultant,0.3034,enseignant,0.1603,fonctionnaire,0.1341
athlète,Q2066131,hôte,0.2343,adulte,0.182,activiste,0.1553
travailleur social,Q7019111,travailleur social,1.0,acteurs sociaux,0.2198,traducteur,0.1003
management,Q2920921,manager,0.7147,agent de,0.1876,mentor,0.1728
administration,Q5283295,relation publique,0.4072,fonctionnaire,0.1362,adulte,0.0818
specialist studies in education,Q113104235,relation publique,0.246,spectateur,0.2229,journaliste,0.2003
danse,Q11639,aidant,0.1571,enseignant,0.1185,transporteur,0.1105
industrie extractive,Q12101591,activiste,0.4489,acteur,0.0953,ouvrier,0.0763
industrie pétrolière et gazière,Q4318084,père,0.4727,mere,0.0955,frère/socur,0.0932
aristocrate,Q2478141,secouriste,0.2673,archiviste,0.1806,diplomate,0.1732
femme,Q467,guerrier,0.0,traducteur,0.0,spectateur,0.0
programmeur ou programmeuse,Q5482740,procureur,0.2541,producteur,0.2535,cartographe,0.23
développeur de jeux vidéo,Q58287519,agent de,0.3357,défendeur,0.1547,époux,0.1066
auteur ou autrice de non-fiction,Q15980158,auteur,0.7176,fonctionnaire,0.1634,relation publique,0.1513
scientifique,Q901,relation publique,0.3032,client,0.1961,musicien,0.1323
stratigraphie,Q134783,cartographe,0.3785,philosophe,0.0666,traducteur,0.0569
paléontologie,Q7205,écologiste,0.4124,psychologue,0.1694,mentor,0.0961
scientifique interdisciplinaire,Q17136179,partenaire,0.2925,fonctionnaire,0.2521,relation publique,0.217
biologiste,Q864503,écologiste,0.7881,activiste,0.2022,archiviste,0.1834
fleet,Q47311934,guerrier,0.0,traducteur,0.0,spectateur,0.0
mannequin,Q4610556,manager,0.3207,banquier,0.1061,amant/e,0.094
vedette,Q15982595,vendeur,0.2212,hôte,0.132,adulte,0.1025
entraîneur sportif,Q41583,entrepreneur,0.4025,transporteur,0.3451,spectateur,0.0793
collectionneur ou collectionneuse,Q3243461,fonctionnaire,0.3723,lecteur,0.2245,entrepreneur,0.1059
entraîneur sportif,Q41583,entrepreneur,0.4025,transporteur,0.3451,spectateur,0.0793
criminel ou criminelle,Q2159907,ouvrier,0.1278,bénévole,0.0935,comptable,0.0877
prisonnier ou prisonnière,Q1862087,père,0.2017,ouvrier,0.1557,fonctionnaire,0.1104
joueur professionnel ou joueuse professionnelle,Q18536342,joueur,0.75,procureur,0.1549,producteur,0.1546
fiduciaire,Q2047357,notaire,0.396,secrétaire,0.3147,partenaire,0.3115
agriculteur ou agricultrice,Q131512,cultivateur / éleveur,0.2678,adulte,0.2096,agent de,0.1234
Industrie de l'alcool,Q3150593,agent de,0.3752,ouvrier,0.1019,guerrier,0.0943
chrétien ou chrétienne,Q106039,musicien,0.1859,politicien,0.1657,technicien,0.1599
policier ou policière,Q384593,policier,0.9261,politicien,0.3633,officier,0.2039
administrateur académique,Q21281706,relation publique,0.2649,acteur,0.2303,médiateur,0.2074
fonction,Q4164871,fonctionnaire,0.671,relation publique,0.197,fondateur,0.1348
manager,Q2462658,manager,1.0,agent de,0.0548,amant/e,0.0485
col bleu,Q1191714,comptable,0.1927,écologiste,0.1048,consultant,0.0852
vol,Q2727213,voisin,0.1843,bénévole,0.1549,législateur,0.0
médecin chercheur,Q25141651,médecin,0.9568,médiateur,0.1727,acteur,0.0489
généticien ou généticienne,Q3126128,politicien,0.5268,informaticien,0.4539,musicien,0.3694
Ban,Q577017,banquier,0.3926,guerrier,0.0,traducteur,0.0
décorateur d'intérieur,Q2133309,médiateur,0.3099,fondateur,0.307,spectateur,0.289
professeur,Q73536659,investisseur,0.3897,précurseur,0.2714,procureur,0.2329
être humain,Q5,ancêtre,0.519,témoin,0.0773,voisin,0.0773
fonction publique,Q294414,relation publique,0.63,fonctionnaire,0.4785,publicitaire,0.2311
éditeur ou éditrice,Q1607826,éditeur,0.9304,médiateur,0.1344,acteur,0.0931
journaliste,Q1930187,journaliste,1.0,secouriste,0.1649,activiste,0.1505
formateur,Q3077353,réformateur,0.7461,informaticien,0.3645,fondateur,0.2417
enseignant ou enseignante,Q37226,enseignant,0.9771,infirmier / soignant,0.2664,enfant,0.0992
conseiller municipal,Q708492,consultant,0.2844,travailleur social,0.1541,enseignant,0.1502
transport clerk,Q43683884,transporteur,0.8354,traducteur,0.109,travailleur social,0.0753
assistant,Q23835475,consultant,0.3162,assureur,0.2513,enfant,0.1454
juge,Q16533,juré,0.3333,traducteur,0.0,spectateur,0.0
compétition sportive,Q13406554,comptable,0.2681,transporteur,0.2566,relation publique,0.1962
sport,Q349,transporteur,0.4391,spectateur,0.0721,guide spirituel,0.0536
discipline sportive,Q2312410,transporteur,0.3691,diplomate,0.1356,activiste,0.0612
travailleur de la construction,Q811122,travailleur social,0.6331,consultant,0.1745,fonctionnaire,0.1419
arable farming,Q3198719,comptable,0.3825,familier,0.0726,archiviste,0.0659
procédé,Q10843872,procureur,0.5275,producteur,0.2339,précurseur,0.0648
farming practice,Q117048972,activiste,0.2187,acteur,0.0978,familier,0.0853
idéologie politique,Q12909644,politicien,0.5011,policier,0.2603,écologiste,0.2404
romaniste,Q2504617,activiste,0.3391,archiviste,0.3076,secouriste,0.3062
historien ou historienne de l'Église,Q1743122,agent de,0.1824,ouvrier,0.1583,musicien,0.1268
pionnier,Q937283,fonctionnaire,0.2427,ouvrier,0.1766,policier,0.176
responsable,Q1251441,comptable,0.4035,consultant,0.0672,transporteur,0.0644
paléobiologiste,Q16037036,écologiste,0.7627,activiste,0.1957,archiviste,0.1775
zoologiste,Q350979,écologiste,0.7881,activiste,0.2022,archiviste,0.1834
pharmacien,Q105186,pharmacien,1.0,musicien,0.1658,informaticien,0.155
historien ou historienne de la médecine,Q15985128,médecin,0.6243,agent de,0.1376,ouvrier,0.1194
entraîneur sportif,Q41583,entrepreneur,0.4025,transporteur,0.3451,spectateur,0.0793
propriétaire de biens,Q12794619,secrétaire,0.4561,notaire,0.3735,publicitaire,0.274
psychologue,Q212980,psychologue,1.0,écologiste,0.0952,guerrier,0.0358
pharmacologue,Q2114605,pharmacien,0.5555,psychologue,0.386,écologiste,0.2108
behavioral scientist,Q99193996,client,0.2426,musicien,0.1637,politicien,0.1459
physico-chimiste,Q16744668,archiviste,0.3646,activiste,0.3108,secouriste,0.2806
militant ou militante politique,Q11499147,politicien,0.3756,consultant,0.1885,familier,0.1841
partisan,Q7140620,partenaire,0.4596,investisseur,0.0712,cartographe,0.059
followership,Q8564242,fondateur,0.2189,fonctionnaire,0.1622,guerrier,0.0
membre de parti politique,Q11388835,politicien,0.457,partenaire,0.2518,policier,0.2374
affiliate,Q8191099,médiateur,0.2447,diplomate,0.1671,officier,0.0981
nationaliste,Q106399618,journaliste,0.5706,relation publique,0.2021,activiste,0.1843
anti-communiste,Q120115224,activiste,0.3195,archiviste,0.2898,secouriste,0.2885
anti-capitalist,Q120324952,journaliste,0.3807,ancêtre,0.0845,publicitaire,0.0675
extrémiste de droite,Q104080080,activiste,0.3002,archiviste,0.2724,secouriste,0.2711
linguiste,Q14467526,activiste,0.3698,archiviste,0.3355,secouriste,0.3339
libraire,Q33386280,notaire,0.4834,secrétaire,0.3842,partenaire,0.3802
sémitologue,Q19361455,psychologue,0.593,écologiste,0.1474,citoyen,0.0691
philosophe,Q4964182,philosophe,1.0,cartographe,0.0902,pharmacien,0.0333
scientifique des religions,Q19829980,relation publique,0.3949,client,0.1523,agent de,0.1125
pédagogue,Q1231865,psychologue,0.4409,guerrier,0.0813,relation publique,0.0559
officier,Q189290,officier,1.0,policier,0.3283,musicien,0.0891
réserviste,Q561904,activiste,0.5124,archiviste,0.4649,secouriste,0.2666
théologien chrétien,Q55737401,écologiste,0.3112,musicien,0.2228,politicien,0.1985
économiste,Q188094,écologiste,0.4832,activiste,0.2853,archiviste,0.2588
fonctionnaire,Q1328323,fonctionnaire,1.0,partenaire,0.2162,notaire,0.1584
auteur ou autrice de non-fiction,Q15980158,auteur,0.7176,fonctionnaire,0.1634,relation publique,0.1513
critique d'art,Q4164507,relation publique,0.3099,politicien,0.074,syndiqué,0.0628
escrimeur,Q13381863,acteur,0.2759,cultivateur / éleveur,0.2414,auteur,0.2378
para-athlete,Q114414171,partenaire,0.3318,hôte,0.0858,adulte,0.0667
cycliste,Q2309784,journaliste,0.4562,activiste,0.2853,archiviste,0.2588
manager,Q2462658,manager,1.0,agent de,0.0548,amant/e,0.0485
instructeur,Q777952,inspecteur,0.452,traducteur,0.4484,producteur,0.444
partisan,Q7140620,partenaire,0.4596,investisseur,0.0712,cartographe,0.059
militant ou militante,Q15253558,consultant,0.2383,familier,0.2326,enfant,0.0938
exploitant,Q29933786,consultant,0.3527,enfant,0.1621,aidant,0.1605
psychologue,Q212980,psychologue,1.0,écologiste,0.0952,guerrier,0.0358
scientifique des religions,Q19829980,relation publique,0.3949,client,0.1523,agent de,0.1125
chercheur ou chercheuse en sciences sociales,Q15319501,travailleur social,0.3971,acteurs sociaux,0.321,musicien,0.1212
slaviste,Q15976341,activiste,0.5124,archiviste,0.4649,secouriste,0.2666
romaniste,Q2504617,activiste,0.3391,archiviste,0.3076,secouriste,0.3062
cinéaste,Q1414443,activiste,0.196,archiviste,0.1779,secouriste,0.177
réalisateur ou réalisatrice de documentaire,Q1235146,notaire,0.2598,secrétaire,0.2065,journaliste,0.2062
plucked string instrument maker,Q1734493,mentor,0.2426,inspecteur,0.2072,client,0.1846
théoricien ou théoricienne,Q18931911,musicien,0.5062,politicien,0.4511,technicien,0.4353
fondateur,Q4479442,fondateur,1.0,médiateur,0.1695,spectateur,0.1581
militant ou militante,Q15253558,consultant,0.2383,familier,0.2326,enfant,0.0938
athlète,Q2066131,hôte,0.2343,adulte,0.182,activiste,0.1553
avocat ou avocate,Q40348,avocat,0.9493,diplomate,0.0554,ouvrier,0.0341
manager,Q2462658,manager,1.0,agent de,0.0548,amant/e,0.0485
journaliste,Q1930187,journaliste,1.0,secouriste,0.1649,activiste,0.1505
fondateur,Q4479442,fondateur,1.0,médiateur,0.1695,spectateur,0.1581
pratiquant de sports d'hiver,Q20965770,transporteur,0.296,agent de,0.2311,enfant,0.1066
musicien ou musicienne,Q639669,musicien,0.9799,politicien,0.2255,technicien,0.2176
vétérinaire,Q202883,partenaire,0.5009,fonctionnaire,0.4316,notaire,0.367
pathologiste,Q3368718,écologiste,0.699,psychologue,0.2354,activiste,0.1793
fondateur,Q4479442,fondateur,1.0,médiateur,0.1695,spectateur,0.1581
entrepreneur ou entrepreneuse,Q131524,entrepreneur,0.9808,inventeur,0.0404,ancêtre,0.0385
auteur ou autrice,Q482980,auteur,0.9201,acteur,0.116,lecteur,0.0955
pédagogue,Q1231865,psychologue,0.4409,guerrier,0.0813,relation publique,0.0559
journaliste,Q1930187,journaliste,1.0,secouriste,0.1649,activiste,0.1505
entraîneur sportif,Q41583,entrepreneur,0.4025,transporteur,0.3451,spectateur,0.0793
pédagogue,Q1231865,psychologue,0.4409,guerrier,0.0813,relation publique,0.0559
artiste graphique,Q1925963,cartographe,0.2901,archiviste,0.2095,relation publique,0.2078
graphiste,Q627325,cartographe,0.3433,activiste,0.2407,archiviste,0.2184
historien ou historienne,Q201788,ouvrier,0.1787,musicien,0.1431,mentor,0.1408
fabricant d'instrument à vent,Q1625427,client,0.269,agent de,0.2661,mentor,0.1932
conseiller politique,Q8125919,politicien,0.4382,policier,0.2492,consultant,0.2169
fonction publique,Q294414,relation publique,0.63,fonctionnaire,0.4785,publicitaire,0.2311
fonctionnaire municipal,Q115761018,fonctionnaire,0.9359,partenaire,0.2023,notaire,0.1482
haut fonctionnaire ou haute fonctionnaire,Q599151,fonctionnaire,0.9719,partenaire,0.2101,notaire,0.1539
commis,Q738142,comptable,0.3461,consultant,0.0991,guerrier,0.0
fonctionnaire de la cour,Q61905636,fonctionnaire,0.91,partenaire,0.1967,notaire,0.1441
linguiste,Q14467526,activiste,0.3698,archiviste,0.3355,secouriste,0.3339
fabricant d'instrument à clavier,Q94296450,client,0.2804,mentor,0.2076,agent de,0.1947
forgeron ou forgeronne,Q1639825,manager,0.1306,fonctionnaire,0.1281,fondateur,0.1082
forgeron ou forgeronne,Q838566,manager,0.1306,fonctionnaire,0.1281,fondateur,0.1082
spéléologue,Q16742175,psychologue,0.597,écologiste,0.1484,guerrier,0.0558
biologiste,Q864503,écologiste,0.7881,activiste,0.2022,archiviste,0.1834
dirigeant,Q1097498,enfant,0.2209,aidant,0.2187,étudiant,0.1827
roi légendaire,Q6949213,notaire,0.2936,secrétaire,0.2333,partenaire,0.2309
économiste,Q188094,écologiste,0.4832,activiste,0.2853,archiviste,0.2588
personnage légendaire,Q13002315,fonctionnaire,0.2929,notaire,0.2299,secrétaire,0.1827
personnage mythologique,Q4271324,psychologue,0.2625,écologiste,0.2526,relation publique,0.202
guerrier,Q1250916,guerrier,1.0,ouvrier,0.2301,policier,0.0845
charpentier,Q154549,ouvrier,0.2096,policier,0.2088,officier,0.2002
maître d’œuvre,Q1340643,ancêtre,0.2786,père,0.1352,mere,0.1352
physico-chimiste,Q16744668,archiviste,0.3646,activiste,0.3108,secouriste,0.2806
chimiste analytique,Q43668003,archiviste,0.2519,relation publique,0.2499,journaliste,0.2362
ingénieur ou ingénieure,Q81096,inventeur,0.1874,inspecteur,0.1802,innovateur,0.1759
consultant ou consultante,Q15978655,consultant,0.9775,enfant,0.056,aidant,0.0554
activités d’édition,Q16023725,activiste,0.544,relation publique,0.1961,acteur,0.175
édition de livres,Q29585658,éditeur,0.4107,relation publique,0.2253,agent de,0.1977
écrivain ou écrivaine,Q36180,écologiste,0.1108,travailleur social,0.0853,cultivateur / éleveur,0.0847
clerc régulier,Q2138822,familier,0.3899,client,0.2008,ouvrier,0.1459
religieux catholique,Q2566598,relation publique,0.4601,psychologue,0.0841,avocat,0.0639
chanoine,Q1104153,témoin,0.2606,guerrier,0.0,diplomate,0.0
chanoine,Q1237385,témoin,0.2606,guerrier,0.0,diplomate,0.0
livraison,Q2334804,relation publique,0.1594,guerrier,0.0,législateur,0.0
historien ou historienne,Q201788,ouvrier,0.1787,musicien,0.1431,mentor,0.1408
political appointee,Q2101540,politicien,0.7252,policier,0.299,témoin,0.0637
linguiste,Q14467526,activiste,0.3698,archiviste,0.3355,secouriste,0.3339
seal cutter,Q61465891,secrétaire,0.0957,secouriste,0.0946,travailleur social,0.0869
artiste,Q483501,archiviste,0.3646,activiste,0.3108,secouriste,0.2806
grape grower,Q93403587,cartographe,0.2975,ouvrier,0.0625,policier,0.0622
personnalité liée au vin,Q104590991,journaliste,0.1863,fonctionnaire,0.1707,auteur,0.0991
travailleur migrant,Q15320003,travailleur social,0.7686,transporteur,0.1313,traducteur,0.1154
pouvoir exécutif,Q35798,pourvoyeur,0.2232,voisin,0.1105,ouvrier,0.1061
organisation,Q43229,relation publique,0.4603,fonctionnaire,0.154,informaticien,0.0538
perpétrateur ou perpétratrice,Q4445088,médiateur,0.2706,fondateur,0.2681,traducteur,0.2553
pompier ou pompière,Q107711,père,0.2337,policier,0.213,ouvrier,0.1804
invigilator,Q96075193,mentor,0.3212,inventeur,0.2143,investisseur,0.1675
fonctionnaire,Q212238,fonctionnaire,1.0,partenaire,0.2162,notaire,0.1584
instrumentiste,Q1278335,activiste,0.2515,archiviste,0.2281,secouriste,0.2271
député,Q18171345,défendeur,0.223,guerrier,0.0,législateur,0.0
poète ou poétesse,Q49757,policier,0.1566,politicien,0.1356,pourvoyeur,0.1289
officier d'armes,Q3247049,officier,0.9726,policier,0.3193,musicien,0.0867
court appointment,Q1622925,mentor,0.2345,secouriste,0.193,client,0.1784
criminel ou criminelle,Q2159907,ouvrier,0.1278,bénévole,0.0935,comptable,0.0877
chercheur ou chercheuse,Q1650915,archiviste,0.1748,ouvrier,0.1058,acteur,0.0897
érudit,Q20826540,éditeur,0.1939,étudiant,0.1608,traducteur,0.0
guitariste,Q855091,secouriste,0.4118,activiste,0.2426,archiviste,0.2201
éducateur ou éducatrice,Q974144,éditeur,0.2431,traducteur,0.1835,producteur,0.1817
chanteur ou chanteuse,Q177220,inventeur,0.4251,acteur,0.1658,auteur,0.143
musicien de blues,Q42303786,musicien,0.9259,politicien,0.2439,technicien,0.2354
géoscientifique,Q11424604,relation publique,0.3032,client,0.1961,musicien,0.1323
pratiquant d'arts martiaux,Q11124885,acteurs sociaux,0.2885,enfant,0.1102,aidant,0.1091
avocat ou avocate,Q40348,avocat,0.9493,diplomate,0.0554,ouvrier,0.0341
juriste,Q185351,secouriste,0.5493,juré,0.2839,activiste,0.2205
labour scientist,Q61717628,client,0.2442,musicien,0.1648,politicien,0.1469
juriste,Q16012028,secouriste,0.5493,juré,0.2839,activiste,0.2205
éclaireur,Q18121791,assureur,0.3049,procureur,0.2905,notaire,0.191
commerçant,Q215536,comptable,0.2522,consultant,0.2022,enfant,0.1789
aristocrate,Q2478141,secouriste,0.2673,archiviste,0.1806,diplomate,0.1732
collaboration under the Japanese occupation during World War II,Q11740939,relation publique,0.4294,fonctionnaire,0.1437,informaticien,0.0502
parlementaire,Q486839,notaire,0.4379,partenaire,0.3947,secrétaire,0.3481
entraîneur sportif,Q41583,entrepreneur,0.4025,transporteur,0.3451,spectateur,0.0793
nageur ou nageuse,Q10843402,manager,0.3809,agent de,0.1262,ouvrier,0.0696
para-athlete,Q114414171,partenaire,0.3318,hôte,0.0858,adulte,0.0667
dessinateur ou dessinatrice,Q15296811,médiateur,0.2049,fondateur,0.203,spectateur,0.1911
compendium,Q1459574,comptable,0.4331,vendeur,0.0808,syndiqué,0.0791
code juridique,Q922203,juré,0.2738,relation publique,0.2474,syndiqué,0.1701
abridgement,Q1528838,mentor,0.3457,client,0.2631,agent de,0.2602
arbitre sportif ou arbitre sportive,Q202648,transporteur,0.3527,ancêtre,0.1699,archiviste,0.0635
journaliste,Q1930187,journaliste,1.0,secouriste,0.1649,activiste,0.1505
amateur,Q455595,réformateur,0.4011,amant/e,0.2473,médiateur,0.2429
journaliste,Q1930187,journaliste,1.0,secouriste,0.1649,activiste,0.1505
seigneur,Q2366336,enseignant,0.3738,entrepreneur,0.2056,acteur,0.0662
feudataire,Q1409420,notaire,0.5703,secrétaire,0.4533,publicitaire,0.4183
biologie,Q420,écologiste,0.4815,psychologue,0.1978,juré,0.0
conducteur,Q352388,traducteur,0.5361,producteur,0.5309,acteur,0.3201
Travailleur de plateformes,Q96619693,travailleur social,0.7209,agent de,0.1313,réformateur,0.1293
littérature fictionnelle,Q38072107,fonctionnaire,0.4256,relation publique,0.1088,officier,0.0651
physicien ou physicienne,Q169470,musicien,0.6213,politicien,0.3222,technicien,0.3109
forgeron de lames,Q885444,agent de,0.3019,manager,0.0947,fondateur,0.0785
chimie,Q2329,archiviste,0.1461,infirmier / soignant,0.1114,guerrier,0.0
science alimentaire,Q1637030,notaire,0.4261,secrétaire,0.3387,publicitaire,0.3126
biologiste,Q864503,écologiste,0.7881,activiste,0.2022,archiviste,0.1834
mathématicien ou mathématicienne,Q170790,informaticien,0.6181,politicien,0.3695,musicien,0.2591
entrepreneur ou entrepreneuse,Q131524,entrepreneur,0.9808,inventeur,0.0404,ancêtre,0.0385
personnalité du monde des affaires,Q43845,fonctionnaire,0.2398,journaliste,0.1648,agent de,0.1413
moine chrétien oriental,Q97722084,témoin,0.2388,client,0.2239,musicien,0.1635
chrétien orthodoxe,Q97378570,musicien,0.2111,politicien,0.1882,technicien,0.1816
opérateur radio,Q1318390,médiateur,0.3571,fondateur,0.3538,spectateur,0.333
chirurgien ou chirurgienne,Q774306,musicien,0.1859,politicien,0.1657,technicien,0.1599
bariatrie,Q1470093,médiateur,0.1436,banquier,0.1346,ouvrier,0.1242
président ou présidente,Q140686,précurseur,0.2403,inventeur,0.1614,client,0.145
doctorat professionnel,Q15978610,procureur,0.1898,producteur,0.1894,fonctionnaire,0.1753
athlète,Q2066131,hôte,0.2343,adulte,0.182,activiste,0.1553
cavalier,Q1365155,familier,0.3622,ouvrier,0.1355,policier,0.135
licence,Q163727,policier,0.2279,publicitaire,0.1755,guerrier,0.0
lama,Q191421,amant/e,0.2402,guerrier,0.0,législateur,0.0
religieuse chrétienne,Q28146366,relation publique,0.2244,secrétaire,0.0976,client,0.0696
chanoine,Q1104153,témoin,0.2606,guerrier,0.0,diplomate,0.0
femme,Q467,guerrier,0.0,traducteur,0.0,spectateur,0.0
urbaniste,Q131062,activiste,0.3698,archiviste,0.3355,secouriste,0.3339
théoricien ou théoricienne de l'urbanisme,Q59913751,musicien,0.4546,politicien,0.4051,technicien,0.3909
musicien d'un instrument de la famille des bois,Q25616474,musicien,0.6284,familier,0.3119,agent de,0.2367
athlète,Q2066131,hôte,0.2343,adulte,0.182,activiste,0.1553
ambassadeur d'un pays,Q29645880,vendeur,0.336,défendeur,0.2798,assureur,0.1536
pédagogue,Q1231865,psychologue,0.4409,guerrier,0.0813,relation publique,0.0559
responsable événementiel,Q1419997,comptable,0.3403,mentor,0.1934,consultant,0.0567
militant ou militante,Q15253558,consultant,0.2383,familier,0.2326,enfant,0.0938
sciences de la Terre,Q8008,agent de,0.2925,technicien,0.2081,musicien,0.1499
copiste,Q499134,activiste,0.3769,archiviste,0.3419,secouriste,0.3403
maroquinier,Q16402902,banquier,0.3,ouvrier,0.1968,policier,0.1961
dactylographe,Q58487031,cartographe,0.6681,philosophe,0.1219,acteur,0.0651
opérateur sur clavier,Q108289636,médiateur,0.2858,fondateur,0.2831,spectateur,0.2665
chapelain,Q208762,voisin,0.1443,témoin,0.1443,médecin,0.1334
aumônier,Q1657500,ouvrier,0.2333,policier,0.2325,officier,0.2228
partisan,Q212948,partenaire,0.4596,investisseur,0.0712,cartographe,0.059
résistant ou résistante,Q1397808,consultant,0.3065,enfant,0.1207,aidant,0.1195
politique publique,Q546113,relation publique,0.5773,politicien,0.3431,publicitaire,0.2104
environmental regulation by humans,Q110590221,relation publique,0.4533,mentor,0.1592,fonctionnaire,0.1039
personnalité juridique,Q3778211,juré,0.2314,relation publique,0.2092,syndiqué,0.1438
fonction,Q4164871,fonctionnaire,0.671,relation publique,0.197,fondateur,0.1348
spin doctor,Q1256173,mentor,0.3083,guide spirituel,0.1858,voisin,0.0741
épistémologue,Q15632482,psychologue,0.5212,témoin,0.1969,écologiste,0.16
producteur,Q13235160,producteur,1.0,traducteur,0.4194,acteur,0.2505
gouverneur,Q3249024,entrepreneur,0.3073,ouvrier,0.1168,acteur,0.099
freight handler,Q54967928,enseignant,0.1307,frère/socur,0.12,ouvrier,0.0741
speaker,Q28503751,spectateur,0.3401,inspecteur,0.1082,guide spirituel,0.0792
locuteur,Q16657634,auteur,0.5994,acteur,0.228,lecteur,0.1876
advanced practice nurse,Q12615130,précurseur,0.2461,activiste,0.195,acteurs sociaux,0.0969
clergé,Q177826,client,0.2746,guerrier,0.0,traducteur,0.0
objet,Q337060,guerrier,0.0,traducteur,0.0,spectateur,0.0
collection,Q2668072,fonctionnaire,0.2542,relation publique,0.2354,lecteur,0.2159
soldat,Q4991371,avocat,0.1563,fondateur,0.145,acteurs sociaux,0.0818
dentiste,Q27349,activiste,0.3171,archiviste,0.2877,secouriste,0.2863
agriculteur ou agricultrice,Q131512,cultivateur / éleveur,0.2678,adulte,0.2096,agent de,0.1234
éclaireur,Q18121791,assureur,0.3049,procureur,0.2905,notaire,0.191
alpiniste,Q9149093,activiste,0.3698,archiviste,0.3355,secouriste,0.3339
aristocrate,Q2478141,secouriste,0.2673,archiviste,0.1806,diplomate,0.1732
dame de compagnie,Q715222,comptable,0.4073,agent de,0.2615,consultant,0.0567
administration locale,Q6501447,relation publique,0.3761,fonctionnaire,0.1258,adulte,0.0755
psychologue,Q212980,psychologue,1.0,écologiste,0.0952,guerrier,0.0358
joueur ou joueuse,Q4197743,joueur,0.9533,journaliste,0.1563,ouvrier,0.0403
arbitre sportif ou arbitre sportive,Q202648,transporteur,0.3527,ancêtre,0.1699,archiviste,0.0635
narrateur,Q755070,médiateur,0.4137,fondateur,0.4097,spectateur,0.3858
host,Q20433655,guerrier,0.0,traducteur,0.0,spectateur,0.0
travailleur qualifié ou travailleuse qualifiée,Q2588761,travailleur social,0.7801,traducteur,0.1122,transporteur,0.0938
health officer,Q98785806,officier,0.7352,ouvrier,0.0378,policier,0.0377
perpétrateur ou perpétratrice,Q4445088,médiateur,0.2706,fondateur,0.2681,traducteur,0.2553
criminel ou criminelle,Q2159907,ouvrier,0.1278,bénévole,0.0935,comptable,0.0877
religieux,Q4504549,relation publique,0.2441,époux,0.1249,acteurs sociaux,0.0792
rabbin,Q133485,voisin,0.2224,témoin,0.2224,médecin,0.2055
scientifique,Q901,relation publique,0.3032,client,0.1961,musicien,0.1323
fiction,Q8253,fonctionnaire,0.3101,relation publique,0.2871,officier,0.0782
fonction,Q4164871,fonctionnaire,0.671,relation publique,0.197,fondateur,0.1348
humoriste,Q245068,secouriste,0.5207,activiste,0.3067,archiviste,0.2783
critique,Q6430706,relation publique,0.3263,politicien,0.078,syndiqué,0.0661
agriculteur ou agricultrice,Q131512,cultivateur / éleveur,0.2678,adulte,0.2096,agent de,0.1234
conseiller ou conseillère de rédaction,Q876864,consultant,0.3034,enseignant,0.1603,fonctionnaire,0.1341
soldat,Q4991371,avocat,0.1563,fondateur,0.145,acteurs sociaux,0.0818
professeur ou professeure d'université,Q1622272,investisseur,0.3578,procureur,0.2553,précurseur,0.2326
personnel académique,Q5428874,relation publique,0.3119,acteur,0.0901,syndiqué,0.0632
soldat,Q4991371,avocat,0.1563,fondateur,0.145,acteurs sociaux,0.0818
militaire,Q47064,publicitaire,0.465,notaire,0.4127,secrétaire,0.328
soldat volontaire,Q1454940,notaire,0.4384,secrétaire,0.3485,publicitaire,0.3216
légionnaire,Q1629605,fonctionnaire,0.5746,législateur,0.2711,partenaire,0.2674
troupe d'élite,Q450307,éditeur,0.1535,politicien,0.1208,traducteur,0.0932
soldat,Q4991371,avocat,0.1563,fondateur,0.145,acteurs sociaux,0.0818
militaire,Q47064,publicitaire,0.465,notaire,0.4127,secrétaire,0.328
soldat volontaire,Q1454940,notaire,0.4384,secrétaire,0.3485,publicitaire,0.3216
légionnaire,Q1629605,fonctionnaire,0.5746,législateur,0.2711,partenaire,0.2674
troupe d'élite,Q450307,éditeur,0.1535,politicien,0.1208,traducteur,0.0932
évêque protestant,Q102040941,consultant,0.2745,procureur,0.1662,producteur,0.1658
western bishop,Q104049627,investisseur,0.1478,activiste,0.1064,archiviste,0.0966
Anglican clergyman,Q105200498,client,0.1433,ancêtre,0.1255,policier,0.1087
légionnaire,Q1629605,fonctionnaire,0.5746,législateur,0.2711,partenaire,0.2674
commissaire,Q524778,notaire,0.3316,secrétaire,0.2636,partenaire,0.2608
agent de renseignement,Q392651,agent de,0.7085,enseignant,0.4423,client,0.1752
juge,Q16533,juré,0.3333,traducteur,0.0,spectateur,0.0
urząd grodzki,Q60860785,producteur,0.2265,guerrier,0.0,traducteur,0.0
juge,Q16533,juré,0.3333,traducteur,0.0,spectateur,0.0
urząd ziemski,Q9367329,guerrier,0.0,traducteur,0.0,spectateur,0.0
groupe d'humains,Q16334295,inspecteur,0.2292,guerrier,0.0,traducteur,0.0
contre-révolutionnaire,Q12716225,fonctionnaire,0.6052,partenaire,0.2385,notaire,0.1747
musicien ou musicienne,Q639669,musicien,0.9799,politicien,0.2255,technicien,0.2176
artiste interprète,Q713200,archiviste,0.3324,activiste,0.2913,secouriste,0.263
accompagnateur musical,Q29448653,musicien,0.5214,acteur,0.1879,médiateur,0.1692
technicien ou technicienne,Q5352191,technicien,0.9852,musicien,0.2158,politicien,0.1923
artiste,Q483501,archiviste,0.3646,activiste,0.3108,secouriste,0.2806
designer,Q5322166,agent de,0.179,infirmier / soignant,0.1351,enseignant,0.1131
artiste visuel ou artiste visuelle,Q3391743,archiviste,0.3556,activiste,0.3172,secouriste,0.2301
coiffeur ou coiffeuse,Q55187,comptable,0.1547,consultant,0.1503,ouvrier,0.1126
producteur de jeux vidéo,Q2702296,producteur,0.9174,traducteur,0.3848,acteur,0.2298
chirurgien ou chirurgienne,Q774306,musicien,0.1859,politicien,0.1657,technicien,0.1599
entomologiste,Q3055126,écologiste,0.6932,activiste,0.1778,archiviste,0.1613
conteur ou conteuse,Q16023925,inventeur,0.3307,consultant,0.2329,acteur,0.129
poète ou poétesse,Q49757,policier,0.1566,politicien,0.1356,pourvoyeur,0.1289
traducteur ou traductrice,Q333634,traducteur,0.9583,producteur,0.3083,transporteur,0.1432
producteur,Q13235160,producteur,1.0,traducteur,0.4194,acteur,0.2505
entreprise,Q6881511,entrepreneur,0.6666,secouriste,0.0528,ancêtre,0.0516
industrie,Q8148,ouvrier,0.1783,guerrier,0.165,inventeur,0.1097
domestique,Q54128,relation publique,0.3069,investisseur,0.1898,syndiqué,0.0622
explorateur ou exploratrice,Q11900058,médiateur,0.2514,fondateur,0.249,spectateur,0.2344
personne morale,Q155076,bénévole,0.1351,fonctionnaire,0.1309,comptable,0.1268
Anteilseigner,Q16054409,enseignant,0.4382,infirmier / soignant,0.0956,ancêtre,0.081
football player,Q117321337,allié,0.1903,fondateur,0.132,fonctionnaire,0.0978
joueur professionnel ou joueuse professionnelle,Q18536342,joueur,0.75,procureur,0.1549,producteur,0.1546
person associated with football,Q116763437,acteurs sociaux,0.2505,travailleur social,0.2133,assureur,0.1967
coopération,Q380962,relation publique,0.4389,fonctionnaire,0.1468,comptable,0.0567
orateur ou oratrice,Q12859263,médiateur,0.3571,fondateur,0.3538,spectateur,0.333
chirurgien ou chirurgienne,Q774306,musicien,0.1859,politicien,0.1657,technicien,0.1599
neurologue,Q783906,psychologue,0.5659,écologiste,0.1407,entrepreneur,0.1101
entrepreneur ou entrepreneuse,Q131524,entrepreneur,0.9808,inventeur,0.0404,ancêtre,0.0385
activité,Q12737077,activiste,0.7447,acteur,0.2396,acteurs sociaux,0.1239
travailleur ou travailleuse,Q327055,travailleur social,0.7999,traducteur,0.115,transporteur,0.0962
pratiquant de sports d'hiver,Q20965770,transporteur,0.296,agent de,0.2311,enfant,0.1066
ordre religieux catholique,Q391009,relation publique,0.4537,psychologue,0.0829,avocat,0.063
théologien ou théologienne,Q1234713,écologiste,0.4405,psychologue,0.181,musicien,0.1043
corporation,Q170161,relation publique,0.4168,fonctionnaire,0.1394,transporteur,0.06
ouvrier agricole,Q5060555,ouvrier,0.8761,guerrier,0.2016,bénévole,0.1362
mercenaire,Q178197,partenaire,0.5356,mere,0.3342,fonctionnaire,0.3062
agent secret,Q5179297,agent de,0.7229,secrétaire,0.2844,client,0.1288
professeur,Q121594,investisseur,0.3897,précurseur,0.2714,procureur,0.2329
visiting docent,Q19324694,client,0.2387,agent de,0.2361,voisin,0.1199
software and applications developers and analysts,Q108289400,relation publique,0.1761,ancêtre,0.1723,fonctionnaire,0.1091
directeur ou directrice artistique,Q4801269,lecteur,0.3657,inspecteur,0.284,acteur,0.2207
manager de théâtre,Q1776724,manager,0.8771,agent de,0.2113,ancêtre,0.1172
chef ou cheffe d'entreprise,Q2961975,entrepreneur,0.5717,ouvrier,0.0683,secouriste,0.0561
producteur ou productrice artistique,Q47541952,producteur,0.8896,traducteur,0.2852,procureur,0.1439
enseignant-chercheur ou enseignante-chercheuse,Q1706722,enseignant,0.9263,infirmier / soignant,0.2333,enfant,0.0695
researcher,Q85863506,archiviste,0.2933,relation publique,0.0754,ouvrier,0.055
professionnel des médias,Q15980804,médiateur,0.5037,médecin,0.1538,procureur,0.1387
animateur ou animatrice,Q13590141,réformateur,0.3718,médiateur,0.1988,fondateur,0.1969
occurrence,Q1190554,entrepreneur,0.1395,procureur,0.1257,précurseur,0.1145
fin du rapport de travail,Q685744,travailleur social,0.4804,transporteur,0.2127,agent de,0.1651
poète ou poétesse,Q49757,policier,0.1566,politicien,0.1356,pourvoyeur,0.1289
professionnel des médias,Q15980804,médiateur,0.5037,médecin,0.1538,procureur,0.1387
animateur ou animatrice,Q13590141,réformateur,0.3718,médiateur,0.1988,fondateur,0.1969
célébrité,Q211236,guide spirituel,0.1678,traducteur,0.0,spectateur,0.0
personnalité de l'audiovisuel,Q44508716,agent de,0.201,guide spirituel,0.1681,journaliste,0.1517
program host,Q94498772,cartographe,0.2383,procureur,0.2344,producteur,0.2339
acteur ou actrice,Q33999,acteur,0.9123,acteurs sociaux,0.4389,activiste,0.2541
célébrité d'internet,Q2045208,inventeur,0.1685,guide spirituel,0.1187,diplomate,0.0
vlogueur ou vlogueuse,Q4110598,psychologue,0.3816,joueur,0.2399,guerrier,0.0704
professionnel des médias,Q15980804,médiateur,0.5037,médecin,0.1538,procureur,0.1387
personne du monde du divertissement,Q138858,investisseur,0.2929,agent de,0.1939,mentor,0.1786
créateur ou créatrice de contenu,Q109459317,agent de,0.195,médiateur,0.1792,fondateur,0.1775
acteur ou actrice,Q33999,acteur,0.9123,acteurs sociaux,0.4389,activiste,0.2541
évêque catholique,Q611644,relation publique,0.4001,psychologue,0.1079,avocat,0.0563
scénariste de bande dessinée,Q11892507,secouriste,0.2978,agent de,0.2866,activiste,0.1755
ministre,Q83307,ancêtre,0.3254,père,0.0949,mere,0.0949
maladie du système tégumentaire,Q18554850,notaire,0.4379,secrétaire,0.3481,publicitaire,0.3212
maladies de la peau et du tissu conjonctif,Q54943763,fonctionnaire,0.2548,agent de,0.1895,consultant,0.1394
maladie,Q12136,manager,0.2416,guerrier,0.0,législateur,0.0
instrumentiste,Q1278335,activiste,0.2515,archiviste,0.2281,secouriste,0.2271
comte de Nassau,Q93879636,agent de,0.2883,comptable,0.2182,assureur,0.0892
activité,Q12737077,activiste,0.7447,acteur,0.2396,acteurs sociaux,0.1239
haute fonctionnaire,Q105434600,fonctionnaire,0.9496,partenaire,0.2053,auteur,0.1562
religieux,Q4504549,relation publique,0.2441,époux,0.1249,acteurs sociaux,0.0792
prêtre,Q42603,ancêtre,0.519,procureur,0.0673,producteur,0.0672
ordinaire,Q1638918,partenaire,0.5009,fonctionnaire,0.4316,notaire,0.367
prieur,Q830337,procureur,0.2041,producteur,0.2036,précurseur,0.1859
prêtre chrétien,Q831474,ancêtre,0.4321,musicien,0.1371,politicien,0.1222
pasteur,Q352507,acteur,0.3004,auteur,0.259,lecteur,0.2472
syndicaliste,Q15627169,syndiqué,0.4595,journaliste,0.4249,activiste,0.181
pokladníci a prodavači vstupenek a jízdenek,Q108305380,producteur,0.3666,procureur,0.1633,entrepreneur,0.1099
auteur ou autrice de non-fiction,Q15980158,auteur,0.7176,fonctionnaire,0.1634,relation publique,0.1513
auteur-compositeur-interprète ou autrice-compositrice-interprète,Q488205,auteur,0.6386,éditeur,0.1898,comptable,0.1882
educational personnel,Q93918935,relation publique,0.2547,fonctionnaire,0.1861,avocat,0.0772
dirigeant sportif,Q26481809,transporteur,0.357,enfant,0.1286,aidant,0.1273
journaliste,Q1930187,journaliste,1.0,secouriste,0.1649,activiste,0.1505
photographe professionnel,Q98084799,cartographe,0.6519,philosophe,0.1314,procureur,0.1099
comte de Nassau,Q93879636,agent de,0.2883,comptable,0.2182,assureur,0.0892
danseur ou danseuse,Q5716684,précurseur,0.1886,investisseur,0.1699,aidant,0.1262
yūjo,Q12609698,guerrier,0.0,traducteur,0.0,spectateur,0.0
dirigeant,Q1097498,enfant,0.2209,aidant,0.2187,étudiant,0.1827
intellectual property activist,Q95918149,activiste,0.7219,archiviste,0.1999,lecteur,0.1633
open content activist,Q95918126,activiste,0.7437,archiviste,0.2059,acteur,0.1637
comte de Nassau,Q93879636,agent de,0.2883,comptable,0.2182,assureur,0.0892
titre de civilité,Q216353,agent de,0.2571,ancêtre,0.1846,citoyen,0.0805
peintre d'histoire,Q59938438,ancêtre,0.2434,notaire,0.202,entrepreneur,0.1903
gouvernement de l'Église,Q2526886,agent de,0.4344,mentor,0.2308,client,0.1756
militant des droits civiques,Q1021386,consultant,0.2309,familier,0.1753,relation publique,0.116
défenseur des droits de l'Homme,Q1476215,défendeur,0.4674,agent de,0.2277,précurseur,0.14
health activist,Q96036530,activiste,0.9002,archiviste,0.2492,acteur,0.1982
militant ou militante,Q15253558,consultant,0.2383,familier,0.2326,enfant,0.0938
personne,Q215627,fonctionnaire,0.1774,guerrier,0.0,traducteur,0.0
métier des médias,Q58635633,médiateur,0.6011,médecin,0.2221,ouvrier,0.101
manager,Q2462658,manager,1.0,agent de,0.0548,amant/e,0.0485
scientifique,Q901,relation publique,0.3032,client,0.1961,musicien,0.1323
physiologiste,Q2055046,écologiste,0.7667,activiste,0.1967,archiviste,0.1785
écologue,Q15839134,écologiste,0.5256,psychologue,0.4607,guerrier,0.0431
manager,Q2462658,manager,1.0,agent de,0.0548,amant/e,0.0485
hotel and restaurant managers,Q108289372,manager,0.7526,enfant,0.0878,aidant,0.0869
historien ou historienne de la philosophie,Q24265174,philosophe,0.6672,agent de,0.1208,ouvrier,0.1048
historien du politique,Q60233168,politicien,0.5972,policier,0.2691,relation publique,0.1988
philosophe politique,Q18930007,philosophe,0.7834,politicien,0.3595,policier,0.1867
courtier,Q160117,secouriste,0.2502,ouvrier,0.1633,policier,0.1627
confesseur,Q16827718,investisseur,0.3801,précurseur,0.2144,consultant,0.1895
prêtre catholique,Q250867,relation publique,0.321,ancêtre,0.296,psychologue,0.0789
instrumentiste,Q1278335,activiste,0.2515,archiviste,0.2281,secouriste,0.2271
spécialiste d'une littérature donnée,Q110040366,journaliste,0.4504,activiste,0.1919,archiviste,0.1741
américaniste,Q16308157,activiste,0.3698,archiviste,0.3355,secouriste,0.3339
scholar of Chinese literature,Q11363389,psychologue,0.1928,éditeur,0.0952,officier,0.0829
spécialiste d'une littérature donnée,Q110040366,journaliste,0.4504,activiste,0.1919,archiviste,0.1741
hispaniste,Q2505739,activiste,0.4206,archiviste,0.3816,secouriste,0.3798
spécialiste d'une littérature donnée,Q110040366,journaliste,0.4504,activiste,0.1919,archiviste,0.1741
italianiste,Q61790670,journaliste,0.3375,activiste,0.3067,archiviste,0.2783
biologiste,Q864503,écologiste,0.7881,activiste,0.2022,archiviste,0.1834
prêtre,Q42603,ancêtre,0.519,procureur,0.0673,producteur,0.0672
pasteur,Q152002,acteur,0.3004,auteur,0.259,lecteur,0.2472
prêtre occidental,Q104050289,ancêtre,0.4341,entrepreneur,0.089,guide spirituel,0.0572
curé,Q955464,juré,0.4599,procureur,0.076,cultivateur / éleveur,0.0722
pasteur,Q352507,acteur,0.3004,auteur,0.259,lecteur,0.2472
biologiste,Q864503,écologiste,0.7881,activiste,0.2022,archiviste,0.1834
assureur,Q23081349,assureur,1.0,procureur,0.3033,acteur,0.0506
émission de variétés,Q336181,agent de,0.2981,relation publique,0.175,investisseur,0.0721
fonction,Q4164871,fonctionnaire,0.671,relation publique,0.197,fondateur,0.1348
auditeur,Q10949665,éditeur,0.6653,auteur,0.2476,acteur,0.1706
économiste,Q188094,écologiste,0.4832,activiste,0.2853,archiviste,0.2588
critique,Q17955,relation publique,0.3263,politicien,0.078,syndiqué,0.0661
activité,Q12737077,activiste,0.7447,acteur,0.2396,acteurs sociaux,0.1239
plucked instrument player,Q115246813,mentor,0.2596,inspecteur,0.2217,client,0.1976
concours de beauté,Q2658935,agent de,0.2117,consultant,0.1557,secouriste,0.1542
bibliothécaire,Q182436,notaire,0.4332,publicitaire,0.3957,secrétaire,0.3443
économiste,Q188094,écologiste,0.4832,activiste,0.2853,archiviste,0.2588
ingénieur ou ingénieure,Q81096,inventeur,0.1874,inspecteur,0.1802,innovateur,0.1759
scholar of British literature,Q11286391,psychologue,0.173,politicien,0.1346,éditeur,0.0854
harpiste,Q3127709,activiste,0.3698,archiviste,0.3355,secouriste,0.3339
musicien ou musicienne de jazz,Q15981151,musicien,0.9589,politicien,0.2206,technicien,0.2129
fabricant d'instruments de musique,Q1955150,musicien,0.3203,agent de,0.2327,relation publique,0.1991
euskaltzain,Q96657971,voisin,0.2224,témoin,0.2224,médecin,0.2055
chef,Q20920693,guerrier,0.0,traducteur,0.0,spectateur,0.0
dirigeant ou dirigeante,Q25713832,enfant,0.1501,aidant,0.1486,diplomate,0.1416
entrepreneur,Q10501288,entrepreneur,1.0,inventeur,0.0516,acteur,0.0389
manager,Q2462658,manager,1.0,agent de,0.0548,amant/e,0.0485
propriétaire de biens,Q12794619,secrétaire,0.4561,notaire,0.3735,publicitaire,0.274
écrivain ou écrivaine politique,Q15958642,politicien,0.4278,policier,0.2222,relation publique,0.1642
politologue,Q1238570,psychologue,0.4618,politicien,0.3809,policier,0.273
missionnaire,Q219477,fonctionnaire,0.6595,partenaire,0.307,notaire,0.2249
président d'assemblée parlementaire,Q1758037,notaire,0.3276,partenaire,0.2953,secrétaire,0.2604
directeur ou directrice,Q1162163,lecteur,0.4729,inspecteur,0.3673,acteur,0.2853
sociologue de l'art,Q111886339,psychologue,0.4669,acteurs sociaux,0.2009,agent de,0.1737
musicologue,Q14915627,musicien,0.4529,psychologue,0.4298,écologiste,0.2347
universitaire,Q3400985,publicitaire,0.5629,notaire,0.4995,secrétaire,0.397
économiste,Q188094,écologiste,0.4832,activiste,0.2853,archiviste,0.2588
économiste,Q188094,écologiste,0.4832,activiste,0.2853,archiviste,0.2588
psychologue,Q212980,psychologue,1.0,écologiste,0.0952,guerrier,0.0358
garde,Q680928,agent de,0.2483,guide spirituel,0.1534,guerrier,0.0
animal scientist,Q104998289,client,0.2241,musicien,0.1512,politicien,0.1348
fileur,Q19968805,travailleur social,0.2993,acteur,0.112,cultivateur / éleveur,0.098
interaction scientist,Q97008812,fonctionnaire,0.234,relation publique,0.2166,activiste,0.1772
acteur ou actrice,Q33999,acteur,0.9123,acteurs sociaux,0.4389,activiste,0.2541
enfant,Q7569,enfant,1.0,enseignant,0.1259,aidant,0.1125
icône populaire,Q582878,notaire,0.4388,secrétaire,0.3488,partenaire,0.3452
restaurateur ou restauratrice,Q3427922,médiateur,0.2049,fondateur,0.203,spectateur,0.1911
statisticien ou statisticienne,Q2732142,politicien,0.4365,informaticien,0.4231,musicien,0.3061
mathématicien ou mathématicienne,Q170790,informaticien,0.6181,politicien,0.3695,musicien,0.2591
sculpteur ou sculptrice,Q1281618,cultivateur / éleveur,0.2503,acteur,0.2065,auteur,0.178
travailleur ou travailleuse,Q327055,travailleur social,0.7999,traducteur,0.115,transporteur,0.0962
chanteur ou chanteuse,Q177220,inventeur,0.4251,acteur,0.1658,auteur,0.143
facteur ou factrice,Q2180295,acteur,0.6259,acteurs sociaux,0.2875,lecteur,0.2557
chanteur ou chanteuse,Q177220,inventeur,0.4251,acteur,0.1658,auteur,0.143
travailleur ou travailleuse,Q327055,travailleur social,0.7999,traducteur,0.115,transporteur,0.0962
pasteur,Q152002,acteur,0.3004,auteur,0.259,lecteur,0.2472
religieuse,Q191808,relation publique,0.276,guerrier,0.0,législateur,0.0
industriel,Q6606110,ouvrier,0.1357,guerrier,0.1256,guide spirituel,0.1089
personnalité du monde des affaires,Q43845,fonctionnaire,0.2398,journaliste,0.1648,agent de,0.1413
ingénieur ou ingénieure,Q81096,inventeur,0.1874,inspecteur,0.1802,innovateur,0.1759
teaching professionals,Q108284914,procureur,0.2182,producteur,0.2176,technicien,0.0834
educational personnel,Q93918935,relation publique,0.2547,fonctionnaire,0.1861,avocat,0.0772
corniste,Q19729565,activiste,0.3769,archiviste,0.3419,secouriste,0.3403
fonction,Q4164871,fonctionnaire,0.671,relation publique,0.197,fondateur,0.1348
cuivriste,Q25829748,secouriste,0.4546,activiste,0.2678,archiviste,0.243
pasteur,Q152002,acteur,0.3004,auteur,0.259,lecteur,0.2472
gymnaste,Q16947675,activiste,0.2919,archiviste,0.2648,secouriste,0.2636
rabbin,Q133485,voisin,0.2224,témoin,0.2224,médecin,0.2055
instrumentiste,Q1278335,activiste,0.2515,archiviste,0.2281,secouriste,0.2271
artisan,Q1294787,archiviste,0.1227,investisseur,0.1106,partenaire,0.1022
artiste,Q483501,archiviste,0.3646,activiste,0.3108,secouriste,0.2806
braider,Q122931352,aidant,0.1733,guide spirituel,0.1069,ouvrier,0.0741
médecin spécialiste,Q3332438,médecin,0.754,journaliste,0.3311,activiste,0.1411
dentiste,Q27349,activiste,0.3171,archiviste,0.2877,secouriste,0.2863
travailleur social,Q7019111,travailleur social,1.0,acteurs sociaux,0.2198,traducteur,0.1003
militant ou militante,Q15253558,consultant,0.2383,familier,0.2326,enfant,0.0938
féministe,Q34074720,activiste,0.4206,archiviste,0.3816,secouriste,0.3798
travailleur forestier,Q12335817,travailleur social,0.7372,investisseur,0.1166,traducteur,0.1107
personnalité politique,Q82955,politicien,0.5083,policier,0.2419,relation publique,0.1787
manufacture,Q380342,manager,0.3106,acteur,0.1184,amant/e,0.091
usine,Q83405,voisin,0.1843,musicien,0.1713,frère/socur,0.0
manufacture,Q83435620,manager,0.3106,acteur,0.1184,amant/e,0.091
Kollel,Q2368444,guide spirituel,0.1187,travailleur social,0.1117,guerrier,0.0
moine chrétien ou moniale chrétienne,Q2109894,témoin,0.2158,musicien,0.1477,politicien,0.1317
Eastern Christian,Q118108768,secouriste,0.2872,activiste,0.1179,archiviste,0.107
moine chrétien ou moniale chrétienne,Q2109894,témoin,0.2158,musicien,0.1477,politicien,0.1317
Chrétien occidental,Q118108884,musicien,0.1764,politicien,0.1572,technicien,0.1517
moine chrétien oriental,Q97722084,témoin,0.2388,client,0.2239,musicien,0.1635
Eastern Catholic,Q117942801,policier,0.2662,avocat,0.1032,psychologue,0.074
Catholic monk,Q117940921,policier,0.2797,avocat,0.1084,psychologue,0.0777
moine chrétien occidental,Q97722086,témoin,0.272,musicien,0.1407,politicien,0.1254
Roman Catholic,Q7361618,policier,0.2431,avocat,0.0942,diplomate,0.077
Catholic monk,Q117940921,policier,0.2797,avocat,0.1084,psychologue,0.0777
moine ou moniale,Q733786,témoin,0.3236,ouvrier,0.1036,bénévole,0.0758
moine chrétien occidental,Q97722086,témoin,0.272,musicien,0.1407,politicien,0.1254
artisan,Q1294787,archiviste,0.1227,investisseur,0.1106,partenaire,0.1022
agriculteur ou agricultrice,Q131512,cultivateur / éleveur,0.2678,adulte,0.2096,agent de,0.1234
paysan,Q838811,partenaire,0.2059,guerrier,0.0,législateur,0.0
profession agricole,Q19261760,bénévole,0.1958,procureur,0.1717,producteur,0.1712
ouvrier agricole,Q5060555,ouvrier,0.8761,guerrier,0.2016,bénévole,0.1362
personnalité du monde des affaires,Q43845,fonctionnaire,0.2398,journaliste,0.1648,agent de,0.1413
nomenclature des professions et catégories socioprofessionnelles en France,Q3406860,procureur,0.1708,travailleur social,0.1693,acteurs sociaux,0.1645
chômeur,Q28790169,acteur,0.2759,cultivateur / éleveur,0.2414,auteur,0.2378
travailleur ou travailleuse,Q327055,travailleur social,0.7999,traducteur,0.115,transporteur,0.0962
professionnel ou professionnelle,Q702269,procureur,0.2189,producteur,0.2184,fonctionnaire,0.2022
mannequin,Q4610556,manager,0.3207,banquier,0.1061,amant/e,0.094
enseignant ou enseignante,Q37226,enseignant,0.9771,infirmier / soignant,0.2664,enfant,0.0992
pratiquant d'arts martiaux,Q11124885,acteurs sociaux,0.2885,enfant,0.1102,aidant,0.1091
ingénieur ou ingénieure,Q81096,inventeur,0.1874,inspecteur,0.1802,innovateur,0.1759
agent de renseignement,Q392651,agent de,0.7085,enseignant,0.4423,client,0.1752
salarié,Q703534,allié,0.2887,guerrier,0.0,législateur,0.0
photographe,Q33231,cartographe,0.7546,philosophe,0.1521,pharmacien,0.0399
photographe professionnel,Q98084799,cartographe,0.6519,philosophe,0.1314,procureur,0.1099
Finnskogen,Q1418263,agent de,0.1704,innovateur,0.1404,musicien,0.0821
militaire,Q47064,publicitaire,0.465,notaire,0.4127,secrétaire,0.328
peintre,Q1028181,ancêtre,0.2667,entrepreneur,0.2507,mere,0.0778
transcriber,Q54855620,transporteur,0.5324,traducteur,0.1699,travailleur social,0.1173
enseignant ou enseignante,Q37226,enseignant,0.9771,infirmier / soignant,0.2664,enfant,0.0992
ingénieur civil,Q13582652,inventeur,0.1566,inspecteur,0.1506,innovateur,0.147
architecte,Q42973,archiviste,0.5309,lecteur,0.1686,inspecteur,0.1309
fabricant d'instruments,Q2341443,mentor,0.2762,enfant,0.1675,aidant,0.1658
professionnel de la vue,Q5422651,agent de,0.2447,procureur,0.1731,producteur,0.1727
chimiste analytique,Q43668003,archiviste,0.2519,relation publique,0.2499,journaliste,0.2362
teinturier,Q6147194,ouvrier,0.4066,guerrier,0.3764,policier,0.1493
écologue,Q15839134,écologiste,0.5256,psychologue,0.4607,guerrier,0.0431
scientifique de la forêt,Q21244999,agent de,0.2541,relation publique,0.247,client,0.1597
officier supérieur,Q1053745,officier,0.9616,policier,0.3157,ouvrier,0.1322
psychologue,Q212980,psychologue,1.0,écologiste,0.0952,guerrier,0.0358
commentateur sportif,Q2986228,spectateur,0.3576,transporteur,0.3348,médiateur,0.166
pilote automobile,Q10349745,auteur,0.4028,philosophe,0.0846,bénévole,0.0795
peintre,Q1028181,ancêtre,0.2667,entrepreneur,0.2507,mere,0.0778
court artist,Q59922524,secouriste,0.258,archiviste,0.1242,journaliste,0.0965
musicien ou musicienne,Q639669,musicien,0.9799,politicien,0.2255,technicien,0.2176
chanteur ou chanteuse,Q177220,inventeur,0.4251,acteur,0.1658,auteur,0.143
reggae musician,Q98523719,musicien,0.7358,étudiant,0.0601,relation publique,0.0421
collectionneur ou collectionneuse,Q3243461,fonctionnaire,0.3723,lecteur,0.2245,entrepreneur,0.1059
railway occupations,Q57497572,relation publique,0.3142,fonctionnaire,0.1642,consultant,0.0737
artiste visuel ou artiste visuelle,Q3391743,archiviste,0.3556,activiste,0.3172,secouriste,0.2301
homme,Q8441,guerrier,0.0,traducteur,0.0,spectateur,0.0
consort,Q5784340,consultant,0.4458,transporteur,0.0732,comptable,0.0657
théologien ou théologienne,Q1234713,écologiste,0.4405,psychologue,0.181,musicien,0.1043
entraîneur sportif,Q41583,entrepreneur,0.4025,transporteur,0.3451,spectateur,0.0793
théâtrologue,Q10379007,psychologue,0.619,écologiste,0.1539,guerrier,0.0579
scholar of British literature,Q11286391,psychologue,0.173,politicien,0.1346,éditeur,0.0854
maire,Q30185,notaire,0.4251,secrétaire,0.3379,partenaire,0.3343
biochimiste,Q2919046,archiviste,0.4339,activiste,0.3698,secouriste,0.3339
participant,Q56512863,partenaire,0.3896,politicien,0.152,enfant,0.1341
hobbyist,Q65720209,activiste,0.1748,archiviste,0.1586,secouriste,0.1578
ingénieur du son,Q128124,inventeur,0.1595,inspecteur,0.1534,innovateur,0.1497
moine ou moniale,Q733786,témoin,0.3236,ouvrier,0.1036,bénévole,0.0758
moine guerrier,Q7970798,guerrier,0.9281,ouvrier,0.2136,témoin,0.168
joueur professionnel ou joueuse professionnelle,Q18536342,joueur,0.75,procureur,0.1549,producteur,0.1546
athlète,Q2066131,hôte,0.2343,adulte,0.182,activiste,0.1553
diplomate,Q193391,diplomate,1.0,réformateur,0.0911,hôte,0.0337
architecte,Q42973,archiviste,0.5309,lecteur,0.1686,inspecteur,0.1309
maître,Q76771889,ancêtre,0.3044,manager,0.133,père,0.0888
travailleur de la construction,Q811122,travailleur social,0.6331,consultant,0.1745,fonctionnaire,0.1419
entraîneur sportif,Q41583,entrepreneur,0.4025,transporteur,0.3451,spectateur,0.0793
environmental and occupational health inspectors and associates,Q108290427,inspecteur,0.4625,spectateur,0.184,acteurs sociaux,0.1665
psychologue,Q212980,psychologue,1.0,écologiste,0.0952,guerrier,0.0358
school support services,Q93212322,transporteur,0.261,psychologue,0.0842,secrétaire,0.0791
agent commercial ou agente commerciale,Q323336,agent de,0.6216,travailleur social,0.1637,comptable,0.1599
théologien chrétien,Q55737401,écologiste,0.3112,musicien,0.2228,politicien,0.1985
théologien chrétien,Q55737401,écologiste,0.3112,musicien,0.2228,politicien,0.1985
chanteur ou chanteuse,Q177220,inventeur,0.4251,acteur,0.1658,auteur,0.143
chanteur ou chanteuse,Q177220,inventeur,0.4251,acteur,0.1658,auteur,0.143
chanteur ou chanteuse,Q177220,inventeur,0.4251,acteur,0.1658,auteur,0.143
chanteur classique,Q24841721,inventeur,0.2993,relation publique,0.2543,acteur,0.1477
chanteur ou chanteuse,Q177220,inventeur,0.4251,acteur,0.1658,auteur,0.143
chanteur ou chanteuse,Q177220,inventeur,0.4251,acteur,0.1658,auteur,0.143
chanteur classique,Q24841721,inventeur,0.2993,relation publique,0.2543,acteur,0.1477
accusé,Q159394,acteur,0.306,activiste,0.1943,acteurs sociaux,0.1583
personnalité liée au droit,Q57735705,journaliste,0.1937,fonctionnaire,0.1774,auteur,0.103
personne morale,Q155076,bénévole,0.1351,fonctionnaire,0.1309,comptable,0.1268
l'accusé,Q531290,guerrier,0.0,traducteur,0.0,spectateur,0.0
prisonnier ou prisonnière,Q1862087,père,0.2017,ouvrier,0.1557,fonctionnaire,0.1104
acteur ou actrice,Q33999,acteur,0.9123,acteurs sociaux,0.4389,activiste,0.2541
rebelle,Q1125062,bénévole,0.1087,comptable,0.102,relation publique,0.0946
chercheur ou chercheuse en sciences sociales,Q15319501,travailleur social,0.3971,acteurs sociaux,0.321,musicien,0.1212
agrochimiste,Q22809315,archiviste,0.3599,activiste,0.3067,secouriste,0.277
service des bibliothèques,Q59309634,relation publique,0.1527,agent de,0.1417,secrétaire,0.0907
chercheur ou chercheuse,Q1650915,archiviste,0.1748,ouvrier,0.1058,acteur,0.0897
physicien ou physicienne,Q169470,musicien,0.6213,politicien,0.3222,technicien,0.3109
cartographe,Q1734662,cartographe,1.0,philosophe,0.0902,partenaire,0.0318
maire,Q30185,notaire,0.4251,secrétaire,0.3379,partenaire,0.3343
enseignant ou enseignante,Q37226,enseignant,0.9771,infirmier / soignant,0.2664,enfant,0.0992
professeur d'art,Q15977927,investisseur,0.3719,précurseur,0.259,procureur,0.2223
doyen,Q723682,citoyen,0.5589,pourvoyeur,0.074,musicien,0.0564
instrumentiste,Q1278335,activiste,0.2515,archiviste,0.2281,secouriste,0.2271
membre du groupe,Q52630241,mere,0.3958,mentor,0.193,père,0.1415
gérontologue,Q20107384,psychologue,0.593,écologiste,0.1474,mentor,0.0754
ingénieur ou ingénieure,Q81096,inventeur,0.1874,inspecteur,0.1802,innovateur,0.1759
étudiant de troisième cycle,Q18245166,étudiant,0.8505,agent de,0.1733,voisin,0.1512
représentant,Q11997597,consultant,0.2832,entrepreneur,0.2071,enfant,0.1302
Vogt,Q4122737,voisin,0.2606,traducteur,0.0,spectateur,0.0
sauvetage,Q1341429,agent de,0.2483,manager,0.2208,guerrier,0.0
résistance dans l'Europe occupée par les nazis,Q2094191,partenaire,0.1975,lecteur,0.1127,aidant,0.087
fournisseur,Q1762621,investisseur,0.4763,précurseur,0.1801,journaliste,0.1485
éducateur ou éducatrice,Q974144,éditeur,0.2431,traducteur,0.1835,producteur,0.1817
instituteur ou institutrice,Q2251335,inspecteur,0.3086,auteur,0.2839,investisseur,0.1407
instrumentiste,Q1278335,activiste,0.2515,archiviste,0.2281,secouriste,0.2271
professeur ou professeure de musique,Q2675537,investisseur,0.2976,procureur,0.2124,musicien,0.2118
écologue,Q15839134,écologiste,0.5256,psychologue,0.4607,guerrier,0.0431
entomologiste,Q3055126,écologiste,0.6932,activiste,0.1778,archiviste,0.1613
débatteur,Q12307965,acteur,0.3344,auteur,0.2883,lecteur,0.2752
éducateur ou éducatrice,Q974144,éditeur,0.2431,traducteur,0.1835,producteur,0.1817
professeur ou professeure d'université,Q1622272,investisseur,0.3578,procureur,0.2553,précurseur,0.2326
militant ou militante politique,Q11499147,politicien,0.3756,consultant,0.1885,familier,0.1841
personnage de fiction,Q95074,fonctionnaire,0.3488,agent de,0.2349,relation publique,0.2068
caractère,Q366773,père,0.3252,cartographe,0.2256,acteur,0.1064
commerçant,Q215536,comptable,0.2522,consultant,0.2022,enfant,0.1789
illustrateur ou illustratrice,Q644687,médiateur,0.215,fondateur,0.2129,traducteur,0.2028
peintre,Q1028181,ancêtre,0.2667,entrepreneur,0.2507,mere,0.0778
limner,Q1825525,ouvrier,0.1706,policier,0.17,manager,0.1647
peintre miniaturiste,Q28947943,secouriste,0.5046,activiste,0.2025,archiviste,0.1837
miniaturiste,Q47494964,secouriste,0.5998,activiste,0.2407,archiviste,0.2184
calligraphe,Q3303330,cartographe,0.5863,allié,0.2199,philosophe,0.1241
historien ou historienne,Q201788,ouvrier,0.1787,musicien,0.1431,mentor,0.1408
artiste,Q483501,archiviste,0.3646,activiste,0.3108,secouriste,0.2806
juriste,Q185351,secouriste,0.5493,juré,0.2839,activiste,0.2205
salarié,Q703534,allié,0.2887,guerrier,0.0,législateur,0.0
managerial staff,Q11603279,manager,0.8431,travailleur social,0.1127,agent de,0.054
