"subclass","label"
"Q215793","maître de chapelle"
"Q82594","informaticien ou informaticienne"
"Q105397736","South Asianist"
"Q84505214","spécialiste de l'Asie de l'Est"
"Q177220","chanteur ou chanteuse"
"Q1731155","orientaliste"
"Q4573805","commissaire municipal"
"Q16351788","patriot"
"Q11499147","militant ou militante politique"
"Q639669","musicien ou musicienne"
"Q1914636","activité"
"Q192581","travail"
"Q2266417","employment opportunities"
"Q58209937","professeur d'histoire"
"Q100709106","professeur de géographie"
"Q1607826","éditeur ou éditrice"
"Q16533","juge"
"Q28107590","artiste de concept"
"Q15839134","écologue"
"Q170790","mathématicien ou mathématicienne"
"Q2732142","statisticien ou statisticienne"
"Q3127709","harpiste"
"Q21166956","luthiste"
"Q37226","enseignant ou enseignante"
"Q5","être humain"
"Q12859263","orateur ou oratrice"
"Q12794619","propriétaire de biens"
"Q6502151","fraude fiscale"
"Q273120","protestation"
"Q19829980","scientifique des religions"
"Q63349579","handball national coach"
"Q115042469","Bundestrainer"
"Q19101121","artisan manuel"
"Q8246794","blogueur ou blogueuse"
"Q15980158","auteur ou autrice de non-fiction"
"Q15839206","biologiste moléculaire"
"Q2374149","botaniste"
"Q3578589","écologiste"
"Q1476215","défenseur des droits de l'Homme"
"Q639669","musicien ou musicienne"
"Q639669","musicien ou musicienne"
"Q3409375","prêtre anglican"
"Q47090899","professionnel des musées"
"Q33231","photographe"
"Q1650915","chercheur ou chercheuse"
"Q60332470","anthropogéographe"
"Q101248873","föreståndare"
"Q15319501","chercheur ou chercheuse en sciences sociales"
"Q30002353","professeur de langues"
"Q30002353","professeur de langues"
"Q30002353","professeur de langues"
"Q30002353","professeur de langues"
"Q37226","enseignant ou enseignante"
"Q30002353","professeur de langues"
"Q30002353","professeur de langues"
"Q30002353","professeur de langues"
"Q101445634","professeur de science"
"Q37226","enseignant ou enseignante"
"Q2066131","athlète"
"Q17291399","membre d'équipe de cinéma"
"Q373021","aircrew member"
"Q95613235","steward"
"Q57610536","travailleurs du secteur aérien"
"Q30002353","professeur de langues"
"Q30002353","professeur de langues"
"Q3546255","océanographe"
"Q2675537","professeur ou professeure de musique"
"Q1259917","violoniste"
"Q2675537","professeur ou professeure de musique"
"Q13219637","violoncelliste"
"Q2675537","professeur ou professeure de musique"
"Q899758","altiste"
"Q2675537","professeur ou professeure de musique"
"Q12902372","flûtiste"
"Q2675537","professeur ou professeure de musique"
"Q855091","guitariste"
"Q2675537","professeur ou professeure de musique"
"Q4351403","percussionniste"
"Q4164871","fonction"
"Q41583","entraîneur sportif"
"Q202648","arbitre sportif ou arbitre sportive"
"Q738142","commis"
"Q4164871","fonction"
"Q1162163","directeur ou directrice"
"Q420","biologie"
"Q864601","biomédecine"
"Q123028","pédiatrie"
"Q105169009","orthodox deacon"
"Q103958625","professeur de cuivre"
"Q12377274","trompettiste"
"Q170790","mathématicien ou mathématicienne"
"Q102323692","applied scientist"
"Q611644","évêque catholique"
"Q104049627","western bishop"
"Q105200154","clerc catholique romain"
"Q7361618","Roman Catholic"
"Q1371796","armurier"
"Q102040941","évêque protestant"
"Q6337803","neurobiologiste"
"Q5157338","scientifique numéricien"
"Q15839299","métier du théâtre"
"Q482980","auteur ou autrice"
"Q1028181","peintre"
"Q5352191","technicien ou technicienne"
"Q2328828","stagehand"
"Q15839299","métier du théâtre"
"Q2066131","athlète"
"Q1250916","guerrier"
"Q3400985","universitaire"
"Q5428874","personnel académique"
"Q5","être humain"
"Q2628882","statut légal"
"Q635734","archiviste"
"Q14915627","musicologue"
"Q4773904","anthropologue"
"Q15253558","militant ou militante"
"Q1476215","défenseur des droits de l'Homme"
"Q3546255","océanographe"
"Q3546255","océanographe"
"Q177220","chanteur ou chanteuse"
"Q2159907","criminel ou criminelle"
"Q11499147","militant ou militante politique"
"Q713200","artiste interprète"
"Q177220","chanteur ou chanteuse"
"Q63243029","gospel musician"
"Q1162163","directeur ou directrice"
"Q3621491","archéologue"
"Q901","scientifique"
"Q901","scientifique"
"Q2912172","entreprise individuelle"
"Q29182","évêque"
"Q18246606","éparque"
"Q102385896","évêque orthodoxe oriental"
"Q18246606","éparque"
"Q215536","commerçant"
"Q635734","archiviste"
"Q82955","personnalité politique"
"Q12859263","orateur ou oratrice"
"Q1055894","député"
"Q5352191","technicien ou technicienne"
"Q1607826","éditeur ou éditrice"
"Q4897819","rôle"
"Q81096","ingénieur ou ingénieure"
"Q1781198","agronome"
"Q81096","ingénieur ou ingénieure"
"Q713200","artiste interprète"
"Q3286043","mannequin de charme"
"Q852857","travailleur ou travailleuse du sexe"
"Q3391743","artiste visuel ou artiste visuelle"
"Q483501","artiste"
"Q3824194","harceleur"
"Q66305973","aide à l'enfance"
"Q901402","géographe"
"Q36180","écrivain ou écrivaine"
"Q974144","éducateur ou éducatrice"
"Q108285020","Other Teaching Professional"
"Q37226","enseignant ou enseignante"
"Q11499147","militant ou militante politique"
"Q4594605","magistrat ou magistrate"
"Q4164871","fonction"
"Q1104153","chanoine"
"Q1076502","chef ou cheffe de chœur"
"Q102392295","évêque gréco-catholique"
"Q1638918","ordinaire"
"Q17573152","croyant ou croyante"
"Q2306091","sociologue"
"Q1294787","artisan"
"Q1281618","sculpteur ou sculptrice"
"Q16727193","scientifique de l'esprit"
"Q2419397","thérapeute"
"Q39631","médecin"
"Q11974939","professionnel ou professionnelle de la santé"
"Q381160","expert"
"Q128124","ingénieur du son"
"Q378622","pilote"
"Q2095549","aviateur ou aviatrice"
"Q13235160","producteur"
"Q486972","localité"
"Q2500638","créateur ou créatrice"
"Q1278335","instrumentiste"
"Q40348","avocat ou avocate"
"Q11900058","explorateur ou exploratrice"
"Q15839299","métier du théâtre"
"Q1650915","chercheur ou chercheuse"
"Q152355","cordonnier"
"Q1294787","artisan"
"Q27943370","personnalité du monde de la mode"
"Q16402902","maroquinier"
"Q108290642","shoemakers and related workers"
"Q17176618","contrebandier"
"Q5352191","technicien ou technicienne"
"Q5352191","technicien ou technicienne"
"Q42973","architecte"
"Q14290559","guide"
"Q169470","physicien ou physicienne"
"Q16063546","historien ou historienne des sciences"
"Q17486338","historien ou historienne des technologies"
"Q250867","prêtre catholique"
"Q104050279","prêtre oriental"
"Q117942801","Eastern Catholic"
"Q108290507","building caretakers"
"Q41583","entraîneur sportif"
"Q11499147","militant ou militante politique"
"Q104080200","extrémiste"
"Q12049274","détaillant"
"Q131524","entrepreneur ou entrepreneuse"
"Q5322166","designer"
"Q864835","biotechnologiste"
"Q3140857","horticulteur"
"Q2374149","botaniste"
"Q57735705","personnalité liée au droit"
"Q108800680","media executive"
"Q96050759","personne de la presse écrite"
"Q901","scientifique"
"Q47064","militaire"
"Q1414443","cinéaste"
"Q455595","amateur"
"Q901","scientifique"
"Q384593","policier ou policière"
"Q201788","historien ou historienne"
"Q483501","artiste"
"Q109459317","créateur ou créatrice de contenu"
"Q111263847","créateur ou créatrice numérique"
"Q177220","chanteur ou chanteuse"
"Q29017403","rockeur"
"Q177220","chanteur ou chanteuse"
"Q104224753","dansband musician"
"Q639669","musicien ou musicienne"
"Q177220","chanteur ou chanteuse"
"Q104224860","disco musician"
"Q255274","col blanc"
"Q116586732","photographe officiel"
"Q215793","maître de chapelle"
"Q47064","militaire"
"Q37226","enseignant ou enseignante"
"Q974144","éducateur ou éducatrice"
"Q212238","fonctionnaire"
"Q15980158","auteur ou autrice de non-fiction"
"Q108290372","librarians and related information professionals"
"Q16727193","scientifique de l'esprit"
"Q15977927","professeur d'art"
"Q2251335","instituteur ou institutrice"
"Q5758653","enseignant ou enseignante du secondaire"
"Q37226","enseignant ou enseignante"
"Q1914636","activité"
"Q1851760","victime"
"Q4164871","fonction"
"Q12737077","activité"
"Q2588761","travailleur qualifié ou travailleuse qualifiée"
"Q1225716","ornithologue"
"Q1234713","théologien ou théologienne"
"Q193364","vicaire"
"Q250867","prêtre catholique"
"Q112074151","head of a diocese"
"Q497240","maître de cérémonie"
"Q15253558","militant ou militante"
"Q15253558","militant ou militante"
"Q2643890","vocaliste"
"Q1371914","soliste"
"Q61045693","frontman"
"Q15253558","militant ou militante"
"Q477406","régent ou régente"
"Q702269","professionnel ou professionnelle"
"Q109588238","fluid mechanist"
"Q9200127","membre"
"Q2054507","commandant"
"Q81096","ingénieur ou ingénieure"
"Q112598603","data professional"
"Q1028181","peintre"
"Q22809315","agrochimiste"
"Q16335312","géochimiste"
"Q12370538","scientifique des sols"
"Q1053745","officier supérieur"
"Q28640","profession"
"Q177220","chanteur ou chanteuse"
"Q16324756","service worker"
"Q974144","éducateur ou éducatrice"
"Q101445634","professeur de science"
"Q9397505","confucianiste"
"Q39631","médecin"
"Q765778","organiste"
"Q355493","musicien d'église"
"Q718768","reine douairière"
"Q16511993","reine"
"Q2986228","commentateur sportif"
"Q1955150","fabricant d'instruments de musique"
"Q486839","parlementaire"
"Q288728","peintre en bâtiment"
"Q1294787","artisan"
"Q1162163","directeur ou directrice"
"Q104824316","creative writing teacher"
"Q104248032","writing teacher"
"Q101445634","professeur de science"
"Q974144","éducateur ou éducatrice"
"Q2055046","physiologiste"
"Q350979","zoologiste"
"Q177220","chanteur ou chanteuse"
"Q215627","personne"
"Q10871364","joueur de baseball"
"Q1162163","directeur ou directrice"
"Q212238","fonctionnaire"
"Q1400881","propriété"
"Q27096235","entité géographique artificielle"
"Q815844","méthode"
"Q7574835","special member functions"
"Q15978655","consultant ou consultante"
"Q81096","ingénieur ou ingénieure"
"Q106392835","professeur de lycée"
"Q37226","enseignant ou enseignante"
"Q2251335","instituteur ou institutrice"
"Q901","scientifique"
"Q11900058","explorateur ou exploratrice"
"Q1231865","pédagogue"
"Q1781198","agronome"
"Q2563977","direction générale"
"Q1391360","éboueur ou éboueuse"
"Q599151","haut fonctionnaire ou haute fonctionnaire"
"Q28640","profession"
"Q392651","agent de renseignement"
"Q3778211","personnalité juridique"
"Q10871364","joueur de baseball"
"Q13388586","joueur de softball"
"Q4197743","joueur ou joueuse"
"Q108290347","primary school teachers"
"Q112282453","elementary school teacher"
"Q329737","boucher ou bouchère"
"Q3153559","interprète"
"Q6805589","consultant en médias"
"Q381160","expert"
"Q12119633","immunologiste"
"Q3499072","chef cuisinier ou chef cuisinière"
"Q978044","cadre dirigeant ou cadre dirigeante"
"Q70901436","clergé bouddhiste"
"Q1183487","novice"
"Q105169456","diacre occidental"
"Q105200154","clerc catholique romain"
"Q25393460","diacre catholique"
"Q7361618","Roman Catholic"
"Q3344190","auditeur comptable"
"Q11974939","professionnel ou professionnelle de la santé"
"Q108289390","other health professionals"
"Q9200127","membre"
"Q618779","distinction"
"Q4164871","fonction"
"Q105200214","clerc catholique"
"Q7361618","Roman Catholic"
"Q105200223","clerc chrétien"
"Q17549077","catholique"
"Q2259532","clerc"
"Q105233013","Aumônier militaire chrétien"
"Q250867","prêtre catholique"
"Q350979","zoologiste"
"Q15253558","militant ou militante"
"Q105273673","aumônier militaire protestant"
"Q1423891","ministre du culte"
"Q15839134","écologue"
"Q185351","juriste"
"Q189459","ouléma"
"Q27214348","inspecteur"
"Q47541952","producteur ou productrice artistique"
"Q2047357","fiduciaire"
"Q189290","officier"
"Q1930187","journaliste"
"Q123688705","fashion writer"
"Q5589126","agent du gouvernement"
"Q17307272","artiste de cirque"
"Q2914170","artiste de rue"
"Q83307","ministre"
"Q2066131","athlète"
"Q2675537","professeur ou professeure de musique"
"Q118865","clarinettiste"
"Q15839134","écologue"
"Q201788","historien ou historienne"
"Q2234405","adjudicator"
"Q105425483","arbitre"
"Q28640","profession"
"Q4164871","fonction"
"Q54128","domestique"
"Q2462658","manager"
"Q212238","fonctionnaire"
"Q6005272","massothérapeute"
"Q2577681","médecin du sport"
"Q1790480","traducteur-interprète"
"Q105842399","annotator"
"Q1642960","polémiste"
"Q3264451","cardiologue"
"Q82955","personnalité politique"
"Q154954","personne physique"
"Q48282","étudiant ou étudiante"
"Q105467331","étudiant en sciences"
"Q3330547","chroniqueur"
"Q1930187","journaliste"
"Q7019111","travailleur social"
"Q774306","chirurgien ou chirurgienne"
"Q2854916","oto-rhino-laryngologiste"
"Q121579936","regional archivist"
"Q212238","fonctionnaire"
"Q47064","militaire"
"Q2095549","aviateur ou aviatrice"
"Q901","scientifique"
"Q188094","économiste"
"Q1238570","politologue"
"Q1651044","mise en forme d'un matériau"
"Q1408288","procédé de fabrication"
"Q901","scientifique"
"Q1650915","chercheur ou chercheuse"
"Q1622272","professeur ou professeure d'université"
"Q5716684","danseur ou danseuse"
"Q486839","parlementaire"
"Q4175034","législateur ou législatrice"
"Q4201895","fonds de placement"
"Q2125610","cycliste"
"Q2066131","athlète"
"Q15283040","évêque orthodoxe"
"Q18246606","éparque"
"Q4504549","religieux"
"Q326653","comptable"
"Q108290311","cadre de direction dans l'éducation"
"Q1162163","directeur ou directrice"
"Q21281706","administrateur académique"
"Q37226","enseignant ou enseignante"
"Q1234713","théologien ou théologienne"
"Q183888","développeur ou développeuse"
"Q380075","défenseur"
"Q81729632","musicien ou musicienne de musique classique"
"Q12794619","propriétaire de biens"
"Q71049101","bohémiste"
"Q2248623","étudiant"
"Q1371378","ethnologue"
"Q1162163","directeur ou directrice"
"Q9352089","espion ou espionne"
"Q17276189","atmospheric scientist"
"Q593644","chimiste"
"Q106313281","commentateur"
"Q1638918","ordinaire"
"Q1190552","archiprêtre"
"Q3054575","enquêteur de droit privé"
"Q842782","détective"
"Q11500768","auteur ou autrice culinaire"
"Q15462162","historien ou historienne du culturel"
"Q1184268","délinquant"
"Q29881694","thérapeute alternatif"
"Q2588761","travailleur qualifié ou travailleuse qualifiée"
"Q3071477","fidèle"
"Q111252415","groupe religieux"
"Q99521706","théiste"
"Q215627","personne"
"Q10501673","förtroendeman"
"Q877944","lay judge"
"Q7621877","stratège"
"Q49757","poète ou poétesse"
"Q83307","ministre"
"Q12737077","activité"
"Q16144978","Bandit"
"Q664283","vitrier"
"Q2106711","constructeur naval"
"Q108290772","manufacturing labourers not elsewhere classified"
"Q1281618","sculpteur ou sculptrice"
"Q1607826","éditeur ou éditrice"
"Q638608","développement de logiciel"
"Q482980","auteur ou autrice"
"Q7016454","artiste des nouveaux médias"
"Q11079476","artiste numérique"
"Q11079476","artiste numérique"
"Q214339","rôle social"
"Q106804044","rich"
"Q20748648","conseiller municipal"
"Q18216771","artiste vidéo"
"Q18074503","artiste d'installations"
"Q5133860","clinicien ou clinicienne"
"Q2114605","pharmacologue"
"Q674426","conservateur ou conservatrice de musée"
"Q446966","conservateur-restaurateur ou conservatrice-restauratrice"
"Q12774499","naturaliste préparateur"
"Q177220","chanteur ou chanteuse"
"Q1072363","directeur ou directrice"
"Q5467169","ressources humaines"
"Q201788","historien ou historienne"
"Q1709010","ingénieur logiciel"
"Q26262117","acteur de film muet"
"Q28107590","artiste de concept"
"Q4991371","soldat"
"Q2248623","étudiant"
"Q30002353","professeur de langues"
"Q12737077","activité"
"Q81096","ingénieur ou ingénieure"
"Q1072363","directeur ou directrice"
"Q1569495","chargé ou chargée de cours"
"Q5322166","designer"
"Q1413170","relieur ou relieuse"
"Q49757","poète ou poétesse"
"Q1639825","forgeron ou forgeronne"
"Q37226","enseignant ou enseignante"
"Q11499147","militant ou militante politique"
"Q39631","médecin"
"Q1930187","journaliste"
"Q635734","archiviste"
"Q82594","informaticien ou informaticienne"
"Q599151","haut fonctionnaire ou haute fonctionnaire"
"Q61021680","embetsperson"
"Q6430706","critique"
"Q330679","cantor"
"Q4391922","church choirmaster"
"Q355493","musicien d'église"
"Q48282","étudiant ou étudiante"
"Q48942","élève"
"Q214917","dramaturge"
"Q822146","parolier ou parolière"
"Q33999","acteur ou actrice"
"Q177220","chanteur ou chanteuse"
"Q20739288","neurobiologiste"
"Q16831721","éthologue"
"Q110516696","member of the parliament of Sweden"
"Q41583","entraîneur sportif"
"Q1278335","instrumentiste"
"Q1607826","éditeur ou éditrice"
"Q17504998","historien du sport"
"Q37226","enseignant ou enseignante"
"Q3249024","gouverneur"
"Q2159907","criminel ou criminelle"
"Q1278335","instrumentiste"
"Q4773904","anthropologue"
"Q5716684","danseur ou danseuse"
"Q177220","chanteur ou chanteuse"
"Q106674141","praepositus"
"Q12737077","activité"
"Q56512863","participant"
"Q1650915","chercheur ou chercheuse"
"Q2306091","sociologue"
"Q48072011","théoricien ou théoricienne du management"
"Q212980","psychologue"
"Q974144","éducateur ou éducatrice"
"Q37226","enseignant ou enseignante"
"Q639669","musicien ou musicienne"
"Q177718","sideman"
"Q483501","artiste"
"Q15980158","auteur ou autrice de non-fiction"
"Q185351","juriste"
"Q56352811","financial economist"
"Q48072011","théoricien ou théoricienne du management"
"Q122657929","radio writer"
"Q1930187","journaliste"
"Q83307","ministre"
"Q189290","officier"
"Q13015400","naval personnel"
"Q6817463","mental health counselor"
"Q37226","enseignant ou enseignante"
"Q326653","comptable"
"Q212980","psychologue"
"Q483501","artiste"
"Q16533","juge"
"Q4504549","religieux"
"Q30906402","cantor"
"Q2675537","professeur ou professeure de musique"
"Q5322166","designer"
"Q15401884","chercheur médical"
"Q101429521","affiliate professor"
"Q67205775","piqueuse"
"Q18931911","théoricien ou théoricienne"
"Q1251687","chef de mission diplomatique"
"Q3310583","celebrity chef"
"Q44508716","personnalité de l'audiovisuel"
"Q156839","cuisinier ou cuisinière"
"Q947873","animateur ou animatrice de télévision"
"Q19364326","studio"
"Q11396960","société de production"
"Q1762059","société de production de cinéma"
"Q110357230","television company"
"Q39631","médecin"
"Q3140963","personnel hospitalier"
"Q69943983","health facility administrator"
"Q3529618","titre universitaire"
"Q64825398","retraité"
"Q3014296","pilote de moto"
"Q105200214","clerc catholique"
"Q106915299","membre de l'Opus Dei"
"Q7069642","membre numérique de l'Opus Dei"
"Q18216771","artiste vidéo"
"Q713200","artiste interprète"
"Q11085831","interprète"
"Q37226","enseignant ou enseignante"
"Q2101758","commissaire de police"
"Q3391743","artiste visuel ou artiste visuelle"
"Q167987","Tai-chi-chuan"
"Q570755","répartiteur de services d'urgence"
"Q215627","personne"
"Q1650915","chercheur ou chercheuse"
"Q201788","historien ou historienne"
"Q1774898","clinique"
"Q327333","agence publique"
"Q215536","commerçant"
"Q1162163","directeur ou directrice"
"Q26481809","dirigeant sportif"
"Q705996","gérant"
"Q43229","organisation"
"Q978044","cadre dirigeant ou cadre dirigeante"
"Q1326886","ingénieur électricien"
"Q19100","capitaine"
"Q18536820","OF-2"
"Q107283643","officier subalterne (Espagne)"
"Q56923","capitaine général"
"Q132050","gouverneur"
"Q382844","gouverneur général"
"Q1278335","instrumentiste"
"Q1072363","directeur ou directrice"
"Q1162163","directeur ou directrice"
"Q1639825","forgeron ou forgeronne"
"Q15977971","travailleur du bois"
"Q11974939","professionnel ou professionnelle de la santé"
"Q901","scientifique"
"Q987767","récipient"
"Q33394058","travailleur manuel"
"Q108289644","hairdressers, beauticians and related workers"
"Q713200","artiste interprète"
"Q212238","fonctionnaire"
"Q57199189","entraîneur de patinage artistique"
"Q11569986","graveur ou graveuse d'estampes"
"Q3330547","chroniqueur"
"Q1072363","directeur ou directrice"
"Q1072363","directeur ou directrice"
"Q49757","poète ou poétesse"
"Q381353","femme de lettres"
"Q1072363","directeur ou directrice"
"Q1930187","journaliste"
"Q1162163","directeur ou directrice"
"Q2961975","chef ou cheffe d'entreprise"
"Q1072363","directeur ou directrice"
"Q28528178","raciste"
"Q122143503","suprémaciste"
"Q122167190","Ethnic supremacist"
"Q600751","procureur ou procureure"
"Q112684029","Services juridiques de l'État"
"Q15839134","écologue"
"Q16831721","éthologue"
"Q1028181","peintre"
"Q3328821","récit"
"Q7725634","œuvre littéraire"
"Q182436","bibliothécaire"
"Q81096","ingénieur ou ingénieure"
"Q1265807","chercheur ou chercheuse en science de l'information"
"Q901402","géographe"
"Q84380764","joueur de jeu de plateau"
"Q169470","physicien ou physicienne"
"Q3055126","entomologiste"
"Q4469127","pirate"
"Q1184268","délinquant"
"Q897438","délinquant"
"Q1925963","artiste graphique"
"Q130857","disc jockey"
"Q2722764","animateur ou animatrice de radio"
"Q6138343","sculpteur sur bois"
"Q20891597","colonisateur"
"Q10591707","escroc"
"Q471880","usurpation d'identité"
"Q5193258","appropriation culturelle"
"Q28813","fraude"
"Q7142648","Usurpation Raciale"
"Q1413522","imposteur"
"Q1430956","charlatan"
"Q50995749","personnalité liée au sport"
"Q2986228","commentateur sportif"
"Q9200127","membre"
"Q13311320","conseiller royal"
"Q3243461","collectionneur ou collectionneuse"
"Q1162163","directeur ou directrice"
"Q806798","banquier"
"Q11974939","professionnel ou professionnelle de la santé"
"Q16529590","scientifique de l'environnement"
"Q5669847","professeur adjoint"
"Q6625963","romancier ou romancière"
"Q715301","auteur ou autrice de bande dessinée"
"Q3644587","hydrologue"
"Q201788","historien ou historienne"
"Q483501","artiste"
"Q1294787","artisan"
"Q19746576","joueur de pelote basque"
"Q207978","consul"
"Q625369","maîtresse"
"Q11796602","official lover"
"Q8359428","militant social"
"Q1622272","professeur ou professeure d'université"
"Q121594","professeur"
"Q1278335","instrumentiste"
"Q931260","meurtrier ou meurtrière"
"Q109648129","tireur"
"Q30339659","motorsports competitor"
"Q627325","graphiste"
"Q627325","graphiste"
"Q1511216","courtisan"
"Q217170","prosélytisme"
"Q1155605","classe supérieure"
"Q106804044","rich"
"Q43845","personnalité du monde des affaires"
"Q16727193","scientifique de l'esprit"
"Q82594","informaticien ou informaticienne"
"Q723682","doyen"
"Q58287519","développeur de jeux vidéo"
"Q5482740","programmeur ou programmeuse"
"Q15995642","chef religieux"
"Q105275968","clerc musulman"
"Q432386","prédicateur"
"Q125482","imam"
"Q2066131","athlète"
"Q18536342","joueur professionnel ou joueuse professionnelle"
"Q1368409","éleveur"
"Q158852","chef ou cheffe d'orchestre"
"Q639669","musicien ou musicienne"
"Q2066131","athlète"
"Q327055","travailleur ou travailleuse"
"Q17126809","sauveteur"
"Q19693316","intervenant d'urgence"
"Q49757","poète ou poétesse"
"Q11401","hip-hop"
"Q639197","musique instrumentale"
"Q56312678","ceramic painter"
"Q96036530","health activist"
"Q1151733","position au baseball"
"Q12737077","activité"
"Q26837361","propriétaire d'équipe sportive"
"Q3391743","artiste visuel ou artiste visuelle"
"Q713200","artiste interprète"
"Q3951423","grimpeur sur rochers"
"Q94296450","fabricant d'instrument à clavier"
"Q294414","fonction publique"
"Q937857","footballeur"
"Q7135767","paraprofessional"
"Q1709010","ingénieur logiciel"
"Q112598603","data professional"
"Q108290582","musical instrument makers and tuners"
"Q7234072","postier"
"Q108290582","musical instrument makers and tuners"
"Q2066131","athlète"
"Q4610556","mannequin"
"Q226008","idole japonaise"
"Q10800557","acteur ou actrice de cinéma"
"Q852857","travailleur ou travailleuse du sexe"
"Q488111","acteur ou actrice pornographique"
"Q10843402","nageur ou nageuse"
"Q94296450","fabricant d'instrument à clavier"
"Q63952000","gender studies scholar"
"Q5259404","profession paramédicale du secteur dentaire"
"Q10774753","performeur"
"Q33999","acteur ou actrice"
"Q601401","commerce"
"Q98084799","photographe professionnel"
"Q33231","photographe"
"Q33999","acteur ou actrice"
"Q34388953","film people"
"Q15980158","auteur ou autrice de non-fiction"
"Q1231865","pédagogue"
"Q3391743","artiste visuel ou artiste visuelle"
"Q876864","conseiller ou conseillère de rédaction"
"Q41583","entraîneur sportif"
"Q10669499","officier de marine"
"Q105550321","aviateur militaire"
"Q13381376","haltérophile"
"Q41583","entraîneur sportif"
"Q590870","cinéma"
"Q41583","entraîneur sportif"
"Q1326886","ingénieur électricien"
"Q108289382","electrotechnology engineers"
"Q130857","disc jockey"
"Q41583","entraîneur sportif"
"Q1028181","peintre"
"Q10694573","artiste textile"
"Q108605121","dye artist"
"Q2504617","romaniste"
"Q1028181","peintre"
"Q212980","psychologue"
"Q864503","biologiste"
"Q352507","pasteur"
"Q108286992","business and administration professionals"
"Q108284914","teaching professionals"
"Q108289046","building and related trades workers (excluding electricians)"
"Q108289369","manufacturing, mining, construction and distribution managers"
"Q108289396","primary school and early childhood teachers"
"Q108286217","Butchers, Fishmongers and Related Food Preparers"
"Q2066131","athlète"
"Q18536342","joueur professionnel ou joueuse professionnelle"
"Q4178004","attaché de presse"
"Q108290386","mining and metallurgical technicians"
"Q15839134","écologue"
"Q42603","prêtre"
"Q7063944","cheminot"
"Q599151","haut fonctionnaire ou haute fonctionnaire"
"Q177220","chanteur ou chanteuse"
"Q24841721","chanteur classique"
"Q1028181","peintre"
"Q10349745","pilote automobile"
"Q97621558","militant en faveur de la tempérance"
"Q10349745","pilote automobile"
"Q2066131","athlète"
"Q18536342","joueur professionnel ou joueuse professionnelle"
"Q2066131","athlète"
"Q1231865","pédagogue"
"Q15839134","écologue"
"Q1650915","chercheur ou chercheuse"
"Q17456089","réalisateur de films pornographiques"
"Q5322166","designer"
"Q128124","ingénieur du son"
"Q18581305","participant à un concours de beauté"
"Q18560095","vainqueur"
"Q327321","maçon"
"Q1340643","maître d’œuvre"
"Q3391743","artiste visuel ou artiste visuelle"
"Q599151","haut fonctionnaire ou haute fonctionnaire"
"Q6501749","secrétaire général"
"Q683476","conseiller en gestion de patrimoine"
"Q774306","chirurgien ou chirurgienne"
"Q1240788","patron"
"Q743438","chef d'équipe"
"Q189290","officier"
"Q4002666","médecin militaire"
"Q901","scientifique"
"Q2306091","sociologue"
"Q24017732","chercheur en santé publique"
"Q16063546","historien ou historienne des sciences"
"Q856887","agent de sécurité"
"Q3391743","artiste visuel ou artiste visuelle"
"Q350979","zoologiste"
"Q11569986","graveur ou graveuse d'estampes"
"Q15980591","monteur d'acier"
"Q1281618","sculpteur ou sculptrice"
"Q9394993","patineur ou patineuse sur glace"
"Q2066131","athlète"
"Q16063546","historien ou historienne des sciences"
"Q6051619","publiciste"
"Q1930187","journaliste"
"Q36180","écrivain ou écrivaine"
"Q102323692","applied scientist"
"Q25616553","marine painter"
"Q482980","auteur ou autrice"
"Q2066131","athlète"
"Q18536342","joueur professionnel ou joueuse professionnelle"
"Q39631","médecin"
"Q350979","zoologiste"
"Q152951","lieutenant général"
"Q73145133","personnalité du jeu d'échecs"
"Q84380764","joueur de jeu de plateau"
"Q2066131","athlète"
"Q11538946","abstract game player"
"Q1231865","pédagogue"
"Q1662468","technologies de l'information et de la communication pour l'enseignement"
"Q215536","commerçant"
"Q13391392","profession libérale"
"Q4448548","expert maritime"
"Q1493121","historien ou historienne militaire"
"Q108799798","prêtre de la Grèce antique"
"Q43845","personnalité du monde des affaires"
"Q15980804","professionnel des médias"
"Q371909","préfet"
"Q104290473","préfet"
"Q26903663","arts administrator"
"Q378622","pilote"
"Q483501","artiste"
"Q1284709","maître de guilde"
"Q154549","charpentier"
"Q5121550","érudit du judaïsme"
"Q1371378","ethnologue"
"Q201788","historien ou historienne"
"Q17391638","théoricien ou théoricienne de l'art"
"Q15253558","militant ou militante"
"Q55737401","théologien chrétien"
"Q50995749","personnalité liée au sport"
"Q19890746","cybermilitant"
"Q5637247","hacker"
"Q2309784","cycliste"
"Q27978698","lutteur"
"Q2066131","athlète"
"Q15978181","personne handicapée"
"Q33231","photographe"
"Q708492","conseiller municipal"
"Q10536056","pehtori"
"Q5322166","designer"
"Q42603","prêtre"
"Q17573263","pécheur ou pécheresse"
"Q17001582","Decriminalizing sex work"
"Q21020787","femmes dans la guerre"
"Q38142","samouraï"
"Q11397897","épéiste"
"Q10800557","acteur ou actrice de cinéma"
"Q63930359","agent de maintenance"
"Q1760141","technicien de surface"
"Q43229","organisation"
"Q11348","fonction"
"Q28640","profession"
"Q7501153","commerçant"
"Q1028181","peintre"
"Q3055126","entomologiste"
"Q14467526","linguiste"
"Q98544732","collectionneur scientifique"
"Q350979","zoologiste"
"Q169470","physicien ou physicienne"
"Q102323692","applied scientist"
"Q384593","policier ou policière"
"Q170790","mathématicien ou mathématicienne"
"Q455595","amateur"
"Q226008","idole japonaise"
"Q6337803","neurobiologiste"
"Q18245236","radiologue"
"Q99521021","mayor of a place in Florida"
"Q212238","fonctionnaire"
"Q83307","ministre"
"Q3455803","réalisateur ou réalisatrice"
"Q1919436","pédiatre"
"Q3126128","généticien ou généticienne"
"Q2737906","vidéaste"
"Q852857","travailleur ou travailleuse du sexe"
"Q109459317","créateur ou créatrice de contenu"
"Q488111","acteur ou actrice pornographique"
"Q774306","chirurgien ou chirurgienne"
"Q3332438","médecin spécialiste"
"Q26203274","traumatologue"
"Q56678872","trauma surgeon"
"Q108140949","electronic engineer"
"Q11998775","rider"
"Q8011071","dresseur"
"Q466640","entraîneur de chevaux"
"Q41583","entraîneur sportif"
"Q2500638","créateur ou créatrice"
"Q138858","personne du monde du divertissement"
"Q326653","comptable"
"Q2994359","conseiller conjugal et familial"
"Q482980","auteur ou autrice"
"Q11016","technologie"
"Q33109310","catalogueur"
"Q109607335","serials librarian"
"Q8359428","militant social"
"Q3406858","professionnel du cinéma"
"Q82955","personnalité politique"
"Q974144","éducateur ou éducatrice"
"Q3779582","microbiologiste"
"Q15839134","écologue"
"Q169470","physicien ou physicienne"
"Q81096","ingénieur ou ingénieure"
"Q2532681","négus"
"Q23835475","assistant"
"Q3014296","pilote de moto"
"Q179643","plongée sous-marine"
"Q27658988","participant à une émission de téléréalité"
"Q5165152","compétiteur"
"Q15296531","position d'autorité"
"Q372436","homme d'État"
"Q1251441","responsable"
"Q82955","personnalité politique"
"Q16258947","fonctionnaire"
"Q2588761","travailleur qualifié ou travailleuse qualifiée"
"Q43767805","sport combiné"
"Q2755547","sport individuel"
"Q212434","sport olympique"
"Q876864","conseiller ou conseillère de rédaction"
"Q336221","bijoutier"
"Q59922524","court artist"
"Q4164871","fonction"
"Q17175157","bourgmestre"
"Q36649","arts visuels"
"Q45199","marin"
"Q12031226","fondeur ou fondeuse"
"Q24229398","agent"
"Q15319501","chercheur ou chercheuse en sciences sociales"
"Q16611574","réformateur social"
"Q108290757","manœuvres de l’agriculture et de l’élevage"
"Q13418253","philologue"
"Q5352191","technicien ou technicienne"
"Q1731155","orientaliste"
"Q12049274","détaillant"
"Q1840507","sculpteur sur bois ou autre matériau  naturel"
"Q336221","bijoutier"
"Q12713481","ouvrier"
"Q1792450","historien ou historienne de l'art"
"Q213441","magasin"
"Q1622272","professeur ou professeure d'université"
"Q557880","investisseur"
"Q1371796","armurier"
"Q39631","médecin"
"Q84048852","être humain féminin"
"Q82955","personnalité politique"
"Q15978655","consultant ou consultante"
"Q66811410","profession médicale"
"Q1914636","activité"
"Q901","scientifique"
"Q901","scientifique"
"Q4991371","soldat"
"Q1283504","engagement social"
"Q4773904","anthropologue"
"Q1238570","politologue"
"Q12737077","activité"
"Q1326886","ingénieur électricien"
"Q831474","prêtre chrétien"
"Q133500","apprentissage"
"Q102038373","mathématicien appliqué ou mathématicienne appliquée"
"Q212980","psychologue"
"Q106399618","nationaliste"
"Q107237082","white supremacist"
"Q82955","personnalité politique"
"Q28050438","broadcasting executive"
"Q483501","artiste"
"Q3908516","entrepreneuriat"
"Q1251687","chef de mission diplomatique"
"Q15217354","plénipotentiaire"
"Q1294787","artisan"
"Q3317836","modeleur"
"Q104828277","professeur de biologie"
"Q2045208","célébrité d'internet"
"Q4110598","vlogueur ou vlogueuse"
"Q15980804","professionnel des médias"
"Q138858","personne du monde du divertissement"
"Q7923730","veterinary specialist"
"Q106823762","veterinary scientist"
"Q13416803","épidémiologiste"
"Q37110","pharaon"
"Q110550696","Pharao im Mittleren Reich"
"Q1097498","dirigeant"
"Q37110","pharaon"
"Q1097498","dirigeant"
"Q83307","ministre"
"Q17167049","spécialiste de la littérature"
"Q215536","commerçant"
"Q255274","col blanc"
"Q34463094","chimiste organicien"
"Q593644","chimiste"
"Q901","scientifique"
"Q15253558","militant ou militante"
"Q1906857","ingénieur mécanicien"
"Q1779650","ingénieur design"
"Q15936497","africaniste"
"Q2159907","criminel ou criminelle"
"Q201788","historien ou historienne"
"Q1622272","professeur ou professeure d'université"
"Q108330379","business psychologist"
"Q2798820","pirate en sécurité informatique"
"Q7016454","artiste des nouveaux médias"
"Q82594","informaticien ou informaticienne"
"Q170790","mathématicien ou mathématicienne"
"Q81096","ingénieur ou ingénieure"
"Q15839134","écologue"
"Q14467526","linguiste"
"Q13582652","ingénieur civil"
"Q1930187","journaliste"
"Q33231","photographe"
"Q1790480","traducteur-interprète"
"Q2310145","météorologue"
"Q99439671","natural history museum curator"
"Q2374149","botaniste"
"Q326653","comptable"
"Q37226","enseignant ou enseignante"
"Q55645123","prestataire de soins"
"Q715222","dame de compagnie"
"Q595038","impératrice du Japon"
"Q974144","éducateur ou éducatrice"
"Q3188089","juge en chef"
"Q1476215","défenseur des droits de l'Homme"
"Q901","scientifique"
"Q2045208","célébrité d'internet"
"Q15980804","professionnel des médias"
"Q111651501","posteur ou posteuse"
"Q110996210","professeur d'ingénierie"
"Q37226","enseignant ou enseignante"
"Q2159907","criminel ou criminelle"
"Q110996210","professeur d'ingénierie"
"Q2374149","botaniste"
"Q41799705","morphologist"
"Q2066131","athlète"
"Q485178","analyste"
"Q212980","psychologue"
"Q185351","juriste"
"Q40348","avocat ou avocate"
"Q715301","auteur ou autrice de bande dessinée"
"Q177220","chanteur ou chanteuse"
"Q1840507","sculpteur sur bois ou autre matériau  naturel"
"Q17305500","stone carver"
"Q1731155","orientaliste"
"Q2303143","reclus"
"Q2893972","beguine"
"Q49757","poète ou poétesse"
"Q2066131","athlète"
"Q1414937","combattant"
"Q1906857","ingénieur mécanicien"
"Q2500638","créateur ou créatrice"
"Q109459317","créateur ou créatrice de contenu"
"Q144662","agent de joueurs"
"Q201676","rite funéraire"
"Q11774202","essayiste"
"Q109459317","créateur ou créatrice de contenu"
"Q1144278","évêque diocésain"
"Q17276189","atmospheric scientist"
"Q12094958","géophysicien ou géophysicienne"
"Q212980","psychologue"
"Q5133860","clinicien ou clinicienne"
"Q123570858","food and nutritional scientist"
"Q26481809","dirigeant sportif"
"Q26481809","dirigeant sportif"
"Q2159907","criminel ou criminelle"
"Q5716684","danseur ou danseuse"
"Q15296811","dessinateur ou dessinatrice"
"Q1925963","artiste graphique"
"Q1397808","résistant ou résistante"
"Q1125062","rebelle"
"Q7254446","pseudo-scholarship"
"Q16335296","profession historique"
"Q16532929","administrateur"
"Q978044","cadre dirigeant ou cadre dirigeante"
"Q593644","chimiste"
"Q29169143","scientifique de données"
"Q26903663","arts administrator"
"Q3089940","producteur de musique"
"Q12737077","activité"
"Q2961975","chef ou cheffe d'entreprise"
"Q107145544","sexuality and gender-related activist"
"Q1136723","usurpateur"
"Q25713832","dirigeant ou dirigeante"
"Q41583","entraîneur sportif"
"Q105186","pharmacien"
"Q593644","chimiste"
"Q901402","géographe"
"Q593644","chimiste"
"Q1743122","historien ou historienne de l'Église"
"Q48072011","théoricien ou théoricienne du management"
"Q3400985","universitaire"
"Q140686","président ou présidente"
"Q774306","chirurgien ou chirurgienne"
"Q12376667","technologue"
"Q105186","pharmacien"
"Q475604","pilote"
"Q1162163","directeur ou directrice"
"Q380782","commandant en chef"
"Q483501","artiste"
"Q118464513","acteur d'opéra chinois"
"Q10862983","aquafortiste"
"Q118464513","acteur d'opéra chinois"
"Q2259451","acteur ou actrice de théâtre"
"Q20965770","pratiquant de sports d'hiver"
"Q1193763","mannequin promotionnel"
"Q30185","maire"
"Q112085554","amtsrådsmedlem i Danmark"
"Q201788","historien ou historienne"
"Q63993638","théoricien ou théoricienne des systèmes"
"Q41583","entraîneur sportif"
"Q39631","médecin"
"Q1113838","climatologue"
"Q4459623","toxicologue"
"Q2310145","météorologue"
"Q4108101","compositeur"
"Q15976341","slaviste"
"Q1800680","amateur actor"
"Q11795712","Ochotnik (osoba)"
"Q5770349","chirurgien plasticien"
"Q15978181","personne handicapée"
"Q2548714","programmateur ou programmatrice"
"Q2548714","programmateur ou programmatrice"
"Q774306","chirurgien ou chirurgienne"
"Q27349","dentiste"
"Q16004492","ésotériste"
"Q2066131","athlète"
"Q15976341","slaviste"
"Q15976341","slaviste"
"Q42909","reporter"
"Q1642960","polémiste"
"Q39631","médecin"
"Q3077353","formateur"
"Q54128","domestique"
"Q29881694","thérapeute alternatif"
"Q15976341","slaviste"
"Q1714828","chasseur ou chasseresse"
"Q17126809","sauveteur"
"Q1779650","ingénieur design"
"Q12713481","ouvrier"
"Q542","athlétisme"
"Q2306091","sociologue"
"Q2419397","thérapeute"
"Q54128","domestique"
"Q37226","enseignant ou enseignante"
"Q47740","musulman ou musulmane"
"Q113996594","religious fundamentalist"
"Q37226","enseignant ou enseignante"
"Q21329070","scientifique des matériaux"
"Q6625963","romancier ou romancière"
"Q16000367","éleveur de chevaux"
"Q12335817","travailleur forestier"
"Q254508","hors-la-loi"
"Q10659189","cambrioleur"
"Q82604","design"
"Q11499147","militant ou militante politique"
"Q1650915","chercheur ou chercheuse"
"Q201788","historien ou historienne"
"Q10591707","escroc"
"Q6051619","publiciste"
"Q29352392","maître spirituel"
"Q19350898","physicien théoricien ou physicienne théoricienne"
"Q170790","mathématicien ou mathématicienne"
"Q6005272","massothérapeute"
"Q381160","expert"
"Q572700","bureaucrate"
"Q177220","chanteur ou chanteuse"
"Q485178","analyste"
"Q702269","professionnel ou professionnelle"
"Q2066131","athlète"
"Q2085381","maison d'édition"
"Q36834","compositeur ou compositrice"
"Q355493","musicien d'église"
"Q1028181","peintre"
"Q202648","arbitre sportif ou arbitre sportive"
"Q140686","président ou présidente"
"Q4164871","fonction"
"Q483501","artiste"
"Q93923328","Chinese medicine practitioner"
"Q115460164","Internet user"
"Q1344569","blagueur"
"Q483501","artiste"
"Q3455803","réalisateur ou réalisatrice"
"Q17291399","membre d'équipe de cinéma"
"Q110040366","spécialiste d'une littérature donnée"
"Q96185705","scholar of British studies"
"Q16308156","angliciste"
"Q5322166","designer"
"Q17488316","préhistorien"
"Q58825429","sportif olympique"
"Q3014296","pilote de moto"
"Q3621491","archéologue"
"Q11287574","designer industriel"
"Q11338576","boxeur"
"Q3745071","écrivain ou écrivaine scientifique"
"Q15143191","vulgarisateur ou vulgarisatrice scientifique"
"Q3332438","médecin spécialiste"
"Q26481809","dirigeant sportif"
"Q1162163","directeur ou directrice"
"Q77590","génie civil"
"Q2066131","athlète"
"Q18536342","joueur professionnel ou joueuse professionnelle"
"Q639669","musicien ou musicienne"
"Q5322166","designer"
"Q1278335","instrumentiste"
"Q242468","tailleur ou tailleuse"
"Q105186","pharmacien"
"Q2911636","chef religieux islamique"
"Q108140949","electronic engineer"
"Q71133019","opticien"
"Q50995749","personnalité liée au sport"
"Q15980158","auteur ou autrice de non-fiction"
"Q1930187","journaliste"
"Q9332","comportement"
"Q1156791","réplication"
"Q121757905","deceptive communication technique"
"Q4830453","firme"
"Q110040366","spécialiste d'une littérature donnée"
"Q2599593","germaniste"
"Q2752318","cosmétologue"
"Q2705098","tarento"
"Q226008","idole japonaise"
"Q28640","profession"
"Q3330547","chroniqueur"
"Q201788","historien ou historienne"
"Q11615883","geinin"
"Q1162163","directeur ou directrice"
"Q2504617","romaniste"
"Q1371925","speaker"
"Q10871364","joueur de baseball"
"Q108289644","hairdressers, beauticians and related workers"
"Q483501","artiste"
"Q2066131","athlète"
"Q11124885","pratiquant d'arts martiaux"
"Q1251687","chef de mission diplomatique"
"Q15217354","plénipotentiaire"
"Q2705098","tarento"
"Q212238","fonctionnaire"
"Q108290370","legal professionals not elsewhere classified"
"Q226008","idole japonaise"
"Q107711","pompier ou pompière"
"Q18844224","écrivain ou écrivaine de science-fiction"
"Q11063","astronome"
"Q5322166","designer"
"Q2705098","tarento"
"Q11613014","Self-Defense Official"
"Q16631188","fonction militaire"
"Q11613014","Self-Defense Official"
"Q13015400","naval personnel"
"Q11613014","Self-Defense Official"
"Q113548630","air force personnel"
"Q12737077","activité"
"Q6733150","mahant"
"Q854997","moine bouddhiste"
"Q854979","bhikkhuni"
"Q4610556","mannequin"
"Q12803959","coureur à pied"
"Q333634","traducteur ou traductrice"
"Q110040366","spécialiste d'une littérature donnée"
"Q15255771","sinologue"
"Q12794619","propriétaire de biens"
"Q11239464","racehorse owner and breeder"
"Q36180","écrivain ou écrivaine"
"Q110007257","livestock worker"
"Q39631","médecin"
"Q15296531","position d'autorité"
"Q1097498","dirigeant"
"Q1673271","changement de régime"
"Q212238","fonctionnaire"
"Q7554349","éditeur logiciel"
"Q3579158","éditeur de jeux de société"
"Q4830453","firme"
"Q112042224","video game company"
"Q3392544","plongeur militaire"
"Q17214419","board member in Japan"
"Q1598759","infanterie légère"
"Q178197","mercenaire"
"Q4991371","soldat"
"Q189290","officier"
"Q49757","poète ou poétesse"
"Q17167049","spécialiste de la littérature"
"Q9200127","membre"
"Q8191099","affiliate"
"Q147638","sciences cognitives"
"Q212238","fonctionnaire"
"Q73228839","conseiller spécial"
"Q4164507","critique d'art"
"Q17135920","expert interdisciplinaire d'une région géographique"
"Q5352191","technicien ou technicienne"
"Q2518689","guérisseur"
"Q3133901","herboriste"
"Q542704","pèlerin"
"Q174834","autorité"
"Q11771944","fonction publique"
"Q2285706","chef de gouvernement"
"Q10547393","personnalité politique locale"
"Q17279032","charge élective"
"Q17167049","spécialiste de la littérature"
"Q11124885","pratiquant d'arts martiaux"
"Q202648","arbitre sportif ou arbitre sportive"
"Q59939361","amateur artist"
"Q5322166","designer"
"Q37226","enseignant ou enseignante"
"Q15253558","militant ou militante"
"Q15253558","militant ou militante"
"Q15253558","militant ou militante"
"Q1327627","électrotechnicien"
"Q15253558","militant ou militante"
"Q329439","graveur ou graveuse sur métal"
"Q12803959","coureur à pied"
"Q12031226","fondeur ou fondeuse"
"Q10530883","exploitant"
"Q5716684","danseur ou danseuse"
"Q852857","travailleur ou travailleuse du sexe"
"Q212238","fonctionnaire"
"Q13581129","orienteur ou orienteuse"
"Q19799599","vététiste"
"Q2431196","œuvre audiovisuelle"
"Q10301427","image mouvante"
"Q4502142","œuvre d'art visuelle"
"Q20937557","série"
"Q11452075","kanjin"
"Q15976327","onomastician"
"Q3796928","government employee"
"Q17214132","Tonya (Japon)"
"Q2085381","maison d'édition"
"Q901","scientifique"
"Q777952","instructeur"
"Q162244","héros"
"Q11448772","school staff"
"Q876864","conseiller ou conseillère de rédaction"
"Q2114605","pharmacologue"
"Q193364","vicaire"
"Q105200214","clerc catholique"
"Q3250324","adjoint"
"Q1517802","substitut"
"Q17955","critique"
"Q30002353","professeur de langues"
"Q10889302","handisportif"
"Q2066131","athlète"
"Q11063","astronome"
"Q455595","amateur"
"Q29182","évêque"
"Q1638918","ordinaire"
"Q106968578","diocesan clergyman"
"Q112074151","head of a diocese"
"Q352507","pasteur"
"Q255274","col blanc"
"Q1607826","éditeur ou éditrice"
"Q11446281","jochū"
"Q192581","travail"
"Q482980","auteur ou autrice"
"Q15987302","profession juridique"
"Q11538947","joueur de shōgi professionnel"
"Q84048852","être humain féminin"
"Q40348","avocat ou avocate"
"Q8473","armée"
"Q1801887","agriculture et sylviculture"
"Q8985067","government official"
"Q5322166","designer"
"Q520549","géologue"
"Q118464513","acteur d'opéra chinois"
"Q327055","travailleur ou travailleuse"
"Q114575096","spectrometrist"
"Q43668003","chimiste analytique"
"Q16883812","Stay-at-home parent"
"Q1934684","personne au foyer"
"Q2095549","aviateur ou aviatrice"
"Q110996085","vessel captain"
"Q2455451","soigneur"
"Q140686","président ou présidente"
"Q3328821","récit"
"Q189829","ermite"
"Q733786","moine ou moniale"
"Q215536","commerçant"
"Q7063944","cheminot"
"Q215627","personne"
"Q1423891","ministre du culte"
"Q2405480","acteur ou actrice de doublage"
"Q1975935","bushi"
"Q13416803","épidémiologiste"
"Q30086937","chercheur en oncologie"
"Q1792450","historien ou historienne de l'art"
"Q42973","architecte"
"Q11313148","écrivain sportif"
"Q81096","ingénieur ou ingénieure"
"Q4164871","fonction"
"Q828803","titre professionnel"
"Q28640","profession"
"Q713200","artiste interprète"
"Q17379560","transformiste"
"Q483501","artiste"
"Q245068","humoriste"
"Q201788","historien ou historienne"
"Q4964182","philosophe"
"Q3332438","médecin spécialiste"
"Q164236","correspondant ou correspondante de guerre"
"Q957729","reporter-photographe"
"Q482980","auteur ou autrice"
"Q15253558","militant ou militante"
"Q1642960","polémiste"
"Q392651","agent de renseignement"
"Q169470","physicien ou physicienne"
"Q15980158","auteur ou autrice de non-fiction"
"Q43229","organisation"
"Q192581","travail"
"Q381160","expert"
"Q1371925","speaker"
"Q294414","fonction publique"
"Q4175034","législateur ou législatrice"
"Q384593","policier ou policière"
"Q5124690","Civil service of Japan"
"Q24886054","司法警察職員"
"Q110040366","spécialiste d'une littérature donnée"
"Q15991218","japonologue"
"Q56512863","participant"
"Q30002353","professeur de langues"
"Q2066131","athlète"
"Q51844772","joueur de Shamisen"
"Q222749","comédie"
"Q15977971","travailleur du bois"
"Q1716419","tourneur sur bois"
"Q40348","avocat ou avocate"
"Q2588761","travailleur qualifié ou travailleuse qualifiée"
"Q1968442","donateur"
"Q11499147","militant ou militante politique"
"Q63993638","théoricien ou théoricienne des systèmes"
"Q715301","auteur ou autrice de bande dessinée"
"Q28532974","organisateur communautaire"
"Q12737077","activité"
"Q28640","profession"
"Q16062369","oncologue"
"Q189290","officier"
"Q153936","milice"
"Q10843402","nageur ou nageuse"
"Q84380764","joueur de jeu de plateau"
"Q11538946","abstract game player"
"Q15319501","chercheur ou chercheuse en sciences sociales"
"Q931260","meurtrier ou meurtrière"
"Q947873","animateur ou animatrice de télévision"
"Q270389","présentateur ou présentatrice de journal"
"Q2722764","animateur ou animatrice de radio"
"Q189290","officier"
"Q5947973","seminary student"
"Q48282","étudiant ou étudiante"
"Q1183487","novice"
"Q42909","reporter"
"Q36180","écrivain ou écrivaine"
"Q107711","pompier ou pompière"
"Q110096986","emergency service volunteer"
"Q24716636","bénévole"
"Q170790","mathématicien ou mathématicienne"
"Q177220","chanteur ou chanteuse"
"Q215536","commerçant"
"Q37681","soie"
"Q2085381","maison d'édition"
"Q1925963","artiste graphique"
"Q974144","éducateur ou éducatrice"
"Q3704253","trader"
"Q11499147","militant ou militante politique"
"Q35140","représentation"
"Q2478141","aristocrate"
"Q212980","psychologue"
"Q28640","profession"
"Q107199914","local government officer"
"Q582096","Compagnon"
"Q1639825","forgeron ou forgeronne"
"Q3126128","généticien ou généticienne"
"Q2732142","statisticien ou statisticienne"
"Q12713481","ouvrier"
"Q685433","vendeur ou vendeuse"
"Q15839134","écologue"
"Q16063497","biologiste de l'évolution"
"Q115847","chōnin"
"Q212238","fonctionnaire"
"Q432386","prédicateur"
"Q909452","maison impériale du Japon"
"Q572700","bureaucrate"
"Q1849974","Professeur certifié"
"Q37226","enseignant ou enseignante"
"Q17125263","YouTubeur ou YouTubeuse"
"Q1930187","journaliste"
"Q1930187","journaliste"
"Q98084799","photographe professionnel"
"Q5341297","psychologue éducationnel"
"Q25713832","dirigeant ou dirigeante"
"Q15117395","coureur cycliste sur piste"
"Q6430706","critique"
"Q192581","travail"
"Q2304859","souverain"
"Q4164871","fonction"
"Q842811","diététicien ou diététicienne"
"Q18536342","joueur professionnel ou joueuse professionnelle"
"Q3892689","joueur de balle"
"Q1066186","histoire"
"Q6147194","teinturier"
"Q1028181","peintre"
"Q107560891","religious artist"
"Q70901436","clergé bouddhiste"
"Q36180","écrivain ou écrivaine"
"Q11124885","pratiquant d'arts martiaux"
"Q854997","moine bouddhiste"
"Q713200","artiste interprète"
"Q11570799","special service"
"Q51085009","scenic designer"
"Q79044120","theatre maker"
"Q5322166","designer"
"Q17214132","Tonya (Japon)"
"Q1807108","compagnie maritime"
"Q66660783","charity worker"
"Q115941290","zwanzeur"
"Q13219244","collecteur de fonds"
"Q5716684","danseur ou danseuse"
"Q120112168","garde urbain"
"Q115941290","zwanzeur"
"Q5137576","entraîneur de hockey sur glace"
"Q4164871","fonction"
"Q2962070","chef décorateur ou cheffe décoratrice"
"Q166382","émir"
"Q16335312","géochimiste"
"Q89000321","management scientist"
"Q131512","agriculteur ou agricultrice"
"Q104998289","animal scientist"
"Q50995749","personnalité liée au sport"
"Q131359","catch"
"Q1413522","imposteur"
"Q116182858","psychophysicien ou psychophysicienne"
"Q11124885","pratiquant d'arts martiaux"
"Q96044701","artiste floral"
"Q755070","narrateur"
"Q215627","personne"
"Q25713832","dirigeant ou dirigeante"
"Q20920693","chef"
"Q12737077","activité"
"Q777952","instructeur"
"Q108289399","sales, marketing and public relations professionals"
"Q5121550","érudit du judaïsme"
"Q3014296","pilote de moto"
"Q2267418","ingénieur industriel"
"Q1781198","agronome"
"Q15839134","écologue"
"Q1975935","bushi"
"Q864503","biologiste"
"Q3779582","microbiologiste"
"Q2374149","botaniste"
"Q20826540","érudit"
"Q15319501","chercheur ou chercheuse en sciences sociales"
"Q49757","poète ou poétesse"
"Q23037330","récitateur"
"Q1914636","activité"
"Q36649","arts visuels"
"Q373021","aircrew member"
"Q901","scientifique"
"Q116","monarque"
"Q215536","commerçant"
"Q215536","commerçant"
"Q184485","spectacle vivant"
"Q747883","activité physique"
"Q17537576","œuvre créative"
"Q5716684","danseur ou danseuse"
"Q2986228","commentateur sportif"
"Q13219587","patineur ou patineuse artistique"
"Q98084799","photographe professionnel"
"Q11649704","railfan photographer"
"Q1323006","ferroviphilie"
"Q33231","photographe"
"Q42603","prêtre"
"Q17573152","croyant ou croyante"
"Q116865146","Taoist"
"Q1234713","théologien ou théologienne"
"Q1028181","peintre"
"Q105044823","éditeur"
"Q202648","arbitre sportif ou arbitre sportive"
"Q38088701","officiel d'un match de football"
"Q1028181","peintre"
"Q21148249","émailleur"
"Q144662","agent de joueurs"
"Q116763437","person associated with football"
"Q852857","travailleur ou travailleuse du sexe"
"Q520549","géologue"
"Q856887","agent de sécurité"
"Q1423891","ministre du culte"
"Q36834","compositeur ou compositrice"
"Q15981151","musicien ou musicienne de jazz"
"Q23515215","ingénieur de l'apprentissage automatique"
"Q2029179","prêtre régulier"
"Q250867","prêtre catholique"
"Q208762","chapelain"
"Q41583","entraîneur sportif"
"Q864503","biologiste"
"Q42178","vice-président"
"Q2269913","président du Sénat"
"Q5352191","technicien ou technicienne"
"Q901","scientifique"
"Q108289390","other health professionals"
"Q2159907","criminel ou criminelle"
"Q41583","entraîneur sportif"
"Q3055126","entomologiste"
"Q864503","biologiste"
"Q4270517","skieur ou skieuse"
"Q84380764","joueur de jeu de plateau"
"Q2066131","athlète"
"Q41583","entraîneur sportif"
"Q36834","compositeur ou compositrice"
"Q112598603","data professional"
"Q47740","musulman ou musulmane"
"Q2419397","thérapeute"
"Q6005272","massothérapeute"
"Q2066131","athlète"
"Q50995749","personnalité liée au sport"
"Q10694573","artiste textile"
"Q5780518","communicateur"
"Q12737077","activité"
"Q3704253","trader"
"Q40348","avocat ou avocate"
"Q3055126","entomologiste"
"Q9367329","urząd ziemski"
"Q105064360","mahjong player"
"Q15977927","professeur d'art"
"Q61745762","marine scientist"
"Q61745762","marine scientist"
"Q18176481","biogéochimiste"
"Q120728408","maître queux"
"Q2419397","thérapeute"
"Q713200","artiste interprète"
"Q108290379","danseurs et chorégraphes"
"Q1071047","comes"
"Q7614320","ministre des Finances"
"Q189010","notaire"
"Q43229","organisation"
"Q1914636","activité"
"Q18814623","autobiographe"
"Q12144794","prosateur ou prosatrice"
"Q160117","courtier"
"Q43845","personnalité du monde des affaires"
"Q3704253","trader"
"Q9394993","patineur ou patineuse sur glace"
"Q18536342","joueur professionnel ou joueuse professionnelle"
"Q838566","forgeron ou forgeronne"
"Q15980591","monteur d'acier"
"Q483501","artiste"
"Q384593","policier ou policière"
"Q189290","officier"
"Q294126","géomètre"
"Q1454940","soldat volontaire"
"Q1414937","combattant"
"Q212948","partisan"
"Q117804716","paramilitary"
"Q24716636","bénévole"
"Q8191099","affiliate"
"Q117814407","carlist"
"Q117814561","militaire carliste"
"Q65274801","Milicien"
"Q118162105","factieux"
"Q15253558","militant ou militante"
"Q3332711","médiéviste"
"Q17167049","spécialiste de la littérature"
"Q82955","personnalité politique"
"Q7140620","partisan"
"Q12716218","conservateur"
"Q4991371","soldat"
"Q47064","militaire"
"Q117814407","carlist"
"Q212948","partisan"
"Q753110","auteur-compositeur ou autrice-compositrice"
"Q11124885","pratiquant d'arts martiaux"
"Q8205328","objet artificiel physique"
"Q18593264","élément d'une collection ou d'une exposition"
"Q65274801","Milicien"
"Q12961474","anarchiste"
"Q24293741","anarcho-syndicaliste"
"Q118162105","factieux"
"Q3242115","révolutionnaire"
"Q117878883","republican militiaman  (Spanish Civil War)"
"Q1414937","combattant"
"Q14128148","joueur de football américain ou de football canadien"
"Q219477","missionnaire"
"Q219477","missionnaire"
"Q117936247","missionnaire chrétien"
"Q17549077","catholique"
"Q3055126","entomologiste"
"Q201788","historien ou historienne"
"Q17486338","historien ou historienne des technologies"
"Q26481809","dirigeant sportif"
"Q116763437","person associated with football"
"Q118132367","former member"
"Q7049197","nonbeliever"
"Q1587978","mécréant"
"Q17573118","impious person"
"Q2500638","créateur ou créatrice"
"Q39631","médecin"
"Q37226","enseignant ou enseignante"
"Q2662430","administration de la république des Deux Nations"
"Q10669499","officier de marine"
"Q189290","officier"
"Q3400985","universitaire"
"Q1622272","professeur ou professeure d'université"
"Q25339110","professeur titulaire"
"Q770899","industrie légère"
"Q106399618","nationaliste"
"Q118289006","black supremacist"
"Q1039099","guide culturel"
"Q1028181","peintre"
"Q109459317","créateur ou créatrice de contenu"
"Q30002353","professeur de langues"
"Q36180","écrivain ou écrivaine"
"Q2159907","criminel ou criminelle"
"Q1231865","pédagogue"
"Q2259451","acteur ou actrice de théâtre"
"Q186360","infirmière ou infirmier"
"Q16164134","national technical qualification"
"Q83307","ministre"
"Q497240","maître de cérémonie"
"Q212238","fonctionnaire"
"Q1781198","agronome"
"Q2310145","météorologue"
"Q1294787","artisan"
"Q3501317","modéliste"
"Q41583","entraîneur sportif"
"Q2005653","huissier de justice"
"Q154549","charpentier"
"Q2374149","botaniste"
"Q12492080","commissioner"
"Q16915158","signalman"
"Q15980804","professionnel des médias"
"Q1371925","speaker"
"Q55071047","auxiliaire de santé"
"Q23835475","assistant"
"Q55071047","auxiliaire de santé"
"Q39631","médecin"
"Q25616474","musicien d'un instrument de la famille des bois"
"Q170790","mathématicien ou mathématicienne"
"Q18931911","théoricien ou théoricienne"
"Q849424","capitaine de navire"
"Q482980","auteur ou autrice"
"Q36180","écrivain ou écrivaine"
"Q109517242","auteur de bande dessinée"
"Q6430706","critique"
"Q116751803","composing"
"Q638","musique"
"Q703534","salarié"
"Q267936","directeur exécutif"
"Q13015400","naval personnel"
"Q37226","enseignant ou enseignante"
"Q777952","instructeur"
"Q22813352","voyageur ou voyageuse"
"Q2873500","aventurier ou aventurière"
"Q30093123","enquêteur"
"Q15976341","slaviste"
"Q20778343","magistrat romain"
"Q30185","maire"
"Q7501153","commerçant"
"Q831474","prêtre chrétien"
"Q182436","bibliothécaire"
"Q93918935","educational personnel"
"Q109641311","musical instrument tuner"
"Q37226","enseignant ou enseignante"
"Q214917","dramaturge"
"Q36180","écrivain ou écrivaine"
"Q3499072","chef cuisinier ou chef cuisinière"
"Q160131","boulanger ou boulangère"
"Q99398506","professeur de littérature"
"Q1240788","patron"
"Q327055","travailleur ou travailleuse"
"Q639669","musicien ou musicienne"
"Q36180","écrivain ou écrivaine"
"Q4610556","mannequin"
"Q384593","policier ou policière"
"Q2066131","athlète"
"Q25447176","civil rights"
"Q187916","sport hippique"
"Q12713481","ouvrier"
"Q1229025","typographe"
"Q15253558","militant ou militante"
"Q21993562","militant ou militante culturel"
"Q40348","avocat ou avocate"
"Q713200","artiste interprète"
"Q1191714","col bleu"
"Q13235160","producteur"
"Q43845","personnalité du monde des affaires"
"Q11493441","significant other"
"Q1294787","artisan"
"Q13417114","maison noble"
"Q2478141","aristocrate"
"Q6491450","intendant"
"Q45199","marin"
"Q212238","fonctionnaire"
"Q1622272","professeur ou professeure d'université"
"Q1622272","professeur ou professeure d'université"
"Q110281945","professions intellectuelles et scientifiques"
"Q55645123","prestataire de soins"
"Q18576582","métallurgiste"
"Q838566","forgeron ou forgeronne"
"Q15253558","militant ou militante"
"Q1162163","directeur ou directrice"
"Q2996394","processus biologique"
"Q11398090","création"
"Q212238","fonctionnaire"
"Q16324756","service worker"
"Q599151","haut fonctionnaire ou haute fonctionnaire"
"Q12358881","phycologue"
"Q185351","juriste"
"Q1294787","artisan"
"Q24229398","agent"
"Q4164871","fonction"
"Q188094","économiste"
"Q63378287","rights holder"
"Q47541952","producteur ou productrice artistique"
"Q15978655","consultant ou consultante"
"Q2994387","conseiller ou conseillère"
"Q315247","étudiant ou étudiante à l'université"
"Q2944360","centenaire"
"Q182436","bibliothécaire"
"Q3455803","réalisateur ou réalisatrice"
"Q7140620","partisan"
"Q15253558","militant ou militante"
"Q11499147","militant ou militante politique"
"Q17125263","YouTubeur ou YouTubeuse"
"Q2045208","célébrité d'internet"
"Q109459317","créateur ou créatrice de contenu"
"Q57414145","streameur"
"Q5276395","gamer"
"Q3486937","personnel médical"
"Q3332438","médecin spécialiste"
"Q5422651","professionnel de la vue"
"Q104050289","prêtre occidental"
"Q1423891","ministre du culte"
"Q102040941","évêque protestant"
"Q104049627","western bishop"
"Q120186900","Aglipayan clergyman"
"Q161944","diacre"
"Q105169456","diacre occidental"
"Q120186900","Aglipayan clergyman"
"Q41583","entraîneur sportif"
"Q29881694","thérapeute alternatif"
"Q22082749","pseudo-scientifique"
"Q1650915","chercheur ou chercheuse"
"Q175151","imprimeur"
"Q1979607","financier"
"Q81096","ingénieur ou ingénieure"
"Q674426","conservateur ou conservatrice de musée"
"Q185351","juriste"
"Q7140620","partisan"
"Q15253558","militant ou militante"
"Q11499147","militant ou militante politique"
"Q1294787","artisan"
"Q838566","forgeron ou forgeronne"
"Q15980591","monteur d'acier"
"Q582096","Compagnon"
"Q1028181","peintre"
"Q105186","pharmacien"
"Q12414919","terroriste"
"Q12961474","anarchiste"
"Q24293741","anarcho-syndicaliste"
"Q1184268","délinquant"
"Q897438","délinquant"
"Q3242115","révolutionnaire"
"Q2159907","criminel ou criminelle"
"Q122167768","radical"
"Q365461","tanneur"
"Q848466","coursier"
"Q108290773","hand and pedal vehicle drivers"
"Q45787133","motard"
"Q254651","navigateur ou navigatrice"
"Q45199","marin"
"Q84380764","joueur de jeu de plateau"
"Q2066131","athlète"
"Q11538946","abstract game player"
"Q7358","clown"
"Q4915128","scientifique biomédical"
"Q186360","infirmière ou infirmier"
"Q49757","poète ou poétesse"
"Q43845","personnalité du monde des affaires"
"Q6989196","direction d'orchestre"
"Q12094958","géophysicien ou géophysicienne"
"Q131512","agriculteur ou agricultrice"
"Q838811","paysan"
"Q205375","inventeur"
"Q212980","psychologue"
"Q82955","personnalité politique"
"Q4164871","fonction"
"Q175151","imprimeur"
"Q81096","ingénieur ou ingénieure"
"Q2516866","éditeur ou éditrice"
"Q183888","développeur ou développeuse"
"Q22916729","technicien d'animations"
"Q1970438","exploitant"
"Q37226","enseignant ou enseignante"
"Q3691017","scénario"
"Q2137554","régie"
"Q1283397","gemcutter"
"Q132050","gouverneur"
"Q5322166","designer"
"Q42973","architecte"
"Q1240788","patron"
"Q47064","militaire"
"Q1251441","responsable"
"Q12737077","activité"
"Q4002666","médecin militaire"
"Q11424604","géoscientifique"
"Q169470","physicien ou physicienne"
"Q520549","géologue"
"Q185351","juriste"
"Q49757","poète ou poétesse"
"Q116","monarque"
"Q8441","homme"
"Q978044","cadre dirigeant ou cadre dirigeante"
"Q19940089","directeur délégué"
"Q2628227","docteur ès sciences"
"Q520549","géologue"
"Q66035178","travailleur du textile"
"Q11190","médecine"
"Q864503","biologiste"
"Q9385011","neurochirurgien"
"Q19842050","chirurgien pédiatrique"
"Q1055894","député"
"Q6671777","structure"
"Q36180","écrivain ou écrivaine"
"Q380782","commandant en chef"
"Q3415837","rab"
"Q1278335","instrumentiste"
"Q639669","musicien ou musicienne"
"Q114414171","para-athlete"
"Q13382566","céiste"
"Q3400985","universitaire"
"Q37226","enseignant ou enseignante"
"Q33231","photographe"
"Q3391743","artiste visuel ou artiste visuelle"
"Q48767789","Bossierer"
"Q215627","personne"
"Q1294787","artisan"
"Q16532929","administrateur"
"Q87736953","échevin"
"Q99603787","muletier"
"Q1251687","chef de mission diplomatique"
"Q15217354","plénipotentiaire"
"Q4164871","fonction"
"Q1221060","service occupation"
"Q56148021","transportation occupation"
"Q109968673","drivers of animal-drawn vehicles and machinery"
"Q1001045","Nobilitas"
"Q843601","science de la santé"
"Q1294787","artisan"
"Q3391743","artiste visuel ou artiste visuelle"
"Q98552221","plasticien"
"Q177220","chanteur ou chanteuse"
"Q81096","ingénieur ou ingénieure"
"Q108289382","electrotechnology engineers"
"Q33394058","travailleur manuel"
"Q2914170","artiste de rue"
"Q177220","chanteur ou chanteuse"
"Q105898711","zoologiste des vertébrés"
"Q212980","psychologue"
"Q112114257","operations researcher"
"Q1184268","délinquant"
"Q1234713","théologien ou théologienne"
"Q37226","enseignant ou enseignante"
"Q1231865","pédagogue"
"Q189533","grade universitaire"
"Q23015928","diplôme de deuxième cycle"
"Q188094","économiste"
"Q1231865","pédagogue"
"Q7019111","travailleur social"
"Q189533","grade universitaire"
"Q16060693","conservationniste"
"Q33999","acteur ou actrice"
"Q2487799","mycologue"
"Q15401884","chercheur médical"
"Q212980","psychologue"
"Q12737077","activité"
"Q10349748","commercial pilot"
"Q1125062","rebelle"
"Q177220","chanteur ou chanteuse"
"Q108290599","pre-press technicians"
"Q122926321","nature recordist"
"Q27148032","sound recordist"
"Q215627","personne"
"Q1294787","artisan"
"Q2306091","sociologue"
"Q2066131","athlète"
"Q18536342","joueur professionnel ou joueuse professionnelle"
"Q45996","mystique"
"Q108487806","Jewish theology"
"Q12409136","Jewish mysticism"
"Q48296","téfiline"
"Q685433","vendeur ou vendeuse"
"Q285759","courtier d'assurances"
"Q2095549","aviateur ou aviatrice"
"Q901","scientifique"
"Q326358","menuisier"
"Q19382184","ébéniste"
"Q154549","charpentier"
"Q497240","maître de cérémonie"
"Q18242306","négociant"
"Q25616474","musicien d'un instrument de la famille des bois"
"Q10509151","maître d'école élémentaire"
"Q486839","parlementaire"
"Q465501","cascadeur ou cascadeuse"
"Q19831149","théoricien ou théoricienne du complot"
"Q37226","enseignant ou enseignante"
"Q15319501","chercheur ou chercheuse en sciences sociales"
"Q15995642","chef religieux"
"Q1993358","administrateur apostolique"
"Q250867","prêtre catholique"
"Q106968578","diocesan clergyman"
"Q42603","prêtre"
"Q2138822","clerc régulier"
"Q974144","éducateur ou éducatrice"
"Q105200154","clerc catholique romain"
"Q20826540","érudit"
"Q4178004","attaché de presse"
"Q42603","prêtre"
"Q13615267","informer collaborator"
"Q1294787","artisan"
"Q1397808","résistant ou résistante"
"Q3014296","pilote de moto"
"Q30339659","motorsports competitor"
"Q4504549","religieux"
"Q384593","policier ou policière"
"Q245068","humoriste"
"Q2705098","tarento"
"Q36180","écrivain ou écrivaine"
"Q482980","auteur ou autrice"
"Q1549283","propriétaire terrien"
"Q12794619","propriétaire de biens"
"Q1511216","courtisan"
"Q327055","travailleur ou travailleuse"
"Q108289052","manœuvres de l’agriculture, de la pêche et de la sylviculture"
"Q4421","forêt"
"Q131524","entrepreneur ou entrepreneuse"
"Q1318187","écrivain public"
"Q172964","gardien de but"
"Q1051798","commissaire aux comptes"
"Q83307","ministre"
"Q4270517","skieur ou skieuse"
"Q30892161","sports promoter"
"Q177220","chanteur ou chanteuse"
"Q15995642","chef religieux"
"Q19829980","scientifique des religions"
"Q15319501","chercheur ou chercheuse en sciences sociales"
"Q1414443","cinéaste"
"Q11814411","documentariste"
"Q2526255","réalisateur ou réalisatrice"
"Q3282637","producteur ou productrice de cinéma"
"Q182436","bibliothécaire"
"Q19693316","intervenant d'urgence"
"Q123521161","rescueman"
"Q6060450","parachutiste"
"Q13472752","valet"
"Q73267024","annonceur sportif"
"Q7334758","ring announcer"
"Q123523208","professional wrestling announcer"
"Q5403434","éthicien ou éthicienne"
"Q15976092","chercheur ou chercheuse en intelligence artificielle"
"Q2374149","botaniste"
"Q855091","guitariste"
"Q584301","bassiste"
"Q901","scientifique"
"Q4887411","bienfaiteur ou bienfaitrice"
"Q611644","évêque catholique"
"Q102039658","évêque catholique romain"
"Q1144278","évêque diocésain"
"Q13426709","suffragant"
"Q1638918","ordinaire"
"Q98084799","photographe professionnel"
"Q437512","tisserand"
"Q27978698","lutteur"
"Q1251687","chef de mission diplomatique"
"Q99318874","haut-commissaire"
"Q121998","ambassadeur ou ambassadrice"
"Q4958876","doyen"
"Q11424604","géoscientifique"
"Q105200214","clerc catholique"
"Q81096","ingénieur ou ingénieure"
"Q25829748","cuivriste"
"Q901","scientifique"
"Q55737401","théologien chrétien"
"Q36180","écrivain ou écrivaine"
"Q17291399","membre d'équipe de cinéma"
"Q2707485","scénographe"
"Q15319501","chercheur ou chercheuse en sciences sociales"
"Q18805","naturaliste"
"Q15401884","chercheur médical"
"Q104176943","military scientist"
"Q819677","guide de haute montagne"
"Q2066131","athlète"
"Q45199","marin"
"Q10527030","humaniste"
"Q483501","artiste"
"Q482980","auteur ou autrice"
"Q58968","intellectuel ou intellectuelle"
"Q2462658","manager"
"Q1863288","work colleague"
"Q6136036","survivant"
"Q2026714","victime du régime nazi"
"Q187157","témoin contemporain"
"Q46076028","victime de crime de guerre"
"Q337979","sport de puissance"
"Q133485","rabbin"
"Q918824","aumônier militaire"
"Q209572","service militaire"
"Q2159907","criminel ou criminelle"
"Q11499147","militant ou militante politique"
"Q104080200","extrémiste"
"Q15253558","militant ou militante"
"Q1184268","délinquant"
"Q897438","délinquant"
"Q122167768","radical"
"Q599151","haut fonctionnaire ou haute fonctionnaire"
"Q9794","reggae"
"Q395","mathématiques"
"Q2888028","First Order of Saint Francis"
"Q17135920","expert interdisciplinaire d'une région géographique"
"Q13418253","philologue"
"Q100253449","Southeast Asianist"
"Q1190123","gouverneur romain"
"Q212238","fonctionnaire"
"Q1414937","combattant"
"Q215627","personne"
"Q39631","médecin"
"Q12737077","activité"
"Q4164871","fonction"
"Q193391","diplomate"
"Q1162163","directeur ou directrice"
"Q11997597","représentant"
"Q110304307","œuvre d'art visuelle à deux dimensions"
"Q107435521","record"
"Q478798","image"
"Q2431196","œuvre audiovisuelle"
"Q60614978","distributeur"
"Q1331793","entreprise médiatique"
"Q10774753","performeur"
"Q10384150","transformiste"
"Q1370540","Akyn"
"Q488205","auteur-compositeur-interprète ou autrice-compositrice-interprète"
"Q1932461","migrant"
"Q15995642","chef religieux"
"Q105275968","clerc musulman"
"Q83307","ministre"
"Q1097498","dirigeant"
"Q6337803","neurobiologiste"
"Q14467526","linguiste"
"Q138858","personne du monde du divertissement"
"Q8125919","conseiller politique"
"Q158950","sous-officier"
"Q50616117","gouverneur provincial de Corée du Sud"
"Q488980","Ministry of Patriots' and Veterans' Affairs"
"Q7330070","ministre des Affaires étrangères"
"Q391009","ordre religieux catholique"
"Q16332653","phénomène météorologique"
"Q1150070","changement"
"Q1097498","dirigeant"
"Q108289363","membres des corps législatifs et cadres supérieurs de l’administration publique"
"Q1278335","instrumentiste"
"Q16258947","fonctionnaire"
"Q43035","électrotechnique"
"Q1970438","exploitant"
"Q154954","personne physique"
"Q11900058","explorateur ou exploratrice"
"Q4991371","soldat"
"Q11974939","professionnel ou professionnelle de la santé"
"Q15980804","professionnel des médias"
"Q17291399","membre d'équipe de cinéma"
"Q11631","astronaute"
"Q1104153","chanoine"
"Q215627","personne"
"Q227675","élevage sélectif des animaux"
"Q80962","élevage"
"Q901","scientifique"
"Q182436","bibliothécaire"
"Q42603","prêtre"
"Q1622272","professeur ou professeure d'université"
"Q5428874","personnel académique"
"Q1569495","chargé ou chargée de cours"
"Q83307","ministre"
"Q11042","culture"
"Q8187769","activité économique"
"Q13427002","lubie"
"Q639669","musicien ou musicienne"
"Q16335296","profession historique"
"Q2493023","vil métier"
"Q101084010","folk musician"
"Q618779","distinction"
"Q216353","titre de civilité"
"Q1441305","signe clinique"
"Q54926352","signes et symptômes digestifs"
"Q779939","expulsion"
"Q1191714","col bleu"
"Q703534","salarié"
"Q5","être humain"
"Q7140620","partisan"
"Q121122151","jewish extremist"
"Q11499147","militant ou militante politique"
"Q1371914","soliste"
"Q8242","littérature"
"Q7539371","littérature slave"
"Q18245166","étudiant de troisième cycle"
"Q381160","expert"
"Q499094","propriété personnelle"
"Q1862087","prisonnier ou prisonnière"
"Q2424752","produit"
"Q864503","biologiste"
"Q47090899","professionnel des musées"
"Q639669","musicien ou musicienne"
"Q160117","courtier"
"Q6673651","homme de lettres"
"Q3778211","personnalité juridique"
"Q108305399","painters and related workers"
"Q288728","peintre en bâtiment"
"Q1278335","instrumentiste"
"Q4351403","percussionniste"
"Q1423891","ministre du culte"
"Q99530891","archdeacon"
"Q22082749","pseudo-scientifique"
"Q25616474","musicien d'un instrument de la famille des bois"
"Q11513337","athlète"
"Q18931911","théoricien ou théoricienne"
"Q1028181","peintre"
"Q81096","ingénieur ou ingénieure"
"Q3391743","artiste visuel ou artiste visuelle"
"Q98552221","plasticien"
"Q1294787","artisan"
"Q34178","théologie"
"Q294414","fonction publique"
"Q599151","haut fonctionnaire ou haute fonctionnaire"
"Q1294787","artisan"
"Q2066131","athlète"
"Q18536342","joueur professionnel ou joueuse professionnelle"
"Q1278335","instrumentiste"
"Q2309621","Meister"
"Q1294787","artisan"
"Q82955","personnalité politique"
"Q371909","préfet"
"Q28503751","speaker"
"Q40348","avocat ou avocate"
"Q185351","juriste"
"Q42603","prêtre"
"Q3125101","tribunal de première instance"
"Q91187063","moine orthodoxe"
"Q19340487","prêtre orthodoxe"
"Q2248623","étudiant"
"Q201788","historien ou historienne"
"Q13418253","philologue"
"Q17166634","hagiographe"
"Q25616474","musicien d'un instrument de la famille des bois"
"Q1278335","instrumentiste"
"Q482980","auteur ou autrice"
"Q21185790","exégète"
"Q1479527","justice environnementale"
"Q212238","fonctionnaire"
"Q49757","poète ou poétesse"
"Q17221","porte-parole"
"Q1198887","directeur musical ou directrice musicale"
"Q355493","musicien d'église"
"Q3320743","titre honorifique"
"Q483501","artiste"
"Q2500638","créateur ou créatrice"
"Q2588761","travailleur qualifié ou travailleuse qualifiée"
"Q3630699","concepteur ou conceptrice de jeu"
"Q1424605","opérateur de marché"
"Q11499147","militant ou militante politique"
"Q121092921","extrémiste de gauche"
"Q104080200","extrémiste"
"Q13582652","ingénieur civil"
"Q4964182","philosophe"
"Q3455803","réalisateur ou réalisatrice"
"Q4660927","voice director"
"Q45199","marin"
"Q47064","militaire"
"Q202648","arbitre sportif ou arbitre sportive"
"Q29584790","Conseil de gestion"
"Q63769412","conseil"
"Q1826286","mouvement religieux"
"Q3706689","intercultural dialogue"
"Q639669","musicien ou musicienne"
"Q2914170","artiste de rue"
"Q33999","acteur ou actrice"
"Q937283","pionnier"
"Q215627","personne"
"Q108289423","sales and purchasing agents and brokers"
"Q1415187","agent économique"
"Q1686000","partie"
"Q639669","musicien ou musicienne"
"Q212238","fonctionnaire"
"Q221488","piéton"
"Q2500638","créateur ou créatrice"
"Q2462658","manager"
"Q4504549","religieux"
"Q787557","saxhorn"
"Q29881373","ensemble musical composé uniquement de chanteurs"
"Q985394","éditeur"
"Q166142","application"
"Q7128792","sport de combat"
"Q42486","lutte"
"Q173799","divertissement"
"Q639669","musicien ou musicienne"
"Q2066131","athlète"
"Q18536342","joueur professionnel ou joueuse professionnelle"
"Q2405480","acteur ou actrice de doublage"
"Q19261760","profession agricole"
"Q108290536","field crop and vegetable growers"
"Q43845","personnalité du monde des affaires"
"Q706601","personnes déplacées"
"Q11625076","hanshi"
"Q3332438","médecin spécialiste"
"Q108286992","business and administration professionals"
"Q15903946","jiangjun"
"Q2285706","chef de gouvernement"
"Q1251441","responsable"
"Q499134","copiste"
"Q2024200","télégraphiste"
"Q2085381","maison d'édition"
"Q19914236","maraîcher"
"Q14085739","voile"
"Q1097498","dirigeant"
"Q2462658","manager"
"Q943995","impresario"
"Q1731155","orientaliste"
"Q2066131","athlète"
"Q18536342","joueur professionnel ou joueuse professionnelle"
"Q4175034","législateur ou législatrice"
"Q17279032","charge élective"
"Q215627","personne"
"Q28640","profession"
"Q41583","entraîneur sportif"
"Q1930187","journaliste"
"Q50995749","personnalité liée au sport"
"Q6051619","publiciste"
"Q9394993","patineur ou patineuse sur glace"
"Q1278335","instrumentiste"
"Q193432","fan"
"Q242468","tailleur ou tailleuse"
"Q5322166","designer"
"Q124734","rébellion"
"Q13420330","prestataire"
"Q151197","ingénieur militaire"
"Q1416259","psychothérapie corporelle"
"Q838202","expressive therapy"
"Q165029","électricien"
"Q108290640","pelt dressers, tanners and fellmongers"
"Q365461","tanneur"
"Q81096","ingénieur ou ingénieure"
"Q2588761","travailleur qualifié ou travailleuse qualifiée"
"Q108289382","electrotechnology engineers"
"Q5352191","technicien ou technicienne"
"Q1278335","instrumentiste"
"Q33999","acteur ou actrice"
"Q5352191","technicien ou technicienne"
"Q16688120","crime against life"
"Q149086","homicide"
"Q855919","mort non naturelle"
"Q83267","crime"
"Q1689296","calamité"
"Q327055","travailleur ou travailleuse"
"Q337902","notation navale"
"Q226008","idole japonaise"
"Q3286043","mannequin de charme"
"Q2732142","statisticien ou statisticienne"
"Q15319501","chercheur ou chercheuse en sciences sociales"
"Q12771457","methodologist"
"Q12271","architecture"
"Q2133309","décorateur d'intérieur"
"Q2994387","conseiller ou conseillère"
"Q5164608","consultor"
"Q2798820","pirate en sécurité informatique"
"Q1938980","contrevenant ou contrevenante"
"Q1368409","éleveur"
"Q15995642","chef religieux"
"Q586277","degré"
"Q41583","entraîneur sportif"
"Q11569986","graveur ou graveuse d'estampes"
"Q311396","gardien de prison"
"Q115472199","warden"
"Q7623231","homme ou femme forte"
"Q11513337","athlète"
"Q2730732","cavalier"
"Q16947675","gymnaste"
"Q11513337","athlète"
"Q12803959","coureur à pied"
"Q2066131","athlète"
"Q11513337","athlète"
"Q202648","arbitre sportif ou arbitre sportive"
"Q2066131","athlète"
"Q4439155","coureur de fond"
"Q2066131","athlète"
"Q2066131","athlète"
"Q18536342","joueur professionnel ou joueuse professionnelle"
"Q2066131","athlète"
"Q2066131","athlète"
"Q26270618","avironneur"
"Q2066131","athlète"
"Q2891167","batelier"
"Q113510260","skieur ou skieuse nordique"
"Q113510260","skieur ou skieuse nordique"
"Q113510260","skieur ou skieuse nordique"
"Q11900058","explorateur ou exploratrice"
"Q901402","géographe"
"Q20965770","pratiquant de sports d'hiver"
"Q20965770","pratiquant de sports d'hiver"
"Q4991371","soldat"
"Q20965770","pratiquant de sports d'hiver"
"Q2066131","athlète"
"Q18536342","joueur professionnel ou joueuse professionnelle"
"Q28640","profession"
"Q49757","poète ou poétesse"
"Q177220","chanteur ou chanteuse"
"Q753110","auteur-compositeur ou autrice-compositrice"
"Q40348","avocat ou avocate"
"Q4991371","soldat"
"Q2072298","recruteur"
"Q517596","mécanisme"
"Q43845","personnalité du monde des affaires"
"Q5978719","Diplom"
"Q811122","travailleur de la construction"
"Q2462658","manager"
"Q81096","ingénieur ou ingénieure"
"Q42973","architecte"
"Q76771889","maître"
"Q42603","prêtre"
"Q3409375","prêtre anglican"
"Q2066131","athlète"
"Q18536342","joueur professionnel ou joueuse professionnelle"
"Q2066131","athlète"
"Q18536342","joueur professionnel ou joueuse professionnelle"
"Q520549","géologue"
"Q15401884","chercheur médical"
"Q16727193","scientifique de l'esprit"
"Q974144","éducateur ou éducatrice"
"Q381160","expert"
"Q108290300","agricultural and forestry production managers"
"Q55982999","pastoralist"
"Q84271380","livestock farmer"
"Q753110","auteur-compositeur ou autrice-compositrice"
"Q24262594","écrivain religieux"
"Q49757","poète ou poétesse"
"Q822146","parolier ou parolière"
"Q3779582","microbiologiste"
"Q3368718","pathologiste"
"Q38142","samouraï"
"Q486839","parlementaire"
"Q160117","courtier"
"Q1650915","chercheur ou chercheuse"
"Q245068","humoriste"
"Q2066131","athlète"
"Q11513337","athlète"
"Q54128","domestique"
"Q19631939","court rank"
"Q138858","personne du monde du divertissement"
"Q27978698","lutteur"
"Q306093","exploitation minière"
"Q10843872","procédé"
"Q12089268","extraction de pétrole brut et de gaz naturel"
"Q43115","saint ou sainte"
"Q6430706","critique"
"Q20669622","journaliste musical"
"Q201788","historien ou historienne"
"Q110042402","ancient Near Eastern scholar"
"Q15936497","africaniste"
"Q3621491","archéologue"
"Q83307","ministre"
"Q681842","emergency services personnel"
"Q2551394","société de secours en mer"
"Q7574898","organisme spécialisé chargé de l'application de la loi"
"Q781132","arme"
"Q189290","officier"
"Q548320","frère"
"Q733786","moine ou moniale"
"Q16824629","brother"
"Q599151","haut fonctionnaire ou haute fonctionnaire"
"Q16474031","président de tribunal"
"Q2066131","athlète"
"Q201788","historien ou historienne"
"Q17167049","spécialiste de la littérature"
"Q2066131","athlète"
"Q81096","ingénieur ou ingénieure"
"Q108289381","engineering professionals (excluding electrotechnology)"
"Q2500638","créateur ou créatrice"
"Q16961937","modérateur ou modératrice de débat"
"Q55071047","auxiliaire de santé"
"Q1575252","Handwerkschirurg"
"Q186360","infirmière ou infirmier"
"Q30185","maire"
"Q2285706","chef de gouvernement"
"Q23833126","ministre-président"
"Q110038490","modern philologist"
"Q81752537","professorat"
"Q3332438","médecin spécialiste"
"Q17291399","membre d'équipe de cinéma"
"Q3523102","source d'information"
"Q24760463","confidente"
"Q99247352","exécutif d'une commune polonaise"
"Q1250916","guerrier"
"Q2730732","cavalier"
"Q1714828","chasseur ou chasseresse"
"Q4129937","sexton"
"Q2986228","commentateur sportif"
"Q116763437","person associated with football"
"Q19261760","profession agricole"
"Q177220","chanteur ou chanteuse"
"Q639669","musicien ou musicienne"
"Q675316","héritier"
"Q755070","narrateur"
"Q15319501","chercheur ou chercheuse en sciences sociales"
"Q4773904","anthropologue"
"Q1294787","artisan"
"Q2588761","travailleur qualifié ou travailleuse qualifiée"
"Q639669","musicien ou musicienne"
"Q1165112","singleton"
"Q15980804","professionnel des médias"
"Q11513337","athlète"
"Q1364673","indicateur"
"Q53829839","soprano d'enfant"
"Q17172850","voix"
"Q7406919","service"
"Q81096","ingénieur ou ingénieure"
"Q189290","officier"
"Q938236","panel"
"Q11513337","athlète"
"Q11513337","athlète"
"Q11513337","athlète"
"Q17221","porte-parole"
"Q713200","artiste interprète"
"Q544178","attaché"
"Q1257466","avocat spécialisé"
"Q1257466","avocat spécialisé"
"Q1257466","avocat spécialisé"
"Q1257466","avocat spécialisé"
"Q82594","informaticien ou informaticienne"
"Q215627","personne"
"Q215627","personne"
"Q108290738","lifting truck operator"
"Q37226","enseignant ou enseignante"
"Q7063944","cheminot"
"Q43683884","transport clerk"
"Q902378","sport équestre"
"Q2304859","souverain"
"Q186360","infirmière ou infirmier"
"Q2462658","manager"
"Q172331","liturgie"
"Q15407657","laïcat"
"Q212238","fonctionnaire"
"Q57735705","personnalité liée au droit"
"Q11499147","militant ou militante politique"
"Q1125062","rebelle"
"Q42603","prêtre"
"Q16631188","fonction militaire"
"Q132050","gouverneur"
"Q695521","chasseur professionnel"
"Q189290","officier"
"Q1251441","responsable"
"Q1622272","professeur ou professeure d'université"
"Q46961","gangster"
"Q4164871","fonction"
"Q9200127","membre"
"Q212624","légat"
"Q25713832","dirigeant ou dirigeante"
"Q13415036","joueur de rugby"
"Q1097498","dirigeant"
"Q16744001","noble"
"Q1549283","propriétaire terrien"
"Q189459","ouléma"
"Q185351","juriste"
"Q18244","fürst"
"Q136822","enseignement supérieur"
"Q189533","grade universitaire"
"Q12902372","flûtiste"
"Q639669","musicien ou musicienne"
"Q121998","ambassadeur ou ambassadrice"
"Q2066131","athlète"
"Q18536342","joueur professionnel ou joueuse professionnelle"
"Q193432","fan"
"Q108290602","print finishing and binding workers"
"Q1184268","délinquant"
"Q17379560","transformiste"
"Q5179781","vacher"
"Q12184432","verrier"
"Q483501","artiste"
"Q2526255","réalisateur ou réalisatrice"
"Q3391743","artiste visuel ou artiste visuelle"
"Q215627","personne"
"Q36834","compositeur ou compositrice"
"Q34388953","film people"
"Q24229398","agent"
"Q12569864","entité économique"
"Q2526255","réalisateur ou réalisatrice"
"Q20481199","coordinateur"
"Q1970438","exploitant"
"Q33999","acteur ou actrice"
"Q215627","personne"
"Q1979607","financier"
"Q485178","analyste"
"Q108286983","métier de la finance"
"Q108290441","office supervisors"
"Q703534","salarié"
"Q7019111","travailleur social"
"Q8434","éducation"
"Q975085","école primaire"
"Q29182","évêque"
"Q88206817","responsable marketing"
"Q183888","développeur ou développeuse"
"Q170774","miracle"
"Q1581290","guérison"
"Q73470155","thérapie spirituelle"
"Q2728698","croyance religieuse"
"Q131524","entrepreneur ou entrepreneuse"
"Q212238","fonctionnaire"
"Q14212","Premier ou Première ministre"
"Q1544356","grands officiers d'État"
"Q2285706","chef de gouvernement"
"Q83307","ministre"
"Q895526","organe"
"Q7330070","ministre des Affaires étrangères"
"Q736559","secrétaire d'État"
"Q786820","constructeur automobile"
"Q844586","gentry"
"Q105200223","clerc chrétien"
"Q3315492","ministère ecclésiastique"
"Q48282","étudiant ou étudiante"
"Q215536","commerçant"
"Q3704253","trader"
"Q165029","électricien"
"Q12834857","entraînement en force"
"Q294414","fonction publique"
"Q4201315","agent étranger"
"Q13747838","traître"
"Q63307578","colonialist"
"Q15710804","structure artificielle"
"Q1076486","installation sportive"
"Q1493881","guarantor"
"Q28640","profession"
"Q40348","avocat ou avocate"
"Q381160","expert"
"Q1020621","technicien de théâtre"
"Q327029","mécanicien"
"Q15995642","chef religieux"
"Q2034021","couturier ou couturière"
"Q242468","tailleur ou tailleuse"
"Q4504549","religieux"
"Q15243077","ordres mineurs"
"Q1055894","député"
"Q1410563","garde des Sceaux"
"Q4459228","production de biens et de services"
"Q978044","cadre dirigeant ou cadre dirigeante"
"Q2462658","manager"
"Q806798","banquier"
"Q7231725","gérant de portefeuille"
"Q599151","haut fonctionnaire ou haute fonctionnaire"
"Q16279992","mate"
"Q13415036","joueur de rugby"
"Q208165","collectionnisme"
"Q11569986","graveur ou graveuse d'estampes"
"Q15977971","travailleur du bois"
"Q33231","photographe"
"Q1955150","fabricant d'instruments de musique"
"Q2031939","orthoprothésiste"
"Q5259404","profession paramédicale du secteur dentaire"
"Q42603","prêtre"
"Q705908","agent commercial"
"Q36180","écrivain ou écrivaine"
"Q96045115","concepteur-rédacteur"
"Q13418253","philologue"
"Q56027890","political staffer"
"Q1622925","court appointment"
"Q12737077","activité"
"Q188844","bénévolat"
"Q7406919","service"
"Q1250916","guerrier"
"Q4991371","soldat"
"Q24716636","bénévole"
"Q54128","domestique"
"Q108290755","livestock farm labourers"
"Q11710359","hydrobiologiste"
"Q212071","recteur ou rectrice"
"Q901","scientifique"
"Q170790","mathématicien ou mathématicienne"
"Q4964182","philosophe"
"Q15416","programme télévisé"
"Q844586","gentry"
"Q37226","enseignant ou enseignante"
"Q11513337","athlète"
"Q4991371","soldat"
"Q194199","dragon"
"Q486839","parlementaire"
"Q106079967","member of United States state lower house"
"Q683754","dessinateur industriel ou dessinatrice industrielle"
"Q1162163","directeur ou directrice"
"Q7748","droit"
"Q2588761","travailleur qualifié ou travailleuse qualifiée"
"Q294414","fonction publique"
"Q250867","prêtre catholique"
"Q104050289","prêtre occidental"
"Q105200154","clerc catholique romain"
"Q7361618","Roman Catholic"
"Q4164871","fonction"
"Q215627","personne"
"Q1251441","responsable"
"Q108326249","heavy truck and lorry drivers"
"Q1250916","guerrier"
"Q1183543","dispositif"
"Q1544018","tuner"
"Q28923","diagramme"
"Q3427422","représentation graphique de données statistiques"
"Q854997","moine bouddhiste"
"Q7970798","moine guerrier"
"Q3243461","collectionneur ou collectionneuse"
"Q27214348","inspecteur"
"Q4175034","législateur ou législatrice"
"Q191808","religieuse"
"Q11499147","militant ou militante politique"
"Q30185","maire"
"Q212238","fonctionnaire"
"Q40348","avocat ou avocate"
"Q628099","entraîneur ou entraîneuse de football"
"Q1969425","entraîneur d'équipe nationale"
"Q1039099","guide culturel"
"Q22923679","conservation officer"
"Q4667873","prisonnier d'opinion"
"Q126214","refuznik"
"Q50326480","activiste sioniste"
"Q5352191","technicien ou technicienne"
"Q12376667","technologue"
"Q23835475","assistant"
"Q12794619","propriétaire de biens"
"Q108290300","agricultural and forestry production managers"
"Q95074","personnage de fiction"
"Q81729632","musicien ou musicienne de musique classique"
"Q179875","débat"
"Q185351","juriste"
"Q96694579","chercheur en relations internationales"
"Q82594","informaticien ou informaticienne"
"Q5","être humain"
"Q650031","nerd"
"Q243697","Geek"
"Q652812","autorité portuaire"
"Q169470","physicien ou physicienne"
"Q864503","biologiste"
"Q193391","diplomate"
"Q16727193","scientifique de l'esprit"
"Q852857","travailleur ou travailleuse du sexe"
"Q5","être humain"
"Q201788","historien ou historienne"
"Q12142141","activité politique"
"Q639669","musicien ou musicienne"
"Q2914170","artiste de rue"
"Q13015400","naval personnel"
"Q45199","marin"
"Q215627","personne"
"Q6430706","critique"
"Q11500768","auteur ou autrice culinaire"
"Q11629","peinture"
"Q55071047","auxiliaire de santé"
"Q681842","emergency services personnel"
"Q16314361","lexicologue"
"Q63187345","occupation religieuse"
"Q1657500","aumônier"
"Q208762","chapelain"
"Q42603","prêtre"
"Q61022630","officer"
"Q4164871","fonction"
"Q82955","personnalité politique"
"Q3743137","gestion des ressources naturelles"
"Q1072363","directeur ou directrice"
"Q978044","cadre dirigeant ou cadre dirigeante"
"Q42603","prêtre"
"Q4164871","fonction"
"Q1416611","maître de poste"
"Q3368517","procureur général"
"Q2994387","conseiller ou conseillère"
"Q41583","entraîneur sportif"
"Q19397650","road worker"
"Q109983547","road maintenance worker"
"Q4358176","commission"
"Q185351","juriste"
"Q16631188","fonction militaire"
"Q6484023","agent des terres"
"Q4991371","soldat"
"Q2500638","créateur ou créatrice"
"Q808967","barrister"
"Q11033","médias de masse"
"Q1474334","service de radiocommunication"
"Q29584328","activités de programmation et de diffusion"
"Q112116869","dissemination"
"Q11492876","information and communication industry"
"Q215536","commerçant"
"Q1308239","acheteur"
"Q1762621","fournisseur"
"Q786820","constructeur automobile"
"Q1714828","chasseur ou chasseresse"
"Q10694573","artiste textile"
"Q28966333","needleworker"
"Q3374326","peintre muraliste"
"Q2914170","artiste de rue"
"Q3391743","artiste visuel ou artiste visuelle"
"Q27105472","déménageur ou déménageuse"
"Q2478141","aristocrate"
"Q833418","charron"
"Q708492","conseiller municipal"
"Q2066131","athlète"
"Q18536342","joueur professionnel ou joueuse professionnelle"
"Q2309784","cycliste"
"Q2309784","cycliste"
"Q81096","ingénieur ou ingénieure"
"Q47064","militaire"
"Q2868277","associé"
"Q9200127","membre"
"Q4164871","fonction"
"Q593644","chimiste"
"Q169470","physicien ou physicienne"
"Q13416354","minéralogiste"
"Q901","scientifique"
"Q5780518","communicateur"
"Q202471","rapporteur"
"Q12716225","contre-révolutionnaire"
"Q12737077","activité"
"Q1419997","responsable événementiel"
"Q13381863","escrimeur"
"Q192350","ministère"
"Q4504549","religieux"
"Q352507","pasteur"
"Q467","femme"
"Q15978876","état de sainteté"
"Q713200","artiste interprète"
"Q185351","juriste"
"Q11997597","représentant"
"Q108290642","shoemakers and related workers"
"Q27943370","personnalité du monde de la mode"
"Q16402902","maroquinier"
"Q5410500","foi"
"Q1368409","éleveur"
"Q12059906","gardien de troupeau"
"Q3778211","personnalité juridique"
"Q24229398","agent"
"Q215627","personne"
"Q84505214","spécialiste de l'Asie de l'Est"
"Q1331793","entreprise médiatique"
"Q18246606","éparque"
"Q105275800","clerc orthodoxe"
"Q97378570","chrétien orthodoxe"
"Q213441","magasin"
"Q24229398","agent"
"Q83460","général"
"Q6451216","three-star rank"
"Q83460","général"
"Q18536342","joueur professionnel ou joueuse professionnelle"
"Q3391743","artiste visuel ou artiste visuelle"
"Q1028181","peintre"
"Q15296811","dessinateur ou dessinatrice"
"Q7541856","céramiste"
"Q1294787","artisan"
"Q15301511","peintre de vases"
"Q15301511","peintre de vases"
"Q2066131","athlète"
"Q663272","expert judiciaire"
"Q901","scientifique"
"Q48282","étudiant ou étudiante"
"Q48942","élève"
"Q5322166","designer"
"Q2815948","architecte paysagiste"
"Q33394058","travailleur manuel"
"Q54967928","freight handler"
"Q1259323","chef de tribu"
"Q20650523","brigand"
"Q208217","science de la littérature"
"Q1294787","artisan"
"Q901","scientifique"
"Q1650915","chercheur ou chercheuse"
"Q54128","domestique"
"Q6581072","féminin"
"Q974144","éducateur ou éducatrice"
"Q108289425","administrative and specialized secretaries"
"Q5322166","designer"
"Q482980","auteur ou autrice"
"Q3630699","concepteur ou conceptrice de jeu"
"Q16390131","cryptologue"
"Q3640160","biologiste marin"
"Q16831394","mammalogiste"
"Q15977971","travailleur du bois"
"Q2588761","travailleur qualifié ou travailleuse qualifiée"
"Q811122","travailleur de la construction"
"Q12049274","détaillant"
"Q57262082","food trade"
"Q201788","historien ou historienne"
"Q19829999","culturologue"
"Q3274496","machiniste"
"Q4887411","bienfaiteur ou bienfaitrice"
"Q516590","patron"
"Q189010","notaire"
"Q7663860","architecte systèmes"
"Q1572123","ingénieur système"
"Q66495020","propriétaire terrien"
"Q43292","sultan"
"Q48352","chef d'État"
"Q1162163","directeur ou directrice"
"Q838566","forgeron ou forgeronne"
"Q1294787","artisan"
"Q3606537","repairperson"
"Q11124885","pratiquant d'arts martiaux"
"Q462390","maître ou maîtresse de conférences"
"Q1622272","professeur ou professeure d'université"
"Q1251441","responsable"
"Q82955","personnalité politique"
"Q428148","régulation"
"Q895526","organe"
"Q11578774","émission"
"Q11033","médias de masse"
"Q110879422","œuvre audio"
"Q119649004","аудио-трансляция"
"Q12328016","mystique"
"Q12797895","occultiste"
"Q5758653","enseignant ou enseignante du secondaire"
"Q524778","commissaire"
"Q16334295","groupe d'humains"
"Q10366773","sacerdoce"
"Q214339","rôle social"
"Q816432","chef de projet"
"Q1658894","illusionniste"
"Q254508","hors-la-loi"
"Q11424604","géoscientifique"
"Q11499147","militant ou militante politique"
"Q8359428","militant social"
"Q486839","parlementaire"
"Q4964182","philosophe"
"Q201788","historien ou historienne"
"Q3779582","microbiologiste"
"Q783906","neurologue"
"Q3332438","médecin spécialiste"
"Q1919436","pédiatre"
"Q2309900","timonier"
"Q957729","reporter-photographe"
"Q811459","conducteur de travaux"
"Q1456832","infraction"
"Q160128","trahison"
"Q733786","moine ou moniale"
"Q70901436","clergé bouddhiste"
"Q15980158","auteur ou autrice de non-fiction"
"Q1294787","artisan"
"Q3972943","édition"
"Q105044823","éditeur"
"Q131512","agriculteur ou agricultrice"
"Q1622272","professeur ou professeure d'université"
"Q5428874","personnel académique"
"Q7810129","titre d'autorité"
"Q37226","enseignant ou enseignante"
"Q29645880","ambassadeur d'un pays"
"Q740369","légat pontifical"
"Q4610556","mannequin"
"Q864503","biologiste"
"Q170790","mathématicien ou mathématicienne"
"Q5157338","scientifique numéricien"
"Q20965770","pratiquant de sports d'hiver"
"Q117846460","administrator"
"Q23038345","wikipédien"
"Q83460","général"
"Q155076","personne morale"
"Q106559804","personne ou organisation"
"Q87714331","hospitality worker"
"Q108289643","waiters and bartenders"
"Q81096","ingénieur ou ingénieure"
"Q5322166","designer"
"Q108290289","cadres supérieurs de l’administration publique"
"Q4164871","fonction"
"Q16533","juge"
"Q599151","haut fonctionnaire ou haute fonctionnaire"
"Q4594605","magistrat ou magistrate"
"Q482980","auteur ou autrice"
"Q16533","juge"
"Q95074","personnage de fiction"
"Q2700922","horloger"
"Q209726","marquis"
"Q1292119","style"
"Q5322166","designer"
"Q189290","officier"
"Q1930187","journaliste"
"Q3330547","chroniqueur"
"Q3779582","microbiologiste"
"Q140686","président ou présidente"
"Q63858690","supervisory board member"
"Q108290635","garment and related patternmakers and cutters"
"Q3126128","généticien ou généticienne"
"Q6337803","neurobiologiste"
"Q5352191","technicien ou technicienne"
"Q115484611","musique"
"Q173799","divertissement"
"Q901","scientifique"
"Q864503","biologiste"
"Q864503","biologiste"
"Q864503","biologiste"
"Q3126128","généticien ou généticienne"
"Q864503","biologiste"
"Q783906","neurologue"
"Q3368718","pathologiste"
"Q28640","profession"
"Q12737077","activité"
"Q108504472","Fachangestellter"
"Q713200","artiste interprète"
"Q1658894","illusionniste"
"Q108289408","artistes créateurs ou créatrices et exécutants ou exécutantes"
"Q37226","enseignant ou enseignante"
"Q170790","mathématicien ou mathématicienne"
"Q931260","meurtrier ou meurtrière"
"Q639669","musicien ou musicienne"
"Q1198887","directeur musical ou directrice musicale"
"Q713200","artiste interprète"
"Q183816","maîtrise"
"Q47064","militaire"
"Q4539","coopérative"
"Q5352191","technicien ou technicienne"
"Q212238","fonctionnaire"
"Q15986539","officiel du sport"
"Q73145133","personnalité du jeu d'échecs"
"Q40348","avocat ou avocate"
"Q1144278","évêque diocésain"
"Q102039658","évêque catholique romain"
"Q1638918","ordinaire"
"Q22881","prince-évêque"
"Q13426709","suffragant"
"Q5322166","designer"
"Q1162163","directeur ou directrice"
"Q3332438","médecin spécialiste"
"Q2487799","mycologue"
"Q1930187","journaliste"
"Q30093123","enquêteur"
"Q3914","école"
"Q17135920","expert interdisciplinaire d'une région géographique"
"Q1086863","chroniqueur ou chroniqueuse"
"Q13219447","journaliste sportif ou journaliste sportive"
"Q36180","écrivain ou écrivaine"
"Q12797895","occultiste"
"Q7140620","partisan"
"Q28528178","raciste"
"Q1498321","contraire"
"Q201788","historien ou historienne"
"Q17135920","expert interdisciplinaire d'une région géographique"
"Q212071","recteur ou rectrice"
"Q18931911","théoricien ou théoricienne"
"Q15980158","auteur ou autrice de non-fiction"
"Q15980804","professionnel des médias"
"Q18931911","théoricien ou théoricienne"
"Q17167049","spécialiste de la littérature"
"Q1125062","rebelle"
"Q2159907","criminel ou criminelle"
"Q177220","chanteur ou chanteuse"
"Q7569","enfant"
"Q2066131","athlète"
"Q599151","haut fonctionnaire ou haute fonctionnaire"
"Q1930187","journaliste"
"Q1731155","orientaliste"
"Q15936497","africaniste"
"Q82594","informaticien ou informaticienne"
"Q14565186","chercheur ou chercheuse en sciences cognitives"
"Q15976092","chercheur ou chercheuse en intelligence artificielle"
"Q14467526","linguiste"
"Q14467526","linguiste"
"Q17135920","expert interdisciplinaire d'une région géographique"
"Q110038490","modern philologist"
"Q15976717","sociolinguiste"
"Q14467526","linguiste"
"Q2306091","sociologue"
"Q483501","artiste"
"Q37226","enseignant ou enseignante"
"Q1294787","artisan"
"Q22082717","eugéniste"
"Q6430706","critique"
"Q255274","col blanc"
"Q36180","écrivain ou écrivaine"
"Q695829","promotion immobilière"
"Q1294787","artisan"
"Q1191714","col bleu"
"Q1021386","militant des droits civiques"
"Q1642960","polémiste"
"Q702269","professionnel ou professionnelle"
"Q1639378","système social"
"Q639669","musicien ou musicienne"
"Q3778211","personnalité juridique"
"Q4830453","firme"
"Q2066131","athlète"
"Q12859263","orateur ou oratrice"
"Q4991371","soldat"
"Q3621491","archéologue"
"Q2468727","érudit classique"
"Q1792450","historien ou historienne de l'art"
"Q16063546","historien ou historienne des sciences"
"Q18533509","rédacteur d'ouvrages de médecine"
"Q26481809","dirigeant sportif"
"Q2588761","travailleur qualifié ou travailleuse qualifiée"
"Q108290465","sports coaches, instructors and officials"
"Q1930187","journaliste"
"Q28640","profession"
"Q108289030","spécialistes de la justice, des sciences sociales et de la culture"
"Q57735705","personnalité liée au droit"
"Q14467526","linguiste"
"Q18524037","indianiste"
"Q84505214","spécialiste de l'Asie de l'Est"
"Q1139055","receveur des finances"
"Q106753996","receveur général"
"Q18931911","théoricien ou théoricienne"
"Q15958642","écrivain ou écrivaine politique"
"Q18930007","philosophe politique"
"Q25713832","dirigeant ou dirigeante"
"Q110007257","livestock worker"
"Q1368409","éleveur"
"Q8011071","dresseur"
"Q30185","maire"
"Q140686","président ou présidente"
"Q48942","élève"
"Q48282","étudiant ou étudiante"
"Q4964182","philosophe"
"Q48942","élève"
"Q48282","étudiant ou étudiante"
"Q25616474","musicien d'un instrument de la famille des bois"
"Q2066131","athlète"
"Q16004431","plongeur"
"Q2066131","athlète"
"Q2891167","batelier"
"Q12797895","occultiste"
"Q4594605","magistrat ou magistrate"
"Q177529","bourgmestre"
"Q600751","procureur ou procureure"
"Q16009129","magistrat"
"Q713200","artiste interprète"
"Q3349700","officier de la Marine française"
"Q43845","personnalité du monde des affaires"
"Q185351","juriste"
"Q20826540","érudit"
"Q108290615","bakers, pastry-cooks and confectionery makers"
"Q16004431","plongeur"
"Q1797362","ingénierie côtière"
"Q81096","ingénieur ou ingénieure"
"Q1895303","forestier ou forestière"
"Q43845","personnalité du monde des affaires"
"Q1979607","financier"
"Q557880","investisseur"
"Q713200","artiste interprète"
"Q1225491","dilettante"
"Q16861871","formation"
"Q13382608","fondeur ou fondeuse"
"Q17486376","tireur sportif"
"Q774306","chirurgien ou chirurgienne"
"Q71134636","orthopedian"
"Q14915627","musicologue"
"Q18931911","théoricien ou théoricienne"
"Q864503","biologiste"
"Q1662561","paléontologue"
"Q37226","enseignant ou enseignante"
"Q3578589","écologiste"
"Q3332438","médecin spécialiste"
"Q639669","musicien ou musicienne"
"Q37226","enseignant ou enseignante"
"Q3332438","médecin spécialiste"
"Q3368718","pathologiste"
"Q17143199","médecin légiste"
"Q864503","biologiste"
"Q201788","historien ou historienne"
"Q3745071","écrivain ou écrivaine scientifique"
"Q36180","écrivain ou écrivaine"
"Q58635633","métier des médias"
"Q19759076","general"
"Q4897084","five-star rank"
"Q9200127","membre"
"Q10669499","officier de marine"
"Q1719325","prisoner of a Nazi concentration camp"
"Q133485","rabbin"
"Q40348","avocat ou avocate"
"Q1476215","défenseur des droits de l'Homme"
"Q10659189","cambrioleur"
"Q974144","éducateur ou éducatrice"
"Q639669","musicien ou musicienne"
"Q2675537","professeur ou professeure de musique"
"Q1231865","pédagogue"
"Q102040941","évêque protestant"
"Q513760","Travail forcé sous domination nazie pendant la Seconde Guerre mondiale"
"Q1660104","société foncière"
"Q384561","top"
"Q25829748","cuivriste"
"Q625652","hetman"
"Q48352","chef d'État"
"Q483501","artiste"
"Q2532239","chanteur folk"
"Q2488257","magicien"
"Q50616117","gouverneur provincial de Corée du Sud"
"Q7406919","service"
"Q1630100","modèle"
"Q4610556","mannequin"
"Q10791","nudité"
"Q82955","personnalité politique"
"Q15978655","consultant ou consultante"
"Q1423891","ministre du culte"
"Q1183543","dispositif"
"Q811122","travailleur de la construction"
"Q5428874","personnel académique"
"Q37226","enseignant ou enseignante"
"Q21070568","humain possiblement fictif"
"Q4501412","grand-rabbin"
"Q327248","lutte populaire"
"Q758780","jardinier"
"Q2815948","architecte paysagiste"
"Q19631939","court rank"
"Q4991371","soldat"
"Q19100","capitaine"
"Q95360317","building surveyor"
"Q1955150","fabricant d'instruments de musique"
"Q36180","écrivain ou écrivaine"
"Q212238","fonctionnaire"
"Q36180","écrivain ou écrivaine"
"Q4671277","institution universitaire"
"Q955824","société savante"
"Q38723","établissement d'enseignement supérieur"
"Q3914","école"
"Q15319501","chercheur ou chercheuse en sciences sociales"
"Q1238570","politologue"
"Q2468727","érudit classique"
"Q13418253","philologue"
"Q2468727","érudit classique"
"Q14467526","linguiste"
"Q13418253","philologue"
"Q12737077","activité"
"Q864503","biologiste"
"Q18931911","théoricien ou théoricienne"
"Q1294787","artisan"
"Q105898711","zoologiste des vertébrés"
"Q108614246","zoologiste des invertébrés"
"Q864503","biologiste"
"Q3332438","médecin spécialiste"
"Q105186","pharmacien"
"Q2066131","athlète"
"Q18536342","joueur professionnel ou joueuse professionnelle"
"Q2935715","Camériste"
"Q54128","domestique"
"Q25110562","femme de chambre"
"Q833860","femme de ménage"
"Q47064","militaire"
"Q1454940","soldat volontaire"
"Q4610556","mannequin"
"Q12369333","lutteur"
"Q110038490","modern philologist"
"Q17135920","expert interdisciplinaire d'une région géographique"
"Q43845","personnalité du monde des affaires"
"Q60534774","personnel hôtelier"
"Q108289372","hotel and restaurant managers"
"Q14467526","linguiste"
"Q42603","prêtre"
"Q14467526","linguiste"
"Q15980158","auteur ou autrice de non-fiction"
"Q17135920","expert interdisciplinaire d'une région géographique"
"Q483501","artiste"
"Q11499147","militant ou militante politique"
"Q16003550","pacifiste"
"Q327055","travailleur ou travailleuse"
"Q255274","col blanc"
"Q294126","géomètre"
"Q1986550","géodésie appliquée"
"Q18915989","député"
"Q82604","design"
"Q17135920","expert interdisciplinaire d'une région géographique"
"Q4773904","anthropologue"
"Q2374149","botaniste"
"Q2374149","botaniste"
"Q39631","médecin"
"Q11424604","géoscientifique"
"Q593644","chimiste"
"Q208762","chapelain"
"Q2462658","manager"
"Q215627","personne"
"Q2393196","trait de personnalité"
"Q1607826","éditeur ou éditrice"
"Q10527030","humaniste"
"Q8011071","dresseur"
"Q831474","prêtre chrétien"
"Q4964182","philosophe"
"Q170790","mathématicien ou mathématicienne"
"Q1294787","artisan"
"Q66035178","travailleur du textile"
"Q87646528","headdress maker"
"Q3501317","modéliste"
"Q1208175","cadreur"
"Q838566","forgeron ou forgeronne"
"Q15980591","monteur d'acier"
"Q84380764","joueur de jeu de plateau"
"Q1294787","artisan"
"Q18930236","philosophe du langage"
"Q14467526","linguiste"
"Q16727193","scientifique de l'esprit"
"Q3126128","généticien ou généticienne"
"Q4915128","scientifique biomédical"
"Q17175157","bourgmestre"
"Q213441","magasin"
"Q6302990","officier judiciaire"
"Q1155838","correspondant local de presse"
"Q1930187","journaliste"
"Q42909","reporter"
"Q15980804","professionnel des médias"
"Q6430706","critique"
"Q639669","musicien ou musicienne"
"Q81096","ingénieur ou ingénieure"
"Q593644","chimiste"
"Q55631411","religieuse catholique"
"Q1776501","supérieur"
"Q191808","religieuse"
"Q1638918","ordinaire"
"Q5873","rapport sexuel"
"Q2148678","pénétration"
"Q123507833","intromission"
"Q2526135","sûreté"
"Q25713832","dirigeant ou dirigeante"
"Q16533","juge"
"Q140686","président ou présidente"
"Q16390131","cryptologue"
"Q1622272","professeur ou professeure d'université"
"Q25339110","professeur titulaire"
"Q1028181","peintre"
"Q2061186","ordre religieux"
"Q391009","ordre religieux catholique"
"Q1391083","travailleur qualifié"
"Q2588761","travailleur qualifié ou travailleuse qualifiée"
"Q3376056","Personnel de hall"
"Q66666685","universitaire"
"Q15980158","auteur ou autrice de non-fiction"
"Q13582652","ingénieur civil"
"Q116","monarque"
"Q113291098","Femmes de la noblesse"
"Q37226","enseignant ou enseignante"
"Q3479990","serrurier ou serrurière"
"Q29881694","thérapeute alternatif"
"Q11424604","géoscientifique"
"Q1162163","directeur ou directrice"
"Q613354","utilisateur ou utilisatrice"
"Q185351","juriste"
"Q15987302","profession juridique"
"Q6302990","officier judiciaire"
"Q2994387","conseiller ou conseillère"
"Q462390","maître ou maîtresse de conférences"
"Q37226","enseignant ou enseignante"
"Q16744001","noble"
"Q23540","protestantisme"
"Q1786655","Réforme radicale"
"Q12562","Réforme protestante"
"Q41176","bâtiment"
"Q37226","enseignant ou enseignante"
"Q42603","prêtre"
"Q483501","artiste"
"Q3782242","Clandestine HUMINT"
"Q83267","crime"
"Q27349","dentiste"
"Q43845","personnalité du monde des affaires"
"Q8359428","militant social"
"Q2419397","thérapeute"
"Q133163","instrument de percussion"
"Q778000","Ausbildungsberuf"
"Q327029","mécanicien"
"Q2309621","Meister"
"Q255274","col blanc"
"Q108290746","hand launderers and pressers"
"Q864503","biologiste"
"Q520549","géologue"
"Q18805","naturaliste"
"Q17488316","préhistorien"
"Q1900167","psychothérapeute"
"Q4504549","religieux"
"Q1900167","psychothérapeute"
"Q1900167","psychothérapeute"
"Q548320","frère"
"Q1097498","dirigeant"
"Q131062","urbaniste"
"Q215279","travailleur ou travailleuse indépendant"
"Q294414","fonction publique"
"Q185351","juriste"
"Q4504549","religieux"
"Q4594605","magistrat ou magistrate"
"Q81096","ingénieur ou ingénieure"
"Q901402","géographe"
"Q36442","science politique"
"Q1762091","politique internationale"
"Q26700841","scandinaviste"
"Q79913","organisation non gouvernementale"
"Q15911314","association"
"Q431603","groupe de défense d'intérêts"
"Q988108","club"
"Q215627","personne"
"Q599151","haut fonctionnaire ou haute fonctionnaire"
"Q106753996","receveur général"
"Q193432","fan"
"Q180958","faculté"
"Q49757","poète ou poétesse"
"Q12899866","famille cistercienne"
"Q116","monarque"
"Q215536","commerçant"
"Q486839","parlementaire"
"Q851436","garde du corps"
"Q19829980","scientifique des religions"
"Q20826540","érudit"
"Q215627","personne"
"Q13416354","minéralogiste"
"Q3562775","voleur"
"Q169470","physicien ou physicienne"
"Q520549","géologue"
"Q11063","astronome"
"Q7501153","commerçant"
"Q203658","chiffonnier"
"Q16743941","métaphysicien"
"Q4964182","philosophe"
"Q2478141","aristocrate"
"Q593644","chimiste"
"Q169470","physicien ou physicienne"
"Q169470","physicien ou physicienne"
"Q1900167","psychothérapeute"
"Q212980","psychologue"
"Q16746942","hypnotiseur"
"Q1900167","psychothérapeute"
"Q467","femme"
"Q18931911","théoricien ou théoricienne"
"Q22082749","pseudo-scientifique"
"Q188094","économiste"
"Q102083","chevalier"
"Q1250916","guerrier"
"Q16831394","mammalogiste"
"Q216353","titre de civilité"
"Q250867","prêtre catholique"
"Q2029179","prêtre régulier"
"Q105898711","zoologiste des vertébrés"
"Q350979","zoologiste"
"Q864503","biologiste"
"Q1731155","orientaliste"
"Q217602","analyse"
"Q15978655","consultant ou consultante"
"Q11499147","militant ou militante politique"
"Q189290","officier"
"Q55071047","auxiliaire de santé"
"Q8434","éducation"
"Q918385","entraînement"
"Q61788126","educational activity"
"Q6503343","agent de la force publique"
"Q49757","poète ou poétesse"
"Q108614246","zoologiste des invertébrés"
"Q6030589","informant"
"Q35535","police"
"Q7574898","organisme spécialisé chargé de l'application de la loi"
"Q1028181","peintre"
"Q5116158","artiste animalier"
"Q14467526","linguiste"
"Q3375719","personnage conceptuel"
"Q42857","prophète ou prophétesse"
"Q18563360","personnage coranique"
"Q60754876","grade d'un ordre"
"Q82955","personnalité politique"
"Q1400381","gouverneur militaire"
"Q4964182","philosophe"
"Q4964182","philosophe"
"Q37226","enseignant ou enseignante"
"Q3303330","calligraphe"
"Q15647248","barreur"
"Q13382576","rameur"
"Q16533","juge"
"Q255274","col blanc"
"Q2006045","oligarque"
"Q901","scientifique"
"Q1238570","politologue"
"Q108290599","pre-press technicians"
"Q2066131","athlète"
"Q1800765","réduction à l'état laïc"
"Q250867","prêtre catholique"
"Q215627","personne"
"Q5121550","érudit du judaïsme"
"Q15962340","théoricien ou théoricienne de la littérature"
"Q17136179","scientifique interdisciplinaire"
"Q11499147","militant ou militante politique"
"Q9200127","membre"
"Q1428506","aviation medical examiner"
"Q132050","gouverneur"
"Q5405633","assistant de recherche"
"Q108289416","medical and pharmaceutical technicians"
"Q152002","pasteur"
"Q185351","juriste"
"Q2873500","aventurier ou aventurière"
"Q1650915","chercheur ou chercheuse"
"Q901","scientifique"
"Q125482","imam"
"Q918824","aumônier militaire"
"Q105275968","clerc musulman"
"Q1281618","sculpteur ou sculptrice"
"Q329439","graveur ou graveuse sur métal"
"Q1251441","responsable"
"Q48282","étudiant ou étudiante"
"Q30002353","professeur de langues"
"Q1548249","architecte logiciel"
"Q1572123","ingénieur système"
"Q5157565","professionnel de l'informatique"
"Q2462658","manager"
"Q15296811","dessinateur ou dessinatrice"
"Q109517242","auteur de bande dessinée"
"Q30185","maire"
"Q708492","conseiller municipal"
"Q1930187","journaliste"
"Q578109","producteur ou productrice de télévision"
"Q2045208","célébrité d'internet"
"Q4110598","vlogueur ou vlogueuse"
"Q15980804","professionnel des médias"
"Q109459317","créateur ou créatrice de contenu"
"Q111263847","créateur ou créatrice numérique"
"Q111651501","posteur ou posteuse"
"Q118371929","vidéaste web"
"Q33394058","travailleur manuel"
"Q185351","juriste"
"Q15978655","consultant ou consultante"
"Q16727193","scientifique de l'esprit"
"Q3332438","médecin spécialiste"
"Q15941468","scientifique médico-légal"
"Q599151","haut fonctionnaire ou haute fonctionnaire"
"Q83307","ministre"
"Q688576","conseiller ou conseillère fiscale"
"Q327055","travailleur ou travailleuse"
"Q29017578","prédateur"
"Q27443","chasseur-cueilleur"
"Q17291399","membre d'équipe de cinéma"
"Q864503","biologiste"
"Q39631","médecin"
"Q57260825","craftsman"
"Q18544928","joueur de billard"
"Q864380","biographe"
"Q13418253","philologue"
"Q2920921","management"
"Q29182","évêque"
"Q112074151","head of a diocese"
"Q30185","maire"
"Q2159907","criminel ou criminelle"
"Q1862087","prisonnier ou prisonnière"
"Q177220","chanteur ou chanteuse"
"Q11997597","représentant"
"Q255274","col blanc"
"Q1823479","éclairagiste"
"Q19631939","court rank"
"Q54128","domestique"
"Q15986539","officiel du sport"
"Q5352191","technicien ou technicienne"
"Q15296811","dessinateur ou dessinatrice"
"Q842782","détective"
"Q110974141","aquatic scientist"
"Q15995642","chef religieux"
"Q845929","prétendant au trône"
"Q11424604","géoscientifique"
"Q11063","astronome"
"Q1734662","cartographe"
"Q1055894","député"
"Q10937013","Ōzumō"
"Q41583","entraîneur sportif"
"Q2628227","docteur ès sciences"
"Q308678","habilitation universitaire"
"Q2628227","docteur ès sciences"
"Q2628227","docteur ès sciences"
"Q2628227","docteur ès sciences"
"Q2628227","docteur ès sciences"
"Q1415187","agent économique"
"Q557880","investisseur"
"Q193364","vicaire"
"Q112074151","head of a diocese"
"Q45722","cardinal"
"Q1144278","évêque diocésain"
"Q215627","personne"
"Q15980804","professionnel des médias"
"Q1916611","medizinischer Sachverständiger"
"Q2066131","athlète"
"Q5263369","lieutenant du roi"
"Q3250324","adjoint"
"Q2675537","professeur ou professeure de musique"
"Q486748","pianiste"
"Q1281618","sculpteur ou sculptrice"
"Q811122","travailleur de la construction"
"Q7501153","commerçant"
"Q81096","ingénieur ou ingénieure"
"Q1996635","opticien-lunetier"
"Q1294787","artisan"
"Q15980591","monteur d'acier"
"Q713200","artiste interprète"
"Q63930359","agent de maintenance"
"Q108290805","balayeurs et manœuvres assimilés"
"Q1760141","technicien de surface"
"Q19357312","accusation"
"Q1301203","procès"
"Q212238","fonctionnaire"
"Q13418253","philologue"
"Q17135920","expert interdisciplinaire d'une région géographique"
"Q1866686","plongeur"
"Q2066131","athlète"
"Q1294787","artisan"
"Q6430706","critique"
"Q79044120","theatre maker"
"Q1791760","arts journalism"
"Q1086863","chroniqueur ou chroniqueuse"
"Q122657794","editorial writer"
"Q786820","constructeur automobile"
"Q108614246","zoologiste des invertébrés"
"Q3332438","médecin spécialiste"
"Q901402","géographe"
"Q15296811","dessinateur ou dessinatrice"
"Q96050759","personne de la presse écrite"
"Q876864","conseiller ou conseillère de rédaction"
"Q2066131","athlète"
"Q18536342","joueur professionnel ou joueuse professionnelle"
"Q685433","vendeur ou vendeuse"
"Q701632","conseil municipal"
"Q11862829","discipline académique"
"Q63187345","occupation religieuse"
"Q37226","enseignant ou enseignante"
"Q13219587","patineur ou patineuse artistique"
"Q5716684","danseur ou danseuse"
"Q15117302","volleyeur"
"Q13561328","surfeur"
"Q28640","profession"
"Q2643890","vocaliste"
"Q5","être humain"
"Q18931911","théoricien ou théoricienne"
"Q4220878","théoricien ou théoricienne du cinéma"
"Q18931911","théoricien ou théoricienne"
"Q4164507","critique d'art"
"Q17391638","théoricien ou théoricienne de l'art"
"Q10497074","ingénieur ou ingénieure en aéronautique"
"Q215536","commerçant"
"Q104099828","vendeur"
"Q2588761","travailleur qualifié ou travailleuse qualifiée"
"Q1294787","artisan"
"Q11513337","athlète"
"Q221488","piéton"
"Q18173381","office"
"Q104637332","processus planifié"
"Q105606485","intellectual activity"
"Q3249551","processus"
"Q8187769","activité économique"
"Q1900167","psychothérapeute"
"Q180516","salle"
"Q1231865","pédagogue"
"Q3406858","professionnel du cinéma"
"Q17488357","historien ou historienne des religions"
"Q1028181","peintre"
"Q1930187","journaliste"
"Q15143191","vulgarisateur ou vulgarisatrice scientifique"
"Q3745071","écrivain ou écrivaine scientifique"
"Q8473","armée"
"Q18524075","ingénieur des mines"
"Q2526255","réalisateur ou réalisatrice"
"Q3282637","producteur ou productrice de cinéma"
"Q3034376","domaine agricole"
"Q75617","petite bourgeoisie"
"Q15995642","chef religieux"
"Q358832","administrateur"
"Q177220","chanteur ou chanteuse"
"Q49757","poète ou poétesse"
"Q186370","troubadour"
"Q583271","médium"
"Q25107","pouvoir"
"Q242468","tailleur ou tailleuse"
"Q14915627","musicologue"
"Q1371378","ethnologue"
"Q12347522","ethnographe"
"Q3075052","folkloriste"
"Q201788","historien ou historienne"
"Q16063546","historien ou historienne des sciences"
"Q201788","historien ou historienne"
"Q2066131","athlète"
"Q109648129","tireur"
"Q20481199","coordinateur"
"Q201788","historien ou historienne"
"Q3621491","archéologue"
"Q201788","historien ou historienne"
"Q19829980","scientifique des religions"
"Q201788","historien ou historienne"
"Q188094","économiste"
"Q201788","historien ou historienne"
"Q1595570","historien local"
"Q201788","historien ou historienne"
"Q36180","écrivain ou écrivaine"
"Q1294787","artisan"
"Q1294787","artisan"
"Q1639825","forgeron ou forgeronne"
"Q124020978","roller athlete"
"Q1866686","plongeur"
"Q201788","historien ou historienne"
"Q201788","historien ou historienne"
"Q201788","historien ou historienne"
"Q201788","historien ou historienne"
"Q1028181","peintre"
"Q1028181","peintre"
"Q28692897","member of the Diet of Japan"
"Q16533","juge"
"Q37226","enseignant ou enseignante"
"Q1391083","travailleur qualifié"
"Q108289668","printing trades workers"
"Q20965770","pratiquant de sports d'hiver"
"Q18536342","joueur professionnel ou joueuse professionnelle"
"Q2066131","athlète"
"Q83307","ministre"
"Q2066131","athlète"
"Q18536342","joueur professionnel ou joueuse professionnelle"
"Q36180","écrivain ou écrivaine"
"Q250867","prêtre catholique"
"Q177220","chanteur ou chanteuse"
"Q3455803","réalisateur ou réalisatrice"
"Q1162163","directeur ou directrice"
"Q278368","utilisateur ou utilisatrice"
"Q16961937","modérateur ou modératrice de débat"
"Q202648","arbitre sportif ou arbitre sportive"
"Q15986539","officiel du sport"
"Q4830453","firme"
"Q83307","ministre"
"Q140686","président ou présidente"
"Q4164871","fonction"
"Q7239","organisme"
"Q31464082","source"
"Q483501","artiste"
"Q13235160","producteur"
"Q79044120","theatre maker"
"Q16267607","philologue classique"
"Q33394058","travailleur manuel"
"Q17173061","métiers du nettoyage"
"Q7603534","sénateur d'État"
"Q37226","enseignant ou enseignante"
"Q20155512","associate director"
"Q2588761","travailleur qualifié ou travailleuse qualifiée"
"Q2066131","athlète"
"Q18536342","joueur professionnel ou joueuse professionnelle"
"Q2961975","chef ou cheffe d'entreprise"
"Q26837361","propriétaire d'équipe sportive"
"Q16533","juge"
"Q212238","fonctionnaire"
"Q40348","avocat ou avocate"
"Q2066131","athlète"
"Q18536342","joueur professionnel ou joueuse professionnelle"
"Q3368517","procureur général"
"Q4830453","firme"
"Q486839","parlementaire"
"Q47740","musulman ou musulmane"
"Q432386","prédicateur"
"Q42857","prophète ou prophétesse"
"Q99547053","maritime occupation"
"Q4164871","fonction"
"Q2066131","athlète"
"Q18536342","joueur professionnel ou joueuse professionnelle"
"Q71472040","journaliste free-lance"
"Q16533","juge"
"Q2643890","vocaliste"
"Q639669","musicien ou musicienne"
"Q108289408","artistes créateurs ou créatrices et exécutants ou exécutantes"
"Q30185","maire"
"Q5096992","Chief magistrate"
"Q4504549","religieux"
"Q1638918","ordinaire"
"Q1097498","dirigeant"
"Q599151","haut fonctionnaire ou haute fonctionnaire"
"Q108290315","sports, recreation and cultural centre managers"
"Q1162163","directeur ou directrice"
"Q79044120","theatre maker"
"Q2239540","trafiquant d'êtres humains"
"Q657326","ordre"
"Q23068007","moine digambara"
"Q81096","ingénieur ou ingénieure"
"Q56296765","histoire des sciences naturelles"
"Q1221126","Dienststellung"
"Q73273453","jeune femme"
"Q512314","socialite"
"Q4991371","soldat"
"Q1125062","rebelle"
"Q901","scientifique"
"Q81096","ingénieur ou ingénieure"
"Q110002200","crop production worker"
"Q213159","archimandrite"
"Q1250916","guerrier"
"Q611644","évêque catholique"
"Q177220","chanteur ou chanteuse"
"Q106750916","concertiste"
"Q24841721","chanteur classique"
"Q486748","pianiste"
"Q16145150","professeur ou professeure de musique"
"Q11190","médecine"
"Q113129019","sciences cliniques"
"Q5179781","vacher"
"Q19631939","court rank"
"Q1622925","court appointment"
"Q352388","conducteur"
"Q63187345","occupation religieuse"
"Q208762","chapelain"
"Q131505","ésotérisme"
"Q178934","occultisme"
"Q9174","religion"
"Q16258947","fonctionnaire"
"Q1251441","responsable"
"Q4164871","fonction"
"Q681615","syndicat"
"Q157195","serveur"
"Q33417672","counter attendant"
"Q1076502","chef ou cheffe de chœur"
"Q589656","minorité sexuelle et de genre"
"Q11894636","minorité de genre"
"Q14467526","linguiste"
"Q323081","polyglotte"
"Q473972","aire protégée"
"Q1286517","espace naturel"
"Q1914636","activité"
"Q327055","travailleur ou travailleuse"
"Q201788","historien ou historienne"
"Q639669","musicien ou musicienne"
"Q39631","médecin"
"Q8441","homme"
"Q16516071","castrated creature"
"Q45722","cardinal"
"Q4164871","fonction"
"Q1340643","maître d’œuvre"
"Q47740","musulman ou musulmane"
"Q3467704","locomotion aquatique"
"Q3455803","réalisateur ou réalisatrice"
"Q15297198","système mécanique"
"Q212920","appareil ménager"
"Q61022630","officer"
"Q3250324","adjoint"
"Q131524","entrepreneur ou entrepreneuse"
"Q2732142","statisticien ou statisticienne"
"Q1000156","insurance expert"
"Q846742","histoire des religions"
"Q216545","théologie chrétienne"
"Q6502154","exploration"
"Q15706425","space research"
"Q33999","acteur ou actrice"
"Q65720209","hobbyist"
"Q1097498","dirigeant"
"Q599151","haut fonctionnaire ou haute fonctionnaire"
"Q486839","parlementaire"
"Q6500773","médecin généraliste"
"Q4164871","fonction"
"Q16533","juge"
"Q3526627","membre d'une assemblée législative d'Inde"
"Q876864","conseiller ou conseillère de rédaction"
"Q3391743","artiste visuel ou artiste visuelle"
"Q2305417","inspecteur général"
"Q23005223","composante d'un établissement d'enseignement"
"Q15253558","militant ou militante"
"Q593644","chimiste"
"Q28776412","collectionneur de livres"
"Q1162163","directeur ou directrice"
"Q1650915","chercheur ou chercheuse"
"Q1417728","nom commercial"
"Q431289","marque"
"Q66495020","propriétaire terrien"
"Q1929552","étoile"
"Q81096","ingénieur ou ingénieure"
"Q106366524","chief engineer"
"Q593644","chimiste"
"Q864503","biologiste"
"Q520549","géologue"
"Q132050","gouverneur"
"Q116","monarque"
"Q11900058","explorateur ou exploratrice"
"Q815962","colonisation"
"Q1155838","correspondant local de presse"
"Q3303330","calligraphe"
"Q2066131","athlète"
"Q27943370","personnalité du monde de la mode"
"Q1639239","chapelier"
"Q7603534","sénateur d'État"
"Q9394993","patineur ou patineuse sur glace"
"Q1130252","directeur sportif"
"Q7016454","artiste des nouveaux médias"
"Q1414443","cinéaste"
"Q14948018","musicien de rue"
"Q5322166","designer"
"Q1638918","ordinaire"
"Q5070767","chancelier"
"Q43845","personnalité du monde des affaires"
"Q215536","commerçant"
"Q169180","ombudsman"
"Q1662485","professionnel de l'information"
"Q118248036","personnel de la bibliothèque"
"Q355493","musicien d'église"
"Q639669","musicien ou musicienne"
"Q315247","étudiant ou étudiante à l'université"
"Q3332438","médecin spécialiste"
"Q29182","évêque"
"Q118108768","Eastern Christian"
"Q3391743","artiste visuel ou artiste visuelle"
"Q1028181","peintre"
"Q47541952","producteur ou productrice artistique"
"Q2462658","manager"
"Q639669","musicien ou musicienne"
"Q1278335","instrumentiste"
"Q28640","profession"
"Q40056","programme informatique"
"Q4117406","implémentation d'un langage de programmation"
"Q48352","chef d'État"
"Q8011071","dresseur"
"Q17307272","artiste de cirque"
"Q520549","géologue"
"Q17584038","média oral"
"Q1914636","activité"
"Q381160","expert"
"Q895526","organe"
"Q1709010","ingénieur logiciel"
"Q108289400","software and applications developers and analysts"
"Q1397808","résistant ou résistante"
"Q1281618","sculpteur ou sculptrice"
"Q622601","grand maître"
"Q1251441","responsable"
"Q29182","évêque"
"Q47064","militaire"
"Q1431647","ordinaire militaire"
"Q131512","agriculteur ou agricultrice"
"Q1549283","propriétaire terrien"
"Q213283","mission diplomatique"
"Q17135920","expert interdisciplinaire d'une région géographique"
"Q901402","géographe"
"Q1294787","artisan"
"Q2865798","verrier"
"Q1183704","peintre décorateur"
"Q18536342","joueur professionnel ou joueuse professionnelle"
"Q2066131","athlète"
"Q105275968","clerc musulman"
"Q71986641","Shia Muslim"
"Q302691","attaché militaire"
"Q11613014","Self-Defense Official"
"Q91143339","transportation worker"
"Q1139055","receveur des finances"
"Q132050","gouverneur"
"Q3391743","artiste visuel ou artiste visuelle"
"Q8359428","militant social"
"Q1476215","défenseur des droits de l'Homme"
"Q11513337","athlète"
"Q18515554","membre de l'Assemblée fédérale suisse"
"Q2159907","criminel ou criminelle"
"Q483501","artiste"
"Q16831394","mammalogiste"
"Q18536342","joueur professionnel ou joueuse professionnelle"
"Q20826540","érudit"
"Q215627","personne"
"Q11974939","professionnel ou professionnelle de la santé"
"Q80015","gynécologie obstétrique"
"Q7623231","homme ou femme forte"
"Q105397736","South Asianist"
"Q81096","ingénieur ou ingénieure"
"Q3745071","écrivain ou écrivaine scientifique"
"Q2378505","promoteur"
"Q11513337","athlète"
"Q702269","professionnel ou professionnelle"
"Q215627","personne"
"Q4197743","joueur ou joueuse"
"Q4964182","philosophe"
"Q18536342","joueur professionnel ou joueuse professionnelle"
"Q245068","humoriste"
"Q13590141","animateur ou animatrice"
"Q10774753","performeur"
"Q864503","biologiste"
"Q1278335","instrumentiste"
"Q13002315","personnage légendaire"
"Q3658341","personnage littéraire"
"Q2920921","management"
"Q202648","arbitre sportif ou arbitre sportive"
"Q2066131","athlète"
"Q12794619","propriétaire de biens"
"Q17573152","croyant ou croyante"
"Q21329070","scientifique des matériaux"
"Q18576582","métallurgiste"
"Q138858","personne du monde du divertissement"
"Q4610556","mannequin"
"Q5165152","compétiteur"
"Q16744001","noble"
"Q211236","célébrité"
"Q162244","héros"
"Q521","physiologie"
"Q441","botanique"
"Q2911636","chef religieux islamique"
"Q2135469","conseiller juridique"
"Q188094","économiste"
"Q1156796","officier subalterne"
"Q192581","travail"
"Q5322166","designer"
"Q3391743","artiste visuel ou artiste visuelle"
"Q111363164","body artist"
"Q2310380","fabricant de jouets"
"Q4270517","skieur ou skieuse"
"Q22947","habitant"
"Q2628882","statut légal"
"Q98544732","collectionneur scientifique"
"Q109120509","zoological collector"
"Q4991371","soldat"
"Q1075651","claviériste"
"Q1278335","instrumentiste"
"Q108290334","nursing professional"
"Q49757","poète ou poétesse"
"Q488205","auteur-compositeur-interprète ou autrice-compositrice-interprète"
"Q639669","musicien ou musicienne"
"Q177220","chanteur ou chanteuse"
"Q84505214","spécialiste de l'Asie de l'Est"
"Q1028181","peintre"
"Q3391743","artiste visuel ou artiste visuelle"
"Q170790","mathématicien ou mathématicienne"
"Q13382608","fondeur ou fondeuse"
"Q13581129","orienteur ou orienteuse"
"Q10843402","nageur ou nageuse"
"Q1666223","intermédiaire"
"Q2066131","athlète"
"Q18536342","joueur professionnel ou joueuse professionnelle"
"Q947873","animateur ou animatrice de télévision"
"Q2722764","animateur ou animatrice de radio"
"Q829064","soldat de carrière"
"Q582577","politique économique"
"Q2066131","athlète"
"Q18536342","joueur professionnel ou joueuse professionnelle"
"Q848466","coursier"
"Q703534","salarié"
"Q9394993","patineur ou patineuse sur glace"
"Q18536342","joueur professionnel ou joueuse professionnelle"
"Q15301511","peintre de vases"
"Q196939","témoin"
"Q10843402","nageur ou nageuse"
"Q6386271","expert médiatique"
"Q1278335","instrumentiste"
"Q1075651","claviériste"
"Q4351403","percussionniste"
"Q177626","migration humaine"
"Q271588","estampe"
"Q11060274","estampe"
"Q8148","industrie"
"Q144334","presse typographique"
"Q7501153","commerçant"
"Q3704253","trader"
"Q131572","réfugié"
"Q901","scientifique"
"Q15319501","chercheur ou chercheuse en sciences sociales"
"Q108289406","spécialistes des sciences sociales et du clergé"
"Q1323191","costumier ou costumière"
"Q65408013","rôliste"
"Q6430706","critique"
"Q4683453","assistante administrative"
"Q2285706","chef de gouvernement"
"Q175240","vizir"
"Q864380","biographe"
"Q10833314","joueur ou joueuse de tennis"
"Q114414171","para-athlete"
"Q108710753","speculative/fantastic fiction writer"
"Q28225718","personnalité de la science-fiction"
"Q1762165","action"
"Q11424","film"
"Q15980804","professionnel des médias"
"Q211236","célébrité"
"Q6199","anarchisme"
"Q6186","communisme"
"Q116112084","follower"
"Q5451875","gardien du feu"
"Q4504549","religieux"
"Q63974739","prêtresse romaine"
"Q3630699","concepteur ou conceptrice de jeu"
"Q84048852","être humain féminin"
"Q1196129","conjoint"
"Q11499141","political thought"
"Q105275968","clerc musulman"
"Q185351","juriste"
"Q5322166","designer"
"Q16267607","philologue classique"
"Q2066131","athlète"
"Q18536342","joueur professionnel ou joueuse professionnelle"
"Q22082749","pseudo-scientifique"
"Q2798820","pirate en sécurité informatique"
"Q47064","militaire"
"Q61022630","officer"
"Q4991371","soldat"
"Q4964182","philosophe"
"Q4964182","philosophe"
"Q4964182","philosophe"
"Q901","scientifique"
"Q3400985","universitaire"
"Q190805","cardiopathie"
"Q1441305","signe clinique"
"Q44492082","finding of cardiac rhythm"
"Q102186826","symptôme cardio-vasculaire"
"Q170790","mathématicien ou mathématicienne"
"Q11774156","mémorialiste"
"Q20778343","magistrat romain"
"Q1234713","théologien ou théologienne"
"Q185351","juriste"
"Q105275968","clerc musulman"
"Q110315045","membre d'une assemblée nobiliaire"
"Q12335817","travailleur forestier"
"Q113129019","sciences cliniques"
"Q843601","science de la santé"
"Q15686806","sénateur ou sénatrice"
"Q849424","capitaine de navire"
"Q17573152","croyant ou croyante"
"Q215627","personne"
"Q49476","archevêque"
"Q29171","infanterie"
"Q10408306","unité d'infanterie de marine"
"Q781132","arme"
"Q2419397","thérapeute"
"Q6817473","professionnel ou professionnelle de la santé mentale"
"Q211346","psychiatre"
"Q212980","psychologue"
"Q43845","personnalité du monde des affaires"
"Q10355417","publicitaire"
"Q187939","activités de fabrication"
"Q5352191","technicien ou technicienne"
"Q81096","ingénieur ou ingénieure"
"Q108289381","engineering professionals (excluding electrotechnology)"
"Q16743936","ontologiste"
"Q864503","biologiste"
"Q11974939","professionnel ou professionnelle de la santé"
"Q2399383","science technician"
"Q1156796","officier subalterne"
"Q1914636","activité"
"Q4504549","religieux"
"Q1188693","sport de l'esprit"
"Q718","échecs"
"Q1622272","professeur ou professeure d'université"
"Q483501","artiste"
"Q715301","auteur ou autrice de bande dessinée"
"Q169470","physicien ou physicienne"
"Q39631","médecin"
"Q12376667","technologue"
"Q55071047","auxiliaire de santé"
"Q912949","cavalerie légère"
"Q2085381","maison d'édition"
"Q4830453","firme"
"Q32178211","organisation musicale"
"Q4504549","religieux"
"Q69944008","religious personnel"
"Q1919436","pédiatre"
"Q3332438","médecin spécialiste"
"Q14128148","joueur de football américain ou de football canadien"
"Q165447","stylo"
"Q6430706","critique"
"Q3391743","artiste visuel ou artiste visuelle"
"Q12713481","ouvrier"
"Q108290536","field crop and vegetable growers"
"Q108289052","manœuvres de l’agriculture, de la pêche et de la sylviculture"
"Q1862087","prisonnier ou prisonnière"
"Q73168492","kidnapping victim"
"Q10436169","victime de crimes"
"Q3332438","médecin spécialiste"
"Q15924224","médecin interniste"
"Q1862087","prisonnier ou prisonnière"
"Q2628882","statut légal"
"Q758780","jardinier"
"Q24114117","joueur ou joueuse"
"Q7558519","soloist"
"Q15980804","professionnel des médias"
"Q482980","auteur ou autrice"
"Q58635633","métier des médias"
"Q108289407","authors, journalists and linguists"
"Q36180","écrivain ou écrivaine"
"Q15686806","sénateur ou sénatrice"
"Q37226","enseignant ou enseignante"
"Q28031130","chercheur invité"
"Q42603","prêtre"
"Q5989812","magistrat de la Grèce ancienne"
"Q108290289","cadres supérieurs de l’administration publique"
"Q4164871","fonction"
"Q831474","prêtre chrétien"
"Q104050279","prêtre oriental"
"Q105275800","clerc orthodoxe"
"Q97378570","chrétien orthodoxe"
"Q215627","personne"
"Q54128","domestique"
"Q838811","paysan"
"Q467","femme"
"Q215627","personne"
"Q2994387","conseiller ou conseillère"
"Q28745974","rang civil de l'Empire russe"
"Q169470","physicien ou physicienne"
"Q18931911","théoricien ou théoricienne"
"Q520549","géologue"
"Q193391","diplomate"
"Q2306091","sociologue"
"Q864503","biologiste"
"Q937857","footballeur"
"Q1731155","orientaliste"
"Q110042402","ancient Near Eastern scholar"
"Q185351","juriste"
"Q212238","fonctionnaire"
"Q186360","infirmière ou infirmier"
"Q467","femme"
"Q11900058","explorateur ou exploratrice"
"Q94296450","fabricant d'instrument à clavier"
"Q2341443","fabricant d'instruments"
"Q81096","ingénieur ou ingénieure"
"Q108289381","engineering professionals (excluding electrotechnology)"
"Q82604","design"
"Q2588761","travailleur qualifié ou travailleuse qualifiée"
"Q1294787","artisan"
"Q842782","détective"
"Q47064","militaire"
"Q16334295","groupe d'humains"
"Q2623243","modèle conceptuel"
"Q486839","parlementaire"
"Q811122","travailleur de la construction"
"Q455595","amateur"
"Q1318390","opérateur radio"
"Q12376667","technologue"
"Q1162163","directeur ou directrice"
"Q3249551","processus"
"Q1914636","activité"
"Q93479414","évêque anglican"
"Q1144278","évêque diocésain"
"Q601401","commerce"
"Q815823","modèle d'entreprise"
"Q47315","cavalerie"
"Q15983773","Infanteriste"
"Q162817","études de l'Asie de l'Est"
"Q474968","maître anonyme"
"Q4175034","législateur ou législatrice"
"Q644687","illustrateur ou illustratrice"
"Q1021386","militant des droits civiques"
"Q1476215","défenseur des droits de l'Homme"
"Q107145544","sexuality and gender-related activist"
"Q15253558","militant ou militante"
"Q110038383","Germanic philologist"
"Q23906392","nomarque"
"Q2500638","créateur ou créatrice"
"Q611644","évêque catholique"
"Q116","monarque"
"Q15995642","chef religieux"
"Q105393558","archevêque métropolitain"
"Q171692","patriarche"
"Q1144278","évêque diocésain"
"Q1638918","ordinaire"
"Q48352","chef d'État"
"Q48352","chef d'État"
"Q825","Dieu"
"Q352507","pasteur"
"Q2259451","acteur ou actrice de théâtre"
"Q3704253","trader"
"Q2341443","fabricant d'instruments"
"Q108290582","musical instrument makers and tuners"
"Q1792635","sociologie de l'art"
"Q164204","musicologie"
"Q3376056","Personnel de hall"
"Q27349","dentiste"
"Q108290350","education methods specialists"
"Q27214348","inspecteur"
"Q901","scientifique"
"Q50995749","personnalité liée au sport"
"Q639669","musicien ou musicienne"
"Q599151","haut fonctionnaire ou haute fonctionnaire"
"Q212238","fonctionnaire"
"Q189290","officier"
"Q11997597","représentant"
"Q1055894","député"
"Q22976182","journaliste de télévision"
"Q1086863","chroniqueur ou chroniqueuse"
"Q737462","candidat ès sciences"
"Q1231865","pédagogue"
"Q673566","Mujtahid"
"Q17575128","grand ayatollah"
"Q105275968","clerc musulman"
"Q1097498","dirigeant"
"Q116","monarque"
"Q16511993","reine"
"Q2478141","aristocrate"
"Q16744001","noble"
"Q2304859","souverain"
"Q82604","design"
"Q47844","architecture du paysage"
"Q33394058","travailleur manuel"
"Q1391083","travailleur qualifié"
"Q116097895","scorekeeper"
"Q4887411","bienfaiteur ou bienfaitrice"
"Q11900058","explorateur ou exploratrice"
"Q820037","mineur"
"Q215627","personne"
"Q41583","entraîneur sportif"
"Q27943370","personnalité du monde de la mode"
"Q98084799","photographe professionnel"
"Q327055","travailleur ou travailleuse"
"Q599151","haut fonctionnaire ou haute fonctionnaire"
"Q185351","juriste"
"Q30093123","enquêteur"
"Q525800","poteau"
"Q56071807","support"
"Q115246813","plucked instrument player"
"Q169470","physicien ou physicienne"
"Q5157338","scientifique numéricien"
"Q25829748","cuivriste"
"Q3892689","joueur de balle"
"Q639669","musicien ou musicienne"
"Q1622272","professeur ou professeure d'université"
"Q3140857","horticulteur"
"Q1250916","guerrier"
"Q212238","fonctionnaire"
"Q1278335","instrumentiste"
"Q6430706","critique"
"Q1259323","chef de tribu"
"Q6881511","entreprise"
"Q618536","candidate ou candidat"
"Q82955","personnalité politique"
"Q5165152","compétiteur"
"Q19772737","candidat électoral"
"Q43845","personnalité du monde des affaires"
"Q17344952","arachnologue"
"Q2309784","cycliste"
"Q4270517","skieur ou skieuse"
"Q9149093","alpiniste"
"Q47064","militaire"
"Q361593","fonctionnaire de police"
"Q15855449","prestidigitateur"
"Q1658894","illusionniste"
"Q37226","enseignant ou enseignante"
"Q15686806","sénateur ou sénatrice"
"Q182436","bibliothécaire"
"Q63970319","directeur de bibliothèque"
"Q104290473","préfet"
"Q1278335","instrumentiste"
"Q3922505","DJ producer"
"Q183945","producteur de disques"
"Q783906","neurologue"
"Q211346","psychiatre"
"Q4439155","coureur de fond"
"Q41583","entraîneur sportif"
"Q15319501","chercheur ou chercheuse en sciences sociales"
"Q17307272","artiste de cirque"
"Q17307272","artiste de cirque"
"Q11957145","acrobate"
"Q84505214","spécialiste de l'Asie de l'Est"
"Q16727193","scientifique de l'esprit"
"Q108289406","spécialistes des sciences sociales et du clergé"
"Q5121550","érudit du judaïsme"
"Q84505214","spécialiste de l'Asie de l'Est"
"Q15319501","chercheur ou chercheuse en sciences sociales"
"Q11499147","militant ou militante politique"
"Q3055126","entomologiste"
"Q482980","auteur ou autrice"
"Q14128148","joueur de football américain ou de football canadien"
"Q774306","chirurgien ou chirurgienne"
"Q3264451","cardiologue"
"Q774306","chirurgien ou chirurgienne"
"Q1919436","pédiatre"
"Q7016454","artiste des nouveaux médias"
"Q1191714","col bleu"
"Q12713481","ouvrier"
"Q8187769","activité économique"
"Q22981496","conchyliculteur"
"Q15253558","militant ou militante"
"Q15253558","militant ou militante"
"Q483501","artiste"
"Q26848923","bioingénieur ou bioingénieure"
"Q225586","danse en Inde"
"Q131512","agriculteur ou agricultrice"
"Q250867","prêtre catholique"
"Q112074151","head of a diocese"
"Q358832","administrateur"
"Q189290","officier"
"Q854997","moine bouddhiste"
"Q1162163","directeur ou directrice"
"Q25713832","dirigeant ou dirigeante"
"Q2462658","manager"
"Q12326565","ouvrier laitier"
"Q1294787","artisan"
"Q41583","entraîneur sportif"
"Q2374149","botaniste"
"Q512314","socialite"
"Q177220","chanteur ou chanteuse"
"Q753110","auteur-compositeur ou autrice-compositrice"
"Q49757","poète ou poétesse"
"Q5422651","professionnel de la vue"
"Q213441","magasin"
"Q108290424","dispensing opticians"
"Q66035178","travailleur du textile"
"Q5583669","ambassadeur de bonne volonté"
"Q1328323","fonctionnaire"
"Q733786","moine ou moniale"
"Q185351","juriste"
"Q30903","soprano"
"Q223166","contreténor"
"Q15296811","dessinateur ou dessinatrice"
"Q627325","graphiste"
"Q483501","artiste"
"Q17291399","membre d'équipe de cinéma"
"Q2462658","manager"
"Q182436","bibliothécaire"
"Q82594","informaticien ou informaticienne"
"Q6430706","critique"
"Q15296811","dessinateur ou dessinatrice"
"Q7692317","technical advisor"
"Q15978655","consultant ou consultante"
"Q56604309","personnel informatique"
"Q201788","historien ou historienne"
"Q3621491","archéologue"
"Q2419397","thérapeute"
"Q15686806","sénateur ou sénatrice"
"Q187588","classe sociale"
"Q185351","juriste"
"Q1055894","député"
"Q486839","parlementaire"
"Q106079967","member of United States state lower house"
"Q911554","magnat des affaires"
"Q13417114","maison noble"
"Q81096","ingénieur ou ingénieure"
"Q1278335","instrumentiste"
"Q39631","médecin"
"Q212238","fonctionnaire"
"Q1895303","forestier ou forestière"
"Q5887266","forestry ranger"
"Q212238","fonctionnaire"
"Q15319501","chercheur ou chercheuse en sciences sociales"
"Q600751","procureur ou procureure"
"Q212238","fonctionnaire"
"Q852857","travailleur ou travailleuse du sexe"
"Q39631","médecin"
"Q831474","prêtre chrétien"
"Q193364","vicaire"
"Q11063","astronome"
"Q1066186","histoire"
"Q309","histoire"
"Q483394","genre"
"Q1221126","Dienststellung"
"Q1162163","directeur ou directrice"
"Q1250916","guerrier"
"Q45199","marin"
"Q1673189","armée irrégulière"
"Q81096","ingénieur ou ingénieure"
"Q89000321","management scientist"
"Q16727193","scientifique de l'esprit"
"Q15976341","slaviste"
"Q4991371","soldat"
"Q201788","historien ou historienne"
"Q14915627","musicologue"
"Q1075651","claviériste"
"Q5358395","musicien électronique"
"Q19588578","musicien expérimental"
"Q39631","médecin"
"Q24229398","agent"
"Q108290486","telephone switchboard operators"
"Q39631","médecin"
"Q1723340","juge du combat"
"Q340169","média"
"Q107307154","lieu numérique"
"Q3332438","médecin spécialiste"
"Q11974939","professionnel ou professionnelle de la santé"
"Q250867","prêtre catholique"
"Q2566598","religieux catholique"
"Q373342","musique populaire"
"Q467","femme"
"Q5784340","consort"
"Q11974939","professionnel ou professionnelle de la santé"
"Q55071047","auxiliaire de santé"
"Q85861026","repenti"
"Q3985230","témoin de justice"
"Q45722","cardinal"
"Q242468","tailleur ou tailleuse"
"Q66035178","travailleur du textile"
"Q816871","travail du bois"
"Q1283504","engagement social"
"Q356139","relecteur-correcteur"
"Q1914636","activité"
"Q188844","bénévolat"
"Q11588306","services sociaux"
"Q50412353","administration"
"Q19862406","activité commerciale"
"Q200253","médecine traditionnelle chinoise"
"Q1885941","personnalité médiatique"
"Q211236","célébrité"
"Q167382","netizen"
"Q349843","profession paramédicale"
"Q1251441","responsable"
"Q3826351","référent"
"Q504514","accompagnement"
"Q155234","chiffrage de mesure"
"Q34379","instrument de musique"
"Q203764","militantisme"
"Q214339","rôle social"
"Q81096","ingénieur ou ingénieure"
"Q2500638","créateur ou créatrice"
"Q18544928","joueur de billard"
"Q47064","militaire"
"Q192581","travail"
"Q6620231","commandeur"
"Q1240788","patron"
"Q864503","biologiste"
"Q3490626","sonneur"
"Q49757","poète ou poétesse"
"Q3455803","réalisateur ou réalisatrice"
"Q178885","déité"
"Q4351808","spaceflight participant"
"Q5633897","touriste"
"Q2747456","prince"
"Q103163","abbé"
"Q114863375","prince ecclésiastique"
"Q18244","fürst"
"Q1411354","prince du Saint-Empire"
"Q1673189","armée irrégulière"
"Q4175034","législateur ou législatrice"
"Q3055126","entomologiste"
"Q10659189","cambrioleur"
"Q254508","hors-la-loi"
"Q2159907","criminel ou criminelle"
"Q50995749","personnalité liée au sport"
"Q1930187","journaliste"
"Q5352191","technicien ou technicienne"
"Q11862829","discipline académique"
"Q215627","personne"
"Q37226","enseignant ou enseignante"
"Q23835475","assistant"
"Q17176618","contrebandier"
"Q20722777","marchand d'armes"
"Q84380764","joueur de jeu de plateau"
"Q226008","idole japonaise"
"Q215536","commerçant"
"Q1900657","marketeur ou marketeuse"
"Q5467169","ressources humaines"
"Q2159907","criminel ou criminelle"
"Q11165895","Geheimer Rat"
"Q2095549","aviateur ou aviatrice"
"Q2747456","prince"
"Q2762318","héritier apparent"
"Q12773225","esclave"
"Q901222","tuteur ou tutrice"
"Q41583","entraîneur sportif"
"Q41583","entraîneur sportif"
"Q1673189","armée irrégulière"
"Q11499147","militant ou militante politique"
"Q22813352","voyageur ou voyageuse"
"Q1039099","guide culturel"
"Q108289641","travel attendants, conductors and guides"
"Q6337803","neurobiologiste"
"Q864503","biologiste"
"Q15924224","médecin interniste"
"Q6060450","parachutiste"
"Q98084799","photographe professionnel"
"Q15983985","archéologue classique"
"Q16267985","indoeuropéaniste"
"Q17488316","préhistorien"
"Q219477","missionnaire"
"Q1474521","fonction"
"Q27214348","inspecteur"
"Q4657217","conseiller"
"Q37226","enseignant ou enseignante"
"Q11124885","pratiquant d'arts martiaux"
"Q4531850","endocrinologue"
"Q169470","physicien ou physicienne"
"Q57735705","personnalité liée au droit"
"Q212238","fonctionnaire"
"Q639669","musicien ou musicienne"
"Q12794619","propriétaire de biens"
"Q2500638","créateur ou créatrice"
"Q3332438","médecin spécialiste"
"Q1278335","instrumentiste"
"Q193391","diplomate"
"Q4164871","fonction"
"Q1072363","directeur ou directrice"
"Q215536","commerçant"
"Q3542795","œnologue"
"Q47728","hobby"
"Q108634029","gathering"
"Q1501906","maître général des postes"
"Q4164871","fonction"
"Q7410456","police nationale"
"Q40634","philologie"
"Q80083","lettres"
"Q1259323","chef de tribu"
"Q201676","rite funéraire"
"Q215627","personne"
"Q1278335","instrumentiste"
"Q36180","écrivain ou écrivaine"
"Q43845","personnalité du monde des affaires"
"Q1331793","entreprise médiatique"
"Q4830453","firme"
"Q2405480","acteur ou actrice de doublage"
"Q755070","narrateur"
"Q1028181","peintre"
"Q15296811","dessinateur ou dessinatrice"
"Q843601","science de la santé"
"Q201788","historien ou historienne"
"Q2468727","érudit classique"
"Q42603","prêtre"
"Q108290376","religious professionals"
"Q1238570","politologue"
"Q8473","armée"
"Q12737077","activité"
"Q105982157","military component"
"Q32178211","organisation musicale"
"Q16334295","groupe d'humains"
"Q105815710","groupe des arts du spectacle"
"Q60557909","collectif d'auteurs"
"Q2207288","métier manuel"
"Q755070","narrateur"
"Q5","être humain"
"Q1250916","guerrier"
"Q1678054","miles christianus"
"Q16334295","groupe d'humains"
"Q18536342","joueur professionnel ou joueuse professionnelle"
"Q10843263","joueur de hockey sur gazon"
"Q83460","général"
"Q81096","ingénieur ou ingénieure"
"Q294126","géomètre"
"Q42973","architecte"
"Q2033341","cardinal-prêtre"
"Q841628","stratification sociale"
"Q23640580","conducteur de véhicule"
"Q254651","navigateur ou navigatrice"
"Q373021","aircrew member"
"Q29352392","maître spirituel"
"Q15995642","chef religieux"
"Q1221208","contrat de travail"
"Q212071","recteur ou rectrice"
"Q8175949","historien des médias"
"Q4220878","théoricien ou théoricienne du cinéma"
"Q87282152","patron de bar"
"Q2366336","seigneur"
"Q81096","ingénieur ou ingénieure"
"Q10497074","ingénieur ou ingénieure en aéronautique"
"Q40348","avocat ou avocate"
"Q131512","agriculteur ou agricultrice"
"Q15296811","dessinateur ou dessinatrice"
"Q2055046","physiologiste"
"Q3391743","artiste visuel ou artiste visuelle"
"Q844143","architecte hardware"
"Q81096","ingénieur ou ingénieure"
"Q81096","ingénieur ou ingénieure"
"Q81096","ingénieur ou ingénieure"
"Q3332438","médecin spécialiste"
"Q13638192","obstétricien ou obstétricienne"
"Q2640827","gynécologue"
"Q94294328","bowed string instrument maker"
"Q16402907","sémioticien ou sémioticienne"
"Q864503","biologiste"
"Q483501","artiste"
"Q16258947","fonctionnaire"
"Q112042224","video game company"
"Q19476593","grade de la police"
"Q4164871","fonction"
"Q384593","policier ou policière"
"Q108290289","cadres supérieurs de l’administration publique"
"Q685433","vendeur ou vendeuse"
"Q12059906","gardien de troupeau"
"Q5179781","vacher"
"Q352388","conducteur"
"Q937857","footballeur"
"Q18536342","joueur professionnel ou joueuse professionnelle"
"Q1162163","directeur ou directrice"
"Q43845","personnalité du monde des affaires"
"Q6606110","industriel"
"Q1294787","artisan"
"Q41583","entraîneur sportif"
"Q493898","lieutenant-colonel"
"Q19100","capitaine"
"Q26270618","avironneur"
"Q2873500","aventurier ou aventurière"
"Q2066131","athlète"
"Q3738757","faussaire"
"Q702269","professionnel ou professionnelle"
"Q1075651","claviériste"
"Q486748","pianiste"
"Q315247","étudiant ou étudiante à l'université"
"Q703534","salarié"
"Q600751","procureur ou procureure"
"Q3333377","mésoaméricaniste"
"Q177220","chanteur ou chanteuse"
"Q179294","eunuque"
"Q2251335","instituteur ou institutrice"
"Q2566598","religieux catholique"
"Q733786","moine ou moniale"
"Q166886","duc"
"Q22687","banque"
"Q10694573","artiste textile"
"Q64351975","fabricante de tapisserie"
"Q66035178","travailleur du textile"
"Q26387816","carpet weaver"
"Q41583","entraîneur sportif"
"Q26270618","avironneur"
"Q215627","personne"
"Q2462658","manager"
"Q6817473","professionnel ou professionnelle de la santé mentale"
"Q3332438","médecin spécialiste"
"Q2782279","relation sexuelle"
"Q36180","écrivain ou écrivaine"
"Q14605941","spécialiste des épreuves combinées"
"Q11513337","athlète"
"Q14605941","spécialiste des épreuves combinées"
"Q467","femme"
"Q14605941","spécialiste des épreuves combinées"
"Q21281706","administrateur académique"
"Q4164871","fonction"
"Q838566","forgeron ou forgeronne"
"Q2519376","créateur de bijoux"
"Q336221","bijoutier"
"Q105570105","pharmaceutical scientist"
"Q593644","chimiste"
"Q2055046","physiologiste"
"Q1294787","artisan"
"Q350979","zoologiste"
"Q483501","artiste"
"Q12774499","naturaliste préparateur"
"Q115246813","plucked instrument player"
"Q33999","acteur ou actrice"
"Q3391743","artiste visuel ou artiste visuelle"
"Q482980","auteur ou autrice"
"Q13418253","philologue"
"Q864503","biologiste"
"Q108392111","university head"
"Q1162163","directeur ou directrice"
"Q4164871","fonction"
"Q6430706","critique"
"Q608","comportement sexuel humain"
"Q3796928","government employee"
"Q572700","bureaucrate"
"Q599151","haut fonctionnaire ou haute fonctionnaire"
"Q3455803","réalisateur ou réalisatrice"
"Q177220","chanteur ou chanteuse"
"Q901","scientifique"
"Q12335817","travailleur forestier"
"Q2066131","athlète"
"Q48282","étudiant ou étudiante"
"Q17488316","préhistorien"
"Q4773904","anthropologue"
"Q40348","avocat ou avocate"
"Q2405480","acteur ou actrice de doublage"
"Q17135920","expert interdisciplinaire d'une région géographique"
"Q13418253","philologue"
"Q2915819","Pink-collar worker"
"Q599151","haut fonctionnaire ou haute fonctionnaire"
"Q5428874","personnel académique"
"Q2920921","management"
"Q18714098","peintre de vases grec"
"Q6430706","critique"
"Q2462658","manager"
"Q1414443","cinéaste"
"Q3409374","prêtre romain"
"Q4991371","soldat"
"Q1414937","combattant"
"Q1397808","résistant ou résistante"
"Q486839","parlementaire"
"Q4175034","législateur ou législatrice"
"Q108289406","spécialistes des sciences sociales et du clergé"
"Q7063944","cheminot"
"Q486839","parlementaire"
"Q1055894","député"
"Q16060143","élu ou élue"
"Q17136179","scientifique interdisciplinaire"
"Q102083","chevalier"
"Q5322166","designer"
"Q42973","architecte"
"Q2994387","conseiller ou conseillère"
"Q758225","avocat"
"Q380075","défenseur"
"Q182436","bibliothécaire"
"Q201788","historien ou historienne"
"Q185351","juriste"
"Q57735705","personnalité liée au droit"
"Q2529779","vocal percussion"
"Q185298","a cappella"
"Q482980","auteur ou autrice"
"Q1363750","chaire universitaire"
"Q105200214","clerc catholique"
"Q2566598","religieux catholique"
"Q708492","conseiller municipal"
"Q639669","musicien ou musicienne"
"Q40348","avocat ou avocate"
"Q5663900","alcade"
"Q33231","photographe"
"Q11063","astronome"
"Q705908","agent commercial"
"Q3704253","trader"
"Q215536","commerçant"
"Q2994387","conseiller ou conseillère"
"Q99536263","retailer"
"Q43845","personnalité du monde des affaires"
"Q3892689","joueur de balle"
"Q15995642","chef religieux"
"Q25713832","dirigeant ou dirigeante"
"Q4479442","fondateur"
"Q193181","observation"
"Q18390984","monitoring and evaluation"
"Q118563234","travail de recherche"
"Q202648","arbitre sportif ou arbitre sportive"
"Q81096","ingénieur ou ingénieure"
"Q977459","flag officer"
"Q37226","enseignant ou enseignante"
"Q1294787","artisan"
"Q820037","mineur"
"Q483501","artiste"
"Q16868721","carcinologiste"
"Q23636253","secrétaire d'État"
"Q108614246","zoologiste des invertébrés"
"Q36180","écrivain ou écrivaine"
"Q1278335","instrumentiste"
"Q3153559","interprète"
"Q215627","personne"
"Q12800682","saxophoniste"
"Q112249284","ancient potters"
"Q37226","enseignant ou enseignante"
"Q2920595","sexologue"
"Q15253558","militant ou militante"
"Q1414937","combattant"
"Q47740","musulman ou musulmane"
"Q12414919","terroriste"
"Q104080200","extrémiste"
"Q42759","moudjahid"
"Q121114732","Islamic extremist"
"Q121113890","Islamic terrorist"
"Q16533","juge"
"Q12339722","ministre des Transports"
"Q488205","auteur-compositeur-interprète ou autrice-compositrice-interprète"
"Q49757","poète ou poétesse"
"Q1365155","cavalier"
"Q2730732","cavalier"
"Q1005490","auto-entrepreneur"
"Q99536263","retailer"
"Q7501153","commerçant"
"Q8441","homme"
"Q16883812","Stay-at-home parent"
"Q188094","économiste"
"Q4964182","philosophe"
"Q25616474","musicien d'un instrument de la famille des bois"
"Q2732142","statisticien ou statisticienne"
"Q11569986","graveur ou graveuse d'estampes"
"Q3391743","artiste visuel ou artiste visuelle"
"Q1549283","propriétaire terrien"
"Q98084799","photographe professionnel"
"Q43845","personnalité du monde des affaires"
"Q3704253","trader"
"Q1415187","agent économique"
"Q138858","personne du monde du divertissement"
"Q12406482","auteur comique"
"Q2429735","jongleur"
"Q483501","artiste"
"Q22916729","technicien d'animations"
"Q26481809","dirigeant sportif"
"Q26270618","avironneur"
"Q158852","chef ou cheffe d'orchestre"
"Q133485","rabbin"
"Q47532307","Rabbinic literature scholar"
"Q3409374","prêtre romain"
"Q131512","agriculteur ou agricultrice"
"Q3303330","calligraphe"
"Q57735705","personnalité liée au droit"
"Q1938980","contrevenant ou contrevenante"
"Q1028181","peintre"
"Q43184282","paysagiste"
"Q1207505","qualité"
"Q19398863","vocational driver"
"Q40821","chirurgie"
"Q113129019","sciences cliniques"
"Q3140857","horticulteur"
"Q36834","compositeur ou compositrice"
"Q81729632","musicien ou musicienne de musique classique"
"Q21680663","compositeur ou compositrice de musique classique"
"Q21680663","compositeur ou compositrice de musique classique"
"Q59459402","pasteur"
"Q838566","forgeron ou forgeronne"
"Q33231","photographe"
"Q455595","amateur"
"Q5","être humain"
"Q16402907","sémioticien ou sémioticienne"
"Q329455","juge de paix"
"Q16533","juge"
"Q4859473","médiateur"
"Q486839","parlementaire"
"Q1479406","conservation"
"Q1914636","activité"
"Q2144962","réparation"
"Q627436","domaine d'activité"
"Q104637332","processus planifié"
"Q1862087","prisonnier ou prisonnière"
"Q16334295","groupe d'humains"
"Q212238","fonctionnaire"
"Q30185","maire"
"Q8011724","diseur de bonne aventure"
"Q1072363","directeur ou directrice"
"Q11079476","artiste numérique"
"Q1251687","chef de mission diplomatique"
"Q104590991","personnalité liée au vin"
"Q170790","mathématicien ou mathématicienne"
"Q2159907","criminel ou criminelle"
"Q1673189","armée irrégulière"
"Q81096","ingénieur ou ingénieure"
"Q81096","ingénieur ou ingénieure"
"Q108289369","manufacturing, mining, construction and distribution managers"
"Q1075791","échanson"
"Q848466","coursier"
"Q703534","salarié"
"Q7234072","postier"
"Q1028181","peintre"
"Q21178131","portraitiste"
"Q29645880","ambassadeur d'un pays"
"Q29645886","ambassadeur dans un pays"
"Q202648","arbitre sportif ou arbitre sportive"
"Q308194","fille"
"Q1278335","instrumentiste"
"Q549322","torero"
"Q17573152","croyant ou croyante"
"Q42857","prophète ou prophétesse"
"Q1734562","Donneur"
"Q11569986","graveur ou graveuse d'estampes"
"Q4504549","religieux"
"Q333634","traducteur ou traductrice"
"Q4830453","firme"
"Q6881511","entreprise"
"Q662729","personnalité"
"Q15253558","militant ou militante"
"Q1402561","chef militaire"
"Q1250916","guerrier"
"Q42603","prêtre"
"Q42857","prophète ou prophétesse"
"Q2865798","verrier"
"Q212238","fonctionnaire"
"Q601401","commerce"
"Q627436","domaine d'activité"
"Q214917","dramaturge"
"Q361593","fonctionnaire de police"
"Q1278335","instrumentiste"
"Q17573152","croyant ou croyante"
"Q901","scientifique"
"Q1430956","charlatan"
"Q12737077","activité"
"Q95993050","Premier Ordre"
"Q115641683","custodian"
"Q41583","entraîneur sportif"
"Q215536","commerçant"
"Q1162163","directeur ou directrice"
"Q22813352","voyageur ou voyageuse"
"Q53121","cyclisme"
"Q349","sport"
"Q212434","sport olympique"
"Q838566","forgeron ou forgeronne"
"Q1294787","artisan"
"Q5322166","designer"
"Q11165895","Geheimer Rat"
"Q26701778","health administrator"
"Q1208175","cadreur"
"Q483501","artiste"
"Q1414443","cinéaste"
"Q66035178","travailleur du textile"
"Q6147194","teinturier"
"Q11338576","boxeur"
"Q2146099","impersonation"
"Q81096","ingénieur ou ingénieure"
"Q1607826","éditeur ou éditrice"
"Q2516866","éditeur ou éditrice"
"Q202648","arbitre sportif ou arbitre sportive"
"Q73145133","personnalité du jeu d'échecs"
"Q618694","pilote de chasse"
"Q211346","psychiatre"
"Q17143199","médecin légiste"
"Q99543230","early childhood teacher"
"Q54285279","male singing voice"
"Q215627","personne"
"Q12737077","activité"
"Q202648","arbitre sportif ou arbitre sportive"
"Q38088701","officiel d'un match de football"
"Q116763437","person associated with football"
"Q15253558","militant ou militante"
"Q2405480","acteur ou actrice de doublage"
"Q3391743","artiste visuel ou artiste visuelle"
"Q16533","juge"
"Q9203135","décideur"
"Q6881511","entreprise"
"Q213441","magasin"
"Q327029","mécanicien"
"Q548031","boat builder"
"Q154549","charpentier"
"Q20540385","non-fiction littéraire"
"Q13136","ouvrage de référence"
"Q1063801","source tertiaire"
"Q98149704","littérature pédagogique"
"Q37226","enseignant ou enseignante"
"Q215536","commerçant"
"Q28864853","parrainage"
"Q66363468","non-biological parent"
"Q5","être humain"
"Q5","être humain"
"Q28640","profession"
"Q7135769","personnel enseignant paraprofessionnel"
"Q98084799","photographe professionnel"
"Q37226","enseignant ou enseignante"
"Q974144","éducateur ou éducatrice"
"Q2643890","vocaliste"
"Q100493654","hip hop musician"
"Q578478","shérif"
"Q3242115","révolutionnaire"
"Q82955","personnalité politique"
"Q33999","acteur ou actrice"
"Q79044120","theatre maker"
"Q4504549","religieux"
"Q28789517","gardien de camp de concentration"
"Q138858","personne du monde du divertissement"
"Q114890292","idol"
"Q102083","chevalier"
"Q60754876","grade d'un ordre"
"Q947873","animateur ou animatrice de télévision"
"Q350783","transport guidé"
"Q16608251","système ferroviaire"
"Q2678338","réseau ferré"
"Q1028181","peintre"
"Q838566","forgeron ou forgeronne"
"Q2588761","travailleur qualifié ou travailleuse qualifiée"
"Q1053745","officier supérieur"
"Q163500","capitaine de vaisseau"
"Q849424","capitaine de navire"
"Q81096","ingénieur ou ingénieure"
"Q1416431","intermédiaire financier"
"Q730038","établissement de crédit"
"Q6881511","entreprise"
"Q5260792","depository institution"
"Q650241","institution financière"
"Q2066131","athlète"
"Q331432","pêcheur ou pêcheuse"
"Q331432","pêcheur ou pêcheuse"
"Q1866686","plongeur"
"Q5784340","consort"
"Q54128","domestique"
"Q156839","cuisinier ou cuisinière"
"Q33394058","travailleur manuel"
"Q2662430","administration de la république des Deux Nations"
"Q11499147","militant ou militante politique"
"Q2159907","criminel ou criminelle"
"Q47064","militaire"
"Q593644","chimiste"
"Q12794619","propriétaire de biens"
"Q43845","personnalité du monde des affaires"
"Q3391743","artiste visuel ou artiste visuelle"
"Q917912","modélisme"
"Q215627","personne"
"Q8011724","diseur de bonne aventure"
"Q329737","boucher ou bouchère"
"Q91143339","transportation worker"
"Q8148","industrie"
"Q7063944","cheminot"
"Q82955","personnalité politique"
"Q11467","métallurgie"
"Q21201","sociologie"
"Q117742678","family science"
"Q811122","travailleur de la construction"
"Q16029547","biathlète"
"Q5352191","technicien ou technicienne"
"Q17291399","membre d'équipe de cinéma"
"Q6503343","agent de la force publique"
"Q201788","historien ou historienne"
"Q3332711","médiéviste"
"Q28989","grave"
"Q3519259","comte"
"Q15978655","consultant ou consultante"
"Q11974939","professionnel ou professionnelle de la santé"
"Q5352191","technicien ou technicienne"
"Q12097","roi"
"Q1250916","guerrier"
"Q1097498","dirigeant"
"Q3930902","roi des Goths"
"Q1259323","chef de tribu"
"Q1402561","chef militaire"
"Q108286044","Tailors, Dressmakers, Furriers and Hatters"
"Q66035178","travailleur du textile"
"Q5659979","délinquant sexuel"
"Q1423891","ministre du culte"
"Q66889825","surintendant"
"Q2957754","chargé de communication"
"Q947873","animateur ou animatrice de télévision"
"Q24705156","journaliste de l'audiovisuel"
"Q124192","ingénierie automobile"
"Q12097","roi"
"Q98084799","photographe professionnel"
"Q37226","enseignant ou enseignante"
"Q437512","tisserand"
"Q1607826","éditeur ou éditrice"
"Q1148872","imitateur"
"Q63187345","occupation religieuse"
"Q1146843","anachorète"
"Q5","être humain"
"Q26899865","lecteur"
"Q17378128","spoken word artist"
"Q16314501","encyclopédiste"
"Q41546637","wikimédien ou wikimédienne"
"Q131512","agriculteur ou agricultrice"
"Q131512","agriculteur ou agricultrice"
"Q5060555","ouvrier agricole"
"Q1097498","dirigeant"
"Q18536821","OF-3"
"Q837582","lieutenant commander"
"Q279704","capitaine de corvette"
"Q10669499","officier de marine"
"Q849424","capitaine de navire"
"Q107283577","officier supérieur (Espagne)"
"Q3579035","chroniqueur de voyage"
"Q3756713","oberst"
"Q13582652","ingénieur civil"
"Q811122","travailleur de la construction"
"Q15319501","chercheur ou chercheuse en sciences sociales"
"Q3892689","joueur de balle"
"Q733786","moine ou moniale"
"Q14467526","linguiste"
"Q45199","marin"
"Q66035178","travailleur du textile"
"Q11900058","explorateur ou exploratrice"
"Q255274","col blanc"
"Q133485","rabbin"
"Q4164871","fonction"
"Q2066131","athlète"
"Q2125610","cycliste"
"Q189829","ermite"
"Q17276189","atmospheric scientist"
"Q108289376","physical and earth science professionals"
"Q1294787","artisan"
"Q49757","poète ou poétesse"
"Q37226","enseignant ou enseignante"
"Q121594","professeur"
"Q4991371","soldat"
"Q2066131","athlète"
"Q54128","domestique"
"Q4991371","soldat"
"Q1324245","sapeur"
"Q11900058","explorateur ou exploratrice"
"Q1643514","arrangeur ou arrangeuse musical"
"Q16012028","juriste"
"Q687810","chancelier de la Confédération"
"Q599151","haut fonctionnaire ou haute fonctionnaire"
"Q294414","fonction publique"
"Q10855616","medical officer"
"Q39631","médecin"
"Q402152","ancêtre"
"Q639669","musicien ou musicienne"
"Q177220","chanteur ou chanteuse"
"Q327029","mécanicien"
"Q2066131","athlète"
"Q482980","auteur ou autrice"
"Q6673651","homme de lettres"
"Q10694573","artiste textile"
"Q3455803","réalisateur ou réalisatrice"
"Q328325","tailleur de pierre"
"Q1294787","artisan"
"Q18536342","joueur professionnel ou joueuse professionnelle"
"Q2066131","athlète"
"Q688576","conseiller ou conseillère fiscale"
"Q16145150","professeur ou professeure de musique"
"Q7939609","professeur de chant"
"Q1294787","artisan"
"Q22811707","décorateur"
"Q811122","travailleur de la construction"
"Q108289663","building finishers and related trades workers"
"Q1709010","ingénieur logiciel"
"Q112598603","data professional"
"Q43115","saint ou sainte"
"Q16827718","confesseur"
"Q2374149","botaniste"
"Q17221","porte-parole"
"Q4178004","attaché de presse"
"Q28745974","rang civil de l'Empire russe"
"Q28745974","rang civil de l'Empire russe"
"Q17781690","région anatomique"
"Q112826975","entité anatomique particulière"
"Q212238","fonctionnaire"
"Q28745974","rang civil de l'Empire russe"
"Q16744001","noble"
"Q1409420","feudataire"
"Q131512","agriculteur ou agricultrice"
"Q17573152","croyant ou croyante"
"Q21509814","militant associatif ou militante associative"
"Q2462658","manager"
"Q1255921","président ou présidente"
"Q4110598","vlogueur ou vlogueuse"
"Q17125263","YouTubeur ou YouTubeuse"
"Q29352392","maître spirituel"
"Q160117","courtier"
"Q694748","physiothérapeute"
"Q1231865","pédagogue"
"Q2066131","athlète"
"Q2055046","physiologiste"
"Q865588","comité"
"Q864503","biologiste"
"Q131524","entrepreneur ou entrepreneuse"
"Q2066131","athlète"
"Q18536342","joueur professionnel ou joueuse professionnelle"
"Q1294787","artisan"
"Q66035178","travailleur du textile"
"Q4964182","philosophe"
"Q185351","juriste"
"Q549322","torero"
"Q1365155","cavalier"
"Q2412523","matador"
"Q41583","entraîneur sportif"
"Q108290289","cadres supérieurs de l’administration publique"
"Q81710","berger"
"Q3332438","médecin spécialiste"
"Q3779582","microbiologiste"
"Q1622925","court appointment"
"Q520549","géologue"
"Q23835475","assistant"
"Q43845","personnalité du monde des affaires"
"Q627436","domaine d'activité"
"Q194105","édition"
"Q924774","clergé séculier"
"Q1104153","chanoine"
"Q52217314","cycliste sur route"
"Q1779650","ingénieur design"
"Q131512","agriculteur ou agricultrice"
"Q11424604","géoscientifique"
"Q864503","biologiste"
"Q1397808","résistant ou résistante"
"Q327055","travailleur ou travailleuse"
"Q56260328","Gehilfe"
"Q635280","patron de structure"
"Q864503","biologiste"
"Q2159907","criminel ou criminelle"
"Q7623231","homme ou femme forte"
"Q17307272","artiste de cirque"
"Q497240","maître de cérémonie"
"Q2066131","athlète"
"Q18536342","joueur professionnel ou joueuse professionnelle"
"Q16947675","gymnaste"
"Q170790","mathématicien ou mathématicienne"
"Q19829990","bibliste"
"Q371909","préfet"
"Q1259917","violoniste"
"Q15981151","musicien ou musicienne de jazz"
"Q446966","conservateur-restaurateur ou conservatrice-restauratrice"
"Q2145981","restaurateur"
"Q21771805","viniculteur"
"Q12794619","propriétaire de biens"
"Q96093243","restaurant manager"
"Q11124885","pratiquant d'arts martiaux"
"Q37226","enseignant ou enseignante"
"Q5716684","danseur ou danseuse"
"Q108290352","other arts teachers"
"Q2490358","chorégraphe"
"Q49757","poète ou poétesse"
"Q4964182","philosophe"
"Q177220","chanteur ou chanteuse"
"Q47740","musulman ou musulmane"
"Q12737077","activité"
"Q5","être humain"
"Q175151","imprimeur"
"Q3332438","médecin spécialiste"
"Q901","scientifique"
"Q1650915","chercheur ou chercheuse"
"Q41583","entraîneur sportif"
"Q16947675","gymnaste"
"Q665565","gouvernement cantonal"
"Q108614246","zoologiste des invertébrés"
"Q14284","solliciteur"
"Q1051798","commissaire aux comptes"
"Q1108818","expert-comptable"
"Q108290446","government tax and excise officials"
"Q33999","acteur ou actrice"
"Q1028181","peintre"
"Q855091","guitariste"
"Q81729632","musicien ou musicienne de musique classique"
"Q477406","régent ou régente"
"Q16511993","reine"
"Q3077353","formateur"
"Q189290","officier"
"Q45199","marin"
"Q549322","torero"
"Q327055","travailleur ou travailleuse"
"Q34749","sciences sociales"
"Q1294787","artisan"
"Q552378","couvreur"
"Q327245","équipe"
"Q742421","troupe théâtrale"
"Q16334295","groupe d'humains"
"Q13473501","collectif"
"Q105815710","groupe des arts du spectacle"
"Q572700","bureaucrate"
"Q55071047","auxiliaire de santé"
"Q1056391","directeur ou directrice d'école"
"Q4376769","président d'université"
"Q3455803","réalisateur ou réalisatrice"
"Q483501","artiste"
"Q506702","équipe de cinéma"
"Q1114448","cartooniste"
"Q12049274","détaillant"
"Q215536","commerçant"
"Q53617489","continuateur indépendant"
"Q830077","sujet"
"Q2066131","athlète"
"Q18536342","joueur professionnel ou joueuse professionnelle"
"Q2588761","travailleur qualifié ou travailleuse qualifiée"
"Q1294787","artisan"
"Q27943370","personnalité du monde de la mode"
"Q66035178","travailleur du textile"
"Q108286044","Tailors, Dressmakers, Furriers and Hatters"
"Q48146261","comédien de kabuki"
"Q5188176","Cross-gender acting"
"Q81759238","professeur de musique"
"Q99588331","composition teacher"
"Q3014296","pilote de moto"
"Q333634","traducteur ou traductrice"
"Q19829990","bibliste"
"Q36180","écrivain ou écrivaine"
"Q29352392","maître spirituel"
"Q201788","historien ou historienne"
"Q43845","personnalité du monde des affaires"
"Q2516866","éditeur ou éditrice"
"Q96050759","personne de la presse écrite"
"Q15627169","syndicaliste"
"Q118309201","revolutionary syndicalist"
"Q2914170","artiste de rue"
"Q189290","officier"
"Q12049274","détaillant"
"Q1708232","médailleur"
"Q15296811","dessinateur ou dessinatrice"
"Q36180","écrivain ou écrivaine"
"Q1162163","directeur ou directrice"
"Q98084799","photographe professionnel"
"Q5352191","technicien ou technicienne"
"Q93922873","audiovisual technician"
"Q4830453","firme"
"Q1331793","entreprise médiatique"
"Q32178211","organisation musicale"
"Q1734662","cartographe"
"Q41583","entraîneur sportif"
"Q4164871","fonction"
"Q3332438","médecin spécialiste"
"Q1097498","dirigeant"
"Q477406","régent ou régente"
"Q37226","enseignant ou enseignante"
"Q4479442","fondateur"
"Q4164871","fonction"
"Q33999","acteur ou actrice"
"Q483501","artiste"
"Q2066131","athlète"
"Q18536342","joueur professionnel ou joueuse professionnelle"
"Q25829748","cuivriste"
"Q21234364","réalisateur d'émission radiophonique"
"Q1058617","détective privé"
"Q25713832","dirigeant ou dirigeante"
"Q30339659","motorsports competitor"
"Q254651","navigateur ou navigatrice"
"Q4504549","religieux"
"Q105393558","archevêque métropolitain"
"Q1638918","ordinaire"
"Q16727193","scientifique de l'esprit"
"Q3400050","potier ou potière"
"Q1028181","peintre"
"Q19101121","artisan manuel"
"Q8359428","militant social"
"Q15253558","militant ou militante"
"Q11499147","militant ou militante politique"
"Q118162105","factieux"
"Q24705156","journaliste de l'audiovisuel"
"Q1930187","journaliste"
"Q327055","travailleur ou travailleuse"
"Q7897274","unpaid work"
"Q7940935","voluntarism"
"Q808266","employé de bar"
"Q2462658","manager"
"Q5588651","organe de gouvernance"
"Q17018471","governance in higher education"
"Q4671162","administration académique"
"Q16335296","profession historique"
"Q6503343","agent de la force publique"
"Q1097498","dirigeant"
"Q2730732","cavalier"
"Q1930187","journaliste"
"Q83307","ministre"
"Q177220","chanteur ou chanteuse"
"Q81729632","musicien ou musicienne de musique classique"
"Q179294","eunuque"
"Q618779","distinction"
"Q2374149","botaniste"
"Q3779582","microbiologiste"
"Q83460","général"
"Q6451204","two-star rank"
"Q12797895","occultiste"
"Q108290379","danseurs et chorégraphes"
"Q3455803","réalisateur ou réalisatrice"
"Q177220","chanteur ou chanteuse"
"Q6926246","bouddhiste"
"Q191808","religieuse"
"Q467","femme"
"Q47541952","producteur ou productrice artistique"
"Q16335296","profession historique"
"Q1930187","journaliste"
"Q753110","auteur-compositeur ou autrice-compositrice"
"Q822146","parolier ou parolière"
"Q100269042","tango singer"
"Q462390","maître ou maîtresse de conférences"
"Q631306","force basque"
"Q215627","personne"
"Q4964182","philosophe"
"Q15994177","théoricien ou théoricienne politique"
"Q110038490","modern philologist"
"Q49000490","council architect"
"Q131062","urbaniste"
"Q2504617","romaniste"
"Q831474","prêtre chrétien"
"Q105200214","clerc catholique"
"Q42603","prêtre"
"Q17549077","catholique"
"Q1662561","paléontologue"
"Q17291399","membre d'équipe de cinéma"
"Q39631","médecin"
"Q4915128","scientifique biomédical"
"Q17484288","ethnomusicologue"
"Q1607826","éditeur ou éditrice"
"Q1420621","patron de presse"
"Q2518182","intermédiaire d’assurance"
"Q285759","courtier d'assurances"
"Q11974939","professionnel ou professionnelle de la santé"
"Q83307","ministre"
"Q164204","musicologie"
"Q5322166","designer"
"Q483501","artiste"
"Q64030843","frère mineur"
"Q1975161","provincial"
"Q90482618","frère mineur conventuel"
"Q90521808","frère mineur capucin"
"Q3455803","réalisateur ou réalisatrice"
"Q3391743","artiste visuel ou artiste visuelle"
"Q3406858","professionnel du cinéma"
"Q17291399","membre d'équipe de cinéma"
"Q7623231","homme ou femme forte"
"Q19261760","profession agricole"
"Q1391083","travailleur qualifié"
"Q2588761","travailleur qualifié ou travailleuse qualifiée"
"Q488798","culture agricole (?)"
"Q1458465","arboriculture fruitière"
"Q11862829","discipline académique"
"Q177220","chanteur ou chanteuse"
"Q101084010","folk musician"
"Q116","monarque"
"Q29182","évêque"
"Q3400985","universitaire"
"Q1622272","professeur ou professeure d'université"
"Q20204892","contributeur"
"Q5","être humain"
"Q43229","organisation"
"Q177634","communauté"
"Q140686","président ou présidente"
"Q978044","cadre dirigeant ou cadre dirigeante"
"Q11448873","apprenant"
"Q81096","ingénieur ou ingénieure"
"Q15081030","constructeur motocycle"
"Q1162163","directeur ou directrice"
"Q1210069","manager général"
"Q978044","cadre dirigeant ou cadre dirigeante"
"Q15995642","chef religieux"
"Q185992","mufti"
"Q161944","diacre"
"Q105200214","clerc catholique"
"Q63188808","occupation religieuse catholique"
"Q17549077","catholique"
"Q16009129","magistrat"
"Q2066131","athlète"
"Q974144","éducateur ou éducatrice"
"Q18121791","éclaireur"
"Q1294787","artisan"
"Q10949665","auditeur"
"Q758780","jardinier"
"Q212238","fonctionnaire"
"Q10384029","trafiquant de drogue"
"Q1251441","responsable"
"Q63443313","racketeer"
"Q4947495","crime boss"
"Q114414171","para-athlete"
"Q27019785","competitor"
"Q58825429","sportif olympique"
"Q98084799","photographe professionnel"
"Q21178131","portraitiste"
"Q2159907","criminel ou criminelle"
"Q1340643","maître d’œuvre"
"Q42973","architecte"
"Q5184855","membre d'équipage"
"Q23640580","conducteur de véhicule"
"Q1278335","instrumentiste"
"Q177220","chanteur ou chanteuse"
"Q12957007","auteur de casse-tête"
"Q3630699","concepteur ou conceptrice de jeu"
"Q36180","écrivain ou écrivaine"
"Q685433","vendeur ou vendeuse"
"Q333634","traducteur ou traductrice"
"Q212948","partisan"
"Q3368718","pathologiste"
"Q2462658","manager"
"Q703534","salarié"
"Q2447386","dermatologue"
"Q13167731","vénérologue"
"Q2865305","société de négoce"
"Q6430706","critique"
"Q104590991","personnalité liée au vin"
"Q18340078","dompteur"
"Q2994387","conseiller ou conseillère"
"Q10355417","publicitaire"
"Q1294787","artisan"
"Q901402","géographe"
"Q1708232","médailleur"
"Q1028181","peintre"
"Q108100323","marine artist"
"Q1391083","travailleur qualifié"
"Q811122","travailleur de la construction"
"Q13235160","producteur"
"Q16334295","groupe d'humains"
"Q11603279","managerial staff"
"Q1416279","analyste financier ou analyste financière"
"Q4830453","firme"
"Q114836842","religieux"
"Q733786","moine ou moniale"
"Q1900167","psychothérapeute"
"Q3332438","médecin spécialiste"
"Q2066131","athlète"
"Q36180","écrivain ou écrivaine"
"Q49757","poète ou poétesse"
"Q12456639","charretier"
"Q12773225","esclave"
"Q2066131","athlète"
"Q637846","chambre haute"
"Q978044","cadre dirigeant ou cadre dirigeante"
"Q1251441","responsable"
"Q11401","hip-hop"
"Q11974939","professionnel ou professionnelle de la santé"
"Q3332438","médecin spécialiste"
"Q3332438","médecin spécialiste"
"Q121856350","geriatric health care professional"
"Q15924224","médecin interniste"
"Q65472776","family physician"
"Q3332438","médecin spécialiste"
"Q97572814","instrumentiste à vent"
"Q22082749","pseudo-scientifique"
"Q2462658","manager"
"Q41583","entraîneur sportif"
"Q82955","personnalité politique"
"Q599151","haut fonctionnaire ou haute fonctionnaire"
"Q372436","homme d'État"
"Q13424814","namestnik"
"Q327055","travailleur ou travailleuse"
"Q1391344","spécialiste"
"Q33394058","travailleur manuel"
"Q3704253","trader"
"Q15253558","militant ou militante"
"Q1072363","directeur ou directrice"
"Q5157565","professionnel de l'informatique"
"Q15983985","archéologue classique"
"Q3621491","archéologue"
"Q350979","zoologiste"
"Q17126809","sauveteur"
"Q2066131","athlète"
"Q1622272","professeur ou professeure d'université"
"Q8246794","blogueur ou blogueuse"
"Q703534","salarié"
"Q3778211","personnalité juridique"
"Q54128","domestique"
"Q87714331","hospitality worker"
"Q713200","artiste interprète"
"Q33999","acteur ou actrice"
"Q110038383","Germanic philologist"
"Q37226","enseignant ou enseignante"
"Q15253558","militant ou militante"
"Q47217","désobéissance civile"
"Q2066131","athlète"
"Q2095549","aviateur ou aviatrice"
"Q13418253","philologue"
"Q3332711","médiéviste"
"Q3621491","archéologue"
"Q17135920","expert interdisciplinaire d'une région géographique"
"Q41583","entraîneur sportif"
"Q17291399","membre d'équipe de cinéma"
"Q3332438","médecin spécialiste"
"Q36180","écrivain ou écrivaine"
"Q3250324","adjoint"
"Q1607826","éditeur ou éditrice"
"Q713200","artiste interprète"
"Q11513337","athlète"
"Q11486702","historien ou historienne de l'architecture"
"Q1493121","historien ou historienne militaire"
"Q2066131","athlète"
"Q4197743","joueur ou joueuse"
"Q11486702","historien ou historienne de l'architecture"
"Q3621491","archéologue"
"Q42973","architecte"
"Q49757","poète ou poétesse"
"Q13415036","joueur de rugby"
"Q20826540","érudit"
"Q851436","garde du corps"
"Q188094","économiste"
"Q1781198","agronome"
"Q9200127","membre"
"Q414528","académicien ou académicienne"
"Q15980158","auteur ou autrice de non-fiction"
"Q3621491","archéologue"
"Q1792450","historien ou historienne de l'art"
"Q10800557","acteur ou actrice de cinéma"
"Q33999","acteur ou actrice"
"Q22962951","violeur"
"Q108290300","agricultural and forestry production managers"
"Q12335817","travailleur forestier"
"Q254508","hors-la-loi"
"Q2500638","créateur ou créatrice"
"Q73145133","personnalité du jeu d'échecs"
"Q4618975","docteur"
"Q2259451","acteur ou actrice de théâtre"
"Q105275968","clerc musulman"
"Q27978698","lutteur"
"Q83307","ministre"
"Q1885941","personnalité médiatique"
"Q131572","réfugié"
"Q2730732","cavalier"
"Q437512","tisserand"
"Q3332438","médecin spécialiste"
"Q64760769","oriental archaeologist"
"Q110042402","ancient Near Eastern scholar"
"Q17488316","préhistorien"
"Q16267985","indoeuropéaniste"
"Q3621491","archéologue"
"Q212238","fonctionnaire"
"Q212238","fonctionnaire"
"Q639669","musicien ou musicienne"
"Q3490626","sonneur"
"Q50995749","personnalité liée au sport"
"Q2462658","manager"
"Q2548031","mobile salesperson"
"Q2518689","guérisseur"
"Q45787133","motard"
"Q392651","agent de renseignement"
"Q2015874","officiant"
"Q599151","haut fonctionnaire ou haute fonctionnaire"
"Q53178539","travail en atelier"
"Q703534","salarié"
"Q185351","juriste"
"Q40348","avocat ou avocate"
"Q15978655","consultant ou consultante"
"Q2994387","conseiller ou conseillère"
"Q483501","artiste"
"Q1925963","artiste graphique"
"Q17291399","membre d'équipe de cinéma"
"Q2518689","guérisseur"
"Q15995642","chef religieux"
"Q1483433","technicien ou technicienne de laboratoire"
"Q5663900","alcade"
"Q5663900","alcade"
"Q5663900","alcade"
"Q1251441","responsable"
"Q110038383","Germanic philologist"
"Q16532929","administrateur"
"Q11974939","professionnel ou professionnelle de la santé"
"Q1294787","artisan"
"Q41583","entraîneur sportif"
"Q16727193","scientifique de l'esprit"
"Q47064","militaire"
"Q154549","charpentier"
"Q1156796","officier subalterne"
"Q108285020","Other Teaching Professional"
"Q2306091","sociologue"
"Q1265807","chercheur ou chercheuse en science de l'information"
"Q1650915","chercheur ou chercheuse"
"Q484876","directeur général ou directrice générale"
"Q2824523","administrateur ou administratrice de société"
"Q16532929","administrateur"
"Q12794619","propriétaire de biens"
"Q43845","personnalité du monde des affaires"
"Q1735732","catéchiste"
"Q1278335","instrumentiste"
"Q16947675","gymnaste"
"Q16532929","administrateur"
"Q11974939","professionnel ou professionnelle de la santé"
"Q110038490","modern philologist"
"Q12794619","propriétaire de biens"
"Q50995749","personnalité liée au sport"
"Q7725634","œuvre littéraire"
"Q81096","ingénieur ou ingénieure"
"Q864503","biologiste"
"Q212238","fonctionnaire"
"Q1511216","courtisan"
"Q4270517","skieur ou skieuse"
"Q27019785","competitor"
"Q18544928","joueur de billard"
"Q917562","billard français"
"Q50259293","patineur inline"
"Q24229398","agent"
"Q3104508","gestionnaire culturel"
"Q108614246","zoologiste des invertébrés"
"Q105899379","biologiste aquatique"
"Q18714098","peintre de vases grec"
"Q18714098","peintre de vases grec"
"Q611644","évêque catholique"
"Q1144278","évêque diocésain"
"Q13426709","suffragant"
"Q1638918","ordinaire"
"Q121594","professeur"
"Q1622272","professeur ou professeure d'université"
"Q48930480","professeur de philosophie"
"Q121594","professeur"
"Q212980","psychologue"
"Q1622272","professeur ou professeure d'université"
"Q108161452","psychology teacher"
"Q42178","vice-président"
"Q3391743","artiste visuel ou artiste visuelle"
"Q108290579","precision-instrument makers and repairers"
"Q5849","rugby à XV"
"Q212434","sport olympique"
"Q58968","intellectuel ou intellectuelle"
"Q47541952","producteur ou productrice artistique"
"Q947873","animateur ou animatrice de télévision"
"Q1809541","staff"
"Q216353","titre de civilité"
"Q25339110","professeur titulaire"
"Q5669847","professeur adjoint"
"Q5","être humain"
"Q1899943","public entertainer"
"Q44508716","personnalité de l'audiovisuel"
"Q29933786","exploitant"
"Q2462658","manager"
"Q15976341","slaviste"
"Q2066131","athlète"
"Q18536342","joueur professionnel ou joueuse professionnelle"
"Q2066131","athlète"
"Q18536342","joueur professionnel ou joueuse professionnelle"
"Q2066131","athlète"
"Q18536342","joueur professionnel ou joueuse professionnelle"
"Q2248045","moissonneur"
"Q19507792","illustrateur ou illustratrice scientifique"
"Q5322166","designer"
"Q22811707","décorateur"
"Q15839299","métier du théâtre"
"Q54967928","freight handler"
"Q593644","chimiste"
"Q28973077","observateur"
"Q4991371","soldat"
"Q11424604","géoscientifique"
"Q81096","ingénieur ou ingénieure"
"Q112791061","recordist"
"Q25339110","professeur titulaire"
"Q1650915","chercheur ou chercheuse"
"Q1196129","conjoint"
"Q467","femme"
"Q5784340","consort"
"Q188830","épouse"
"Q599151","haut fonctionnaire ou haute fonctionnaire"
"Q13590141","animateur ou animatrice"
"Q1885941","personnalité médiatique"
"Q1371925","speaker"
"Q2095","nourriture"
"Q43450","gymnastique"
"Q219067","fitness"
"Q83267","crime"
"Q110458263","prise"
"Q12369333","lutteur"
"Q11124885","pratiquant d'arts martiaux"
"Q2066131","athlète"
"Q109442873","écuyer"
"Q1402561","chef militaire"
"Q3964238","Soldiers of fortune"
"Q2504617","romaniste"
"Q170790","mathématicien ou mathématicienne"
"Q215627","personne"
"Q6337803","neurobiologiste"
"Q774306","chirurgien ou chirurgienne"
"Q3332438","médecin spécialiste"
"Q16061291","stomatologue"
"Q108289390","other health professionals"
"Q39631","médecin"
"Q102040941","évêque protestant"
"Q4438117","industrie du sport"
"Q549322","torero"
"Q78070424","subordinate"
"Q1208175","cadreur"
"Q93922873","audiovisual technician"
"Q7048877","non-consultant hospital doctor"
"Q11500768","auteur ou autrice culinaire"
"Q1607826","éditeur ou éditrice"
"Q1251441","responsable"
"Q685433","vendeur ou vendeuse"
"Q79529","substance chimique"
"Q18714098","peintre de vases grec"
"Q644687","illustrateur ou illustratrice"
"Q627325","graphiste"
"Q2478141","aristocrate"
"Q12773412","parasitologue"
"Q108614246","zoologiste des invertébrés"
"Q2066131","athlète"
"Q4991371","soldat"
"Q599151","haut fonctionnaire ou haute fonctionnaire"
"Q1250916","guerrier"
"Q12737077","activité"
"Q22932","comte palatin"
"Q931938","Mwami"
"Q1788992","organisation criminelle"
"Q201788","historien ou historienne"
"Q455595","amateur"
"Q28692502","militant ou militante pour les droits des femmes"
"Q106758751","militant pour le droit de vote"
"Q202648","arbitre sportif ou arbitre sportive"
"Q26270618","avironneur"
"Q1625427","fabricant d'instrument à vent"
"Q1734493","plucked string instrument maker"
"Q11494960","infectiologue"
"Q1190554","occurrence"
"Q16868721","carcinologiste"
"Q3055126","entomologiste"
"Q88106580","paléozoologiste"
"Q15980804","professionnel des médias"
"Q5165152","compétiteur"
"Q44508716","personnalité de l'audiovisuel"
"Q618536","candidate ou candidat"
"Q27703203","comtesse consort"
"Q39631","médecin"
"Q2095549","aviateur ou aviatrice"
"Q23640580","conducteur de véhicule"
"Q7063944","cheminot"
"Q4205432","ichtyologiste"
"Q1662561","paléontologue"
"Q2961574","chauffeur-livreur"
"Q16831394","mammalogiste"
"Q49773","mouvement social"
"Q48961201","engine driver"
"Q22082749","pseudo-scientifique"
"Q110858578","weather forecaster"
"Q2526255","réalisateur ou réalisatrice"
"Q483501","artiste"
"Q19507792","illustrateur ou illustratrice scientifique"
"Q160117","courtier"
"Q1344174","agent artistique"
"Q5758653","enseignant ou enseignante du secondaire"
"Q19631939","court rank"
"Q26903663","arts administrator"
"Q20826540","érudit"
"Q108614246","zoologiste des invertébrés"
"Q685433","vendeur ou vendeuse"
"Q23072521","parémiologue"
"Q108614246","zoologiste des invertébrés"
"Q2500638","créateur ou créatrice"
"Q28640","profession"
"Q644687","illustrateur ou illustratrice"
"Q27943370","personnalité du monde de la mode"
"Q5891","philosophie"
"Q21002332","ingénieur matériaux"
"Q18576582","métallurgiste"
"Q1714828","chasseur ou chasseresse"
"Q2066131","athlète"
"Q11124885","pratiquant d'arts martiaux"
"Q1487","hacker"
"Q1714828","chasseur ou chasseresse"
"Q8011071","dresseur"
"Q1368409","éleveur"
"Q437512","tisserand"
"Q15995642","chef religieux"
"Q1706722","enseignant-chercheur ou enseignante-chercheuse"
"Q121594","professeur"
"Q1622272","professeur ou professeure d'université"
"Q8246794","blogueur ou blogueuse"
"Q27943370","personnalité du monde de la mode"
"Q17167049","spécialiste de la littérature"
"Q4070283","artilleur"
"Q1995643","service class people"
"Q4964182","philosophe"
"Q2961975","chef ou cheffe d'entreprise"
"Q108800680","media executive"
"Q674426","conservateur ou conservatrice de musée"
"Q758780","jardinier"
"Q978044","cadre dirigeant ou cadre dirigeante"
"Q19746576","joueur de pelote basque"
"Q26903663","arts administrator"
"Q3387717","metteur ou metteuse en scène"
"Q15980158","auteur ou autrice de non-fiction"
"Q49757","poète ou poétesse"
"Q82604","design"
"Q483501","artiste"
"Q483501","artiste"
"Q17291399","membre d'équipe de cinéma"
"Q266569","animateur ou animatrice"
"Q266569","animateur ou animatrice"
"Q21560152","responsable d'effets spéciaux"
"Q2490358","chorégraphe"
"Q2833480","coordinateur des cascades"
"Q2462658","manager"
"Q189125","personne trans"
"Q852857","travailleur ou travailleuse du sexe"
"Q1104185","coaching"
"Q48282","étudiant ou étudiante"
"Q211346","psychiatre"
"Q1919436","pédiatre"
"Q41583","entraîneur sportif"
"Q1444","orgue"
"Q55738684","sets of open flutes with internal duct without fingerholes"
"Q55738864","sets of oboes with conical bore"
"Q11712894","instrument de musique à vent à clavier"
"Q191808","religieuse"
"Q2566598","religieux catholique"
"Q42973","architecte"
"Q5322166","designer"
"Q108289383","architects, planners, surveyors and designers"
"Q11124885","pratiquant d'arts martiaux"
"Q1294787","artisan"
"Q3305213","peinture"
"Q6575414","miniature art"
"Q108710667","speculative/fantastic fiction author"
"Q381136","actionnaire"
"Q16532929","administrateur"
"Q4164871","fonction"
"Q2135588","Auxiliaire de justice"
"Q16532929","administrateur"
"Q8985067","government official"
"Q31728","administration publique"
"Q13418253","philologue"
"Q1391346","safety officer"
"Q56039812","fire protection engineer"
"Q3391743","artiste visuel ou artiste visuelle"
"Q3374326","peintre muraliste"
"Q12713481","ouvrier"
"Q15980591","monteur d'acier"
"Q2374149","botaniste"
"Q3140857","horticulteur"
"Q465501","cascadeur ou cascadeuse"
"Q15978655","consultant ou consultante"
"Q28344461","security consultant"
"Q187939","activités de fabrication"
"Q12370538","scientifique des sols"
"Q3332438","médecin spécialiste"
"Q12119633","immunologiste"
"Q36180","écrivain ou écrivaine"
"Q1714828","chasseur ou chasseresse"
"Q331432","pêcheur ou pêcheuse"
"Q1714828","chasseur ou chasseresse"
"Q45199","marin"
"Q42973","architecte"
"Q11974939","professionnel ou professionnelle de la santé"
"Q849424","capitaine de navire"
"Q37226","enseignant ou enseignante"
"Q7922","pédagogie"
"Q266569","animateur ou animatrice"
"Q255274","col blanc"
"Q1139055","receveur des finances"
"Q250867","prêtre catholique"
"Q548320","frère"
"Q733786","moine ou moniale"
"Q7140620","partisan"
"Q11499147","militant ou militante politique"
"Q11388835","membre de parti politique"
"Q120286705","antisioniste"
"Q120324952","anti-capitalist"
"Q121092921","extrémiste de gauche"
"Q83460","général"
"Q3151043","corps des ingénieurs de l'armement"
"Q44595","cannibalisme"
"Q83267","crime"
"Q1419997","responsable événementiel"
"Q15253558","militant ou militante"
"Q3332438","médecin spécialiste"
"Q42603","prêtre"
"Q3391743","artiste visuel ou artiste visuelle"
"Q17291399","membre d'équipe de cinéma"
"Q1028181","peintre"
"Q384593","policier ou policière"
"Q25713832","dirigeant ou dirigeante"
"Q3332438","médecin spécialiste"
"Q160117","courtier"
"Q1866686","plongeur"
"Q202648","arbitre sportif ou arbitre sportive"
"Q38088701","officiel d'un match de football"
"Q1757103","officiel"
"Q202648","arbitre sportif ou arbitre sportive"
"Q202648","arbitre sportif ou arbitre sportive"
"Q42973","architecte"
"Q42973","architecte"
"Q212238","fonctionnaire"
"Q42973","architecte"
"Q112598603","data professional"
"Q1779650","ingénieur design"
"Q42973","architecte"
"Q131062","urbaniste"
"Q2095549","aviateur ou aviatrice"
"Q635734","archiviste"
"Q17132038","paléographe"
"Q3391743","artiste visuel ou artiste visuelle"
"Q664283","vitrier"
"Q177220","chanteur ou chanteuse"
"Q81729632","musicien ou musicienne de musique classique"
"Q24841721","chanteur classique"
"Q106039","chrétien ou chrétienne"
"Q17291399","membre d'équipe de cinéma"
"Q34074720","féministe"
"Q13382981","lugeur"
"Q11631","astronaute"
"Q1476215","défenseur des droits de l'Homme"
"Q94084","professeur invité"
"Q4610556","mannequin"
"Q212238","fonctionnaire"
"Q201788","historien ou historienne"
"Q349843","profession paramédicale"
"Q213441","magasin"
"Q333634","traducteur ou traductrice"
"Q333634","traducteur ou traductrice"
"Q82955","personnalité politique"
"Q1544133","auteur ou autrice de jeux de société"
"Q482980","auteur ou autrice"
"Q5155473","garde malade"
"Q11900058","explorateur ou exploratrice"
"Q1895303","forestier ou forestière"
"Q1524582","éleveur"
"Q1368409","éleveur"
"Q40348","avocat ou avocate"
"Q36834","compositeur ou compositrice"
"Q3243461","collectionneur ou collectionneuse"
"Q81096","ingénieur ou ingénieure"
"Q311396","gardien de prison"
"Q215627","personne"
"Q1231865","pédagogue"
"Q918824","aumônier militaire"
"Q28107590","artiste de concept"
"Q28110454","artiste de layout"
"Q266569","animateur ou animatrice"
"Q856887","agent de sécurité"
"Q5589126","agent du gouvernement"
"Q483501","artiste"
"Q17291399","membre d'équipe de cinéma"
"Q214609","matériau"
"Q8205328","objet artificiel physique"
"Q28877","bien"
"Q16686448","entité artificielle"
"Q2424752","produit"
"Q806798","banquier"
"Q11079476","artiste numérique"
"Q266569","animateur ou animatrice"
"Q17516936","curleur"
"Q114414171","para-athlete"
"Q3332438","médecin spécialiste"
"Q1402561","chef militaire"
"Q1259323","chef de tribu"
"Q5716684","danseur ou danseuse"
"Q157195","serveur"
"Q255274","col blanc"
"Q1607826","éditeur ou éditrice"
"Q41546637","wikimédien ou wikimédienne"
"Q115667419","Wikidata registered user"
"Q1162163","directeur ou directrice"
"Q483501","artiste"
"Q783906","neurologue"
"Q4531850","endocrinologue"
"Q108305399","painters and related workers"
"Q811122","travailleur de la construction"
"Q2588761","travailleur qualifié ou travailleuse qualifiée"
"Q81096","ingénieur ou ingénieure"
"Q520549","géologue"
"Q3422561","recteur d'académie"
"Q45199","marin"
"Q2588761","travailleur qualifié ou travailleuse qualifiée"
"Q9603","soufisme"
"Q17573152","croyant ou croyante"
"Q26726369","lender"
"Q627325","graphiste"
"Q2500638","créateur ou créatrice"
"Q1391083","travailleur qualifié"
"Q196721","machiniste"
"Q327029","mécanicien"
"Q108290568","metal working machine tool setters and operators"
"Q3422561","recteur d'académie"
"Q191808","religieuse"
"Q1028181","peintre"
"Q47494964","miniaturiste"
"Q27943370","personnalité du monde de la mode"
"Q13235160","producteur"
"Q1344174","agent artistique"
"Q27943370","personnalité du monde de la mode"
"Q1792450","historien ou historienne de l'art"
"Q27943370","personnalité du monde de la mode"
"Q2393361","maître à danser"
"Q43845","personnalité du monde des affaires"
"Q63755054","entrepreneur en bâtiment"
"Q10694573","artiste textile"
"Q66035178","travailleur du textile"
"Q2588761","travailleur qualifié ou travailleuse qualifiée"
"Q2066131","athlète"
"Q3519259","comte"
"Q134737","noblesse"
"Q111608397","practitioner"
"Q13418253","philologue"
"Q1607826","éditeur ou éditrice"
"Q639669","musicien ou musicienne"
"Q6606110","industriel"
"Q15709480","biologiste computationnel ou biologiste computationnelle"
"Q82594","informaticien ou informaticienne"
"Q3332438","médecin spécialiste"
"Q864503","biologiste"
"Q215536","commerçant"
"Q17307272","artiste de cirque"
"Q9352089","espion ou espionne"
"Q2045208","célébrité d'internet"
"Q1900657","marketeur ou marketeuse"
"Q5","être humain"
"Q731997","promagistrat"
"Q3391743","artiste visuel ou artiste visuelle"
"Q713200","artiste interprète"
"Q27214348","inspecteur"
"Q1278335","instrumentiste"
"Q1650915","chercheur ou chercheuse"
"Q2732142","statisticien ou statisticienne"
"Q112598603","data professional"
"Q942569","analyste"
"Q4793045","combat arm"
"Q57735705","personnalité liée au droit"
"Q12737077","activité"
"Q12797895","occultiste"
"Q1423891","ministre du culte"
"Q831474","prêtre chrétien"
"Q4164871","fonction"
"Q1638918","ordinaire"
"Q112074151","head of a diocese"
"Q352507","pasteur"
"Q3589178","Épiscope"
"Q37226","enseignant ou enseignante"
"Q170790","mathématicien ou mathématicienne"
"Q5352191","technicien ou technicienne"
"Q54128","domestique"
"Q864503","biologiste"
"Q593644","chimiste"
"Q17136179","scientifique interdisciplinaire"
"Q327055","travailleur ou travailleuse"
"Q108290816","professions élémentaires non classées ailleurs"
"Q212980","psychologue"
"Q39631","médecin"
"Q5716684","danseur ou danseuse"
"Q338754","contrôle"
"Q29017603","maîtrise"
"Q1783823","coordination"
"Q18576582","métallurgiste"
"Q1281618","sculpteur ou sculptrice"
"Q838566","forgeron ou forgeronne"
"Q12031226","fondeur ou fondeuse"
"Q1683295","peinture japonaise"
"Q1142000","Peinture de lettrés"
"Q1281618","sculpteur ou sculptrice"
"Q107560891","religious artist"
"Q12737077","activité"
"Q19358049","refus"
"Q37226","enseignant ou enseignante"
"Q864503","biologiste"
"Q10404150","acousticien ou acousticienne"
"Q437512","tisserand"
"Q12713481","ouvrier"
"Q17765219","administrateur colonial ou administratrice coloniale"
"Q4164871","fonction"
"Q82955","personnalité politique"
"Q5322166","designer"
"Q1231865","pédagogue"
"Q12737077","activité"
"Q28640","profession"
"Q11424604","géoscientifique"
"Q5352191","technicien ou technicienne"
"Q215627","personne"
"Q1190554","occurrence"
"Q639669","musicien ou musicienne"
"Q329439","graveur ou graveuse sur métal"
"Q2066131","athlète"
"Q18536342","joueur professionnel ou joueuse professionnelle"
"Q2066131","athlète"
"Q18536342","joueur professionnel ou joueuse professionnelle"
"Q852061","champion"
"Q2500638","créateur ou créatrice"
"Q43229","organisation"
"Q27939","chant"
"Q2462658","manager"
"Q2066131","athlète"
"Q621613","chasseur de primes"
"Q561457","transporteur"
"Q19398863","vocational driver"
"Q128124","ingénieur du son"
"Q978044","cadre dirigeant ou cadre dirigeante"
"Q107100767","dirigeant de société"
"Q2350126","répétiteur vocal"
"Q7063944","cheminot"
"Q11668201","station staff"
"Q228422","Contrôleur des transports"
"Q7063944","cheminot"
"Q5121444","officier de renseignement"
"Q1162163","directeur ou directrice"
"Q193391","diplomate"
"Q5322166","designer"
"Q22811707","décorateur"
"Q706364","directeur ou directrice artistique"
"Q1414443","cinéaste"
"Q2419397","thérapeute"
"Q55071047","auxiliaire de santé"
"Q29881694","thérapeute alternatif"
"Q40821","chirurgie"
"Q1221899","gynécologie"
"Q121998","ambassadeur ou ambassadrice"
"Q116182667","diplomate attaché à un territoire"
"Q3267878","lutherie"
"Q154773","yechiva"
"Q2238884","accompagnateur professionnel"
"Q26481809","dirigeant sportif"
"Q1818899","colon"
"Q22813352","voyageur ou voyageuse"
"Q12547146","immigrant"
"Q846570","Américains"
"Q937283","pionnier"
"Q40348","avocat ou avocate"
"Q43455","ethnologie"
"Q11124885","pratiquant d'arts martiaux"
"Q13219447","journaliste sportif ou journaliste sportive"
"Q1642960","polémiste"
"Q947873","animateur ou animatrice de télévision"
"Q1371925","speaker"
"Q50995749","personnalité liée au sport"
"Q2101758","commissaire de police"
"Q294414","fonction publique"
"Q11974939","professionnel ou professionnelle de la santé"
"Q1468920","charlatanisme"
"Q2518689","guérisseur"
"Q15253558","militant ou militante"
"Q783794","compagnie"
"Q6881511","entreprise"
"Q169470","physicien ou physicienne"
"Q2994387","conseiller ou conseillère"
"Q1294787","artisan"
"Q108290615","bakers, pastry-cooks and confectionery makers"
"Q17279032","charge élective"
"Q24229398","agent"
"Q122745795","counseling psychologist"
"Q15978655","consultant ou consultante"
"Q212238","fonctionnaire"
"Q182436","bibliothécaire"
"Q17135920","expert interdisciplinaire d'une région géographique"
"Q201788","historien ou historienne"
"Q11063","astronome"
"Q2374149","botaniste"
"Q186360","infirmière ou infirmier"
"Q5184855","membre d'équipage"
"Q12964993","ingénieur des transports"
"Q752129","astrophysicien ou astrophysicienne"
"Q37226","enseignant ou enseignante"
"Q901","scientifique"
"Q14290559","guide"
"Q102039658","évêque catholique romain"
"Q1144278","évêque diocésain"
"Q1638918","ordinaire"
"Q2374149","botaniste"
"Q16037036","paléobiologiste"
"Q17573152","croyant ou croyante"
"Q1468920","charlatanisme"
"Q15253558","militant ou militante"
"Q15319501","chercheur ou chercheuse en sciences sociales"
"Q82955","personnalité politique"
"Q15401884","chercheur médical"
"Q1650915","chercheur ou chercheuse"
"Q1706722","enseignant-chercheur ou enseignante-chercheuse"
"Q1914017","travailleur ou travailleuse de la connaissance"
"Q4164871","fonction"
"Q3250324","adjoint"
"Q27830328","conseiller régional"
"Q66387537","prédicateur à la télévision"
"Q19280221","gastro-entérologue"
"Q55071047","auxiliaire de santé"
"Q3332438","médecin spécialiste"
"Q774306","chirurgien ou chirurgienne"
"Q774306","chirurgien ou chirurgienne"
"Q774306","chirurgien ou chirurgienne"
"Q4991371","soldat"
"Q715222","dame de compagnie"
"Q4773904","anthropologue"
"Q19829999","culturologue"
"Q3332438","médecin spécialiste"
"Q327029","mécanicien"
"Q378622","pilote"
"Q45787133","motard"
"Q19828933","équilibriste"
"Q177220","chanteur ou chanteuse"
"Q10873124","joueur ou joueuse d'échecs"
"Q174834","autorité"
"Q294414","fonction publique"
"Q10547393","personnalité politique locale"
"Q17279032","charge élective"
"Q2285706","chef de gouvernement"
"Q116783387","head of a city"
"Q3320963","moniteur-éducateur ou monitrice-éducatrice"
"Q4270517","skieur ou skieuse"
"Q41583","entraîneur sportif"
"Q685433","vendeur ou vendeuse"
"Q10384029","trafiquant de drogue"
"Q23754015","manufacturier du textile"
"Q1294787","artisan"
"Q66035178","travailleur du textile"
"Q1125062","rebelle"
"Q5322166","designer"
"Q1114448","cartooniste"
"Q1930187","journaliste"
"Q29645880","ambassadeur d'un pays"
"Q28389","scénariste"
"Q631306","force basque"
"Q544178","attaché"
"Q1221126","Dienststellung"
"Q189290","officier"
"Q3455803","réalisateur ou réalisatrice"
"Q1162163","directeur ou directrice"
"Q69943983","health facility administrator"
"Q15839299","métier du théâtre"
"Q1162163","directeur ou directrice"
"Q37226","enseignant ou enseignante"
"Q1056391","directeur ou directrice d'école"
"Q18121578","directeur ou directrice de recherche"
"Q816432","chef de projet"
"Q1162163","directeur ou directrice"
"Q685433","vendeur ou vendeuse"
"Q4618975","docteur"
"Q849697","doctorat"
"Q4115013","diplôme en droit"
"Q2628227","docteur ès sciences"
"Q203184","première dame"
"Q2066131","athlète"
"Q1294787","artisan"
"Q10694573","artiste textile"
"Q66035178","travailleur du textile"
"Q2588761","travailleur qualifié ou travailleuse qualifiée"
"Q212238","fonctionnaire"
"Q42603","prêtre"
"Q82955","personnalité politique"
"Q48352","chef d'État"
"Q294414","fonction publique"
"Q2992505","confiseur"
"Q663395","magistrature romaine"
"Q10833314","joueur ou joueuse de tennis"
"Q3778211","personnalité juridique"
"Q131524","entrepreneur ou entrepreneuse"
"Q37226","enseignant ou enseignante"
"Q108614246","zoologiste des invertébrés"
"Q6104047","registrar"
"Q4164871","fonction"
"Q1622272","professeur ou professeure d'université"
"Q357813","chargé de cours"
"Q33394058","travailleur manuel"
"Q1796839","kitchen assistant"
"Q382887","élu au service public"
"Q212238","fonctionnaire"
"Q864503","biologiste"
"Q11063","astronome"
"Q131512","agriculteur ou agricultrice"
"Q2961975","chef ou cheffe d'entreprise"
"Q36180","écrivain ou écrivaine"
"Q4164871","fonction"
"Q15987302","profession juridique"
"Q112598603","data professional"
"Q373085","chancelier"
"Q20826540","érudit"
"Q512314","socialite"
"Q15472169","mécène"
"Q1294787","artisan"
"Q15980591","monteur d'acier"
"Q318296","enlèvement"
"Q2873500","aventurier ou aventurière"
"Q10729326","pirate"
"Q178197","mercenaire"
"Q2994440","corps des conservateurs du patrimoine"
"Q25616474","musicien d'un instrument de la famille des bois"
"Q30131998","anthropologiste culturel"
"Q212238","fonctionnaire"
"Q21012419","soin animalier"
"Q6235","nationalisme"
"Q99543230","early childhood teacher"
"Q2251335","instituteur ou institutrice"
"Q78812499","schoolmistress"
"Q239526","progéniture"
"Q84048852","être humain féminin"
"Q29514218","enfant"
"Q2378505","promoteur"
"Q13235160","producteur"
"Q4330518","objet de la recherche"
"Q5067949","chaîne d'évènements"
"Q10659189","cambrioleur"
"Q4688043","trapéziste"
"Q19828933","équilibriste"
"Q27943370","personnalité du monde de la mode"
"Q57735705","personnalité liée au droit"
"Q384593","policier ou policière"
"Q1930187","journaliste"
"Q16532929","administrateur"
"Q17221","porte-parole"
"Q21505859","potier grec de l'Antiquité"
"Q19101121","artisan manuel"
"Q329439","graveur ou graveuse sur métal"
"Q211423","orfèvre"
"Q1283397","gemcutter"
"Q1664338","inquisiteur"
"Q1549367","inquisiteur général"
"Q57735705","personnalité liée au droit"
"Q384593","policier ou policière"
"Q327333","agence publique"
"Q42603","prêtre"
"Q15995642","chef religieux"
"Q255274","col blanc"
"Q7406919","service"
"Q2421951","care"
"Q2328828","stagehand"
"Q864503","biologiste"
"Q115246813","plucked instrument player"
"Q1328323","fonctionnaire"
"Q4991371","soldat"
"Q15983773","Infanteriste"
"Q2518689","guérisseur"
"Q1511216","courtisan"
"Q1196276","Kuge"
"Q901","scientifique"
"Q1781198","agronome"
"Q131512","agriculteur ou agricultrice"
"Q11974939","professionnel ou professionnelle de la santé"
"Q167563","police en Allemagne"
"Q323081","polyglotte"
"Q3332438","médecin spécialiste"
"Q15924224","médecin interniste"
"Q2259532","clerc"
"Q1638918","ordinaire"
"Q19507792","illustrateur ou illustratrice scientifique"
"Q175151","imprimeur"
"Q713200","artiste interprète"
"Q5482740","programmeur ou programmeuse"
"Q42973","architecte"
"Q81096","ingénieur ou ingénieure"
"Q81096","ingénieur ou ingénieure"
"Q901","scientifique"
"Q81096","ingénieur ou ingénieure"
"Q81096","ingénieur ou ingénieure"
"Q63755375","fonctionnaire de catégorie A"
"Q81096","ingénieur ou ingénieure"
"Q189290","officier"
"Q81096","ingénieur ou ingénieure"
"Q212238","fonctionnaire"
"Q212238","fonctionnaire"
"Q48282","étudiant ou étudiante"
"Q82955","personnalité politique"
"Q212238","fonctionnaire"
"Q11085831","interprète"
"Q639669","musicien ou musicienne"
"Q713200","artiste interprète"
"Q266569","animateur ou animatrice"
"Q28798045","animateur assistant"
"Q701632","conseil municipal"
"Q56061","entité territoriale administrative"
"Q1731155","orientaliste"
"Q19829980","scientifique des religions"
"Q64503961","funeral service professional"
"Q329741","aspirant"
"Q3754526","administration"
"Q717040","tradition de Noël"
"Q838948","œuvre d’art"
"Q207697","diorama"
"Q7802","pain"
"Q2095","nourriture"
"Q33999","acteur ou actrice"
"Q5716684","danseur ou danseuse"
"Q177220","chanteur ou chanteuse"
"Q15214752","artiste de cabaret"
"Q128124","ingénieur du son"
"Q12039558","joueur de go"
"Q55736868","juge de la Cour suprême"
"Q16474031","président de tribunal"
"Q25713832","dirigeant ou dirigeante"
"Q37226","enseignant ou enseignante"
"Q183039","forme d'État"
"Q16533","juge"
"Q483501","artiste"
"Q61022630","officer"
"Q11998775","rider"
"Q5","être humain"
"Q639669","musicien ou musicienne"
"Q10843872","procédé"
"Q48803","horticulture"
"Q3769299","comportement humain"
"Q24034076","mode de vie"
"Q131512","agriculteur ou agricultrice"
"Q6149036","décoration"
"Q467","femme"
"Q27532437","suffragiste"
"Q11499147","militant ou militante politique"
"Q350979","zoologiste"
"Q16657634","locuteur"
"Q333634","traducteur ou traductrice"
"Q215536","commerçant"
"Q3610436","styliste"
"Q11499147","militant ou militante politique"
"Q118162105","factieux"
"Q19476593","grade de la police"
"Q65720209","hobbyist"
"Q28502983","electronic design"
"Q1387659","école de pensée"
"Q1047113","spécialité"
"Q41583","entraîneur sportif"
"Q194253","évangélisme"
"Q3425524","Christianisme charismatique"
"Q599151","haut fonctionnaire ou haute fonctionnaire"
"Q19398863","vocational driver"
"Q681842","emergency services personnel"
"Q3486937","personnel médical"
"Q7135767","paraprofessional"
"Q494756","donnée"
"Q132050","gouverneur"
"Q294414","fonction publique"
"Q2374149","botaniste"
"Q1371378","ethnologue"
"Q215627","personne"
"Q39631","médecin"
"Q1360697","Wundarzt (allemand)"
"Q10669499","officier de marine"
"Q8434","éducation"
"Q28146366","religieuse chrétienne"
"Q1520404","vierge consacrée"
"Q29182","évêque"
"Q618779","distinction"
"Q15977971","travailleur du bois"
"Q15924224","médecin interniste"
"Q108286983","métier de la finance"
"Q163740","organisation à but non lucratif"
"Q33394058","travailleur manuel"
"Q215627","personne"
"Q838089","lutte"
"Q24833212","consort of monarch"
"Q811122","travailleur de la construction"
"Q5157565","professionnel de l'informatique"
"Q108289402","database and network professionals"
"Q2094191","résistance dans l'Europe occupée par les nazis"
"Q82955","personnalité politique"
"Q11744698","cercle parlementaire"
"Q486839","parlementaire"
"Q2986228","commentateur sportif"
"Q15978655","consultant ou consultante"
"Q114868492","énergéticien ou énergéticienne"
"Q9378427","actionnaire"
"Q47541952","producteur ou productrice artistique"
"Q34388953","film people"
"Q108290556","stonemasons, stone cutters, splitters and carvers"
"Q811122","travailleur de la construction"
"Q315247","étudiant ou étudiante à l'université"
"Q80687","secrétaire"
"Q23835475","assistant"
"Q2462658","manager"
"Q185351","juriste"
"Q3778211","personnalité juridique"
"Q715301","auteur ou autrice de bande dessinée"
"Q715301","auteur ou autrice de bande dessinée"
"Q1630100","modèle"
"Q852857","travailleur ou travailleuse du sexe"
"Q4610556","mannequin"
"Q7569","enfant"
"Q4610556","mannequin"
"Q215536","commerçant"
"Q4164871","fonction"
"Q1914636","activité"
"Q12737077","activité"
"Q211423","orfèvre"
"Q177220","chanteur ou chanteuse"
"Q6302990","officier judiciaire"
"Q1162163","directeur ou directrice"
"Q2588761","travailleur qualifié ou travailleuse qualifiée"
"Q17488363","historien ou historienne de l'économie"
"Q1414937","combattant"
"Q2588761","travailleur qualifié ou travailleuse qualifiée"
"Q108286217","Butchers, Fishmongers and Related Food Preparers"
"Q483501","artiste"
"Q713200","artiste interprète"
"Q9200127","membre"
"Q1278335","instrumentiste"
"Q25829748","cuivriste"
"Q37226","enseignant ou enseignante"
"Q3486937","personnel médical"
"Q7135767","paraprofessional"
"Q681842","emergency services personnel"
"Q19693316","intervenant d'urgence"
"Q349843","profession paramédicale"
"Q3400985","universitaire"
"Q9344260","professeur associé"
"Q131524","entrepreneur ou entrepreneuse"
"Q18576582","métallurgiste"
"Q483501","artiste"
"Q1156796","officier subalterne"
"Q816432","chef de projet"
"Q19382184","ébéniste"
"Q30906402","cantor"
"Q1028181","peintre"
"Q11606851","絵師"
"Q15319501","chercheur ou chercheuse en sciences sociales"
"Q19829999","culturologue"
"Q14467526","linguiste"
"Q3499072","chef cuisinier ou chef cuisinière"
"Q211236","célébrité"
"Q182436","bibliothécaire"
"Q22813352","voyageur ou voyageuse"
"Q2374149","botaniste"
"Q483501","artiste"
"Q1028181","peintre"
"Q2066131","athlète"
"Q33394058","travailleur manuel"
"Q2259532","clerc"
"Q1281618","sculpteur ou sculptrice"
"Q777952","instructeur"
"Q1866686","plongeur"
"Q6430706","critique"
"Q17176618","contrebandier"
"Q3391743","artiste visuel ou artiste visuelle"
"Q108289430","artistic, cultural and culinary associate professionals"
"Q5352191","technicien ou technicienne"
"Q17537576","œuvre créative"
"Q5707594","article de presse"
"Q87285943","ouvrier"
"Q15980158","auteur ou autrice de non-fiction"
"Q2588761","travailleur qualifié ou travailleuse qualifiée"
"Q201788","historien ou historienne"
"Q36180","écrivain ou écrivaine"
"Q131524","entrepreneur ou entrepreneuse"
"Q39631","médecin"
"Q3368718","pathologiste"
"Q39631","médecin"
"Q201788","historien ou historienne"
"Q16334430","spécialiste de l'amérique latine"
"Q1790480","traducteur-interprète"
"Q36180","écrivain ou écrivaine"
"Q254651","navigateur ou navigatrice"
"Q1265807","chercheur ou chercheuse en science de l'information"
"Q12713481","ouvrier"
"Q1162163","directeur ou directrice"
"Q4164871","fonction"
"Q10669499","officier de marine"
"Q19476593","grade de la police"
"Q214609","matériau"
"Q1366370","littérature islamique"
"Q244783","exégèse"
"Q2370897","sciences coraniques"
"Q19509099","dissidence"
"Q5422651","professionnel de la vue"
"Q3918","université"
"Q1643514","arrangeur ou arrangeuse musical"
"Q12344332","économe"
"Q88190406","party official"
"Q4610556","mannequin"
"Q4594605","magistrat ou magistrate"
"Q215536","commerçant"
"Q2588761","travailleur qualifié ou travailleuse qualifiée"
"Q685433","vendeur ou vendeuse"
"Q108285851","jewellery and precious metal worker"
"Q1294787","artisan"
"Q13235160","producteur"
"Q95143896","faiseur"
"Q22082749","pseudo-scientifique"
"Q708492","conseiller municipal"
"Q1757970","elder"
"Q46961","gangster"
"Q5001927","relation commerciale"
"Q3332438","médecin spécialiste"
"Q681842","emergency services personnel"
"Q600751","procureur ou procureure"
"Q3332438","médecin spécialiste"
"Q10774753","performeur"
"Q10384150","transformiste"
"Q1028181","peintre"
"Q105186","pharmacien"
"Q105186","pharmacien"
"Q4319062","homme du rang"
"Q4164871","fonction"
"Q33231","photographe"
"Q98084799","photographe professionnel"
"Q82955","personnalité politique"
"Q371909","préfet"
"Q4164871","fonction"
"Q2493023","vil métier"
"Q1551626","dinandier"
"Q5767753","prédicat honorifique"
"Q1622272","professeur ou professeure d'université"
"Q3455803","réalisateur ou réalisatrice"
"Q79044120","theatre maker"
"Q483501","artiste"
"Q108289408","artistes créateurs ou créatrices et exécutants ou exécutantes"
"Q47064","militaire"
"Q1866686","plongeur"
"Q3332438","médecin spécialiste"
"Q128124","ingénieur du son"
"Q1139055","receveur des finances"
"Q6503343","agent de la force publique"
"Q294414","fonction publique"
"Q212238","fonctionnaire"
"Q17221","porte-parole"
"Q713200","artiste interprète"
"Q108289408","artistes créateurs ou créatrices et exécutants ou exécutantes"
"Q7541856","céramiste"
"Q1294787","artisan"
"Q3391743","artiste visuel ou artiste visuelle"
"Q5194294","cunning folk"
"Q37226","enseignant ou enseignante"
"Q2248623","étudiant"
"Q3140963","personnel hospitalier"
"Q39631","médecin"
"Q12774177","moyen pour une fin"
"Q104450446","data carrier"
"Q1930187","journaliste"
"Q3368517","procureur général"
"Q600751","procureur ou procureure"
"Q47541952","producteur ou productrice artistique"
"Q5758653","enseignant ou enseignante du secondaire"
"Q5758653","enseignant ou enseignante du secondaire"
"Q2251335","instituteur ou institutrice"
"Q10509151","maître d'école élémentaire"
"Q1622272","professeur ou professeure d'université"
"Q3401402","praticien hospitalier ou praticienne hospitalière"
"Q20820172","sympathizer"
"Q2366336","seigneur"
"Q4164871","fonction"
"Q432386","prédicateur"
"Q24716636","bénévole"
"Q19752385","state official in Indonesia"
"Q371909","préfet"
"Q371909","préfet"
"Q42603","prêtre"
"Q104050289","prêtre occidental"
"Q1423891","ministre du culte"
"Q105200498","Anglican clergyman"
"Q3409374","prêtre romain"
"Q212980","psychologue"
"Q1900167","psychothérapeute"
"Q36908","alpinisme"
"Q11862829","discipline académique"
"Q549322","torero"
"Q188830","épouse"
"Q599151","haut fonctionnaire ou haute fonctionnaire"
"Q131524","entrepreneur ou entrepreneuse"
"Q96093243","restaurant manager"
"Q37260","écriture"
"Q103163","abbé"
"Q16532929","administrateur"
"Q82955","personnalité politique"
"Q1251441","responsable"
"Q783906","neurologue"
"Q5352191","technicien ou technicienne"
"Q1650915","chercheur ou chercheuse"
"Q15301511","peintre de vases"
"Q593644","chimiste"
"Q420","biologie"
"Q3307505","évolution de la socialité"
"Q483501","artiste"
"Q2462658","manager"
"Q2500638","créateur ou créatrice"
"Q13391392","profession libérale"
"Q779458","ascète"
"Q14467526","linguiste"
"Q28389","scénariste"
"Q58287519","développeur de jeux vidéo"
"Q1930187","journaliste"
"Q356139","relecteur-correcteur"
"Q7374818","secrétaire royal"
"Q5784340","consort"
"Q719039","reine consort"
"Q188830","épouse"
"Q108290567","toolmakers and related workers"
"Q2588761","travailleur qualifié ou travailleuse qualifiée"
"Q3114821","grand prêtre"
"Q713200","artiste interprète"
"Q11974939","professionnel ou professionnelle de la santé"
"Q109555060","Agent"
"Q319341","notary's assistant"
"Q639669","musicien ou musicienne"
"Q45199","marin"
"Q2500638","créateur ou créatrice"
"Q106281877","Kage"
"Q193364","vicaire"
"Q250867","prêtre catholique"
"Q1650915","chercheur ou chercheuse"
"Q381160","expert"
"Q2500638","créateur ou créatrice"
"Q2462658","manager"
"Q156839","cuisinier ou cuisinière"
"Q5322166","designer"
"Q27943370","personnalité du monde de la mode"
"Q39809","marketing"
"Q255274","col blanc"
"Q2662430","administration de la république des Deux Nations"
"Q202648","arbitre sportif ou arbitre sportive"
"Q864503","biologiste"
"Q2526135","sûreté"
"Q189900","sécurité de l'information"
"Q2518689","guérisseur"
"Q5352191","technicien ou technicienne"
"Q1550557","seigneurie"
"Q188063","fief"
"Q467033","vendetta"
"Q5737899","titre héréditaire"
"Q16744001","noble"
"Q23640580","conducteur de véhicule"
"Q42603","prêtre"
"Q5230427","membre de l'Assemblée législative"
"Q4350200","information transfer"
"Q61788126","educational activity"
"Q3249551","processus"
"Q4351403","percussionniste"
"Q47064","militaire"
"Q18630201","Tireur"
"Q2518689","guérisseur"
"Q59283400","travailleur de la santé"
"Q11424604","géoscientifique"
"Q3644587","hydrologue"
"Q520549","géologue"
"Q627325","graphiste"
"Q99603787","muletier"
"Q12615130","advanced practice nurse"
"Q2849224","anesthésiste"
"Q104590991","personnalité liée au vin"
"Q381160","expert"
"Q11424604","géoscientifique"
"Q131524","entrepreneur ou entrepreneuse"
"Q732717","organisme chargé de l'application de la loi"
"Q639669","musicien ou musicienne"
"Q685433","vendeur ou vendeuse"
"Q11333691","spécialiste de littérature française"
"Q1259917","violoniste"
"Q639669","musicien ou musicienne"
"Q1268911","spelman"
"Q1607826","éditeur ou éditrice"
"Q2159907","criminel ou criminelle"
"Q202883","vétérinaire"
"Q1454940","soldat volontaire"
"Q352388","conducteur"
"Q2775569","conducteur de train"
"Q12737077","activité"
"Q16533","juge"
"Q1622272","professeur ou professeure d'université"
"Q3400985","universitaire"
"Q15253558","militant ou militante"
"Q36180","écrivain ou écrivaine"
"Q15980158","auteur ou autrice de non-fiction"
"Q22813352","voyageur ou voyageuse"
"Q2085381","maison d'édition"
"Q43229","organisation"
"Q2085381","maison d'édition"
"Q4830453","firme"
"Q12737077","activité"
"Q1607826","éditeur ou éditrice"
"Q876864","conseiller ou conseillère de rédaction"
"Q974144","éducateur ou éducatrice"
"Q974144","éducateur ou éducatrice"
"Q488205","auteur-compositeur-interprète ou autrice-compositrice-interprète"
"Q15995642","chef religieux"
"Q352507","pasteur"
"Q29182","évêque"
"Q36180","écrivain ou écrivaine"
"Q381353","femme de lettres"
"Q133485","rabbin"
"Q140686","président ou présidente"
"Q23037330","récitateur"
"Q34005","langues samoyèdes"
"Q15980158","auteur ou autrice de non-fiction"
"Q327055","travailleur ou travailleuse"
"Q2215841","sport cycliste"
"Q3493900","sport de plein air"
"Q7339484","cyclisme sur route"
"Q27943370","personnalité du monde de la mode"
"Q3368718","pathologiste"
"Q10872101","anatomiste"
"Q212238","fonctionnaire"
"Q384593","policier ou policière"
"Q108289042","protective services workers"
"Q482980","auteur ou autrice"
"Q483501","artiste"
"Q108762424","penman"
"Q974144","éducateur ou éducatrice"
"Q12859263","orateur ou oratrice"
"Q19631939","court rank"
"Q202648","arbitre sportif ou arbitre sportive"
"Q19829999","culturologue"
"Q4991371","soldat"
"Q16533","juge"
"Q4657217","conseiller"
"Q2500638","créateur ou créatrice"
"Q5322166","designer"
"Q205375","inventeur"
"Q12027957","canoniste"
"Q40348","avocat ou avocate"
"Q2901587","yogi"
"Q101405849","thesis advisor"
"Q11417","art martial"
"Q212434","sport olympique"
"Q11710359","hydrobiologiste"
"Q105899379","biologiste aquatique"
"Q11424604","géoscientifique"
"Q1404030","mobster"
"Q2588761","travailleur qualifié ou travailleuse qualifiée"
"Q108290640","pelt dressers, tanners and fellmongers"
"Q656365","emploi"
"Q2994387","conseiller ou conseillère"
"Q95074","personnage de fiction"
"Q15296811","dessinateur ou dessinatrice"
"Q122968217","humorous cartoonist"
"Q1072363","directeur ou directrice"
"Q49176591","responsable des relations publiques"
"Q735","art"
"Q838948","œuvre d’art"
"Q3621491","archéologue"
"Q2066131","athlète"
"Q18536342","joueur professionnel ou joueuse professionnelle"
"Q1331793","entreprise médiatique"
"Q104649845","organisation cinématographique"
"Q639669","musicien ou musicienne"
"Q482980","auteur ou autrice"
"Q1402561","chef militaire"
"Q3885739","organe monocratique"
"Q524778","commissaire"
"Q14212","Premier ou Première ministre"
"Q80687","secrétaire"
"Q852661","adjudant"
"Q23835475","assistant"
"Q4991371","soldat"
"Q43845","personnalité du monde des affaires"
"Q15143191","vulgarisateur ou vulgarisatrice scientifique"
"Q6949149","humanoïde mythique"
"Q3249551","processus"
"Q4116214","comptabilité"
"Q1097498","dirigeant"
"Q116","monarque"
"Q2730732","cavalier"
"Q82955","personnalité politique"
"Q212238","fonctionnaire"
"Q1917775","éditeur musical"
"Q974144","éducateur ou éducatrice"
"Q212238","fonctionnaire"
"Q82955","personnalité politique"
"Q170790","mathématicien ou mathématicienne"
"Q599151","haut fonctionnaire ou haute fonctionnaire"
"Q82955","personnalité politique"
"Q978044","cadre dirigeant ou cadre dirigeante"
"Q201788","historien ou historienne"
"Q3332438","médecin spécialiste"
"Q207978","consul"
"Q3406858","professionnel du cinéma"
"Q23835475","assistant"
"Q11986654","lobbyiste"
"Q2159907","criminel ou criminelle"
"Q101935","huguenots"
"Q29017603","maîtrise"
"Q1323191","costumier ou costumière"
"Q15980158","auteur ou autrice de non-fiction"
"Q15143191","vulgarisateur ou vulgarisatrice scientifique"
"Q36180","écrivain ou écrivaine"
"Q2374149","botaniste"
"Q3368718","pathologiste"
"Q36180","écrivain ou écrivaine"
"Q121594","professeur"
"Q11024","communication"
"Q1930187","journaliste"
"Q6051619","publiciste"
"Q852857","travailleur ou travailleuse du sexe"
"Q156839","cuisinier ou cuisinière"
"Q327029","mécanicien"
"Q864503","biologiste"
"Q486839","parlementaire"
"Q5583669","ambassadeur de bonne volonté"
"Q30339659","motorsports competitor"
"Q23640580","conducteur de véhicule"
"Q15980158","auteur ou autrice de non-fiction"
"Q931260","meurtrier ou meurtrière"
"Q5157565","professionnel de l'informatique"
"Q102083","chevalier"
"Q2095549","aviateur ou aviatrice"
"Q777952","instructeur"
"Q6060450","parachutiste"
"Q113298146","pompier forestier"
"Q107711","pompier ou pompière"
"Q703534","salarié"
"Q1190554","occurrence"
"Q837556","migration forcée"
"Q186361","châtiment"
"Q131512","agriculteur ou agricultrice"
"Q186360","infirmière ou infirmier"
"Q47064","militaire"
"Q2374149","botaniste"
"Q15839134","écologue"
"Q40348","avocat ou avocate"
"Q11424604","géoscientifique"
"Q189290","officier"
"Q2054507","commandant"
"Q2066131","athlète"
"Q18536342","joueur professionnel ou joueuse professionnelle"
"Q482980","auteur ou autrice"
"Q41546637","wikimédien ou wikimédienne"
"Q15980804","professionnel des médias"
"Q12794619","propriétaire de biens"
"Q852998","partie prenante"
"Q4164871","fonction"
"Q215627","personne"
"Q1934684","personne au foyer"
"Q16883812","Stay-at-home parent"
"Q36180","écrivain ou écrivaine"
"Q3796928","government employee"
"Q1757970","elder"
"Q1250916","guerrier"
"Q189290","officier"
"Q787557","saxhorn"
"Q30185","maire"
"Q132050","gouverneur"
"Q599151","haut fonctionnaire ou haute fonctionnaire"
"Q177220","chanteur ou chanteuse"
"Q16029547","biathlète"
"Q47064","militaire"
"Q19801627","skieur ou skieuse alpiniste"
"Q188094","économiste"
"Q876864","conseiller ou conseillère de rédaction"
"Q27349","dentiste"
"Q1622925","court appointment"
"Q6503343","agent de la force publique"
"Q8187769","activité économique"
"Q48282","étudiant ou étudiante"
"Q56314891","historiographe"
"Q599151","haut fonctionnaire ou haute fonctionnaire"
"Q18670161","mascotte"
"Q1792372","personnage"
"Q106586219","Japanese folk music"
"Q685884","musique vocale"
"Q4351403","percussionniste"
"Q108614246","zoologiste des invertébrés"
"Q350979","zoologiste"
"Q12097","roi"
"Q1563199","souverain chinois"
"Q739302","production"
"Q119822504","technical activity"
"Q11398090","création"
"Q2478141","aristocrate"
"Q43845","personnalité du monde des affaires"
"Q1866686","plongeur"
"Q1391083","travailleur qualifié"
"Q108289673","other craft and related workers"
"Q11338576","boxeur"
"Q1294787","artisan"
"Q2588761","travailleur qualifié ou travailleuse qualifiée"
"Q656720","atelier"
"Q20852","slam"
"Q476300","compétition"
"Q2066131","athlète"
"Q18536342","joueur professionnel ou joueuse professionnelle"
"Q91143339","transportation worker"
"Q838089","lutte"
"Q212434","sport olympique"
"Q1104153","chanoine"
"Q16827718","confesseur"
"Q5352191","technicien ou technicienne"
"Q5352191","technicien ou technicienne"
"Q116","monarque"
"Q6491450","intendant"
"Q60687737","intendant ou intendante"
"Q79044120","theatre maker"
"Q6491450","intendant"
"Q4504549","religieux"
"Q1734493","plucked string instrument maker"
"Q94296450","fabricant d'instrument à clavier"
"Q8187769","activité économique"
"Q9367329","urząd ziemski"
"Q189010","notaire"
"Q1072363","directeur ou directrice"
"Q639669","musicien ou musicienne"
"Q482980","auteur ou autrice"
"Q47541952","producteur ou productrice artistique"
"Q2462658","manager"
"Q29182","évêque"
"Q57735705","personnalité liée au droit"
"Q9352089","espion ou espionne"
"Q688576","conseiller ou conseillère fiscale"
"Q16868721","carcinologiste"
"Q58371759","registraire"
"Q3779582","microbiologiste"
"Q2374149","botaniste"
"Q3391743","artiste visuel ou artiste visuelle"
"Q1294787","artisan"
"Q9149093","alpiniste"
"Q86135347","grimpeur"
"Q156839","cuisinier ou cuisinière"
"Q593644","chimiste"
"Q546113","politique publique"
"Q11974939","professionnel ou professionnelle de la santé"
"Q178197","mercenaire"
"Q1028181","peintre"
"Q3375722","personnage de théâtre"
"Q44508716","personnalité de l'audiovisuel"
"Q175151","imprimeur"
"Q5352191","technicien ou technicienne"
"Q12304425","bromatologue"
"Q12376667","technologue"
"Q349843","profession paramédicale"
"Q2031939","orthoprothésiste"
"Q1424605","opérateur de marché"
"Q4688043","trapéziste"
"Q916292","scribe"
"Q39631","médecin"
"Q47064","militaire"
"Q1274333","valletta"
"Q12803959","coureur à pied"
"Q1414443","cinéaste"
"Q1146843","anachorète"
"Q12774503","vénérable"
"Q97722084","moine chrétien oriental"
"Q3391743","artiste visuel ou artiste visuelle"
"Q109120482","aviculturist"
"Q185351","juriste"
"Q15987302","profession juridique"
"Q189533","grade universitaire"
"Q1328323","fonctionnaire"
"Q17504992","historien social"
"Q486839","parlementaire"
"Q16060143","élu ou élue"
"Q1323528","marketing numérique"
"Q4164871","fonction"
"Q15978655","consultant ou consultante"
"Q1340643","maître d’œuvre"
"Q47064","militaire"
"Q805221","danseur ou danseuse classique"
"Q2393450","dance studies"
"Q20778343","magistrat romain"
"Q113129019","sciences cliniques"
"Q11124885","pratiquant d'arts martiaux"
"Q36834","compositeur ou compositrice"
"Q1643514","arrangeur ou arrangeuse musical"
"Q3922505","DJ producer"
"Q175151","imprimeur"
"Q998550","libraire"
"Q47064","militaire"
"Q2095549","aviateur ou aviatrice"
"Q7541856","céramiste"
"Q28640","profession"
"Q15301511","peintre de vases"
"Q18576582","métallurgiste"
"Q108290599","pre-press technicians"
"Q3766177",NULL
"Q8246794","blogueur ou blogueuse"
"Q18651180","uploader"
"Q118371929","vidéaste web"
"Q112684029","Services juridiques de l'État"
"Q189290","officier"
"Q98785806","health officer"
"Q11974939","professionnel ou professionnelle de la santé"
"Q203184","première dame"
"Q599151","haut fonctionnaire ou haute fonctionnaire"
"Q10547393","personnalité politique locale"
"Q47064","militaire"
"Q108290507","building caretakers"
"Q63187345","occupation religieuse"
"Q65982613","donneur d'organe"
"Q42603","prêtre"
"Q1234713","théologien ou théologienne"
"Q214339","rôle social"
"Q4270517","skieur ou skieuse"
"Q1404101","fellow"
"Q174834","autorité"
"Q294414","fonction publique"
"Q10547393","personnalité politique locale"
"Q30185","maire"
"Q30185","maire"
"Q116783387","head of a city"
"Q15253558","militant ou militante"
"Q775318","internaute"
"Q65720209","hobbyist"
"Q24716636","bénévole"
"Q115460164","Internet user"
"Q50995749","personnalité liée au sport"
"Q1781513","position"
"Q61747890","joueur de jeu de l'esprit"
"Q7867","psychiatrie"
"Q9418","psychologie"
"Q6430706","critique"
"Q20020377","critique culturel"
"Q3274496","machiniste"
"Q1208175","cadreur"
"Q19631939","court rank"
"Q29325697","personne sans-abri"
"Q1709010","ingénieur logiciel"
"Q212071","recteur ou rectrice"
"Q520549","géologue"
"Q2418068","diak"
"Q996839","fraternité"
"Q19631939","court rank"
"Q82955","personnalité politique"
"Q108289363","membres des corps législatifs et cadres supérieurs de l’administration publique"
"Q1650915","chercheur ou chercheuse"
"Q15980804","professionnel des médias"
"Q1423891","ministre du culte"
"Q864503","biologiste"
"Q1472062","communication à distance"
"Q43845","personnalité du monde des affaires"
"Q177220","chanteur ou chanteuse"
"Q1370540","Akyn"
"Q160117","courtier"
"Q1424605","opérateur de marché"
"Q3400985","universitaire"
"Q1569495","chargé ou chargée de cours"
"Q2462658","manager"
"Q901","scientifique"
"Q3400985","universitaire"
"Q177220","chanteur ou chanteuse"
"Q2066131","athlète"
"Q937283","pionnier"
"Q830077","sujet"
"Q215627","personne"
"Q56027890","political staffer"
"Q483501","artiste"
"Q7991","science de la nature"
"Q15243077","ordres mineurs"
"Q105898711","zoologiste des vertébrés"
"Q105899379","biologiste aquatique"
"Q11710359","hydrobiologiste"
"Q3250324","adjoint"
"Q61022630","officer"
"Q599151","haut fonctionnaire ou haute fonctionnaire"
"Q19831149","théoricien ou théoricienne du complot"
"Q215627","personne"
"Q1789452","critère"
"Q6386271","expert médiatique"
"Q1930187","journaliste"
"Q6430706","critique"
"Q1076502","chef ou cheffe de chœur"
"Q2462658","manager"
"Q838811","paysan"
"Q352388","conducteur"
"Q2374149","botaniste"
"Q329439","graveur ou graveuse sur métal"
"Q315247","étudiant ou étudiante à l'université"
"Q12859263","orateur ou oratrice"
"Q100742049","conférencier"
"Q36180","écrivain ou écrivaine"
"Q1930187","journaliste"
"Q36834","compositeur ou compositrice"
"Q639669","musicien ou musicienne"
"Q674426","conservateur ou conservatrice de musée"
"Q47090899","professionnel des musées"
"Q43115","saint ou sainte"
"Q201788","historien ou historienne"
"Q41583","entraîneur sportif"
"Q41583","entraîneur sportif"
"Q15980158","auteur ou autrice de non-fiction"
"Q12806039","théoricien ou théoricienne militaire"
"Q974144","éducateur ou éducatrice"
"Q41583","entraîneur sportif"
"Q2312637","professeur d'éducation physique et sportive"
"Q82955","personnalité politique"
"Q12059906","gardien de troupeau"
"Q2588761","travailleur qualifié ou travailleuse qualifiée"
"Q337979","sport de puissance"
"Q7128792","sport de combat"
"Q15041854","combat rapproché"
"Q212434","sport olympique"
"Q1650915","chercheur ou chercheuse"
"Q8008","sciences de la Terre"
"Q1071","géographie"
"Q11661","technologie de l'information"
"Q65757353","transformation"
"Q57814795","mammifère domestique"
"Q2259532","clerc"
"Q6430706","critique"
"Q17167049","spécialiste de la littérature"
"Q10650082","chroniqueur"
"Q29881694","thérapeute alternatif"
"Q2518689","guérisseur"
"Q20965770","pratiquant de sports d'hiver"
"Q2066131","athlète"
"Q24334685","entité mythique"
"Q115537581","personnage imaginaire"
"Q21070598","personnage peut-être fictionnel"
"Q212238","fonctionnaire"
"Q1414937","combattant"
"Q47740","musulman ou musulmane"
"Q2159907","criminel ou criminelle"
"Q931260","meurtrier ou meurtrière"
"Q1255921","président ou présidente"
"Q484876","directeur général ou directrice générale"
"Q50995749","personnalité liée au sport"
"Q108290302","manufacturing manager"
"Q17573152","croyant ou croyante"
"Q723682","doyen"
"Q11499147","militant ou militante politique"
"Q8359428","militant social"
"Q37226","enseignant ou enseignante"
"Q1930187","journaliste"
"Q132050","gouverneur"
"Q17765219","administrateur colonial ou administratrice coloniale"
"Q5322166","designer"
"Q255274","col blanc"
"Q11072804","ensemble musical composé uniquement d'instruments"
"Q32178211","organisation musicale"
"Q16271261","malacologiste"
"Q420","biologie"
"Q1066186","histoire"
"Q758780","jardinier"
"Q483501","artiste"
"Q47064","militaire"
"Q4504549","religieux"
"Q12859263","orateur ou oratrice"
"Q81096","ingénieur ou ingénieure"
"Q1072363","directeur ou directrice"
"Q112598603","data professional"
"Q2304859","souverain"
"Q1250916","guerrier"
"Q384593","policier ou policière"
"Q1423891","ministre du culte"
"Q20643955","personnage humain de la Bible"
"Q116112084","follower"
"Q27752","études autochtones"
"Q1979607","financier"
"Q82955","personnalité politique"
"Q806798","banquier"
"Q29182","évêque"
"Q611644","évêque catholique"
"Q108800700","évêque démissionnaire"
"Q1278335","instrumentiste"
"Q2066131","athlète"
"Q18536342","joueur professionnel ou joueuse professionnelle"
"Q28640","profession"
"Q43845","personnalité du monde des affaires"
"Q16334295","groupe d'humains"
"Q43229","organisation"
"Q895526","organe"
"Q16334295","groupe d'humains"
"Q43845","personnalité du monde des affaires"
"Q28640","profession"
"Q1136974","modèle"
"Q593644","chimiste"
"Q12328016","mystique"
"Q106039","chrétien ou chrétienne"
"Q108283784","numerical clerk"
"Q1078096","aide-soignant"
"Q112129323","care worker"
"Q108290690","weaving and knitting machine operators"
"Q2588761","travailleur qualifié ou travailleuse qualifiée"
"Q66035178","travailleur du textile"
"Q11488158","titre d'entreprise"
"Q21281706","administrateur académique"
"Q1255921","président ou présidente"
"Q828803","titre professionnel"
"Q108399377","university chief executive"
"Q43115","saint ou sainte"
"Q105186","pharmacien"
"Q5276395","gamer"
"Q820037","mineur"
"Q108286992","business and administration professionals"
"Q21166956","luthiste"
"Q4926655","blind musician"
"Q854997","moine bouddhiste"
"Q15686806","sénateur ou sénatrice"
"Q17279032","charge élective"
"Q37226","enseignant ou enseignante"
"Q36180","écrivain ou écrivaine"
"Q250867","prêtre catholique"
"Q16533","juge"
"Q193364","vicaire"
"Q69945363","conseiller"
"Q48352","chef d'État"
"Q116","monarque"
"Q12803959","coureur à pied"
"Q1292119","style"
"Q1792644","style artistique"
"Q1511216","courtisan"
"Q10726370","procureur d'État"
"Q40348","avocat ou avocate"
"Q755070","narrateur"
"Q28640","profession"
"Q1885941","personnalité médiatique"
"Q106261231","personnalité liée à cet événement"
"Q114919269","Fernsehschaffender"
"Q47064","militaire"
"Q5184855","membre d'équipage"
"Q593644","chimiste"
"Q3332438","médecin spécialiste"
"Q105570105","pharmaceutical scientist"
"Q352388","conducteur"
"Q2993098","maréchal de la noblesse"
"Q17279032","charge élective"
"Q674426","conservateur ou conservatrice de musée"
"Q175151","imprimeur"
"Q2500638","créateur ou créatrice"
"Q294414","fonction publique"
"Q483501","artiste"
"Q1028181","peintre"
"Q6138343","sculpteur sur bois"
"Q211423","orfèvre"
"Q1281618","sculpteur ou sculptrice"
"Q7541856","céramiste"
"Q47458415","imager"
"Q2399383","science technician"
"Q639669","musicien ou musicienne"
"Q47064","militaire"
"Q5322166","designer"
"Q1208175","cadreur"
"Q1414443","cinéaste"
"Q4991371","soldat"
"Q133485","rabbin"
"Q762707","luthier"
"Q193057","forgeage"
"Q631931","arts décoratifs"
"Q11204681","forge"
"Q2138822","clerc régulier"
"Q974144","éducateur ou éducatrice"
"Q105200154","clerc catholique romain"
"Q548320","frère"
"Q17573152","croyant ou croyante"
"Q781132","arme"
"Q20749395","naval unit"
"Q37226","enseignant ou enseignante"
"Q15991187","grammairien"
"Q201788","historien ou historienne"
"Q7497908","équipage"
"Q16402890","joueur de dames"
"Q33231","photographe"
"Q2045208","célébrité d'internet"
"Q8246794","blogueur ou blogueuse"
"Q110990999","instagrammeur ou instagrammeuse"
"Q250867","prêtre catholique"
"Q110042402","ancient Near Eastern scholar"
"Q39809","marketing"
"Q2920921","management"
"Q3332438","médecin spécialiste"
"Q864503","biologiste"
"Q15924224","médecin interniste"
"Q3665646","basketteur"
"Q114414171","para-athlete"
"Q37226","enseignant ou enseignante"
"Q49757","poète ou poétesse"
"Q36180","écrivain ou écrivaine"
"Q1933595","hijacking"
"Q1097498","dirigeant"
"Q193291","esprit"
"Q239872","mort-vivant"
"Q28855038","créature surnaturelle"
"Q215627","personne"
"Q132050","gouverneur"
"Q11438","matière solide"
"Q2424752","produit"
"Q214609","matériau"
"Q2695280","technique"
"Q12552047","Lord"
"Q2994387","conseiller ou conseillère"
"Q6817463","mental health counselor"
"Q208762","chapelain"
"Q1259323","chef de tribu"
"Q5449702","crime financier"
"Q28813","fraude"
"Q1772449","Vermögensdelikt"
"Q2292993","méthode de dessin"
"Q15253558","militant ou militante"
"Q897317","viticulteur"
"Q21771805","viniculteur"
"Q7140693","associé"
"Q2462658","manager"
"Q806718","système bancaire"
"Q352388","conducteur"
"Q1255921","président ou présidente"
"Q15978655","consultant ou consultante"
"Q4479442","fondateur"
"Q978044","cadre dirigeant ou cadre dirigeante"
"Q9208267","subjective wellbeing"
"Q185351","juriste"
"Q110242307","councillor"
"Q1066186","histoire"
"Q5","être humain"
"Q4897819","rôle"
"Q39631","médecin"
"Q713540","femme de réconfort"
"Q46076028","victime de crime de guerre"
"Q13615267","informer collaborator"
"Q27943370","personnalité du monde de la mode"
"Q14467526","linguiste"
"Q810447","basse"
"Q6607","guitare"
"Q189533","grade universitaire"
"Q206887","civil"
"Q974144","éducateur ou éducatrice"
"Q1144278","évêque diocésain"
"Q93479414","évêque anglican"
"Q62662439","déclaration"
"Q1194951","équipe nationale"
"Q13393265","équipe de basket-ball"
"Q45045","simulation de phénomènes"
"Q7309098","musique régionale mexicaine"
"Q327055","travailleur ou travailleuse"
"Q978044","cadre dirigeant ou cadre dirigeante"
"Q713200","artiste interprète"
"Q33999","acteur ou actrice"
"Q599151","haut fonctionnaire ou haute fonctionnaire"
"Q3455803","réalisateur ou réalisatrice"
"Q14915751","prostitué ou prostituée"
"Q2159907","criminel ou criminelle"
"Q41583","entraîneur sportif"
"Q8011071","dresseur"
"Q738142","commis"
"Q5062052","administration centrale"
"Q861455","administration de l'éducation"
"Q12737077","activité"
"Q2449921","professeur d'art dramatique"
"Q33999","acteur ou actrice"
"Q1776724","manager de théâtre"
"Q4773904","anthropologue"
"Q255274","col blanc"
"Q11348","fonction"
"Q24571167","litigant"
"Q11957145","acrobate"
"Q17307272","artiste de cirque"
"Q12754227","criminalité"
"Q15911314","association"
"Q4430243","organisation sociale"
"Q1788992","organisation criminelle"
"Q2159907","criminel ou criminelle"
"Q1552832","budoka"
"Q1875615","aircraft operator"
"Q373021","aircrew member"
"Q10694573","artiste textile"
"Q1294787","artisan"
"Q6138343","sculpteur sur bois"
"Q1840507","sculpteur sur bois ou autre matériau  naturel"
"Q1281618","sculpteur ou sculptrice"
"Q479867","adel"
"Q16004492","ésotériste"
"Q16004471","kayakiste"
"Q1294787","artisan"
"Q11569986","graveur ou graveuse d'estampes"
"Q653368","procureur de district"
"Q1250916","guerrier"
"Q703534","salarié"
"Q1791716","domaine militaire"
"Q2815948","architecte paysagiste"
"Q15432439","concepteur de jardins"
"Q63755505","employé des entreprises publiques"
"Q854201","maire d'arrondissement"
"Q5716684","danseur ou danseuse"
"Q874405","groupe social"
"Q110558466","interface"
"Q386724","œuvre"
"Q1650915","chercheur ou chercheuse"
"Q3516872","techniques de biologie moléculaire"
"Q4751159","technique analytique"
"Q1938980","contrevenant ou contrevenante"
"Q11499147","militant ou militante politique"
"Q47064","militaire"
"Q2342494","objet de collection"
"Q2424752","produit"
"Q43412","apôtre"
"Q54128","domestique"
"Q108759290","non-biological mother"
"Q66363648","mère biologique"
"Q4793045","combat arm"
"Q5352191","technicien ou technicienne"
"Q181600","patient"
"Q181600","patient"
"Q6817461","patient psychiatrique"
"Q3286043","mannequin de charme"
"Q4610556","mannequin"
"Q133485","rabbin"
"Q1278335","instrumentiste"
"Q4459228","production de biens et de services"
"Q94297215","percussion instrument maker"
"Q12031226","fondeur ou fondeuse"
"Q838566","forgeron ou forgeronne"
"Q656720","atelier"
"Q27658988","participant à une émission de téléréalité"
"Q5403434","éthicien ou éthicienne"
"Q21166956","luthiste"
"Q1281618","sculpteur ou sculptrice"
"Q44828747","liturgical artist"
"Q6138343","sculpteur sur bois"
"Q2462658","manager"
"Q736559","secrétaire d'État"
"Q1255921","président ou présidente"
"Q20873384","historien ou historienne de l'Antiquité classique"
"Q3621491","archéologue"
"Q2374149","botaniste"
"Q41583","entraîneur sportif"
"Q212238","fonctionnaire"
"Q19829990","bibliste"
"Q15962340","théoricien ou théoricienne de la littérature"
"Q14467526","linguiste"
"Q36180","écrivain ou écrivaine"
"Q3391743","artiste visuel ou artiste visuelle"
"Q114900488","build tool"
"Q4117406","implémentation d'un langage de programmation"
"Q1114478","postulant"
"Q1068293","Upāsaka"
"Q34074720","féministe"
"Q12961474","anarchiste"
"Q16021386","ingénieur forestier"
"Q201788","historien ou historienne"
"Q13418253","philologue"
"Q1731155","orientaliste"
"Q5121550","érudit du judaïsme"
"Q116236620","Torah researcher"
"Q15980804","professionnel des médias"
"Q131524","entrepreneur ou entrepreneuse"
"Q45199","marin"
"Q254651","navigateur ou navigatrice"
"Q2961975","chef ou cheffe d'entreprise"
"Q81096","ingénieur ou ingénieure"
"Q2066131","athlète"
"Q45199","marin"
"Q7923730","veterinary specialist"
"Q15319501","chercheur ou chercheuse en sciences sociales"
"Q3071477","fidèle"
"Q99521706","théiste"
"Q48352","chef d'État"
"Q1097498","dirigeant"
"Q1238570","politologue"
"Q15253558","militant ou militante"
"Q51954785","biogéographe"
"Q2374149","botaniste"
"Q34074720","féministe"
"Q3578589","écologiste"
"Q200538","fête"
"Q633730","archidiacre"
"Q5322166","designer"
"Q939616","service secret"
"Q121548474","intelligence organization"
"Q2416217","troupe de théâtre"
"Q105815710","groupe des arts du spectacle"
"Q82955","personnalité politique"
"Q7247847","équipe de production"
"Q253567","apprenti ou apprentie"
"Q1797162","directeur ou directrice artistique"
"Q39631","médecin"
"Q212238","fonctionnaire"
"Q188094","économiste"
"Q18931911","théoricien ou théoricienne"
"Q96926345","business scholar"
"Q83307","ministre"
"Q2462658","manager"
"Q16533","juge"
"Q40348","avocat ou avocate"
"Q212238","fonctionnaire"
"Q202883","vétérinaire"
"Q3796928","government employee"
"Q1162163","directeur ou directrice"
"Q2055046","physiologiste"
"Q2259451","acteur ou actrice de théâtre"
"Q7725634","œuvre littéraire"
"Q706835","mécanicien automobile"
"Q11448873","apprenant"
"Q2500638","créateur ou créatrice"
"Q1414937","combattant"
"Q12569864","entité économique"
"Q155076","personne morale"
"Q43229","organisation"
"Q2500638","créateur ou créatrice"
"Q81096","ingénieur ou ingénieure"
"Q2267418","ingénieur industriel"
"Q81096","ingénieur ou ingénieure"
"Q372436","homme d'État"
"Q294414","fonction publique"
"Q1251441","responsable"
"Q112598603","data professional"
"Q1930187","journaliste"
"Q483501","artiste"
"Q17291399","membre d'équipe de cinéma"
"Q194253","évangélisme"
"Q3425524","Christianisme charismatique"
"Q54967928","freight handler"
"Q121903869","baggage handler"
"Q931260","meurtrier ou meurtrière"
"Q29352392","maître spirituel"
"Q15995642","chef religieux"
"Q3501317","modéliste"
"Q2034021","couturier ou couturière"
"Q66491138","fogde"
"Q6503343","agent de la force publique"
"Q294414","fonction publique"
"Q1072363","directeur ou directrice"
"Q25713832","dirigeant ou dirigeante"
"Q203184","première dame"
"Q702269","professionnel ou professionnelle"
"Q36180","écrivain ou écrivaine"
"Q215627","personne"
"Q639669","musicien ou musicienne"
"Q115246813","plucked instrument player"
"Q1234713","théologien ou théologienne"
"Q849424","capitaine de navire"
"Q2234405","adjudicator"
"Q21028040","Instrument aratoire"
"Q41583","entraîneur sportif"
"Q611644","évêque catholique"
"Q49476","archevêque"
"Q1075651","claviériste"
"Q4175034","législateur ou législatrice"
"Q9200127","membre"
"Q8359428","militant social"
"Q80687","secrétaire"
"Q133485","rabbin"
"Q2216340","orfèvre spécialisé dans le travail de l'argent"
"Q36180","écrivain ou écrivaine"
"Q192581","travail"
"Q10800557","acteur ou actrice de cinéma"
"Q852857","travailleur ou travailleuse du sexe"
"Q1103285","maison de club"
"Q16831714","bâtiment gouvernemental"
"Q177220","chanteur ou chanteuse"
"Q753110","auteur-compositeur ou autrice-compositrice"
"Q1072363","directeur ou directrice"
"Q8359428","militant social"
"Q1377029","études européennes"
"Q37226","enseignant ou enseignante"
"Q7569","enfant"
"Q48282","étudiant ou étudiante"
"Q11448873","apprenant"
"Q352388","conducteur"
"Q243606","design industriel"
"Q5259404","profession paramédicale du secteur dentaire"
"Q170790","mathématicien ou mathématicienne"
"Q11303721","golfeur"
"Q212238","fonctionnaire"
"Q178816","bariste"
"Q4164871","fonction"
"Q901","scientifique"
"Q864503","biologiste"
"Q15401884","chercheur médical"
"Q779458","ascète"
"Q29182","évêque"
"Q978044","cadre dirigeant ou cadre dirigeante"
"Q4178004","attaché de presse"
"Q13636225","Finno-Ugrist"
"Q17135920","expert interdisciplinaire d'une région géographique"
"Q34749","sciences sociales"
"Q17737","théorie"
"Q1251441","responsable"
"Q2159907","criminel ou criminelle"
"Q29182","évêque"
"Q112074151","head of a diocese"
"Q2066131","athlète"
"Q52008310","scoring official"
"Q188989","aquaculture"
"Q14373","pêche"
"Q2462658","manager"
"Q3315492","ministère ecclésiastique"
"Q109286452","dean"
"Q16727193","scientifique de l'esprit"
"Q696776","gérant municipal"
"Q189290","officier"
"Q11085831","interprète"
"Q1419997","responsable événementiel"
"Q3055126","entomologiste"
"Q36180","écrivain ou écrivaine"
"Q102039658","évêque catholique romain"
"Q1144278","évêque diocésain"
"Q1638918","ordinaire"
"Q13426709","suffragant"
"Q2738074","mouvement politique"
"Q2198855","mouvement culturel"
"Q12909644","idéologie politique"
"Q19361455","sémitologue"
"Q5121550","érudit du judaïsme"
"Q1932461","migrant"
"Q212238","fonctionnaire"
"Q1294787","artisan"
"Q2259532","clerc"
"Q1221060","service occupation"
"Q47064","militaire"
"Q974144","éducateur ou éducatrice"
"Q45684","direction spirituelle"
"Q854979","bhikkhuni"
"Q854997","moine bouddhiste"
"Q15973695","journaliste politique"
"Q1607826","éditeur ou éditrice"
"Q4164871","fonction"
"Q831474","prêtre chrétien"
"Q11247470","commandant"
"Q2066131","athlète"
"Q43845","personnalité du monde des affaires"
"Q12794619","propriétaire de biens"
"Q131524","entrepreneur ou entrepreneuse"
"Q66491138","fogde"
"Q4594605","magistrat ou magistrate"
"Q1478218","avocat général ou avocate générale"
"Q121770261","occupational activity"
"Q1414937","combattant"
"Q212948","partisan"
"Q7621877","stratège"
"Q41583","entraîneur sportif"
"Q611644","évêque catholique"
"Q465501","cascadeur ou cascadeuse"
"Q177220","chanteur ou chanteuse"
"Q64005969","calypso musician"
"Q124020978","roller athlete"
"Q8125919","conseiller politique"
"Q5276395","gamer"
"Q57414145","streameur"
"Q138858","personne du monde du divertissement"
"Q15253558","militant ou militante"
"Q12718299","sioniste"
"Q2305417","inspecteur général"
"Q650012","ingénieur des ponts et chaussées"
"Q6817473","professionnel ou professionnelle de la santé mentale"
"Q211346","psychiatre"
"Q1028181","peintre"
"Q1294787","artisan"
"Q102039658","évêque catholique romain"
"Q1144278","évêque diocésain"
"Q13426709","suffragant"
"Q1638918","ordinaire"
"Q15976341","slaviste"
"Q10669499","officier de marine"
"Q163500","capitaine de vaisseau"
"Q7019111","travailleur social"
"Q49389","tourisme"
"Q1139055","receveur des finances"
"Q55960658","administrateur"
"Q1979607","financier"
"Q3332438","médecin spécialiste"
"Q33999","acteur ou actrice"
"Q2421951","care"
"Q29584148","Activités indifférenciées des ménages en tant que producteurs de services pour usage propre"
"Q2994387","conseiller ou conseillère"
"Q17135920","expert interdisciplinaire d'une région géographique"
"Q2328828","stagehand"
"Q1104153","chanoine"
"Q168796","spiritualité"
"Q65090101","Catholic culture"
"Q1363963","stratégie marketing"
"Q1761818","campagne publicitaire"
"Q17763739","ministre de la Justice"
"Q119013399","ministre de Hongrois"
"Q12713481","ouvrier"
"Q19261760","profession agricole"
"Q1329623","centre culturel"
"Q77115","centre communautaire"
"Q1760141","technicien de surface"
"Q41583","entraîneur sportif"
"Q1996635","opticien-lunetier"
"Q1424605","opérateur de marché"
"Q19801630","gendarme"
"Q11633","photographie"
"Q388338","trésorier"
"Q208762","chapelain"
"Q7886765","organisateur syndical"
"Q483501","artiste"
"Q998550","libraire"
"Q187865","antiquaire"
"Q97621558","militant en faveur de la tempérance"
"Q212071","recteur ou rectrice"
"Q22813352","voyageur ou voyageuse"
"Q54128","domestique"
"Q108326249","heavy truck and lorry drivers"
"Q294414","fonction publique"
"Q486972","localité"
"Q15642541","entité territoriale géographique humaine"
"Q21550355","complexe agricole"
"Q593644","chimiste"
"Q37226","enseignant ou enseignante"
"Q2306091","sociologue"
"Q1162163","directeur ou directrice"
"Q101248873","föreståndare"
"Q10331372","maquettiste"
"Q1072363","directeur ou directrice"
"Q3486937","personnel médical"
"Q1072363","directeur ou directrice"
"Q2994387","conseiller ou conseillère"
"Q1072363","directeur ou directrice"
"Q36180","écrivain ou écrivaine"
"Q1607826","éditeur ou éditrice"
"Q2500638","créateur ou créatrice"
"Q1072363","directeur ou directrice"
"Q81096","ingénieur ou ingénieure"
"Q1072363","directeur ou directrice"
"Q7063944","cheminot"
"Q215627","personne"
"Q186360","infirmière ou infirmier"
"Q108290302","manufacturing manager"
"Q3621491","archéologue"
"Q82594","informaticien ou informaticienne"
"Q384593","policier ou policière"
"Q11424604","géoscientifique"
"Q811111","construction officer"
"Q738142","commis"
"Q212238","fonctionnaire"
"Q33394058","travailleur manuel"
"Q1340643","maître d’œuvre"
"Q212238","fonctionnaire"
"Q45199","marin"
"Q22811707","décorateur"
"Q98084799","photographe professionnel"
"Q50995749","personnalité liée au sport"
"Q2095549","aviateur ou aviatrice"
"Q2066131","athlète"
"Q201788","historien ou historienne"
"Q201788","historien ou historienne"
"Q755070","narrateur"
"Q4164871","fonction"
"Q19476593","grade de la police"
"Q22336956","humanitaire"
"Q483501","artiste"
"Q27532437","suffragiste"
"Q36180","écrivain ou écrivaine"
"Q15980158","auteur ou autrice de non-fiction"
"Q2919189","ouvreuse"
"Q7501153","commerçant"
"Q4270517","skieur ou skieuse"
"Q9352089","espion ou espionne"
"Q1731155","orientaliste"
"Q19829980","scientifique des religions"
"Q432386","prédicateur"
"Q1622659","hockey"
"Q216048","sport d'équipe"
"Q2369170","sport sous-marin"
"Q1054726","contrat de vente"
"Q11190","médecine"
"Q215627","personne"
"Q2874441","avocat ou avocate de la défense"
"Q212238","fonctionnaire"
"Q4164871","fonction"
"Q80687","secrétaire"
"Q1622272","professeur ou professeure d'université"
"Q5428874","personnel académique"
"Q20481199","coordinateur"
"Q3332438","médecin spécialiste"
"Q215536","commerçant"
"Q108614246","zoologiste des invertébrés"
"Q177220","chanteur ou chanteuse"
"Q41583","entraîneur sportif"
"Q41583","entraîneur sportif"
"Q855091","guitariste"
"Q294414","fonction publique"
"Q115484611","musique"
"Q60548032","humour"
"Q1294787","artisan"
"Q1162163","directeur ou directrice"
"Q11513337","athlète"
"Q114414171","para-athlete"
"Q11513337","athlète"
"Q131512","agriculteur ou agricultrice"
"Q1622272","professeur ou professeure d'université"
"Q553079","aidant"
"Q106645134","companion"
"Q28640","profession"
"Q170790","mathématicien ou mathématicienne"
"Q82594","informaticien ou informaticienne"
"Q702269","professionnel ou professionnelle"
"Q12377291","censeur"
"Q703534","salarié"
"Q106039","chrétien ou chrétienne"
"Q39631","médecin"
"Q201788","historien ou historienne"
"Q27019785","competitor"
"Q24716636","bénévole"
"Q211236","célébrité"
"Q214092","mécénaterie"
"Q15987302","profession juridique"
"Q3114821","grand prêtre"
"Q728973","cohen"
"Q15995642","chef religieux"
"Q1278335","instrumentiste"
"Q1294787","artisan"
"Q40348","avocat ou avocate"
"Q564612","directeur juridique"
"Q41583","entraîneur sportif"
"Q3621491","archéologue"
"Q138858","personne du monde du divertissement"
"Q18810149","sténographe"
"Q81096","ingénieur ou ingénieure"
"Q901402","géographe"
"Q5446967","agent de terrain"
"Q113666166","éleveur ou éleveuse de bovins"
"Q12059906","gardien de troupeau"
"Q131512","agriculteur ou agricultrice"
"Q28640","profession"
"Q1278335","instrumentiste"
"Q327055","travailleur ou travailleuse"
"Q23640580","conducteur de véhicule"
"Q7725634","œuvre littéraire"
"Q482","poésie"
"Q294414","fonction publique"
"Q30185","maire"
"Q2135469","conseiller juridique"
"Q160117","courtier"
"Q901402","géographe"
"Q864503","biologiste"
"Q901","scientifique"
"Q202648","arbitre sportif ou arbitre sportive"
"Q52008310","scoring official"
"Q9203135","décideur"
"Q108805714","allocator"
"Q11424604","géoscientifique"
"Q1028181","peintre"
"Q16533","juge"
"Q1294787","artisan"
"Q1551626","dinandier"
"Q420","biologie"
"Q3243461","collectionneur ou collectionneuse"
"Q327029","mécanicien"
"Q52107","géographie physique"
"Q5334416","physique atmosphérique"
"Q25261","météorologie"
"Q43518","océanographie"
"Q3562775","voleur"
"Q8359428","militant social"
"Q138858","personne du monde du divertissement"
"Q114890292","idol"
"Q2309784","cycliste"
"Q131524","entrepreneur ou entrepreneuse"
"Q108289029","information and communications technology professionals"
"Q3621491","archéologue"
"Q3332711","médiéviste"
"Q4175034","législateur ou législatrice"
"Q131512","agriculteur ou agricultrice"
"Q60332470","anthropogéographe"
"Q1328323","fonctionnaire"
"Q4164871","fonction"
"Q3778211","personnalité juridique"
"Q12737077","activité"
"Q41583","entraîneur sportif"
"Q14915627","musicologue"
"Q17167049","spécialiste de la littérature"
"Q10567966","liturgiste"
"Q2159907","criminel ou criminelle"
"Q201948","tireur embusqué"
"Q8148","industrie"
"Q11016","technologie"
"Q20971450","coach vocal"
"Q18536342","joueur professionnel ou joueuse professionnelle"
"Q278368","utilisateur ou utilisatrice"
"Q65720209","hobbyist"
"Q4197743","joueur ou joueuse"
"Q955464","curé"
"Q250867","prêtre catholique"
"Q1638918","ordinaire"
"Q352507","pasteur"
"Q158852","chef ou cheffe d'orchestre"
"Q1162163","directeur ou directrice"
"Q2957754","chargé de communication"
"Q1072363","directeur ou directrice"
"Q15986539","officiel du sport"
"Q2732142","statisticien ou statisticienne"
"Q864503","biologiste"
"Q189290","officier"
"Q777952","instructeur"
"Q12248419","oil worker"
"Q1524582","éleveur"
"Q2994387","conseiller ou conseillère"
"Q2500638","créateur ou créatrice"
"Q3391743","artiste visuel ou artiste visuelle"
"Q1231865","pédagogue"
"Q15978655","consultant ou consultante"
"Q212980","psychologue"
"Q2238884","accompagnateur professionnel"
"Q81096","ingénieur ou ingénieure"
"Q702269","professionnel ou professionnelle"
"Q82955","personnalité politique"
"Q24229398","agent"
"Q16063546","historien ou historienne des sciences"
"Q639669","musicien ou musicienne"
"Q37226","enseignant ou enseignante"
"Q2066131","athlète"
"Q61982","daimyo"
"Q1141023","shugo"
"Q43845","personnalité du monde des affaires"
"Q1517802","substitut"
"Q1278335","instrumentiste"
"Q1075651","claviériste"
"Q877517","jeu de balle"
"Q216048","sport d'équipe"
"Q42603","prêtre"
"Q294414","fonction publique"
"Q2285706","chef de gouvernement"
"Q17279032","charge élective"
"Q520549","géologue"
"Q520549","géologue"
"Q16742203","planétologue"
"Q520549","géologue"
"Q12094958","géophysicien ou géophysicienne"
"Q33394058","travailleur manuel"
"Q108290766","civil engineering labourers"
"Q28640","profession"
"Q1071","géographie"
"Q1476215","défenseur des droits de l'Homme"
"Q121594","professeur"
"Q1622272","professeur ou professeure d'université"
"Q101445630","professeur de physique"
"Q5716684","danseur ou danseuse"
"Q15980804","professionnel des médias"
"Q4964182","philosophe"
"Q97361669","professional dominant"
"Q467","femme"
"Q1650915","chercheur ou chercheuse"
"Q23835475","assistant"
"Q1970438","exploitant"
"Q1191714","col bleu"
"Q464705","domestic worker"
"Q108290509","companions and valets"
"Q15980591","monteur d'acier"
"Q131207","cosmétique"
"Q780596","commissaire d'exposition"
"Q5716684","danseur ou danseuse"
"Q22813352","voyageur ou voyageuse"
"Q12737077","activité"
"Q4359236","cadre d'entreprise"
"Q3400985","universitaire"
"Q4164871","fonction"
"Q5352191","technicien ou technicienne"
"Q55645123","prestataire de soins"
"Q36180","écrivain ou écrivaine"
"Q17765219","administrateur colonial ou administratrice coloniale"
"Q1607826","éditeur ou éditrice"
"Q105375326","fashion journalist"
"Q131524","entrepreneur ou entrepreneuse"
"Q27943370","personnalité du monde de la mode"
"Q1294787","artisan"
"Q193391","diplomate"
"Q9352089","espion ou espionne"
"Q3332438","médecin spécialiste"
"Q25829748","cuivriste"
"Q107711","pompier ou pompière"
"Q203184","première dame"
"Q203184","première dame"
"Q59587410","coloriste de bande dessinée"
"Q20984678","mangeur"
"Q2066131","athlète"
"Q12737077","activité"
"Q28226203","government employees in the United States"
"Q193391","diplomate"
"Q326653","comptable"
"Q2518689","guérisseur"
"Q1371378","ethnologue"
"Q3621491","archéologue"
"Q16308157","américaniste"
"Q15977971","travailleur du bois"
"Q16533","juge"
"Q559597","ébéniste"
"Q1294787","artisan"
"Q483501","artiste"
"Q183888","développeur ou développeuse"
"Q482980","auteur ou autrice"
"Q467","femme"
"Q2566598","religieux catholique"
"Q1544133","auteur ou autrice de jeux de société"
"Q37495867","auteur ou autrice de livre-jeu"
"Q3630699","concepteur ou conceptrice de jeu"
"Q3997704","copiste"
"Q42973","architecte"
"Q1792450","historien ou historienne de l'art"
"Q7241052","préservationniste"
"Q54862879","historic preservationist"
"Q3621491","archéologue"
"Q107147053","capitaine général"
"Q1294787","artisan"
"Q83405","usine"
"Q2066131","athlète"
"Q483501","artiste"
"Q4382663","footman"
"Q26424344","archéologue spécialiste du Proche-Orient"
"Q19829990","bibliste"
"Q685433","vendeur ou vendeuse"
"Q177220","chanteur ou chanteuse"
"Q703534","salarié"
"Q3704253","trader"
"Q5716684","danseur ou danseuse"
"Q2393361","maître à danser"
"Q17125263","YouTubeur ou YouTubeuse"
"Q1294787","artisan"
"Q483501","artiste"
"Q21771805","viniculteur"
"Q39631","médecin"
"Q15980158","auteur ou autrice de non-fiction"
"Q27943370","personnalité du monde de la mode"
"Q33394058","travailleur manuel"
"Q108289644","hairdressers, beauticians and related workers"
"Q42973","architecte"
"Q1607826","éditeur ou éditrice"
"Q811122","travailleur de la construction"
"Q2490358","chorégraphe"
"Q1186921","manager de baseball"
"Q10871364","joueur de baseball"
"Q379533","player-coach"
"Q2462658","manager"
"Q1210069","manager général"
"Q131512","agriculteur ou agricultrice"
"Q1511216","courtisan"
"Q11631","astronaute"
"Q777952","instructeur"
"Q12097","roi"
"Q1866686","plongeur"
"Q3391743","artiste visuel ou artiste visuelle"
"Q1265807","chercheur ou chercheuse en science de l'information"
"Q182436","bibliothécaire"
"Q1278335","instrumentiste"
"Q1900657","marketeur ou marketeuse"
"Q10349745","pilote automobile"
"Q18714098","peintre de vases grec"
"Q55473978","Unteritalischer Vasenmaler"
"Q18714098","peintre de vases grec"
"Q55473978","Unteritalischer Vasenmaler"
"Q18714098","peintre de vases grec"
"Q42973","architecte"
"Q201788","historien ou historienne"
"Q201788","historien ou historienne"
"Q10349745","pilote automobile"
"Q16932857","Line officer"
"Q2906862","influenceur ou influenceuse numérique"
"Q51647820","trendsetter"
"Q911554","magnat des affaires"
"Q28146366","religieuse chrétienne"
"Q2566598","religieux catholique"
"Q1520404","vierge consacrée"
"Q474035","Amoraïm"
"Q215536","commerçant"
"Q117826617","supreme court judge"
"Q1234713","théologien ou théologienne"
"Q9200127","membre"
"Q63769412","conseil"
"Q11028","information"
"Q43845","personnalité du monde des affaires"
"Q1071389","extraction de l'or"
"Q16140892","intendente provincial de Chile"
"Q121998","ambassadeur ou ambassadrice"
"Q662729","personnalité"
"Q705908","agent commercial"
"Q2159907","criminel ou criminelle"
"Q627325","graphiste"
"Q28640","profession"
"Q2070313","teaching assistant"
"Q5405633","assistant de recherche"
"Q18245166","étudiant de troisième cycle"
"Q326358","menuisier"
"Q19382184","ébéniste"
"Q36834","compositeur ou compositrice"
"Q639669","musicien ou musicienne"
"Q1162163","directeur ou directrice"
"Q2066131","athlète"
"Q18536342","joueur professionnel ou joueuse professionnelle"
"Q1278335","instrumentiste"
"Q1930187","journaliste"
"Q96050759","personne de la presse écrite"
"Q131512","agriculteur ou agricultrice"
"Q931260","meurtrier ou meurtrière"
"Q3014296","pilote de moto"
"Q2285706","chef de gouvernement"
"Q373085","chancelier"
"Q485178","analyste"
"Q9352089","espion ou espionne"
"Q8125919","conseiller politique"
"Q955464","curé"
"Q152002","pasteur"
"Q81096","ingénieur ou ingénieure"
"Q3391743","artiste visuel ou artiste visuelle"
"Q81096","ingénieur ou ingénieure"
"Q26481809","dirigeant sportif"
"Q1294787","artisan"
"Q2588761","travailleur qualifié ou travailleuse qualifiée"
"Q774306","chirurgien ou chirurgienne"
"Q56148021","transportation occupation"
"Q1430248","machiniste itinérant"
"Q47064","militaire"
"Q108286865","accounting associate professionals"
"Q116169493","aquaculteur"
"Q177220","chanteur ou chanteuse"
"Q303618","rang diplomatique"
"Q193391","diplomate"
"Q15978655","consultant ou consultante"
"Q1423622","rural gentry"
"Q187588","classe sociale"
"Q1183704","peintre décorateur"
"Q37226","enseignant ou enseignante"
"Q81096","ingénieur ou ingénieure"
"Q901","scientifique"
"Q201788","historien ou historienne"
"Q1294787","artisan"
"Q22813352","voyageur ou voyageuse"
"Q24007814","vacancier"
"Q188094","économiste"
"Q5352191","technicien ou technicienne"
"Q65720209","hobbyist"
"Q1487","hacker"
"Q3455803","réalisateur ou réalisatrice"
"Q17291399","membre d'équipe de cinéma"
"Q327055","travailleur ou travailleuse"
"Q8434","éducation"
"Q1265807","chercheur ou chercheuse en science de l'information"
"Q201788","historien ou historienne"
"Q1278335","instrumentiste"
"Q15980804","professionnel des médias"
"Q10349745","pilote automobile"
"Q1278335","instrumentiste"
"Q83307","ministre"
"Q212238","fonctionnaire"
"Q16533","juge"
"Q5172469","juriste d'entreprise"
"Q1072363","directeur ou directrice"
"Q488205","auteur-compositeur-interprète ou autrice-compositrice-interprète"
"Q28640","profession"
"Q5450303","tissage au doigt"
"Q2920921","management"
"Q201788","historien ou historienne"
"Q66716743","vice-gouverneur"
"Q2159907","criminel ou criminelle"
"Q4207313","prédateur sexuel"
"Q5157565","professionnel de l'informatique"
"Q175151","imprimeur"
"Q87003419","alcalde / alcaldesa"
"Q708492","conseiller municipal"
"Q30185","maire"
"Q19914236","maraîcher"
"Q864503","biologiste"
"Q520549","géologue"
"Q3779582","microbiologiste"
"Q483501","artiste"
"Q864503","biologiste"
"Q1781198","agronome"
"Q2066131","athlète"
"Q774306","chirurgien ou chirurgienne"
"Q26203274","traumatologue"
"Q1113838","climatologue"
"Q520549","géologue"
"Q7501153","commerçant"
"Q388338","trésorier"
"Q1622272","professeur ou professeure d'université"
"Q5428874","personnel académique"
"Q3400985","universitaire"
"Q1524582","éleveur"
"Q12794619","propriétaire de biens"
"Q8125919","conseiller politique"
"Q41583","entraîneur sportif"
"Q60332470","anthropogéographe"
"Q14467526","linguiste"
"Q777952","instructeur"
"Q1482325","musique islamique"
"Q3621491","archéologue"
"Q455595","amateur"
"Q15986539","officiel du sport"
"Q202648","arbitre sportif ou arbitre sportive"
"Q3391743","artiste visuel ou artiste visuelle"
"Q202648","arbitre sportif ou arbitre sportive"
"Q11774891","joueur ou joueuse de hockey sur glace"
"Q114414171","para-athlete"
"Q201788","historien ou historienne"
"Q1660363","importer"
"Q16533","juge"
"Q30093123","enquêteur"
"Q2314719","éclaireur"
"Q9352089","espion ou espionne"
"Q19100","capitaine"
"Q83460","général"
"Q20826540","érudit"
"Q17167049","spécialiste de la littérature"
"Q1572123","ingénieur système"
"Q376924","courtisan"
"Q12609698","yūjo"
"Q5780518","communicateur"
"Q53706","vol avec violence"
"Q108914342","Mandaean priest"
"Q713200","artiste interprète"
"Q108290379","danseurs et chorégraphes"
"Q483501","artiste"
"Q780596","commissaire d'exposition"
"Q41583","entraîneur sportif"
"Q39546","outil"
"Q1501723","general abbot"
"Q1337239","supérieur général"
"Q98603258","moine cistercien"
"Q13138067","instrumentiste à cordes"
"Q1191714","col bleu"
"Q11481849","bakushin"
"Q16532929","administrateur"
"Q185351","juriste"
"Q40348","avocat ou avocate"
"Q212238","fonctionnaire"
"Q599151","haut fonctionnaire ou haute fonctionnaire"
"Q109459317","créateur ou créatrice de contenu"
"Q131512","agriculteur ou agricultrice"
"Q110007257","livestock worker"
"Q11499147","militant ou militante politique"
"Q106399618","nationaliste"
"Q15954665","antisémite"
"Q120292951","anti-catholique"
"Q15253558","militant ou militante"
"Q120324952","anti-capitalist"
"Q120115224","anti-communiste"
"Q120327993","imperialist"
"Q120325794","anti-marxist"
"Q120439954",NULL
"Q122167190","Ethnic supremacist"
"Q122167902","ultranationaliste"
"Q120285948","anti-socialiste"
"Q88110348","fasciste"
"Q808266","employé de bar"
"Q2566474","vivandiers"
"Q333634","traducteur ou traductrice"
"Q154549","charpentier"
"Q115771277","cannery worker"
"Q107333445","high court judge"
"Q3555589","vendeur à la sauvette"
"Q1888937","haut-shérif"
"Q1888937","haut-shérif"
"Q37226","enseignant ou enseignante"
"Q108284914","teaching professionals"
"Q2462658","manager"
"Q1162163","directeur ou directrice"
"Q37226","enseignant ou enseignante"
"Q3250324","adjoint"
"Q483501","artiste"
"Q17291399","membre d'équipe de cinéma"
"Q4610556","mannequin"
"Q12737077","activité"
"Q774306","chirurgien ou chirurgienne"
"Q12840545","handballeur"
"Q13365201","entraîneur de handball"
"Q2486919","porte-drapeau"
"Q380782","commandant en chef"
"Q12737077","activité"
"Q15980804","professionnel des médias"
"Q13235160","producteur"
"Q1196129","conjoint"
"Q384593","policier ou policière"
"Q599151","haut fonctionnaire ou haute fonctionnaire"
"Q212238","fonctionnaire"
"Q483501","artiste"
"Q13235160","producteur"
"Q50995749","personnalité liée au sport"
"Q1294787","artisan"
"Q183945","producteur de disques"
"Q109442873","écuyer"
"Q978044","cadre dirigeant ou cadre dirigeante"
"Q2366336","seigneur"
"Q7541856","céramiste"
"Q5482740","programmeur ou programmeuse"
"Q3922505","DJ producer"
"Q255274","col blanc"
"Q685433","vendeur ou vendeuse"
"Q3250324","adjoint"
"Q10547393","personnalité politique locale"
"Q37226","enseignant ou enseignante"
"Q1391083","travailleur qualifié"
"Q37226","enseignant ou enseignante"
"Q201788","historien ou historienne"
"Q1391411","subject teacher"
"Q3921059","taille d'épargne"
"Q11034","imprimerie"
"Q183046","sens"
"Q1969448","terme"
"Q2576499","nutritionniste"
"Q41583","entraîneur sportif"
"Q3630699","concepteur ou conceptrice de jeu"
"Q183888","développeur ou développeuse"
"Q10694573","artiste textile"
"Q66035178","travailleur du textile"
"Q17573152","croyant ou croyante"
"Q1858206","magie blanche"
"Q829348","spiritualisme moderne anglo-saxon"
"Q4897819","rôle"
"Q2462658","manager"
"Q3391743","artiste visuel ou artiste visuelle"
"Q516463","héraldiste"
"Q11499147","militant ou militante politique"
"Q49773","mouvement social"
"Q1278335","instrumentiste"
"Q171692","patriarche"
"Q102387005","évêque copte orthodoxe"
"Q49476","archevêque"
"Q7229148","pape"
"Q15980591","monteur d'acier"
"Q19101121","artisan manuel"
"Q6606110","industriel"
"Q10732476","collectionneur ou collectionneuse d'œuvres d'art"
"Q166886","duc"
"Q5378","rugby"
"Q28823","textile"
"Q40348","avocat ou avocate"
"Q2066131","athlète"
"Q5784340","consort"
"Q2000200","roi consort"
"Q719039","reine consort"
"Q3406858","professionnel du cinéma"
"Q1294787","artisan"
"Q1423891","ministre du culte"
"Q58557987","reine de Castille"
"Q719039","reine consort"
"Q5784340","consort"
"Q27019785","competitor"
"Q2066131","athlète"
"Q4270517","skieur ou skieuse"
"Q17955","critique"
"Q1895303","forestier ou forestière"
"Q16632551","Wildhüter"
"Q12335817","travailleur forestier"
"Q4610556","mannequin"
"Q10272926","ingénieur en informatique"
"Q105948247","système de connaissances"
"Q876864","conseiller ou conseillère de rédaction"
"Q17351648","rédacteur ou rédactrice"
"Q2045208","célébrité d'internet"
"Q4110598","vlogueur ou vlogueuse"
"Q17125263","YouTubeur ou YouTubeuse"
"Q57414145","streameur"
"Q4964182","philosophe"
"Q70390903","elephant trainer"
"Q947873","animateur ou animatrice de télévision"
"Q1278335","instrumentiste"
"Q770899","industrie légère"
"Q250867","prêtre catholique"
"Q56408607","visitator"
"Q41583","entraîneur sportif"
"Q1792450","historien ou historienne de l'art"
"Q8175949","historien des médias"
"Q70477383","health care resources"
"Q327055","travailleur ou travailleuse"
"Q1371378","ethnologue"
"Q201788","historien ou historienne"
"Q212238","fonctionnaire"
"Q1678054","miles christianus"
"Q102083","chevalier"
"Q97722145","moine catholique latin"
"Q2554364","noblesse espagnole"
"Q7970798","moine guerrier"
"Q102083","chevalier"
"Q2261440","chevalier"
"Q7970798","moine guerrier"
"Q1678054","miles christianus"
"Q2588761","travailleur qualifié ou travailleuse qualifiée"
"Q437512","tisserand"
"Q6606110","industriel"
"Q108289376","physical and earth science professionals"
"Q20058725","député fédéral"
"Q105200223","clerc chrétien"
"Q56512863","participant"
"Q48282","étudiant ou étudiante"
"Q12615130","advanced practice nurse"
"Q6840857","professionnel médical"
"Q2114605","pharmacologue"
"Q6337803","neurobiologiste"
"Q56884382","spécialiste technique"
"Q55737401","théologien chrétien"
"Q1111648","coloriste"
"Q715301","auteur ou autrice de bande dessinée"
"Q41583","entraîneur sportif"
"Q36180","écrivain ou écrivaine"
"Q215279","travailleur ou travailleuse indépendant"
"Q4947495","crime boss"
"Q41583","entraîneur sportif"
"Q41583","entraîneur sportif"
"Q2066131","athlète"
"Q18536342","joueur professionnel ou joueuse professionnelle"
"Q38687772","annélidologiste"
"Q8205328","objet artificiel physique"
"Q18593264","élément d'une collection ou d'une exposition"
"Q11989025","memorabilia"
"Q18643213","matériel militaire"
"Q3391743","artiste visuel ou artiste visuelle"
"Q182436","bibliothécaire"
"Q14915627","musicologue"
"Q121594","professeur"
"Q39631","médecin"
"Q39631","médecin"
"Q82594","informaticien ou informaticienne"
"Q1650915","chercheur ou chercheuse"
"Q15319501","chercheur ou chercheuse en sciences sociales"
"Q18931911","théoricien ou théoricienne"
"Q1650915","chercheur ou chercheuse"
"Q702269","professionnel ou professionnelle"
"Q17126809","sauveteur"
"Q9149093","alpiniste"
"Q3391743","artiste visuel ou artiste visuelle"
"Q1622925","court appointment"
"Q1028181","peintre"
"Q63973019","coach maker"
"Q1028181","peintre"
"Q96044701","artiste floral"
"Q1028181","peintre"
"Q1028181","peintre"
"Q1028181","peintre"
"Q56312678","ceramic painter"
"Q1028181","peintre"
"Q3391743","artiste visuel ou artiste visuelle"
"Q455595","amateur"
"Q3152898","instrument à cordes frappées"
"Q52954","instrument à clavier"
"Q4951628","true board zithers with resonator box"
"Q177220","chanteur ou chanteuse"
"Q15924224","médecin interniste"
"Q3332438","médecin spécialiste"
"Q6503343","agent de la force publique"
"Q1259323","chef de tribu"
"Q82955","personnalité politique"
"Q384593","policier ou policière"
"Q65274801","Milicien"
"Q117878403","communist militiaman"
"Q33394058","travailleur manuel"
"Q2419397","thérapeute"
"Q21198548","production audiovisuelle"
"Q2135469","conseiller juridique"
"Q112684029","Services juridiques de l'État"
"Q15976341","slaviste"
"Q6942562","prestation musicale"
"Q11401","hip-hop"
"Q37226","enseignant ou enseignante"
"Q47064","militaire"
"Q1250916","guerrier"
"Q102083","chevalier"
"Q27658988","participant à une émission de téléréalité"
"Q52008309","juge de concours"
"Q8187769","activité économique"
"Q758780","jardinier"
"Q98446778","landscaping industry"
"Q285759","courtier d'assurances"
"Q1206110","opérateur"
"Q28050438","broadcasting executive"
"Q46034607","intervieweur"
"Q108369443","écologue aquatique"
"Q15319501","chercheur ou chercheuse en sciences sociales"
"Q104053959","prêtre catholique de l'est"
"Q250867","prêtre catholique"
"Q117942801","Eastern Catholic"
"Q611644","évêque catholique"
"Q18246606","éparque"
"Q117942801","Eastern Catholic"
"Q201788","historien ou historienne"
"Q2055046","physiologiste"
"Q2374149","botaniste"
"Q3323515","technicien des systèmes d'information"
"Q1391083","travailleur qualifié"
"Q5716684","danseur ou danseuse"
"Q901402","géographe"
"Q15621286","œuvre intellectuelle"
"Q4350200","information transfer"
"Q1656682","événement"
"Q604733","présentation"
"Q1113899","psychologue clinicien"
"Q6337803","neurobiologiste"
"Q774306","chirurgien ou chirurgienne"
"Q27349","dentiste"
"Q7201672","plantsman"
"Q3140857","horticulteur"
"Q1476215","défenseur des droits de l'Homme"
"Q726710","laïc"
"Q81096","ingénieur ou ingénieure"
"Q1914017","travailleur ou travailleuse de la connaissance"
"Q82594","informaticien ou informaticienne"
"Q182436","bibliothécaire"
"Q901","scientifique"
"Q1642960","polémiste"
"Q1930187","journaliste"
"Q1368409","éleveur"
"Q42603","prêtre"
"Q7239","organisme"
"Q81875","carnivore"
"Q220314","zoophage"
"Q28640","profession"
"Q15976341","slaviste"
"Q3126128","généticien ou généticienne"
"Q1662561","paléontologue"
"Q98084799","photographe professionnel"
"Q644687","illustrateur ou illustratrice"
"Q2312637","professeur d'éducation physique et sportive"
"Q2066131","athlète"
"Q2374149","botaniste"
"Q14972848","lexicographe"
"Q41546637","wikimédien ou wikimédienne"
"Q115246813","plucked instrument player"
"Q549322","torero"
"Q2462658","manager"
"Q1930187","journaliste"
"Q49476","archevêque"
"Q171692","patriarche"
"Q177220","chanteur ou chanteuse"
"Q102277154","pop musician"
"Q5","être humain"
"Q18581305","participant à un concours de beauté"
"Q19768","machine-outil"
"Q1650915","chercheur ou chercheuse"
"Q3578589","écologiste"
"Q101067779","environmental defender"
"Q17291399","membre d'équipe de cinéma"
"Q2490358","chorégraphe"
"Q2095549","aviateur ou aviatrice"
"Q901","scientifique"
"Q37226","enseignant ou enseignante"
"Q3499072","chef cuisinier ou chef cuisinière"
"Q1294787","artisan"
"Q212238","fonctionnaire"
"Q212238","fonctionnaire"
"Q3455803","réalisateur ou réalisatrice"
"Q4164871","fonction"
"Q1251441","responsable"
"Q30339659","motorsports competitor"
"Q36180","écrivain ou écrivaine"
"Q855091","guitariste"
"Q52630241","membre du groupe"
"Q719039","reine consort"
"Q5784340","consort"
"Q3578589","écologiste"
"Q1476215","défenseur des droits de l'Homme"
"Q15253558","militant ou militante"
"Q160131","boulanger ou boulangère"
"Q108392111","university head"
"Q11569986","graveur ou graveuse d'estampes"
"Q329439","graveur ou graveuse sur métal"
"Q29182","évêque"
"Q105200214","clerc catholique"
"Q352507","pasteur"
"Q42603","prêtre"
"Q467","femme"
"Q639669","musicien ou musicienne"
"Q24229398","agent"
"Q124020978","roller athlete"
"Q100529537","classe de profession par domaine"
"Q7135767","paraprofessional"
"Q55071047","auxiliaire de santé"
"Q5482740","programmeur ou programmeuse"
"Q108289400","software and applications developers and analysts"
"Q1851760","victime"
"Q1294787","artisan"
"Q1840507","sculpteur sur bois ou autre matériau  naturel"
"Q15977971","travailleur du bois"
"Q836575","assurance qualité"
"Q1419997","responsable événementiel"
"Q1294787","artisan"
"Q329439","graveur ou graveuse sur métal"
"Q1294787","artisan"
"Q66035178","travailleur du textile"
"Q2380392","думны чын"
"Q11633","photographie"
"Q1932461","migrant"
"Q29182","évêque"
"Q112074151","head of a diocese"
"Q2095549","aviateur ou aviatrice"
"Q864503","biologiste"
"Q17176618","contrebandier"
"Q855091","guitariste"
"Q15981151","musicien ou musicienne de jazz"
"Q22813360","cartomancien"
"Q15319501","chercheur ou chercheuse en sciences sociales"
"Q177220","chanteur ou chanteuse"
"Q12406482","auteur comique"
"Q15839134","écologue"
"Q3640160","biologiste marin"
"Q110974141","aquatic scientist"
"Q201788","historien ou historienne"
"Q4197743","joueur ou joueuse"
"Q20826540","érudit"
"Q901","scientifique"
"Q82955","personnalité politique"
"Q26481809","dirigeant sportif"
"Q2504617","romaniste"
"Q121594","professeur"
"Q864503","biologiste"
"Q3455803","réalisateur ou réalisatrice"
"Q212238","fonctionnaire"
"Q12794619","propriétaire de biens"
"Q13405326","exploitant"
"Q1549283","propriétaire terrien"
"Q15839238","lessor"
"Q830077","sujet"
"Q56512863","participant"
"Q1476215","défenseur des droits de l'Homme"
"Q7272","socialisme"
"Q105550321","aviateur militaire"
"Q36180","écrivain ou écrivaine"
"Q1328323","fonctionnaire"
"Q781132","arme"
"Q599151","haut fonctionnaire ou haute fonctionnaire"
"Q193391","diplomate"
"Q212238","fonctionnaire"
"Q158852","chef ou cheffe d'orchestre"
"Q1198887","directeur musical ou directrice musicale"
"Q15978655","consultant ou consultante"
"Q16849727","conseiller en affaires"
"Q2305417","inspecteur général"
"Q386854","batteur ou batteuse"
"Q15981151","musicien ou musicienne de jazz"
"Q15981151","musicien ou musicienne de jazz"
"Q486748","pianiste"
"Q15981151","musicien ou musicienne de jazz"
"Q12377274","trompettiste"
"Q42909","reporter"
"Q1208175","cadreur"
"Q1930187","journaliste"
"Q24262594","écrivain religieux"
"Q8359428","militant social"
"Q4231368","wali"
"Q12087689","wāli"
"Q15991187","grammairien"
"Q18536342","joueur professionnel ou joueuse professionnelle"
"Q12552047","Lord"
"Q1975935","bushi"
"Q189290","officier"
"Q1423891","ministre du culte"
"Q2374149","botaniste"
"Q486748","pianiste"
"Q81729632","musicien ou musicienne de musique classique"
"Q14915627","musicologue"
"Q2341443","fabricant d'instruments"
"Q7135767","paraprofessional"
"Q3374341","peinture"
"Q11629","peinture"
"Q114414171","para-athlete"
"Q13415036","joueur de rugby"
"Q13381863","escrimeur"
"Q114414171","para-athlete"
"Q19361455","sémitologue"
"Q3621491","archéologue"
"Q1072363","directeur ou directrice"
"Q36180","écrivain ou écrivaine"
"Q15978655","consultant ou consultante"
"Q10355417","publicitaire"
"Q201788","historien ou historienne"
"Q1664236","maître des requêtes"
"Q57735705","personnalité liée au droit"
"Q30461","président ou présidente"
"Q1337239","supérieur général"
"Q1638918","ordinaire"
"Q2405480","acteur ou actrice de doublage"
"Q1162163","directeur ou directrice"
"Q1072363","directeur ou directrice"
"Q917912","modélisme"
"Q1072363","directeur ou directrice"
"Q36180","écrivain ou écrivaine"
"Q8011724","diseur de bonne aventure"
"Q12909644","idéologie politique"
"Q1132131","loyauté"
"Q876864","conseiller ou conseillère de rédaction"
"Q17351648","rédacteur ou rédactrice"
"Q255274","col blanc"
"Q1607826","éditeur ou éditrice"
"Q1734662","cartographe"
"Q115460164","Internet user"
"Q24716636","bénévole"
"Q65720209","hobbyist"
"Q3595924","qari"
"Q2719946","concubine"
"Q5784340","consort"
"Q32090","mode de vie"
"Q29949654","female lover"
"Q2824523","administrateur ou administratrice de société"
"Q17279032","charge élective"
"Q974144","éducateur ou éducatrice"
"Q11513337","athlète"
"Q1028181","peintre"
"Q1509440","brodeur"
"Q30185","maire"
"Q15986539","officiel du sport"
"Q337979","sport de puissance"
"Q631306","force basque"
"Q5322166","designer"
"Q3391743","artiste visuel ou artiste visuelle"
"Q93184","dessin"
"Q838948","œuvre d’art"
"Q219477","missionnaire"
"Q84505214","spécialiste de l'Asie de l'Est"
"Q41583","entraîneur sportif"
"Q116763437","person associated with football"
"Q875686","éthique de l'environnement"
"Q832237","protection de l'environnement"
"Q99766277","maire en Turquie"
"Q1251441","responsable"
"Q1097498","dirigeant"
"Q62933979","leader amérindien"
"Q386854","batteur ou batteuse"
"Q29017403","rockeur"
"Q3126128","généticien ou généticienne"
"Q169470","physicien ou physicienne"
"Q212238","fonctionnaire"
"Q108290452","legal and related associate professionals"
"Q6503343","agent de la force publique"
"Q14467526","linguiste"
"Q483501","artiste"
"Q41583","entraîneur sportif"
"Q61278580","patineur ou patineuse à roulettes"
"Q756215","prévôt"
"Q11124885","pratiquant d'arts martiaux"
"Q177220","chanteur ou chanteuse"
"Q3780304","conseiller général"
"Q2419397","thérapeute"
"Q6817473","professionnel ou professionnelle de la santé mentale"
"Q349","sport"
"Q39631","médecin"
"Q3055126","entomologiste"
"Q24702769","journaliste de radio"
"Q1086863","chroniqueur ou chroniqueuse"
"Q81096","ingénieur ou ingénieure"
"Q12304425","bromatologue"
"Q16533","juge"
"Q12737077","activité"
"Q4164871","fonction"
"Q108290376","religious professionals"
"Q14915627","musicologue"
"Q639669","musicien ou musicienne"
"Q3014296","pilote de moto"
"Q12414919","terroriste"
"Q15319501","chercheur ou chercheuse en sciences sociales"
"Q21329070","scientifique des matériaux"
"Q3391743","artiste visuel ou artiste visuelle"
"Q10355417","publicitaire"
"Q48375857","journaliste de jeu vidéo"
"Q2986228","commentateur sportif"
"Q161944","diacre"
"Q99530891","archdeacon"
"Q864503","biologiste"
"Q1162163","directeur ou directrice"
"Q35309827","Inspection générale des monuments historiques"
"Q11974939","professionnel ou professionnelle de la santé"
"Q2305417","inspecteur général"
"Q2159907","criminel ou criminelle"
"Q43845","personnalité du monde des affaires"
"Q83307","ministre"
"Q895526","organe"
"Q1162163","directeur ou directrice"
"Q27830328","conseiller régional"
"Q36834","compositeur ou compositrice"
"Q3455803","réalisateur ou réalisatrice"
"Q15981151","musicien ou musicienne de jazz"
"Q544972","tromboniste"
"Q1662485","professionnel de l'information"
"Q118877673","personnel des archives"
"Q8359428","militant social"
"Q42953119","gouverneur colonial"
"Q56923","capitaine général"
"Q177220","chanteur ou chanteuse"
"Q88821468","fado musician"
"Q16063546","historien ou historienne des sciences"
"Q1231865","pédagogue"
"Q1622272","professeur ou professeure d'université"
"Q16012028","juriste"
"Q12713481","ouvrier"
"Q131524","entrepreneur ou entrepreneuse"
"Q15982656","contracteur"
"Q811122","travailleur de la construction"
"Q703534","salarié"
"Q81096","ingénieur ou ingénieure"
"Q15978655","consultant ou consultante"
"Q212238","fonctionnaire"
"Q212238","fonctionnaire"
"Q212238","fonctionnaire"
"Q327055","travailleur ou travailleuse"
"Q82955","personnalité politique"
"Q593644","chimiste"
"Q63473","kenin"
"Q8187769","activité économique"
"Q12136","maladie"
"Q3368711","Pathologie professionnelle"
"Q7063944","cheminot"
"Q644687","illustrateur ou illustratrice"
"Q177220","chanteur ou chanteuse"
"Q2548031","mobile salesperson"
"Q2493023","vil métier"
"Q108285720","Other Sales Worker"
"Q15296811","dessinateur ou dessinatrice"
"Q37226","enseignant ou enseignante"
"Q20826540","érudit"
"Q15839134","écologue"
"Q16037036","paléobiologiste"
"Q483501","artiste"
"Q1191714","col bleu"
"Q2248623","étudiant"
"Q901","scientifique"
"Q109429537","nhạc sĩ"
"Q483501","artiste"
"Q24229398","agent"
"Q1125062","rebelle"
"Q2159907","criminel ou criminelle"
"Q2500638","créateur ou créatrice"
"Q6116659","prêtresse"
"Q60332470","anthropogéographe"
"Q901","scientifique"
"Q947873","animateur ou animatrice de télévision"
"Q1281067","inlay"
"Q378622","pilote"
"Q1231865","pédagogue"
"Q974144","éducateur ou éducatrice"
"Q1156796","officier subalterne"
"Q37226","enseignant ou enseignante"
"Q22811707","décorateur"
"Q2135588","Auxiliaire de justice"
"Q215536","commerçant"
"Q17135920","expert interdisciplinaire d'une région géographique"
"Q2994387","conseiller ou conseillère"
"Q901","scientifique"
"Q98544732","collectionneur scientifique"
"Q2145981","restaurateur"
"Q2145981","restaurateur"
"Q1198887","directeur musical ou directrice musicale"
"Q644687","illustrateur ou illustratrice"
"Q2207288","métier manuel"
"Q3249551","processus"
"Q12368980","nature photographer"
"Q15980158","auteur ou autrice de non-fiction"
"Q5322166","designer"
"Q1294787","artisan"
"Q15981151","musicien ou musicienne de jazz"
"Q584301","bassiste"
"Q15981151","musicien ou musicienne de jazz"
"Q118865","clarinettiste"
"Q15981151","musicien ou musicienne de jazz"
"Q12800682","saxophoniste"
"Q36834","compositeur ou compositrice"
"Q48375857","journaliste de jeu vidéo"
"Q6430706","critique"
"Q2462658","manager"
"Q462390","maître ou maîtresse de conférences"
"Q15296811","dessinateur ou dessinatrice"
"Q2419397","thérapeute"
"Q578109","producteur ou productrice de télévision"
"Q5131856","clerk"
"Q216541","chauffeur de maître"
"Q212238","fonctionnaire"
"Q1643743","höherer Dienst"
"Q100773131","économie d’une région"
"Q331432","pêcheur ou pêcheuse"
"Q37226","enseignant ou enseignante"
"Q131524","entrepreneur ou entrepreneuse"
"Q6606110","industriel"
"Q439103","archevêque émérite"
"Q329439","graveur ou graveuse sur métal"
"Q2462658","manager"
"Q36180","écrivain ou écrivaine"
"Q3075052","folkloriste"
"Q65720209","hobbyist"
"Q19261760","profession agricole"
"Q131512","agriculteur ou agricultrice"
"Q1622272","professeur ou professeure d'université"
"Q5428874","personnel académique"
"Q777952","instructeur"
"Q3621491","archéologue"
"Q1731155","orientaliste"
"Q1028181","peintre"
"Q30185","maire"
"Q215627","personne"
"Q19829125","absence"
"Q2462658","manager"
"Q202648","arbitre sportif ou arbitre sportive"
"Q41583","entraîneur sportif"
"Q83460","général"
"Q599151","haut fonctionnaire ou haute fonctionnaire"
"Q294414","fonction publique"
"Q15980158","auteur ou autrice de non-fiction"
"Q12964993","ingénieur des transports"
"Q13582652","ingénieur civil"
"Q4830453","firme"
"Q11327083","hands-on learning"
"Q39631","médecin"
"Q55379489","médecin de premier recours"
"Q55645123","prestataire de soins"
"Q5276395","gamer"
"Q7621877","stratège"
"Q7188","gouvernement"
"Q43229","organisation"
"Q140686","président ou présidente"
"Q108289635","secretaries (general)"
"Q57735705","personnalité liée au droit"
"Q212238","fonctionnaire"
"Q19693316","intervenant d'urgence"
"Q1391316","specialised journalism"
"Q1262864","special interest journalism"
"Q451553","visualisation"
"Q15995642","chef religieux"
"Q108614246","zoologiste des invertébrés"
"Q2516866","éditeur ou éditrice"
"Q1607826","éditeur ou éditrice"
"Q27214348","inspecteur"
"Q4991371","soldat"
"Q2518689","guérisseur"
"Q39631","médecin"
"Q382617","maire"
"Q26481809","dirigeant sportif"
"Q15995642","chef religieux"
"Q154549","charpentier"
"Q1414937","combattant"
"Q117804716","paramilitary"
"Q1454940","soldat volontaire"
"Q1622272","professeur ou professeure d'université"
"Q81752537","professorat"
"Q512345","avocat ou avocate en droit criminel"
"Q112684029","Services juridiques de l'État"
"Q600751","procureur ou procureure"
"Q1800680","amateur actor"
"Q39631","médecin"
"Q48357783","data manager"
"Q15113603","conseiller municipal"
"Q733786","moine ou moniale"
"Q779458","ascète"
"Q15113603","conseiller municipal"
"Q32391314","extraordinary professor"
"Q73536659","professeur"
"Q16271064","herpétologiste"
"Q1662561","paléontologue"
"Q177220","chanteur ou chanteuse"
"Q105652947","soul musician"
"Q2159907","criminel ou criminelle"
"Q901222","tuteur ou tutrice"
"Q974144","éducateur ou éducatrice"
"Q50259293","patineur inline"
"Q18536342","joueur professionnel ou joueuse professionnelle"
"Q1914636","activité"
"Q386724","œuvre"
"Q81096","ingénieur ou ingénieure"
"Q121144378","Landessuperintendent"
"Q33999","acteur ou actrice"
"Q715301","auteur ou autrice de bande dessinée"
"Q40348","avocat ou avocate"
"Q192350","ministère"
"Q2066131","athlète"
"Q18536342","joueur professionnel ou joueuse professionnelle"
"Q10272926","ingénieur en informatique"
"Q48352","chef d'État"
"Q116","monarque"
"Q15995642","chef religieux"
"Q327055","travailleur ou travailleuse"
"Q1294787","artisan"
"Q5716684","danseur ou danseuse"
"Q2341443","fabricant d'instruments"
"Q2341443","fabricant d'instruments"
"Q2341443","fabricant d'instruments"
"Q2341443","fabricant d'instruments"
"Q2341443","fabricant d'instruments"
"Q2341443","fabricant d'instruments"
"Q2341443","fabricant d'instruments"
"Q2341443","fabricant d'instruments"
"Q2341443","fabricant d'instruments"
"Q2341443","fabricant d'instruments"
"Q2341443","fabricant d'instruments"
"Q212238","fonctionnaire"
"Q66060346","fabricant d'instruments d'optique"
"Q131524","entrepreneur ou entrepreneuse"
"Q43845","personnalité du monde des affaires"
"Q57306162","plucked necked box lute"
"Q113519195","long, thin object"
"Q215536","commerçant"
"Q7501153","commerçant"
"Q1294787","artisan"
"Q212238","fonctionnaire"
"Q185351","juriste"
"Q15980158","auteur ou autrice de non-fiction"
"Q36180","écrivain ou écrivaine"
"Q211236","célébrité"
"Q3621491","archéologue"
"Q520549","géologue"
"Q19509201","militant ou militante pour les droits LGBTI"
"Q186360","infirmière ou infirmier"
"Q16532929","administrateur"
"Q864503","biologiste"
"Q82594","informaticien ou informaticienne"
"Q177220","chanteur ou chanteuse"
"Q15981151","musicien ou musicienne de jazz"
"Q27214348","inspecteur"
"Q196939","témoin"
"Q381160","expert"
"Q765778","organiste"
"Q355493","musicien d'église"
"Q15981151","musicien ou musicienne de jazz"
"Q765778","organiste"
"Q4351403","percussionniste"
"Q8246794","blogueur ou blogueuse"
"Q2045208","célébrité d'internet"
"Q109459317","créateur ou créatrice de contenu"
"Q111263847","créateur ou créatrice numérique"
"Q111651501","posteur ou posteuse"
"Q21169216","actrice"
"Q488111","acteur ou actrice pornographique"
"Q108289663","building finishers and related trades workers"
"Q6817463","mental health counselor"
"Q160117","courtier"
"Q155076","personne morale"
"Q6636","homosexualité"
"Q115870510","identité LGBT+"
"Q1558475","gynéphilie"
"Q25447263","saphisme"
"Q212238","fonctionnaire"
"Q599151","haut fonctionnaire ou haute fonctionnaire"
"Q1483709","propriétaire terrien"
"Q131512","agriculteur ou agricultrice"
"Q26481809","dirigeant sportif"
"Q294126","géomètre"
"Q4773904","anthropologue"
"Q3400985","universitaire"
"Q579316","cuisine européenne"
"Q2066131","athlète"
"Q11124885","pratiquant d'arts martiaux"
"Q1552832","budoka"
"Q327055","travailleur ou travailleuse"
"Q1914017","travailleur ou travailleuse de la connaissance"
"Q3303330","calligraphe"
"Q13582652","ingénieur civil"
"Q66666685","universitaire"
"Q35749","parlement"
"Q20826540","érudit"
"Q11063","astronome"
"Q593644","chimiste"
"Q3243461","collectionneur ou collectionneuse"
"Q16060143","élu ou élue"
"Q30461","président ou présidente"
"Q2066131","athlète"
"Q4197743","joueur ou joueuse"
"Q18544928","joueur de billard"
"Q639669","musicien ou musicienne"
"Q177220","chanteur ou chanteuse"
"Q66763670","musicien de country"
"Q11499147","militant ou militante politique"
"Q5352191","technicien ou technicienne"
"Q19829990","bibliste"
"Q16533","juge"
"Q11902879","lord-maire"
"Q3455803","réalisateur ou réalisatrice"
"Q593644","chimiste"
"Q16529590","scientifique de l'environnement"
"Q593644","chimiste"
"Q5157338","scientifique numéricien"
"Q13416803","épidémiologiste"
"Q211346","psychiatre"
"Q2066131","athlète"
"Q978044","cadre dirigeant ou cadre dirigeante"
"Q21281706","administrateur académique"
"Q12327806","pilote de moto-cross"
"Q17126809","sauveteur"
"Q36180","écrivain ou écrivaine"
"Q201788","historien ou historienne"
"Q36180","écrivain ou écrivaine"
"Q1294787","artisan"
"Q5716684","danseur ou danseuse"
"Q2066131","athlète"
"Q3501317","modéliste"
"Q895526","organe"
"Q938236","panel"
"Q627436","domaine d'activité"
"Q138858","personne du monde du divertissement"
"Q713200","artiste interprète"
"Q104218554","chanteur de rock"
"Q67200506","musicien de heavy metal"
"Q29017403","rockeur"
"Q1028181","peintre"
"Q201788","historien ou historienne"
"Q41583","entraîneur sportif"
"Q66035178","travailleur du textile"
"Q15319501","chercheur ou chercheuse en sciences sociales"
"Q5322166","designer"
"Q185351","juriste"
"Q1511216","courtisan"
"Q15995642","chef religieux"
"Q105275968","clerc musulman"
"Q185351","juriste"
"Q28364495","business or financial occupation"
"Q29017403","rockeur"
"Q855091","guitariste"
"Q1162163","directeur ou directrice"
"Q16532929","administrateur"
"Q20778343","magistrat romain"
"Q33999","acteur ou actrice"
"Q713200","artiste interprète"
"Q47090899","professionnel des musées"
"Q10333969","muséologue"
"Q3126128","généticien ou généticienne"
"Q2055046","physiologiste"
"Q183945","producteur de disques"
"Q186360","infirmière ou infirmier"
"Q2596417","bénéficiaire"
"Q353673","mariée"
"Q21512362","djihadiste"
"Q7725634","œuvre littéraire"
"Q212238","fonctionnaire"
"Q3243461","collectionneur ou collectionneuse"
"Q108289646","other personal services workers"
"Q765633","aviation"
"Q644628","sport aérien"
"Q849424","capitaine de navire"
"Q128124","ingénieur du son"
"Q1714828","chasseur ou chasseresse"
"Q37226","enseignant ou enseignante"
"Q67378332","rock guitarist"
"Q67200506","musicien de heavy metal"
"Q62974259","batteur de rock"
"Q67200506","musicien de heavy metal"
"Q110042402","ancient Near Eastern scholar"
"Q30185","maire"
"Q5157565","professionnel de l'informatique"
"Q169470","physicien ou physicienne"
"Q15978655","consultant ou consultante"
"Q22082749","pseudo-scientifique"
"Q2306091","sociologue"
"Q1641112","formation social"
"Q115641683","custodian"
"Q22855","consommateur"
"Q181600","patient"
"Q6817473","professionnel ou professionnelle de la santé mentale"
"Q69945363","conseiller"
"Q11974939","professionnel ou professionnelle de la santé"
"Q5322166","designer"
"Q3408848","prédicateur laïc"
"Q432386","prédicateur"
"Q1072363","directeur ou directrice"
"Q2994387","conseiller ou conseillère"
"Q29182","évêque"
"Q6857706","métier militaire"
"Q94939480","évêque luthérien"
"Q15296811","dessinateur ou dessinatrice"
"Q1294787","artisan"
"Q116","monarque"
"Q975783","propriété foncière"
"Q618123","objet géographique"
"Q78775270","real assets"
"Q108285748","services and sales worker"
"Q183888","développeur ou développeuse"
"Q15722501","ministre du Tourisme"
"Q215536","commerçant"
"Q56061","entité territoriale administrative"
"Q1524582","éleveur"
"Q12059906","gardien de troupeau"
"Q29182","évêque"
"Q3126128","généticien ou généticienne"
"Q4830453","firme"
"Q362482","opération"
"Q155076","personne morale"
"Q216353","titre de civilité"
"Q182436","bibliothécaire"
"Q128124","ingénieur du son"
"Q2994387","conseiller ou conseillère"
"Q41511527","taxologist"
"Q15978655","consultant ou consultante"
"Q2066131","athlète"
"Q12376667","technologue"
"Q11974939","professionnel ou professionnelle de la santé"
"Q1575252","Handwerkschirurg"
"Q245068","humoriste"
"Q4853732","auteur ou autrice de littérature pour la jeunesse"
"Q644687","illustrateur ou illustratrice"
"Q294414","fonction publique"
"Q81729632","musicien ou musicienne de musique classique"
"Q639669","musicien ou musicienne"
"Q7245049","principal"
"Q1058617","détective privé"
"Q2588761","travailleur qualifié ou travailleuse qualifiée"
"Q1240788","patron"
"Q5183538","préfet romain"
"Q3071477","fidèle"
"Q1281618","sculpteur ou sculptrice"
"Q3391743","artiste visuel ou artiste visuelle"
"Q2865819","artiste lyrique"
"Q3391743","artiste visuel ou artiste visuelle"
"Q1327329","multi-instrumentiste"
"Q2465389","reed player"
"Q30185","maire"
"Q1332286","forgerie"
"Q1408286","processus de production"
"Q28813","fraude"
"Q2588761","travailleur qualifié ou travailleuse qualifiée"
"Q17291399","membre d'équipe de cinéma"
"Q28389","scénariste"
"Q66686203","pareur"
"Q1639825","forgeron ou forgeronne"
"Q2419397","thérapeute"
"Q108289390","other health professionals"
"Q831124","Beth din"
"Q845929","prétendant au trône"
"Q1714828","chasseur ou chasseresse"
"Q18882335","créateur de jeux vidéo"
"Q28745974","rang civil de l'Empire russe"
"Q599151","haut fonctionnaire ou haute fonctionnaire"
"Q4139091","Head of Administration"
"Q2285706","chef de gouvernement"
"Q3247049","officier d'armes"
"Q2518689","guérisseur"
"Q10729326","pirate"
"Q10669499","officier de marine"
"Q11974939","professionnel ou professionnelle de la santé"
"Q59283400","travailleur de la santé"
"Q1622272","professeur ou professeure d'université"
"Q5428874","personnel académique"
"Q599151","haut fonctionnaire ou haute fonctionnaire"
"Q207320","paramilitaire"
"Q99220890","tobaksarbetare"
"Q3391743","artiste visuel ou artiste visuelle"
"Q327055","travailleur ou travailleuse"
"Q1162163","directeur ou directrice"
"Q15980804","professionnel des médias"
"Q327055","travailleur ou travailleuse"
"Q28813","fraude"
"Q5449702","crime financier"
"Q580750","conscription"
"Q1862087","prisonnier ou prisonnière"
"Q311396","gardien de prison"
"Q864503","biologiste"
"Q327055","travailleur ou travailleuse"
"Q852998","partie prenante"
"Q138858","personne du monde du divertissement"
"Q1414443","cinéaste"
"Q437512","tisserand"
"Q483501","artiste"
"Q17291399","membre d'équipe de cinéma"
"Q4220920","métier du cinéma"
"Q268378","travail"
"Q186361","châtiment"
"Q1424047","offense against personal freedom"
"Q192581","travail"
"Q3391743","artiste visuel ou artiste visuelle"
"Q160117","courtier"
"Q11997597","représentant"
"Q1517802","substitut"
"Q108290434","commercial sales representatives"
"Q7621877","stratège"
"Q108290297","sales and marketing managers"
"Q82594","informaticien ou informaticienne"
"Q1162163","directeur ou directrice"
"Q91143339","transportation worker"
"Q1391083","travailleur qualifié"
"Q327029","mécanicien"
"Q37226","enseignant ou enseignante"
"Q201788","historien ou historienne"
"Q10379007","théâtrologue"
"Q1221126","Dienststellung"
"Q112119463","chef ou cheffe de cabinet"
"Q47324169","staff officer"
"Q16631188","fonction militaire"
"Q212238","fonctionnaire"
"Q49773","mouvement social"
"Q10547393","personnalité politique locale"
"Q2994387","conseiller ou conseillère"
"Q294414","fonction publique"
"Q1483433","technicien ou technicienne de laboratoire"
"Q2399383","science technician"
"Q420","biologie"
"Q11351","chimie organique"
"Q47541952","producteur ou productrice artistique"
"Q49757","poète ou poétesse"
"Q488205","auteur-compositeur-interprète ou autrice-compositrice-interprète"
"Q16157609","artiste autodidacte"
"Q16335296","profession historique"
"Q1058617","détective privé"
"Q8125919","conseiller politique"
"Q989963","storytelling"
"Q15976341","slaviste"
"Q3126128","généticien ou généticienne"
"Q15839136","biologiste cellulaire"
"Q16404706","medical geneticist"
"Q105186","pharmacien"
"Q593644","chimiste"
"Q82594","informaticien ou informaticienne"
"Q2552072","histologiste"
"Q3368718","pathologiste"
"Q593644","chimiste"
"Q38053159","géomorphologue"
"Q4773904","anthropologue"
"Q177220","chanteur ou chanteuse"
"Q23037330","récitateur"
"Q2919046","biochimiste"
"Q3368718","pathologiste"
"Q593644","chimiste"
"Q6804564","mécanicien"
"Q593644","chimiste"
"Q2374149","botaniste"
"Q169470","physicien ou physicienne"
"Q71133019","opticien"
"Q16745601","physicien quantique"
"Q3332438","médecin spécialiste"
"Q2055046","physiologiste"
"Q26876987","joueur de billard carambole"
"Q2252262","rappeur ou rappeuse"
"Q483501","artiste"
"Q618779","distinction"
"Q483501","artiste"
"Q117531692","résidence créative"
"Q81096","ingénieur ou ingénieure"
"Q388338","trésorier"
"Q4164871","fonction"
"Q1930187","journaliste"
"Q59616954","freelance writer"
"Q420","biologie"
"Q2478141","aristocrate"
"Q54128","domestique"
"Q6469874","dame de compagnie"
"Q1511216","courtisan"
"Q15296811","dessinateur ou dessinatrice"
"Q644687","illustrateur ou illustratrice"
"Q205375","inventeur"
"Q355567","titre de noblesse"
"Q3482410","comportement de groupe"
"Q4686698","adversarial process"
"Q1914636","activité"
"Q202648","arbitre sportif ou arbitre sportive"
"Q5728861","biologie aquatique"
"Q1130698","hydrobiologie"
"Q520549","géologue"
"Q3332438","médecin spécialiste"
"Q39631","médecin"
"Q382887","élu au service public"
"Q28745974","rang civil de l'Empire russe"
"Q33231","photographe"
"Q43229","organisation"
"Q5588651","organe de gouvernance"
"Q11974939","professionnel ou professionnelle de la santé"
"Q6840857","professionnel médical"
"Q55071047","auxiliaire de santé"
"Q16511993","reine"
"Q16138124","后妃"
"Q101976445","Eastern Orthodox deacon"
"Q91187063","moine orthodoxe"
"Q7016454","artiste des nouveaux médias"
"Q627325","graphiste"
"Q3126128","généticien ou généticienne"
"Q2374149","botaniste"
"Q1097498","dirigeant"
"Q106499608","literary reading"
"Q1446621","récital"
"Q77152841","police civil employee"
"Q122147617","wrestling referee"
"Q309100","planification"
"Q748250","prédiction"
"Q13474373","catcheur"
"Q2462658","manager"
"Q4991371","soldat"
"Q483501","artiste"
"Q1278335","instrumentiste"
"Q1622272","professeur ou professeure d'université"
"Q29182003","professeur de mathématiques"
"Q4164871","fonction"
"Q12737077","activité"
"Q108286983","métier de la finance"
"Q703534","salarié"
"Q66715835","service industry worker"
"Q21281706","administrateur académique"
"Q3400985","universitaire"
"Q1423891","ministre du culte"
"Q43229","organisation"
"Q367293","convention"
"Q42603","prêtre"
"Q1162163","directeur ou directrice"
"Q2114175","provost"
"Q1056391","directeur ou directrice d'école"
"Q108399377","university chief executive"
"Q2462658","manager"
"Q30093123","enquêteur"
"Q212238","fonctionnaire"
"Q13235160","producteur"
"Q21292974","directeur de production"
"Q2462658","manager"
"Q1423891","ministre du culte"
"Q14467526","linguiste"
"Q212980","psychologue"
"Q201788","historien ou historienne"
"Q212238","fonctionnaire"
"Q1052804","ornement extérieur de l'écu"
"Q1308239","acheteur"
"Q106039","chrétien ou chrétienne"
"Q22676587","régime monarchique"
"Q16062369","oncologue"
"Q2571535","crime politique"
"Q86923152","source de risque"
"Q19890758","militantisme politique"
"Q2095549","aviateur ou aviatrice"
"Q91143339","transportation worker"
"Q3286043","mannequin de charme"
"Q42603","prêtre"
"Q6386590","Levite"
"Q2426135","sport de raquette"
"Q212434","sport olympique"
"Q108290649","fumigators and other pest and weed controllers"
"Q131524","entrepreneur ou entrepreneuse"
"Q1818899","colon"
"Q2095549","aviateur ou aviatrice"
"Q1318390","opérateur radio"
"Q118981632","officier de la marine marchande"
"Q215536","commerçant"
"Q806798","banquier"
"Q7325","Juifs"
"Q43845","personnalité du monde des affaires"
"Q58371759","registraire"
"Q93923328","Chinese medicine practitioner"
"Q39631","médecin"
"Q618532","propriétaire de bien"
"Q6731168","magistrate"
"Q28056401","accusé"
"Q24571167","litigant"
"Q738142","commis"
"Q685433","vendeur ou vendeuse"
"Q3315492","ministère ecclésiastique"
"Q61905636","fonctionnaire de la cour"
"Q2994387","conseiller ou conseillère"
"Q7888586","ingénieur chimiste"
"Q26848923","bioingénieur ou bioingénieure"
"Q2919046","biochimiste"
"Q115668308","release"
"Q13219447","journaliste sportif ou journaliste sportive"
"Q1371925","speaker"
"Q215536","commerçant"
"Q28389","scénariste"
"Q11499012","créateur de programmes"
"Q777952","instructeur"
"Q13590141","animateur ou animatrice"
"Q102250838","monastique"
"Q4504549","religieux"
"Q69944008","religious personnel"
"Q2252262","rappeur ou rappeuse"
"Q674426","conservateur ou conservatrice de musée"
"Q184872","loisir"
"Q41583","entraîneur sportif"
"Q25339110","professeur titulaire"
"Q14212","Premier ou Première ministre"
"Q7358","clown"
"Q10774753","performeur"
"Q17307272","artiste de cirque"
"Q24060765","organe d'un animal"
"Q112826975","entité anatomique particulière"
"Q3355930","organe sensoriel"
"Q12859263","orateur ou oratrice"
"Q483501","artiste"
"Q3149505","improvisateur ou improvisatrice"
"Q108290289","cadres supérieurs de l’administration publique"
"Q895526","organe"
"Q294414","fonction publique"
"Q41553020","conception"
"Q28640","profession"
"Q2383393","candidature"
"Q57315384","necked bowl lutes played with a bow"
"Q202648","arbitre sportif ou arbitre sportive"
"Q60723829","chanteur de pop"
"Q105652965","schlager musician"
"Q42603","prêtre"
"Q255274","col blanc"
"Q108305377","general office clerks"
"Q97234227","animal vocalization"
"Q2914170","artiste de rue"
"Q1028181","peintre"
"Q627325","graphiste"
"Q3391743","artiste visuel ou artiste visuelle"
"Q81096","ingénieur ou ingénieure"
"Q19841349","Saiō"
"Q250867","prêtre catholique"
"Q11997597","représentant"
"Q121998","ambassadeur ou ambassadrice"
"Q132050","gouverneur"
"Q7063944","cheminot"
"Q39631","médecin"
"Q79382845","médecin interne"
"Q1251441","responsable"
"Q978044","cadre dirigeant ou cadre dirigeante"
"Q1339677","observateur sportif"
"Q16314501","encyclopédiste"
"Q82955","personnalité politique"
"Q15978655","consultant ou consultante"
"Q40348","avocat ou avocate"
"Q1426058","communication institutionnelle"
"Q599151","haut fonctionnaire ou haute fonctionnaire"
"Q2611907","sergent d'arme"
"Q2061186","ordre religieux"
"Q8242","littérature"
"Q181001","érotisme"
"Q702269","professionnel ou professionnelle"
"Q4830453","firme"
"Q29352392","maître spirituel"
"Q113250479","Sufi Scholar"
"Q6060450","parachutiste"
"Q47064","militaire"
"Q15958754","diffuseur"
"Q104099828","vendeur"
"Q108289648","shop salespersons"
"Q75617","petite bourgeoisie"
"Q13219447","journaliste sportif ou journaliste sportive"
"Q29182","évêque"
"Q611644","évêque catholique"
"Q1044528","vicaire général"
"Q948657","évêque titulaire"
"Q189819","rituel"
"Q2627975","cérémonie"
"Q628455","rite"
"Q11063","astronome"
"Q169470","physicien ou physicienne"
"Q849697","doctorat"
"Q482980","auteur ou autrice"
"Q36834","compositeur ou compositrice"
"Q483501","artiste"
"Q10477002","reine mère"
"Q1294787","artisan"
"Q3391743","artiste visuel ou artiste visuelle"
"Q2419397","thérapeute"
"Q483501","artiste"
"Q1875737","communication verbale"
"Q11398090","création"
"Q119822304","human communication"
"Q65757353","transformation"
"Q185351","juriste"
"Q14284","solliciteur"
"Q13002315","personnage légendaire"
"Q2624172","sage"
"Q49757","poète ou poétesse"
"Q84048852","être humain féminin"
"Q7566","parent"
"Q1104153","chanoine"
"Q7566","parent"
"Q84048850","humain masculin"
"Q5","être humain"
"Q1516282","juvénile"
"Q27277581","pseudo-loi"
"Q384593","policier ou policière"
"Q24716636","bénévole"
"Q107526461","associate editor"
"Q2986228","commentateur sportif"
"Q50995749","personnalité liée au sport"
"Q2059704","réalisateur ou réalisatrice de télévision"
"Q9352089","espion ou espionne"
"Q185351","juriste"
"Q108290759","garden and horticultural labourers"
"Q451967","action humaine"
"Q4284762","flux de matériaux"
"Q8187769","activité économique"
"Q1930187","journaliste"
"Q15686806","sénateur ou sénatrice"
"Q17279032","charge élective"
"Q106088317","state legislator of the United States"
"Q28819924","position politique"
"Q83307","ministre"
"Q685433","vendeur ou vendeuse"
"Q24229398","agent"
"Q28389","scénariste"
"Q41583","entraîneur sportif"
"Q8563456","entraîneur physique"
"Q15978655","consultant ou consultante"
"Q1270844","papal gentleman"
"Q11499147","militant ou militante politique"
"Q762121","entraîneur personnel"
"Q41583","entraîneur sportif"
"Q2066131","athlète"
"Q1955150","fabricant d'instruments de musique"
"Q704948","doublure corps"
"Q16611574","réformateur social"
"Q15995642","chef religieux"
"Q11499147","militant ou militante politique"
"Q8191099","affiliate"
"Q16678266","supporter"
"Q118288910","national syndicalist"
"Q120115224","anti-communiste"
"Q106399618","nationaliste"
"Q11388835","membre de parti politique"
"Q66889825","surintendant"
"Q978044","cadre dirigeant ou cadre dirigeante"
"Q48352","chef d'État"
"Q52769526","curé"
"Q1075651","claviériste"
"Q639669","musicien ou musicienne"
"Q66060370","tax officer"
"Q1930187","journaliste"
"Q5157565","professionnel de l'informatique"
"Q599151","haut fonctionnaire ou haute fonctionnaire"
"Q2101540","political appointee"
"Q4164871","fonction"
"Q15978655","consultant ou consultante"
"Q215793","maître de chapelle"
"Q153936","milice"
"Q5716684","danseur ou danseuse"
"Q2066131","athlète"
"Q416718","vagabond"
"Q49757","poète ou poétesse"
"Q16335296","profession historique"
"Q43845","personnalité du monde des affaires"
"Q182436","bibliothécaire"
"Q37226","enseignant ou enseignante"
"Q54912758","processus de groupe"
"Q2994387","conseiller ou conseillère"
"Q864503","biologiste"
"Q16060693","conservationniste"
"Q593644","chimiste"
"Q21329070","scientifique des matériaux"
"Q5070767","chancelier"
"Q16138124","后妃"
"Q100387742","impératrice"
"Q17149090","organisation armée"
"Q8473","armée"
"Q2659904","organisation gouvernementale"
"Q15253558","militant ou militante"
"Q485178","analyste"
"Q112598603","data professional"
"Q942569","analyste"
"Q3332438","médecin spécialiste"
"Q81096","ingénieur ou ingénieure"
"Q758780","jardinier"
"Q117422360","drama genre"
"Q45971958","genre des arts de la scène"
"Q974144","éducateur ou éducatrice"
"Q557880","investisseur"
"Q169470","physicien ou physicienne"
"Q4750824","anagārika"
"Q185351","juriste"
"Q17573152","croyant ou croyante"
"Q381160","expert"
"Q12737077","activité"
"Q192581","travail"
"Q3455803","réalisateur ou réalisatrice"
"Q17291399","membre d'équipe de cinéma"
"Q4531850","endocrinologue"
"Q2079079","médecin nucléaire"
"Q381160","expert"
"Q483501","artiste"
"Q674426","conservateur ou conservatrice de musée"
"Q2066131","athlète"
"Q18536342","joueur professionnel ou joueuse professionnelle"
"Q3630257","géologie dynamique"
"Q177220","chanteur ou chanteuse"
"Q39631","médecin"
"Q7821620","maréchal de camp"
"Q202648","arbitre sportif ou arbitre sportive"
"Q108290289","cadres supérieurs de l’administration publique"
"Q4164871","fonction"
"Q185196","sage-femme"
"Q177220","chanteur ou chanteuse"
"Q25393460","diacre catholique"
"Q774306","chirurgien ou chirurgienne"
"Q43229","organisation"
"Q3778211","personnalité juridique"
"Q3332438","médecin spécialiste"
"Q6337803","neurobiologiste"
"Q1162163","directeur ou directrice"
"Q64827934","triumvir"
"Q1861571","magistrat monétaire"
"Q83307","ministre"
"Q629944","arbitrageur"
"Q11190","médecine"
"Q113129019","sciences cliniques"
"Q6881511","entreprise"
"Q13235160","producteur"
"Q178598","libertarianisme"
"Q685433","vendeur ou vendeuse"
"Q37226","enseignant ou enseignante"
"Q202648","arbitre sportif ou arbitre sportive"
"Q1251441","responsable"
"Q1713","citation"
"Q199657","lecture"
"Q15627169","syndicaliste"
"Q19356884","représentant permanent"
"Q121998","ambassadeur ou ambassadrice"
"Q81096","ingénieur ou ingénieure"
"Q593644","chimiste"
"Q108289381","engineering professionals (excluding electrotechnology)"
"Q95074","personnage de fiction"
"Q10669499","officier de marine"
"Q108114975","aviateur de la marine"
"Q1028181","peintre"
"Q1281618","sculpteur ou sculptrice"
"Q160402","perception"
"Q29604895","qualité de superhumain"
"Q106249934","psychic ability"
"Q483501","artiste"
"Q94297215","percussion instrument maker"
"Q380075","défenseur"
"Q185351","juriste"
"Q4504549","religieux"
"Q1365552","sacristain"
"Q944537","sciences de l'esprit"
"Q8434","éducation"
"Q706364","directeur ou directrice artistique"
"Q21560152","responsable d'effets spéciaux"
"Q2675537","professeur ou professeure de musique"
"Q177220","chanteur ou chanteuse"
"Q520549","géologue"
"Q733786","moine ou moniale"
"Q1250916","guerrier"
"Q61790670","italianiste"
"Q36180","écrivain ou écrivaine"
"Q1607826","éditeur ou éditrice"
"Q2500638","créateur ou créatrice"
"Q11499147","militant ou militante politique"
"Q8359428","militant social"
"Q2643890","vocaliste"
"Q163740","organisation à but non lucratif"
"Q864503","biologiste"
"Q37226","enseignant ou enseignante"
"Q36180","écrivain ou écrivaine"
"Q93937321","animal attendant"
"Q17573152","croyant ou croyante"
"Q12328016","mystique"
"Q483501","artiste"
"Q329439","graveur ou graveuse sur métal"
"Q7063944","cheminot"
"Q930402","witch doctor"
"Q4990963","discipline de cirque"
"Q182436","bibliothécaire"
"Q5716684","danseur ou danseuse"
"Q974144","éducateur ou éducatrice"
"Q2490358","chorégraphe"
"Q1162163","directeur ou directrice"
"Q10370560","sertanista"
"Q17769800","marchand d'esclave"
"Q639669","musicien ou musicienne"
"Q158852","chef ou cheffe d'orchestre"
"Q1198887","directeur musical ou directrice musicale"
"Q255274","col blanc"
"Q31179608","employé de bureau"
"Q2043282","gestion d'entreprise"
"Q43845","personnalité du monde des affaires"
"Q215536","commerçant"
"Q806717","employé de banque"
"Q108289637","tellers, money collectors and related clerks"
"Q255274","col blanc"
"Q70901436","clergé bouddhiste"
"Q97352502","nígū"
"Q157195","serveur"
"Q108289643","waiters and bartenders"
"Q4964182","philosophe"
"Q5","être humain"
"Q7160407","Pair"
"Q83230308","hereditary office"
"Q40348","avocat ou avocate"
"Q367293","convention"
"Q8162","linguistique"
"Q53178539","travail en atelier"
"Q2376292","specialist degree"
"Q327333","agence publique"
"Q212238","fonctionnaire"
"Q1191714","col bleu"
"Q108290768","building construction labourers"
"Q1294787","artisan"
"Q811122","travailleur de la construction"
"Q811122","travailleur de la construction"
"Q2462658","manager"
"Q758780","jardinier"
"Q3140857","horticulteur"
"Q169336","mélange"
"Q214609","matériau"
"Q4991371","soldat"
"Q4830453","firme"
"Q82955","personnalité politique"
"Q2994387","conseiller ou conseillère"
"Q15978655","consultant ou consultante"
"Q838566","forgeron ou forgeronne"
"Q2306091","sociologue"
"Q14915751","prostitué ou prostituée"
"Q467","femme"
"Q1914636","activité"
"Q212238","fonctionnaire"
"Q639669","musicien ou musicienne"
"Q80083","lettres"
"Q34749","sciences sociales"
"Q901402","géographe"
"Q4359236","cadre d'entreprise"
"Q37226","enseignant ou enseignante"
"Q12059906","gardien de troupeau"
"Q1259917","violoniste"
"Q81729632","musicien ou musicienne de musique classique"
"Q639669","musicien ou musicienne"
"Q544972","tromboniste"
"Q81729632","musicien ou musicienne de musique classique"
"Q2072081","personne de couleur"
"Q1622272","professeur ou professeure d'université"
"Q2675537","professeur ou professeure de musique"
"Q16145150","professeur ou professeure de musique"
"Q201788","historien ou historienne"
"Q6386271","expert médiatique"
"Q214917","dramaturge"
"Q451967","action humaine"
"Q3286043","mannequin de charme"
"Q131512","agriculteur ou agricultrice"
"Q9149093","alpiniste"
"Q14290559","guide"
"Q33394058","travailleur manuel"
"Q131524","entrepreneur ou entrepreneuse"
"Q5422651","professionnel de la vue"
"Q2031939","orthoprothésiste"
"Q36180","écrivain ou écrivaine"
"Q16889133","classe"
"Q735","art"
"Q482980","auteur ou autrice"
"Q36180","écrivain ou écrivaine"
"Q111263847","créateur ou créatrice numérique"
"Q111651501","posteur ou posteuse"
"Q838948","œuvre d’art"
"Q1318295","récit"
"Q8242","littérature"
"Q5157565","professionnel de l'informatique"
"Q942569","analyste"
"Q7725634","œuvre littéraire"
"Q3328821","récit"
"Q580939","véhicule utilitaire"
"Q42889","véhicule"
"Q107280686","humanitarian activity"
"Q110516696","member of the parliament of Sweden"
"Q138858","personne du monde du divertissement"
"Q3578589","écologiste"
"Q15253558","militant ou militante"
"Q101067779","environmental defender"
"Q19398863","vocational driver"
"Q37226","enseignant ou enseignante"
"Q974144","éducateur ou éducatrice"
"Q108284914","teaching professionals"
"Q4991371","soldat"
"Q47064","militaire"
"Q83460","général"
"Q67528681","soldat romain"
"Q702269","professionnel ou professionnelle"
"Q4504549","religieux"
"Q733786","moine ou moniale"
"Q1776501","supérieur"
"Q1638918","ordinaire"
"Q191808","religieuse"
"Q15980804","professionnel des médias"
"Q1240788","patron"
"Q15980804","professionnel des médias"
"Q42603","prêtre"
"Q1423891","ministre du culte"
"Q3332438","médecin spécialiste"
"Q2462658","manager"
"Q2251595","protection"
"Q381243","effets spéciaux"
"Q627436","domaine d'activité"
"Q11397","mécanique classique"
"Q108290289","cadres supérieurs de l’administration publique"
"Q4164871","fonction"
"Q1294787","artisan"
"Q1734300","carrossier"
"Q15319501","chercheur ou chercheuse en sciences sociales"
"Q1231865","pédagogue"
"Q54128","domestique"
"Q54128","domestique"
"Q3621491","archéologue"
"Q864503","biologiste"
"Q5352191","technicien ou technicienne"
"Q1162163","directeur ou directrice"
"Q337979","sport de puissance"
"Q2755547","sport individuel"
"Q55738923","trompette à coulisse"
"Q7748","droit"
"Q17628570","representación"
"Q1517802","substitut"
"Q8458","droits de l'homme"
"Q15253558","militant ou militante"
"Q13590141","animateur ou animatrice"
"Q23835475","assistant"
"Q361593","fonctionnaire de police"
"Q5352191","technicien ou technicienne"
"Q1294787","artisan"
"Q122657929","radio writer"
"Q214917","dramaturge"
"Q1278335","instrumentiste"
"Q20850090","harmoniciste"
"Q1294787","artisan"
"Q82955","personnalité politique"
"Q88190406","party official"
"Q4164871","fonction"
"Q30903","soprano"
"Q7406919","service"
"Q25351891","business service"
"Q2424752","produit"
"Q815823","modèle d'entreprise"
"Q849424","capitaine de navire"
"Q1162163","directeur ou directrice"
"Q2824523","administrateur ou administratrice de société"
"Q1719325","prisoner of a Nazi concentration camp"
"Q81096","ingénieur ou ingénieure"
"Q5322166","designer"
"Q327321","maçon"
"Q488111","acteur ou actrice pornographique"
"Q852857","travailleur ou travailleuse du sexe"
"Q108181013","cycling coach"
"Q1162163","directeur ou directrice"
"Q15980591","monteur d'acier"
"Q192581","travail"
"Q937946","solide géométrique"
"Q193657","ensemble convexe"
"Q3776995","hyperball"
"Q131512","agriculteur ou agricultrice"
"Q5060555","ouvrier agricole"
"Q19261760","profession agricole"
"Q248577","président de la République"
"Q116730140","chef d'État de la Roumanie"
"Q1063","évolution"
"Q7206","paléoanthropologie"
"Q484744","érotisme anal"
"Q28389","scénariste"
"Q901402","géographe"
"Q34749","sciences sociales"
"Q2127330","transport company"
"Q628858","lieu de travail"
"Q1468664","Prestataire logistique"
"Q12737077","activité"
"Q639669","musicien ou musicienne"
"Q215627","personne"
"Q131512","agriculteur ou agricultrice"
"Q19340487","prêtre orthodoxe"
"Q91187063","moine orthodoxe"
"Q1638918","ordinaire"
"Q6503343","agent de la force publique"
"Q30093123","enquêteur"
"Q2576499","nutritionniste"
"Q11974939","professionnel ou professionnelle de la santé"
"Q60332470","anthropogéographe"
"Q2306091","sociologue"
"Q59913751","théoricien ou théoricienne de l'urbanisme"
"Q131062","urbaniste"
"Q81096","ingénieur ou ingénieure"
"Q901","scientifique"
"Q18931911","théoricien ou théoricienne"
"Q212980","psychologue"
"Q1424605","opérateur de marché"
"Q65720209","hobbyist"
"Q7406919","service"
"Q6423395","diffusion des connaissances"
"Q2305441","processus social"
"Q1572123","ingénieur système"
"Q1622272","professeur ou professeure d'université"
"Q108818575","architecture teacher"
"Q5","être humain"
"Q2516866","éditeur ou éditrice"
"Q12360214","bassiste"
"Q67200506","musicien de heavy metal"
"Q50851","marché noir"
"Q864503","biologiste"
"Q901","scientifique"
"Q864503","biologiste"
"Q593644","chimiste"
"Q864503","biologiste"
"Q5157565","professionnel de l'informatique"
"Q1391344","spécialiste"
"Q58455065","textile industrial"
"Q18611810","designer textile"
"Q82955","personnalité politique"
"Q618536","candidate ou candidat"
"Q853725","rapport social"
"Q15319501","chercheur ou chercheuse en sciences sociales"
"Q2730732","cavalier"
"Q485178","analyste"
"Q17149090","organisation armée"
"Q108290349","early childhood educator"
"Q81096","ingénieur ou ingénieure"
"Q327055","travailleur ou travailleuse"
"Q483501","artiste"
"Q33394058","travailleur manuel"
"Q272826","guerre électronique"
"Q911036","guerre de l'information"
"Q45199","marin"
"Q110996085","vessel captain"
"Q2961975","chef ou cheffe d'entreprise"
"Q856887","agent de sécurité"
"Q131512","agriculteur ou agricultrice"
"Q838566","forgeron ou forgeronne"
"Q2588761","travailleur qualifié ou travailleuse qualifiée"
"Q66715835","service industry worker"
"Q1476215","défenseur des droits de l'Homme"
"Q29182","évêque"
"Q611644","évêque catholique"
"Q1044528","vicaire général"
"Q948657","évêque titulaire"
"Q114371470","coadjuteur"
"Q75178","évêque auxiliaire"
"Q854399","district authority"
"Q4164871","fonction"
"Q30185","maire"
"Q70901436","clergé bouddhiste"
"Q987168","mendicant"
"Q191808","religieuse"
"Q97352502","nígū"
"Q733786","moine ou moniale"
"Q70901436","clergé bouddhiste"
"Q987168","mendicant"
"Q115246813","plucked instrument player"
"Q16744668","physico-chimiste"
"Q18931911","théoricien ou théoricienne"
"Q168658","poupée"
"Q179700","statue"
"Q54128","domestique"
"Q13472752","valet"
"Q1424605","opérateur de marché"
"Q41583","entraîneur sportif"
"Q108341141","security guards and security agencies"
"Q639669","musicien ou musicienne"
"Q483501","artiste"
"Q1495660","critique gastronomique"
"Q486983","rang académique"
"Q639669","musicien ou musicienne"
"Q202648","arbitre sportif ou arbitre sportive"
"Q38088701","officiel d'un match de football"
"Q116763437","person associated with football"
"Q350268","plastic artwork"
"Q8205328","objet artificiel physique"
"Q220659","artéfact archéologique"
"Q15253558","militant ou militante"
"Q876864","conseiller ou conseillère de rédaction"
"Q2066131","athlète"
"Q7019111","travailleur social"
"Q2920921","management"
"Q5283295","administration"
"Q113104235","specialist studies in education"
"Q11639","danse"
"Q12101591","industrie extractive"
"Q4318084","industrie pétrolière et gazière"
"Q2478141","aristocrate"
"Q467","femme"
"Q5482740","programmeur ou programmeuse"
"Q58287519","développeur de jeux vidéo"
"Q15980158","auteur ou autrice de non-fiction"
"Q901","scientifique"
"Q134783","stratigraphie"
"Q7205","paléontologie"
"Q17136179","scientifique interdisciplinaire"
"Q864503","biologiste"
"Q47311934","fleet"
"Q4610556","mannequin"
"Q15982595","vedette"
"Q41583","entraîneur sportif"
"Q3243461","collectionneur ou collectionneuse"
"Q41583","entraîneur sportif"
"Q2159907","criminel ou criminelle"
"Q1862087","prisonnier ou prisonnière"
"Q18536342","joueur professionnel ou joueuse professionnelle"
"Q2047357","fiduciaire"
"Q131512","agriculteur ou agricultrice"
"Q3150593","Industrie de l'alcool"
"Q106039","chrétien ou chrétienne"
"Q384593","policier ou policière"
"Q21281706","administrateur académique"
"Q4164871","fonction"
"Q2462658","manager"
"Q1191714","col bleu"
"Q2727213","vol"
"Q25141651","médecin chercheur"
"Q3126128","généticien ou généticienne"
"Q577017","Ban"
"Q2133309","décorateur d'intérieur"
"Q73536659","professeur"
"Q5","être humain"
"Q294414","fonction publique"
"Q1607826","éditeur ou éditrice"
"Q1930187","journaliste"
"Q3077353","formateur"
"Q37226","enseignant ou enseignante"
"Q708492","conseiller municipal"
"Q43683884","transport clerk"
"Q23835475","assistant"
"Q16533","juge"
"Q13406554","compétition sportive"
"Q349","sport"
"Q2312410","discipline sportive"
"Q811122","travailleur de la construction"
"Q3198719","arable farming"
"Q10843872","procédé"
"Q117048972","farming practice"
"Q12909644","idéologie politique"
"Q2504617","romaniste"
"Q1743122","historien ou historienne de l'Église"
"Q937283","pionnier"
"Q1251441","responsable"
"Q16037036","paléobiologiste"
"Q350979","zoologiste"
"Q105186","pharmacien"
"Q15985128","historien ou historienne de la médecine"
"Q41583","entraîneur sportif"
"Q12794619","propriétaire de biens"
"Q212980","psychologue"
"Q2114605","pharmacologue"
"Q99193996","behavioral scientist"
"Q16744668","physico-chimiste"
"Q11499147","militant ou militante politique"
"Q7140620","partisan"
"Q8564242","followership"
"Q11388835","membre de parti politique"
"Q8191099","affiliate"
"Q106399618","nationaliste"
"Q120115224","anti-communiste"
"Q120324952","anti-capitalist"
"Q104080080","extrémiste de droite"
"Q14467526","linguiste"
"Q33386280","libraire"
"Q19361455","sémitologue"
"Q4964182","philosophe"
"Q19829980","scientifique des religions"
"Q1231865","pédagogue"
"Q189290","officier"
"Q561904","réserviste"
"Q55737401","théologien chrétien"
"Q188094","économiste"
"Q1328323","fonctionnaire"
"Q15980158","auteur ou autrice de non-fiction"
"Q4164507","critique d'art"
"Q13381863","escrimeur"
"Q114414171","para-athlete"
"Q2309784","cycliste"
"Q2462658","manager"
"Q777952","instructeur"
"Q7140620","partisan"
"Q15253558","militant ou militante"
"Q29933786","exploitant"
"Q212980","psychologue"
"Q19829980","scientifique des religions"
"Q15319501","chercheur ou chercheuse en sciences sociales"
"Q15976341","slaviste"
"Q2504617","romaniste"
"Q1414443","cinéaste"
"Q1235146","réalisateur ou réalisatrice de documentaire"
"Q1734493","plucked string instrument maker"
"Q18931911","théoricien ou théoricienne"
"Q4479442","fondateur"
"Q15253558","militant ou militante"
"Q2066131","athlète"
"Q40348","avocat ou avocate"
"Q2462658","manager"
"Q1930187","journaliste"
"Q4479442","fondateur"
"Q20965770","pratiquant de sports d'hiver"
"Q639669","musicien ou musicienne"
"Q202883","vétérinaire"
"Q3368718","pathologiste"
"Q4479442","fondateur"
"Q131524","entrepreneur ou entrepreneuse"
"Q482980","auteur ou autrice"
"Q1231865","pédagogue"
"Q1930187","journaliste"
"Q41583","entraîneur sportif"
"Q1231865","pédagogue"
"Q1925963","artiste graphique"
"Q627325","graphiste"
"Q201788","historien ou historienne"
"Q1625427","fabricant d'instrument à vent"
"Q8125919","conseiller politique"
"Q294414","fonction publique"
"Q115761018","fonctionnaire municipal"
"Q599151","haut fonctionnaire ou haute fonctionnaire"
"Q738142","commis"
"Q61905636","fonctionnaire de la cour"
"Q14467526","linguiste"
"Q94296450","fabricant d'instrument à clavier"
"Q1639825","forgeron ou forgeronne"
"Q838566","forgeron ou forgeronne"
"Q16742175","spéléologue"
"Q864503","biologiste"
"Q1097498","dirigeant"
"Q6949213","roi légendaire"
"Q188094","économiste"
"Q13002315","personnage légendaire"
"Q4271324","personnage mythologique"
"Q1250916","guerrier"
"Q154549","charpentier"
"Q1340643","maître d’œuvre"
"Q16744668","physico-chimiste"
"Q43668003","chimiste analytique"
"Q81096","ingénieur ou ingénieure"
"Q15978655","consultant ou consultante"
"Q16023725","activités d’édition"
"Q29585658","édition de livres"
"Q36180","écrivain ou écrivaine"
"Q2138822","clerc régulier"
"Q2566598","religieux catholique"
"Q1104153","chanoine"
"Q1237385","chanoine"
"Q2334804","livraison"
"Q201788","historien ou historienne"
"Q2101540","political appointee"
"Q14467526","linguiste"
"Q61465891","seal cutter"
"Q483501","artiste"
"Q93403587","grape grower"
"Q104590991","personnalité liée au vin"
"Q15320003","travailleur migrant"
"Q35798","pouvoir exécutif"
"Q43229","organisation"
"Q4445088","perpétrateur ou perpétratrice"
"Q107711","pompier ou pompière"
"Q96075193","invigilator"
"Q212238","fonctionnaire"
"Q1278335","instrumentiste"
"Q18171345","député"
"Q49757","poète ou poétesse"
"Q3247049","officier d'armes"
"Q1622925","court appointment"
"Q2159907","criminel ou criminelle"
"Q1650915","chercheur ou chercheuse"
"Q20826540","érudit"
"Q855091","guitariste"
"Q974144","éducateur ou éducatrice"
"Q177220","chanteur ou chanteuse"
"Q42303786","musicien de blues"
"Q11424604","géoscientifique"
"Q11124885","pratiquant d'arts martiaux"
"Q40348","avocat ou avocate"
"Q185351","juriste"
"Q61717628","labour scientist"
"Q16012028","juriste"
"Q18121791","éclaireur"
"Q215536","commerçant"
"Q2478141","aristocrate"
"Q11740939","collaboration under the Japanese occupation during World War II"
"Q486839","parlementaire"
"Q41583","entraîneur sportif"
"Q10843402","nageur ou nageuse"
"Q114414171","para-athlete"
"Q15296811","dessinateur ou dessinatrice"
"Q1459574","compendium"
"Q922203","code juridique"
"Q1528838","abridgement"
"Q202648","arbitre sportif ou arbitre sportive"
"Q1930187","journaliste"
"Q455595","amateur"
"Q1930187","journaliste"
"Q2366336","seigneur"
"Q1409420","feudataire"
"Q420","biologie"
"Q352388","conducteur"
"Q96619693","Travailleur de plateformes"
"Q38072107","littérature fictionnelle"
"Q169470","physicien ou physicienne"
"Q885444","forgeron de lames"
"Q2329","chimie"
"Q1637030","science alimentaire"
"Q864503","biologiste"
"Q170790","mathématicien ou mathématicienne"
"Q131524","entrepreneur ou entrepreneuse"
"Q43845","personnalité du monde des affaires"
"Q97722084","moine chrétien oriental"
"Q97378570","chrétien orthodoxe"
"Q1318390","opérateur radio"
"Q774306","chirurgien ou chirurgienne"
"Q1470093","bariatrie"
"Q140686","président ou présidente"
"Q15978610","doctorat professionnel"
"Q2066131","athlète"
"Q1365155","cavalier"
"Q163727","licence"
"Q191421","lama"
"Q28146366","religieuse chrétienne"
"Q1104153","chanoine"
"Q467","femme"
"Q131062","urbaniste"
"Q59913751","théoricien ou théoricienne de l'urbanisme"
"Q25616474","musicien d'un instrument de la famille des bois"
"Q2066131","athlète"
"Q29645880","ambassadeur d'un pays"
"Q1231865","pédagogue"
"Q1419997","responsable événementiel"
"Q15253558","militant ou militante"
"Q8008","sciences de la Terre"
"Q499134","copiste"
"Q16402902","maroquinier"
"Q58487031","dactylographe"
"Q108289636","opérateur sur clavier"
"Q208762","chapelain"
"Q1657500","aumônier"
"Q212948","partisan"
"Q1397808","résistant ou résistante"
"Q546113","politique publique"
"Q110590221","environmental regulation by humans"
"Q3778211","personnalité juridique"
"Q4164871","fonction"
"Q1256173","spin doctor"
"Q15632482","épistémologue"
"Q13235160","producteur"
"Q3249024","gouverneur"
"Q54967928","freight handler"
"Q28503751","speaker"
"Q16657634","locuteur"
"Q12615130","advanced practice nurse"
"Q177826","clergé"
"Q337060","objet"
"Q2668072","collection"
"Q4991371","soldat"
"Q27349","dentiste"
"Q131512","agriculteur ou agricultrice"
"Q18121791","éclaireur"
"Q9149093","alpiniste"
"Q2478141","aristocrate"
"Q715222","dame de compagnie"
"Q6501447","administration locale"
"Q212980","psychologue"
"Q4197743","joueur ou joueuse"
"Q202648","arbitre sportif ou arbitre sportive"
"Q755070","narrateur"
"Q20433655","host"
"Q2588761","travailleur qualifié ou travailleuse qualifiée"
"Q98785806","health officer"
"Q4445088","perpétrateur ou perpétratrice"
"Q2159907","criminel ou criminelle"
"Q4504549","religieux"
"Q133485","rabbin"
"Q901","scientifique"
"Q8253","fiction"
"Q4164871","fonction"
"Q245068","humoriste"
"Q6430706","critique"
"Q131512","agriculteur ou agricultrice"
"Q876864","conseiller ou conseillère de rédaction"
"Q4991371","soldat"
"Q1622272","professeur ou professeure d'université"
"Q5428874","personnel académique"
"Q4991371","soldat"
"Q47064","militaire"
"Q1454940","soldat volontaire"
"Q1629605","légionnaire"
"Q450307","troupe d'élite"
"Q4991371","soldat"
"Q47064","militaire"
"Q1454940","soldat volontaire"
"Q1629605","légionnaire"
"Q450307","troupe d'élite"
"Q102040941","évêque protestant"
"Q104049627","western bishop"
"Q105200498","Anglican clergyman"
"Q1629605","légionnaire"
"Q524778","commissaire"
"Q392651","agent de renseignement"
"Q16533","juge"
"Q60860785","urząd grodzki"
"Q16533","juge"
"Q9367329","urząd ziemski"
"Q16334295","groupe d'humains"
"Q12716225","contre-révolutionnaire"
"Q639669","musicien ou musicienne"
"Q713200","artiste interprète"
"Q29448653","accompagnateur musical"
"Q5352191","technicien ou technicienne"
"Q483501","artiste"
"Q5322166","designer"
"Q3391743","artiste visuel ou artiste visuelle"
"Q55187","coiffeur ou coiffeuse"
"Q2702296","producteur de jeux vidéo"
"Q774306","chirurgien ou chirurgienne"
"Q3055126","entomologiste"
"Q16023925","conteur ou conteuse"
"Q49757","poète ou poétesse"
"Q333634","traducteur ou traductrice"
"Q13235160","producteur"
"Q6881511","entreprise"
"Q8148","industrie"
"Q54128","domestique"
"Q11900058","explorateur ou exploratrice"
"Q155076","personne morale"
"Q16054409","Anteilseigner"
"Q117321337","football player"
"Q18536342","joueur professionnel ou joueuse professionnelle"
"Q116763437","person associated with football"
"Q380962","coopération"
"Q12859263","orateur ou oratrice"
"Q774306","chirurgien ou chirurgienne"
"Q783906","neurologue"
"Q131524","entrepreneur ou entrepreneuse"
"Q12737077","activité"
"Q327055","travailleur ou travailleuse"
"Q20965770","pratiquant de sports d'hiver"
"Q391009","ordre religieux catholique"
"Q1234713","théologien ou théologienne"
"Q170161","corporation"
"Q5060555","ouvrier agricole"
"Q178197","mercenaire"
"Q5179297","agent secret"
"Q121594","professeur"
"Q19324694","visiting docent"
"Q108289400","software and applications developers and analysts"
"Q4801269","directeur ou directrice artistique"
"Q1776724","manager de théâtre"
"Q2961975","chef ou cheffe d'entreprise"
"Q47541952","producteur ou productrice artistique"
"Q1706722","enseignant-chercheur ou enseignante-chercheuse"
"Q85863506","researcher"
"Q15980804","professionnel des médias"
"Q13590141","animateur ou animatrice"
"Q1190554","occurrence"
"Q685744","fin du rapport de travail"
"Q49757","poète ou poétesse"
"Q15980804","professionnel des médias"
"Q13590141","animateur ou animatrice"
"Q211236","célébrité"
"Q44508716","personnalité de l'audiovisuel"
"Q94498772","program host"
"Q33999","acteur ou actrice"
"Q2045208","célébrité d'internet"
"Q4110598","vlogueur ou vlogueuse"
"Q15980804","professionnel des médias"
"Q138858","personne du monde du divertissement"
"Q109459317","créateur ou créatrice de contenu"
"Q33999","acteur ou actrice"
"Q611644","évêque catholique"
"Q11892507","scénariste de bande dessinée"
"Q83307","ministre"
"Q18554850","maladie du système tégumentaire"
"Q54943763","maladies de la peau et du tissu conjonctif"
"Q12136","maladie"
"Q1278335","instrumentiste"
"Q93879636","comte de Nassau"
"Q12737077","activité"
"Q105434600","haute fonctionnaire"
"Q4504549","religieux"
"Q42603","prêtre"
"Q1638918","ordinaire"
"Q830337","prieur"
"Q831474","prêtre chrétien"
"Q352507","pasteur"
"Q15627169","syndicaliste"
"Q108305380","pokladníci a prodavači vstupenek a jízdenek"
"Q15980158","auteur ou autrice de non-fiction"
"Q488205","auteur-compositeur-interprète ou autrice-compositrice-interprète"
"Q93918935","educational personnel"
"Q26481809","dirigeant sportif"
"Q1930187","journaliste"
"Q98084799","photographe professionnel"
"Q93879636","comte de Nassau"
"Q5716684","danseur ou danseuse"
"Q12609698","yūjo"
"Q1097498","dirigeant"
"Q95918149","intellectual property activist"
"Q95918126","open content activist"
"Q93879636","comte de Nassau"
"Q216353","titre de civilité"
"Q59938438","peintre d'histoire"
"Q2526886","gouvernement de l'Église"
"Q1021386","militant des droits civiques"
"Q1476215","défenseur des droits de l'Homme"
"Q96036530","health activist"
"Q15253558","militant ou militante"
"Q215627","personne"
"Q58635633","métier des médias"
"Q2462658","manager"
"Q901","scientifique"
"Q2055046","physiologiste"
"Q15839134","écologue"
"Q2462658","manager"
"Q108289372","hotel and restaurant managers"
"Q24265174","historien ou historienne de la philosophie"
"Q60233168","historien du politique"
"Q18930007","philosophe politique"
"Q160117","courtier"
"Q16827718","confesseur"
"Q250867","prêtre catholique"
"Q1278335","instrumentiste"
"Q110040366","spécialiste d'une littérature donnée"
"Q16308157","américaniste"
"Q11363389","scholar of Chinese literature"
"Q110040366","spécialiste d'une littérature donnée"
"Q2505739","hispaniste"
"Q110040366","spécialiste d'une littérature donnée"
"Q61790670","italianiste"
"Q864503","biologiste"
"Q42603","prêtre"
"Q152002","pasteur"
"Q104050289","prêtre occidental"
"Q955464","curé"
"Q352507","pasteur"
"Q864503","biologiste"
"Q23081349","assureur"
"Q336181","émission de variétés"
"Q4164871","fonction"
"Q10949665","auditeur"
"Q188094","économiste"
"Q17955","critique"
"Q12737077","activité"
"Q115246813","plucked instrument player"
"Q2658935","concours de beauté"
"Q182436","bibliothécaire"
"Q188094","économiste"
"Q81096","ingénieur ou ingénieure"
"Q11286391","scholar of British literature"
"Q3127709","harpiste"
"Q15981151","musicien ou musicienne de jazz"
"Q1955150","fabricant d'instruments de musique"
"Q96657971","euskaltzain"
"Q20920693","chef"
"Q25713832","dirigeant ou dirigeante"
"Q10501288","entrepreneur"
"Q2462658","manager"
"Q12794619","propriétaire de biens"
"Q15958642","écrivain ou écrivaine politique"
"Q1238570","politologue"
"Q219477","missionnaire"
"Q1758037","président d'assemblée parlementaire"
"Q1162163","directeur ou directrice"
"Q111886339","sociologue de l'art"
"Q14915627","musicologue"
"Q3400985","universitaire"
"Q188094","économiste"
"Q188094","économiste"
"Q212980","psychologue"
"Q680928","garde"
"Q104998289","animal scientist"
"Q19968805","fileur"
"Q97008812","interaction scientist"
"Q33999","acteur ou actrice"
"Q7569","enfant"
"Q582878","icône populaire"
"Q3427922","restaurateur ou restauratrice"
"Q2732142","statisticien ou statisticienne"
"Q170790","mathématicien ou mathématicienne"
"Q1281618","sculpteur ou sculptrice"
"Q327055","travailleur ou travailleuse"
"Q177220","chanteur ou chanteuse"
"Q2180295","facteur ou factrice"
"Q177220","chanteur ou chanteuse"
"Q327055","travailleur ou travailleuse"
"Q152002","pasteur"
"Q191808","religieuse"
"Q6606110","industriel"
"Q43845","personnalité du monde des affaires"
"Q81096","ingénieur ou ingénieure"
"Q108284914","teaching professionals"
"Q93918935","educational personnel"
"Q19729565","corniste"
"Q4164871","fonction"
"Q25829748","cuivriste"
"Q152002","pasteur"
"Q16947675","gymnaste"
"Q133485","rabbin"
"Q1278335","instrumentiste"
"Q1294787","artisan"
"Q483501","artiste"
"Q122931352","braider"
"Q3332438","médecin spécialiste"
"Q27349","dentiste"
"Q7019111","travailleur social"
"Q15253558","militant ou militante"
"Q34074720","féministe"
"Q12335817","travailleur forestier"
"Q82955","personnalité politique"
"Q380342","manufacture"
"Q83405","usine"
"Q83435620","manufacture"
"Q2368444","Kollel"
"Q2109894","moine chrétien ou moniale chrétienne"
"Q118108768","Eastern Christian"
"Q2109894","moine chrétien ou moniale chrétienne"
"Q118108884","Chrétien occidental"
"Q97722084","moine chrétien oriental"
"Q117942801","Eastern Catholic"
"Q117940921","Catholic monk"
"Q97722086","moine chrétien occidental"
"Q7361618","Roman Catholic"
"Q117940921","Catholic monk"
"Q733786","moine ou moniale"
"Q97722086","moine chrétien occidental"
"Q1294787","artisan"
"Q131512","agriculteur ou agricultrice"
"Q838811","paysan"
"Q19261760","profession agricole"
"Q5060555","ouvrier agricole"
"Q43845","personnalité du monde des affaires"
"Q3406860","nomenclature des professions et catégories socioprofessionnelles en France"
"Q28790169","chômeur"
"Q327055","travailleur ou travailleuse"
"Q702269","professionnel ou professionnelle"
"Q4610556","mannequin"
"Q37226","enseignant ou enseignante"
"Q11124885","pratiquant d'arts martiaux"
"Q81096","ingénieur ou ingénieure"
"Q392651","agent de renseignement"
"Q703534","salarié"
"Q33231","photographe"
"Q98084799","photographe professionnel"
"Q1418263","Finnskogen"
"Q47064","militaire"
"Q1028181","peintre"
"Q54855620","transcriber"
"Q37226","enseignant ou enseignante"
"Q13582652","ingénieur civil"
"Q42973","architecte"
"Q2341443","fabricant d'instruments"
"Q5422651","professionnel de la vue"
"Q43668003","chimiste analytique"
"Q6147194","teinturier"
"Q15839134","écologue"
"Q21244999","scientifique de la forêt"
"Q1053745","officier supérieur"
"Q212980","psychologue"
"Q2986228","commentateur sportif"
"Q10349745","pilote automobile"
"Q1028181","peintre"
"Q59922524","court artist"
"Q639669","musicien ou musicienne"
"Q177220","chanteur ou chanteuse"
"Q98523719","reggae musician"
"Q3243461","collectionneur ou collectionneuse"
"Q57497572","railway occupations"
"Q3391743","artiste visuel ou artiste visuelle"
"Q8441","homme"
"Q5784340","consort"
"Q1234713","théologien ou théologienne"
"Q41583","entraîneur sportif"
"Q10379007","théâtrologue"
"Q11286391","scholar of British literature"
"Q30185","maire"
"Q2919046","biochimiste"
"Q56512863","participant"
"Q65720209","hobbyist"
"Q128124","ingénieur du son"
"Q733786","moine ou moniale"
"Q7970798","moine guerrier"
"Q18536342","joueur professionnel ou joueuse professionnelle"
"Q2066131","athlète"
"Q193391","diplomate"
"Q42973","architecte"
"Q76771889","maître"
"Q811122","travailleur de la construction"
"Q41583","entraîneur sportif"
"Q108290427","environmental and occupational health inspectors and associates"
"Q212980","psychologue"
"Q93212322","school support services"
"Q323336","agent commercial ou agente commerciale"
"Q55737401","théologien chrétien"
"Q55737401","théologien chrétien"
"Q177220","chanteur ou chanteuse"
"Q177220","chanteur ou chanteuse"
"Q177220","chanteur ou chanteuse"
"Q24841721","chanteur classique"
"Q177220","chanteur ou chanteuse"
"Q177220","chanteur ou chanteuse"
"Q24841721","chanteur classique"
"Q159394","accusé"
"Q57735705","personnalité liée au droit"
"Q155076","personne morale"
"Q531290","l'accusé"
"Q1862087","prisonnier ou prisonnière"
"Q33999","acteur ou actrice"
"Q1125062","rebelle"
"Q15319501","chercheur ou chercheuse en sciences sociales"
"Q22809315","agrochimiste"
"Q59309634","service des bibliothèques"
"Q1650915","chercheur ou chercheuse"
"Q169470","physicien ou physicienne"
"Q1734662","cartographe"
"Q30185","maire"
"Q37226","enseignant ou enseignante"
"Q15977927","professeur d'art"
"Q723682","doyen"
"Q1278335","instrumentiste"
"Q52630241","membre du groupe"
"Q20107384","gérontologue"
"Q81096","ingénieur ou ingénieure"
"Q18245166","étudiant de troisième cycle"
"Q11997597","représentant"
"Q4122737","Vogt"
"Q1341429","sauvetage"
"Q2094191","résistance dans l'Europe occupée par les nazis"
"Q1762621","fournisseur"
"Q974144","éducateur ou éducatrice"
"Q2251335","instituteur ou institutrice"
"Q1278335","instrumentiste"
"Q2675537","professeur ou professeure de musique"
"Q15839134","écologue"
"Q3055126","entomologiste"
"Q12307965","débatteur"
"Q974144","éducateur ou éducatrice"
"Q1622272","professeur ou professeure d'université"
"Q11499147","militant ou militante politique"
"Q95074","personnage de fiction"
"Q366773","caractère"
"Q215536","commerçant"
"Q644687","illustrateur ou illustratrice"
"Q1028181","peintre"
"Q1825525","limner"
"Q28947943","peintre miniaturiste"
"Q47494964","miniaturiste"
"Q3303330","calligraphe"
"Q201788","historien ou historienne"
"Q483501","artiste"
"Q185351","juriste"
"Q703534","salarié"
"Q11603279","managerial staff"
