subclass,label,Acteur_Social_IEML,Code_IEML,Score_Similarite,Validation_Requise
Q215793,maître de chapelle,agent de,d.a.-l.a.-f.o.-',0.27,True
Q82594,informaticien ou informaticienne,informaticien,s.a.-t.a.-f.o.-',0.99,False
Q105397736,South Asianist,assureur,f.a.-t.a.-f.o.-',0.13,True
Q84505214,spécialiste de l'Asie de l'Est,journaliste,n.a.-b.a.-f.o.-',0.36,True
Q177220,chanteur ou chanteuse,inventeur,d.a.-d.a.-f.o.-',0.43,False
Q1731155,orientaliste,journaliste,n.a.-b.a.-f.o.-',0.52,False
Q4573805,commissaire municipal,notaire,m.a.-t.a.-f.o.-',0.26,True
Q16351788,patriot,partenaire,m.a.-d.a.-f.o.-',0.21,True
Q11499147,militant ou militante politique,politicien,s.a.-k.a.-f.o.-',0.38,True
Q639669,musicien ou musicienne,musicien,f.a.-b.a.-f.o.-',0.98,False
Q1914636,activité,activiste,b.a.-k.a.-f.o.-',0.74,False
Q192581,travail,travailleur social,f.a.-n.a.-f.o.-',0.59,False
Q2266417,employment opportunities,mentor,s.a.-d.a.-f.o.-',0.23,True
Q58209937,professeur d'histoire,investisseur,t.a.-d.a.-f.o.-',0.35,True
Q100709106,professeur de géographie,cartographe,l.a.-t.a.-f.o.-',0.36,True
Q1607826,éditeur ou éditrice,éditeur,t.a.-b.a.-f.o.-',0.93,False
Q16533,juge,juré,k.a.-n.a.-f.o.-',0.33,True
Q28107590,artiste de concept,archiviste,t.a.-l.a.-f.o.-',0.25,True
Q15839134,écologue,écologiste,l.a.-f.a.-f.o.-',0.53,False
Q170790,mathématicien ou mathématicienne,informaticien,s.a.-t.a.-f.o.-',0.62,False
Q2732142,statisticien ou statisticienne,politicien,s.a.-k.a.-f.o.-',0.44,False
Q3127709,harpiste,activiste,b.a.-k.a.-f.o.-',0.37,True
Q21166956,luthiste,activiste,b.a.-k.a.-f.o.-',0.42,False
Q37226,enseignant ou enseignante,enseignant,d.a.-f.a.-f.o.-',0.98,False
Q5,être humain,ancêtre,t.a.-m.a.-f.o.-',0.52,False
Q12859263,orateur ou oratrice,médiateur,m.a.-s.a.-f.o.-',0.36,True
Q12794619,propriétaire de biens,secrétaire,k.a.-t.a.-f.o.-',0.46,False
Q6502151,fraude fiscale,agent de,d.a.-l.a.-f.o.-',0.14,True
Q273120,protestation,relation publique,l.a.-b.a.-f.o.-',0.37,True
Q19829980,scientifique des religions,relation publique,l.a.-b.a.-f.o.-',0.39,True
Q63349579,handball national coach,relation publique,l.a.-b.a.-f.o.-',0.28,True
Q115042469,Bundestrainer,vendeur,k.a.-d.a.-f.o.-',0.13,True
Q19101121,artisan manuel,manager,l.a.-s.a.-f.o.-',0.23,True
Q8246794,blogueur ou blogueuse,psychologue,s.a.-f.a.-f.o.-',0.38,True
Q15980158,auteur ou autrice de non-fiction,auteur,b.a.-b.a.-f.o.-',0.72,False
Q15839206,biologiste moléculaire,écologiste,l.a.-f.a.-f.o.-',0.67,False
Q2374149,botaniste,activiste,b.a.-k.a.-f.o.-',0.33,True
Q3578589,écologiste,écologiste,l.a.-f.a.-f.o.-',1.0,False
Q1476215,défenseur des droits de l'Homme,défendeur,l.a.-n.a.-f.o.-',0.47,False
Q639669,musicien ou musicienne,musicien,f.a.-b.a.-f.o.-',0.98,False
Q639669,musicien ou musicienne,musicien,f.a.-b.a.-f.o.-',0.98,False
Q3409375,prêtre anglican,ancêtre,t.a.-m.a.-f.o.-',0.54,False
Q47090899,professionnel des musées,musicien,f.a.-b.a.-f.o.-',0.23,True
Q33231,photographe,cartographe,l.a.-t.a.-f.o.-',0.75,False
Q1650915,chercheur ou chercheuse,archiviste,t.a.-l.a.-f.o.-',0.17,True
Q60332470,anthropogéographe,cartographe,l.a.-t.a.-f.o.-',0.67,False
Q101248873,föreståndare,fondateur,t.a.-t.a.-f.o.-',0.15,True
Q15319501,chercheur ou chercheuse en sciences sociales,travailleur social,f.a.-n.a.-f.o.-',0.4,False
Q30002353,professeur de langues,investisseur,t.a.-d.a.-f.o.-',0.33,True
Q30002353,professeur de langues,investisseur,t.a.-d.a.-f.o.-',0.33,True
Q30002353,professeur de langues,investisseur,t.a.-d.a.-f.o.-',0.33,True
Q30002353,professeur de langues,investisseur,t.a.-d.a.-f.o.-',0.33,True
Q37226,enseignant ou enseignante,enseignant,d.a.-f.a.-f.o.-',0.98,False
Q30002353,professeur de langues,investisseur,t.a.-d.a.-f.o.-',0.33,True
Q30002353,professeur de langues,investisseur,t.a.-d.a.-f.o.-',0.33,True
Q30002353,professeur de langues,investisseur,t.a.-d.a.-f.o.-',0.33,True
Q101445634,professeur de science,investisseur,t.a.-d.a.-f.o.-',0.32,True
Q37226,enseignant ou enseignante,enseignant,d.a.-f.a.-f.o.-',0.98,False
Q2066131,athlète,hôte,f.a.-k.a.-f.o.-',0.23,True
Q17291399,membre d'équipe de cinéma,agent de,d.a.-l.a.-f.o.-',0.29,True
Q373021,aircrew member,mere,f.a.-m.a.-f.o.-',0.17,True
Q95613235,steward,activiste,b.a.-k.a.-f.o.-',0.17,True
Q57610536,travailleurs du secteur aérien,travailleur social,f.a.-n.a.-f.o.-',0.64,False
Q30002353,professeur de langues,investisseur,t.a.-d.a.-f.o.-',0.33,True
Q30002353,professeur de langues,investisseur,t.a.-d.a.-f.o.-',0.33,True
Q3546255,océanographe,cartographe,l.a.-t.a.-f.o.-',0.7,False
Q2675537,professeur ou professeure de musique,investisseur,t.a.-d.a.-f.o.-',0.3,True
Q1259917,violoniste,écologiste,l.a.-f.a.-f.o.-',0.42,False
Q2675537,professeur ou professeure de musique,investisseur,t.a.-d.a.-f.o.-',0.3,True
Q13219637,violoncelliste,journaliste,n.a.-b.a.-f.o.-',0.41,False
Q2675537,professeur ou professeure de musique,investisseur,t.a.-d.a.-f.o.-',0.3,True
Q899758,altiste,activiste,b.a.-k.a.-f.o.-',0.31,True
Q2675537,professeur ou professeure de musique,investisseur,t.a.-d.a.-f.o.-',0.3,True
Q12902372,flûtiste,activiste,b.a.-k.a.-f.o.-',0.37,True
Q2675537,professeur ou professeure de musique,investisseur,t.a.-d.a.-f.o.-',0.3,True
Q855091,guitariste,secouriste,f.a.-l.a.-f.o.-',0.41,False
Q2675537,professeur ou professeure de musique,investisseur,t.a.-d.a.-f.o.-',0.3,True
Q4351403,percussionniste,activiste,b.a.-k.a.-f.o.-',0.31,True
Q4164871,fonction,fonctionnaire,t.a.-k.a.-f.o.-',0.67,False
Q41583,entraîneur sportif,entrepreneur,l.a.-d.a.-f.o.-',0.4,False
Q202648,arbitre sportif ou arbitre sportive,transporteur,b.a.-l.a.-f.o.-',0.35,True
Q738142,commis,comptable,b.a.-t.a.-f.o.-',0.35,True
Q4164871,fonction,fonctionnaire,t.a.-k.a.-f.o.-',0.67,False
Q1162163,directeur ou directrice,lecteur,b.a.-s.a.-f.o.-',0.47,False
Q420,biologie,écologiste,l.a.-f.a.-f.o.-',0.48,False
Q864601,biomédecine,médecin,n.a.-f.a.-f.o.-',0.83,False
Q123028,pédiatrie,médiateur,m.a.-s.a.-f.o.-',0.54,False
Q105169009,orthodox deacon,agent de,d.a.-l.a.-f.o.-',0.14,True
Q103958625,professeur de cuivre,investisseur,t.a.-d.a.-f.o.-',0.32,True
Q12377274,trompettiste,activiste,b.a.-k.a.-f.o.-',0.31,True
Q170790,mathématicien ou mathématicienne,informaticien,s.a.-t.a.-f.o.-',0.62,False
Q102323692,applied scientist,client,n.a.-d.a.-f.o.-',0.34,True
Q611644,évêque catholique,relation publique,l.a.-b.a.-f.o.-',0.4,False
Q104049627,western bishop,investisseur,t.a.-d.a.-f.o.-',0.15,True
Q105200154,clerc catholique romain,relation publique,l.a.-b.a.-f.o.-',0.35,True
Q7361618,Roman Catholic,policier,n.a.-l.a.-f.o.-',0.24,True
Q1371796,armurier,ouvrier,m.a.-l.a.-f.o.-',0.38,True
Q102040941,évêque protestant,consultant,f.a.-s.a.-f.o.-',0.27,True
Q6337803,neurobiologiste,écologiste,l.a.-f.a.-f.o.-',0.74,False
Q5157338,scientifique numéricien,musicien,f.a.-b.a.-f.o.-',0.39,True
Q15839299,métier du théâtre,ancêtre,t.a.-m.a.-f.o.-',0.26,True
Q482980,auteur ou autrice,auteur,b.a.-b.a.-f.o.-',0.92,False
Q1028181,peintre,ancêtre,t.a.-m.a.-f.o.-',0.27,True
Q5352191,technicien ou technicienne,technicien,f.a.-d.a.-f.o.-',0.99,False
Q2328828,stagehand,agent de,d.a.-l.a.-f.o.-',0.25,True
Q15839299,métier du théâtre,ancêtre,t.a.-m.a.-f.o.-',0.26,True
Q2066131,athlète,hôte,f.a.-k.a.-f.o.-',0.23,True
Q1250916,guerrier,guerrier,l.a.-l.a.-f.o.-',1.0,False
Q3400985,universitaire,publicitaire,b.a.-d.a.-f.o.-',0.56,False
Q5428874,personnel académique,relation publique,l.a.-b.a.-f.o.-',0.31,True
Q5,être humain,ancêtre,t.a.-m.a.-f.o.-',0.52,False
Q2628882,statut légal,législateur,t.a.-n.a.-f.o.-',0.28,True
Q635734,archiviste,archiviste,t.a.-l.a.-f.o.-',1.0,False
Q14915627,musicologue,musicien,f.a.-b.a.-f.o.-',0.45,False
Q4773904,anthropologue,psychologue,s.a.-f.a.-f.o.-',0.56,False
Q15253558,militant ou militante,consultant,f.a.-s.a.-f.o.-',0.24,True
Q1476215,défenseur des droits de l'Homme,défendeur,l.a.-n.a.-f.o.-',0.47,False
Q3546255,océanographe,cartographe,l.a.-t.a.-f.o.-',0.7,False
Q3546255,océanographe,cartographe,l.a.-t.a.-f.o.-',0.7,False
Q177220,chanteur ou chanteuse,inventeur,d.a.-d.a.-f.o.-',0.43,False
Q2159907,criminel ou criminelle,ouvrier,m.a.-l.a.-f.o.-',0.13,True
Q11499147,militant ou militante politique,politicien,s.a.-k.a.-f.o.-',0.38,True
Q713200,artiste interprète,archiviste,t.a.-l.a.-f.o.-',0.33,True
Q177220,chanteur ou chanteuse,inventeur,d.a.-d.a.-f.o.-',0.43,False
Q63243029,gospel musician,musicien,f.a.-b.a.-f.o.-',0.72,False
Q1162163,directeur ou directrice,lecteur,b.a.-s.a.-f.o.-',0.47,False
Q3621491,archéologue,psychologue,s.a.-f.a.-f.o.-',0.5,False
Q901,scientifique,relation publique,l.a.-b.a.-f.o.-',0.3,True
Q901,scientifique,relation publique,l.a.-b.a.-f.o.-',0.3,True
Q2912172,entreprise individuelle,entrepreneur,l.a.-d.a.-f.o.-',0.58,False
Q29182,évêque,relation publique,l.a.-b.a.-f.o.-',0.27,True
Q18246606,éparque,relation publique,l.a.-b.a.-f.o.-',0.21,True
Q102385896,évêque orthodoxe oriental,client,n.a.-d.a.-f.o.-',0.21,True
Q18246606,éparque,relation publique,l.a.-b.a.-f.o.-',0.21,True
Q215536,commerçant,comptable,b.a.-t.a.-f.o.-',0.25,True
Q635734,archiviste,archiviste,t.a.-l.a.-f.o.-',1.0,False
Q82955,personnalité politique,politicien,s.a.-k.a.-f.o.-',0.51,False
Q12859263,orateur ou oratrice,médiateur,m.a.-s.a.-f.o.-',0.36,True
Q1055894,député,défendeur,l.a.-n.a.-f.o.-',0.22,True
Q5352191,technicien ou technicienne,technicien,f.a.-d.a.-f.o.-',0.99,False
Q1607826,éditeur ou éditrice,éditeur,t.a.-b.a.-f.o.-',0.93,False
Q4897819,rôle,bénévole,m.a.-n.a.-f.o.-',0.2,True
Q81096,ingénieur ou ingénieure,inventeur,d.a.-d.a.-f.o.-',0.19,True
Q1781198,agronome,agent de,d.a.-l.a.-f.o.-',0.27,True
Q81096,ingénieur ou ingénieure,inventeur,d.a.-d.a.-f.o.-',0.19,True
Q713200,artiste interprète,archiviste,t.a.-l.a.-f.o.-',0.33,True
Q3286043,mannequin de charme,agent de,d.a.-l.a.-f.o.-',0.24,True
Q852857,travailleur ou travailleuse du sexe,travailleur social,f.a.-n.a.-f.o.-',0.8,False
Q3391743,artiste visuel ou artiste visuelle,archiviste,t.a.-l.a.-f.o.-',0.36,True
Q483501,artiste,archiviste,t.a.-l.a.-f.o.-',0.36,True
Q3824194,harceleur,travailleur social,f.a.-n.a.-f.o.-',0.24,True
Q66305973,aide à l'enfance,enfant,d.a.-m.a.-f.o.-',0.46,False
Q901402,géographe,cartographe,l.a.-t.a.-f.o.-',0.7,False
Q36180,écrivain ou écrivaine,écologiste,l.a.-f.a.-f.o.-',0.11,True
Q974144,éducateur ou éducatrice,éditeur,t.a.-b.a.-f.o.-',0.24,True
Q108285020,Other Teaching Professional,procureur,b.a.-n.a.-f.o.-',0.2,True
Q37226,enseignant ou enseignante,enseignant,d.a.-f.a.-f.o.-',0.98,False
Q11499147,militant ou militante politique,politicien,s.a.-k.a.-f.o.-',0.38,True
Q4594605,magistrat ou magistrate,écologiste,l.a.-f.a.-f.o.-',0.24,True
Q4164871,fonction,fonctionnaire,t.a.-k.a.-f.o.-',0.67,False
Q1104153,chanoine,témoin,d.a.-n.a.-f.o.-',0.26,True
Q1076502,chef ou cheffe de chœur,agent de,d.a.-l.a.-f.o.-',0.38,True
Q102392295,évêque gréco-catholique,relation publique,l.a.-b.a.-f.o.-',0.39,True
Q1638918,ordinaire,partenaire,m.a.-d.a.-f.o.-',0.5,False
Q17573152,croyant ou croyante,enfant,d.a.-m.a.-f.o.-',0.24,True
Q2306091,sociologue,psychologue,s.a.-f.a.-f.o.-',0.52,False
Q1294787,artisan,archiviste,t.a.-l.a.-f.o.-',0.12,True
Q1281618,sculpteur ou sculptrice,cultivateur / éleveur,f.a.-f.a.-f.o.-',0.25,True
Q16727193,scientifique de l'esprit,agent de,d.a.-l.a.-f.o.-',0.26,True
Q2419397,thérapeute,auteur,b.a.-b.a.-f.o.-',0.2,True
Q39631,médecin,médecin,n.a.-f.a.-f.o.-',1.0,False
Q11974939,professionnel ou professionnelle de la santé,procureur,b.a.-n.a.-f.o.-',0.21,True
Q381160,expert,acteurs sociaux,M:M:.a.-M:M:.a.-f.o.-',0.0,True
Q128124,ingénieur du son,inventeur,d.a.-d.a.-f.o.-',0.16,True
Q378622,pilote,philosophe,s.a.-s.a.-f.o.-',0.16,True
Q2095549,aviateur ou aviatrice,médiateur,m.a.-s.a.-f.o.-',0.45,False
Q13235160,producteur,producteur,d.a.-b.a.-f.o.-',1.0,False
Q486972,localité,avocat,n.a.-t.a.-f.o.-',0.15,True
Q2500638,créateur ou créatrice,médiateur,m.a.-s.a.-f.o.-',0.25,True
Q1278335,instrumentiste,activiste,b.a.-k.a.-f.o.-',0.25,True
Q40348,avocat ou avocate,avocat,n.a.-t.a.-f.o.-',0.95,False
Q11900058,explorateur ou exploratrice,médiateur,m.a.-s.a.-f.o.-',0.25,True
Q15839299,métier du théâtre,ancêtre,t.a.-m.a.-f.o.-',0.26,True
Q1650915,chercheur ou chercheuse,archiviste,t.a.-l.a.-f.o.-',0.17,True
Q152355,cordonnier,ouvrier,m.a.-l.a.-f.o.-',0.2,True
Q1294787,artisan,archiviste,t.a.-l.a.-f.o.-',0.12,True
Q27943370,personnalité du monde de la mode,agent de,d.a.-l.a.-f.o.-',0.29,True
Q16402902,maroquinier,banquier,d.a.-t.a.-f.o.-',0.3,True
Q108290642,shoemakers and related workers,relation publique,l.a.-b.a.-f.o.-',0.36,True
Q17176618,contrebandier,consultant,f.a.-s.a.-f.o.-',0.19,True
Q5352191,technicien ou technicienne,technicien,f.a.-d.a.-f.o.-',0.99,False
Q5352191,technicien ou technicienne,technicien,f.a.-d.a.-f.o.-',0.99,False
Q42973,architecte,archiviste,t.a.-l.a.-f.o.-',0.53,False
Q14290559,guide,guide spirituel,n.a.-n.a.-f.o.-',0.57,False
Q169470,physicien ou physicienne,musicien,f.a.-b.a.-f.o.-',0.62,False
Q16063546,historien ou historienne des sciences,musicien,f.a.-b.a.-f.o.-',0.21,True
Q17486338,historien ou historienne des technologies,technicien,f.a.-d.a.-f.o.-',0.43,False
Q250867,prêtre catholique,relation publique,l.a.-b.a.-f.o.-',0.32,True
Q104050279,prêtre oriental,ancêtre,t.a.-m.a.-f.o.-',0.4,False
Q117942801,Eastern Catholic,policier,n.a.-l.a.-f.o.-',0.27,True
Q108290507,building caretakers,cartographe,l.a.-t.a.-f.o.-',0.28,True
Q41583,entraîneur sportif,entrepreneur,l.a.-d.a.-f.o.-',0.4,False
Q11499147,militant ou militante politique,politicien,s.a.-k.a.-f.o.-',0.38,True
Q104080200,extrémiste,activiste,b.a.-k.a.-f.o.-',0.42,False
Q12049274,détaillant,secrétaire,k.a.-t.a.-f.o.-',0.2,True
Q131524,entrepreneur ou entrepreneuse,entrepreneur,l.a.-d.a.-f.o.-',0.98,False
Q5322166,designer,agent de,d.a.-l.a.-f.o.-',0.18,True
Q864835,biotechnologiste,écologiste,l.a.-f.a.-f.o.-',0.66,False
Q3140857,horticulteur,cultivateur / éleveur,f.a.-f.a.-f.o.-',0.26,True
Q2374149,botaniste,activiste,b.a.-k.a.-f.o.-',0.33,True
Q57735705,personnalité liée au droit,journaliste,n.a.-b.a.-f.o.-',0.19,True
Q108800680,media executive,mere,f.a.-m.a.-f.o.-',0.18,True
Q96050759,personne de la presse écrite,agent de,d.a.-l.a.-f.o.-',0.24,True
Q901,scientifique,relation publique,l.a.-b.a.-f.o.-',0.3,True
Q47064,militaire,publicitaire,b.a.-d.a.-f.o.-',0.47,False
Q1414443,cinéaste,activiste,b.a.-k.a.-f.o.-',0.2,True
Q455595,amateur,réformateur,n.a.-k.a.-f.o.-',0.4,False
Q901,scientifique,relation publique,l.a.-b.a.-f.o.-',0.3,True
Q384593,policier ou policière,policier,n.a.-l.a.-f.o.-',0.93,False
Q201788,historien ou historienne,ouvrier,m.a.-l.a.-f.o.-',0.18,True
Q483501,artiste,archiviste,t.a.-l.a.-f.o.-',0.36,True
Q109459317,créateur ou créatrice de contenu,agent de,d.a.-l.a.-f.o.-',0.19,True
Q111263847,créateur ou créatrice numérique,relation publique,l.a.-b.a.-f.o.-',0.25,True
Q177220,chanteur ou chanteuse,inventeur,d.a.-d.a.-f.o.-',0.43,False
Q29017403,rockeur,procureur,b.a.-n.a.-f.o.-',0.29,True
Q177220,chanteur ou chanteuse,inventeur,d.a.-d.a.-f.o.-',0.43,False
Q104224753,dansband musician,musicien,f.a.-b.a.-f.o.-',0.69,False
Q639669,musicien ou musicienne,musicien,f.a.-b.a.-f.o.-',0.98,False
Q177220,chanteur ou chanteuse,inventeur,d.a.-d.a.-f.o.-',0.43,False
Q104224860,disco musician,musicien,f.a.-b.a.-f.o.-',0.74,False
Q255274,col blanc,ancêtre,t.a.-m.a.-f.o.-',0.14,True
Q116586732,photographe officiel,officier,l.a.-k.a.-f.o.-',0.56,False
Q215793,maître de chapelle,agent de,d.a.-l.a.-f.o.-',0.27,True
Q47064,militaire,publicitaire,b.a.-d.a.-f.o.-',0.47,False
Q37226,enseignant ou enseignante,enseignant,d.a.-f.a.-f.o.-',0.98,False
Q974144,éducateur ou éducatrice,éditeur,t.a.-b.a.-f.o.-',0.24,True
Q212238,fonctionnaire,fonctionnaire,t.a.-k.a.-f.o.-',1.0,False
Q15980158,auteur ou autrice de non-fiction,auteur,b.a.-b.a.-f.o.-',0.72,False
Q108290372,librarians and related information professionals,informaticien,s.a.-t.a.-f.o.-',0.51,False
Q16727193,scientifique de l'esprit,agent de,d.a.-l.a.-f.o.-',0.26,True
Q15977927,professeur d'art,investisseur,t.a.-d.a.-f.o.-',0.37,True
Q2251335,instituteur ou institutrice,inspecteur,d.a.-k.a.-f.o.-',0.31,True
Q5758653,enseignant ou enseignante du secondaire,enseignant,d.a.-f.a.-f.o.-',0.91,False
Q37226,enseignant ou enseignante,enseignant,d.a.-f.a.-f.o.-',0.98,False
Q1914636,activité,activiste,b.a.-k.a.-f.o.-',0.74,False
Q1851760,victime,activiste,b.a.-k.a.-f.o.-',0.21,True
Q4164871,fonction,fonctionnaire,t.a.-k.a.-f.o.-',0.67,False
Q12737077,activité,activiste,b.a.-k.a.-f.o.-',0.74,False
Q2588761,travailleur qualifié ou travailleuse qualifiée,travailleur social,f.a.-n.a.-f.o.-',0.78,False
Q1225716,ornithologue,psychologue,s.a.-f.a.-f.o.-',0.7,False
Q1234713,théologien ou théologienne,écologiste,l.a.-f.a.-f.o.-',0.44,False
Q193364,vicaire,notaire,m.a.-t.a.-f.o.-',0.48,False
Q250867,prêtre catholique,relation publique,l.a.-b.a.-f.o.-',0.32,True
Q112074151,head of a diocese,officier,l.a.-k.a.-f.o.-',0.17,True
Q497240,maître de cérémonie,agent de,d.a.-l.a.-f.o.-',0.29,True
Q15253558,militant ou militante,consultant,f.a.-s.a.-f.o.-',0.24,True
Q15253558,militant ou militante,consultant,f.a.-s.a.-f.o.-',0.24,True
Q2643890,vocaliste,journaliste,n.a.-b.a.-f.o.-',0.5,False
Q1371914,soliste,journaliste,n.a.-b.a.-f.o.-',0.44,False
Q61045693,frontman,manager,l.a.-s.a.-f.o.-',0.15,True
Q15253558,militant ou militante,consultant,f.a.-s.a.-f.o.-',0.24,True
Q477406,régent ou régente,agent de,d.a.-l.a.-f.o.-',0.45,False
Q702269,professionnel ou professionnelle,procureur,b.a.-n.a.-f.o.-',0.22,True
Q109588238,fluid mechanist,mere,f.a.-m.a.-f.o.-',0.16,True
Q9200127,membre,mere,f.a.-m.a.-f.o.-',0.4,False
Q2054507,commandant,aidant,m.a.-f.a.-f.o.-',0.4,False
Q81096,ingénieur ou ingénieure,inventeur,d.a.-d.a.-f.o.-',0.19,True
Q112598603,data professional,procureur,b.a.-n.a.-f.o.-',0.22,True
Q1028181,peintre,ancêtre,t.a.-m.a.-f.o.-',0.27,True
Q22809315,agrochimiste,archiviste,t.a.-l.a.-f.o.-',0.36,True
Q16335312,géochimiste,archiviste,t.a.-l.a.-f.o.-',0.43,False
Q12370538,scientifique des sols,relation publique,l.a.-b.a.-f.o.-',0.28,True
Q1053745,officier supérieur,officier,l.a.-k.a.-f.o.-',0.96,False
Q28640,profession,procureur,b.a.-n.a.-f.o.-',0.24,True
Q177220,chanteur ou chanteuse,inventeur,d.a.-d.a.-f.o.-',0.43,False
Q16324756,service worker,secrétaire,k.a.-t.a.-f.o.-',0.15,True
Q974144,éducateur ou éducatrice,éditeur,t.a.-b.a.-f.o.-',0.24,True
Q101445634,professeur de science,investisseur,t.a.-d.a.-f.o.-',0.32,True
Q9397505,confucianiste,activiste,b.a.-k.a.-f.o.-',0.27,True
Q39631,médecin,médecin,n.a.-f.a.-f.o.-',1.0,False
Q765778,organiste,activiste,b.a.-k.a.-f.o.-',0.42,False
Q355493,musicien d'église,musicien,f.a.-b.a.-f.o.-',0.97,False
Q718768,reine douairière,père,n.a.-m.a.-f.o.-',0.36,True
Q16511993,reine,relation publique,l.a.-b.a.-f.o.-',0.16,True
Q2986228,commentateur sportif,spectateur,k.a.-b.a.-f.o.-',0.36,True
Q1955150,fabricant d'instruments de musique,musicien,f.a.-b.a.-f.o.-',0.32,True
Q486839,parlementaire,notaire,m.a.-t.a.-f.o.-',0.44,False
Q288728,peintre en bâtiment,entrepreneur,l.a.-d.a.-f.o.-',0.25,True
Q1294787,artisan,archiviste,t.a.-l.a.-f.o.-',0.12,True
Q1162163,directeur ou directrice,lecteur,b.a.-s.a.-f.o.-',0.47,False
Q104824316,creative writing teacher,politicien,s.a.-k.a.-f.o.-',0.1,True
Q104248032,writing teacher,politicien,s.a.-k.a.-f.o.-',0.12,True
Q101445634,professeur de science,investisseur,t.a.-d.a.-f.o.-',0.32,True
Q974144,éducateur ou éducatrice,éditeur,t.a.-b.a.-f.o.-',0.24,True
Q2055046,physiologiste,écologiste,l.a.-f.a.-f.o.-',0.77,False
Q350979,zoologiste,écologiste,l.a.-f.a.-f.o.-',0.79,False
Q177220,chanteur ou chanteuse,inventeur,d.a.-d.a.-f.o.-',0.43,False
Q215627,personne,fonctionnaire,t.a.-k.a.-f.o.-',0.18,True
Q10871364,joueur de baseball,joueur,m.a.-b.a.-f.o.-',0.85,False
Q1162163,directeur ou directrice,lecteur,b.a.-s.a.-f.o.-',0.47,False
Q212238,fonctionnaire,fonctionnaire,t.a.-k.a.-f.o.-',1.0,False
Q1400881,propriété,procureur,b.a.-n.a.-f.o.-',0.35,True
Q27096235,entité géographique artificielle,cartographe,l.a.-t.a.-f.o.-',0.35,True
Q815844,méthode,agent de,d.a.-l.a.-f.o.-',0.18,True
Q7574835,special member functions,fonctionnaire,t.a.-k.a.-f.o.-',0.31,True
Q15978655,consultant ou consultante,consultant,f.a.-s.a.-f.o.-',0.98,False
Q81096,ingénieur ou ingénieure,inventeur,d.a.-d.a.-f.o.-',0.19,True
Q106392835,professeur de lycée,investisseur,t.a.-d.a.-f.o.-',0.34,True
Q37226,enseignant ou enseignante,enseignant,d.a.-f.a.-f.o.-',0.98,False
Q2251335,instituteur ou institutrice,inspecteur,d.a.-k.a.-f.o.-',0.31,True
Q901,scientifique,relation publique,l.a.-b.a.-f.o.-',0.3,True
Q11900058,explorateur ou exploratrice,médiateur,m.a.-s.a.-f.o.-',0.25,True
Q1231865,pédagogue,psychologue,s.a.-f.a.-f.o.-',0.44,False
Q1781198,agronome,agent de,d.a.-l.a.-f.o.-',0.27,True
Q2563977,direction générale,fonctionnaire,t.a.-k.a.-f.o.-',0.3,True
Q1391360,éboueur ou éboueuse,joueur,m.a.-b.a.-f.o.-',0.68,False
Q599151,haut fonctionnaire ou haute fonctionnaire,fonctionnaire,t.a.-k.a.-f.o.-',0.97,False
Q28640,profession,procureur,b.a.-n.a.-f.o.-',0.24,True
Q392651,agent de renseignement,agent de,d.a.-l.a.-f.o.-',0.71,False
Q3778211,personnalité juridique,juré,k.a.-n.a.-f.o.-',0.23,True
Q10871364,joueur de baseball,joueur,m.a.-b.a.-f.o.-',0.85,False
Q13388586,joueur de softball,joueur,m.a.-b.a.-f.o.-',0.85,False
Q4197743,joueur ou joueuse,joueur,m.a.-b.a.-f.o.-',0.95,False
Q108290347,primary school teachers,technicien,f.a.-d.a.-f.o.-',0.11,True
Q112282453,elementary school teacher,mentor,s.a.-d.a.-f.o.-',0.3,True
Q329737,boucher ou bouchère,père,n.a.-m.a.-f.o.-',0.41,False
Q3153559,interprète,inventeur,d.a.-d.a.-f.o.-',0.26,True
Q6805589,consultant en médias,consultant,f.a.-s.a.-f.o.-',0.85,False
Q381160,expert,acteurs sociaux,M:M:.a.-M:M:.a.-f.o.-',0.0,True
Q12119633,immunologiste,écologiste,l.a.-f.a.-f.o.-',0.79,False
Q3499072,chef cuisinier ou chef cuisinière,voisin,m.a.-k.a.-f.o.-',0.34,True
Q978044,cadre dirigeant ou cadre dirigeante,enfant,d.a.-m.a.-f.o.-',0.13,True
Q70901436,clergé bouddhiste,activiste,b.a.-k.a.-f.o.-',0.37,True
Q1183487,novice,notaire,m.a.-t.a.-f.o.-',0.19,True
Q105169456,diacre occidental,diplomate,k.a.-s.a.-f.o.-',0.1,True
Q105200154,clerc catholique romain,relation publique,l.a.-b.a.-f.o.-',0.35,True
Q25393460,diacre catholique,relation publique,l.a.-b.a.-f.o.-',0.36,True
Q7361618,Roman Catholic,policier,n.a.-l.a.-f.o.-',0.24,True
Q3344190,auditeur comptable,comptable,b.a.-t.a.-f.o.-',0.85,False
Q11974939,professionnel ou professionnelle de la santé,procureur,b.a.-n.a.-f.o.-',0.21,True
Q108289390,other health professionals,procureur,b.a.-n.a.-f.o.-',0.25,True
Q9200127,membre,mere,f.a.-m.a.-f.o.-',0.4,False
Q618779,distinction,fonctionnaire,t.a.-k.a.-f.o.-',0.4,False
Q4164871,fonction,fonctionnaire,t.a.-k.a.-f.o.-',0.67,False
Q105200214,clerc catholique,relation publique,l.a.-b.a.-f.o.-',0.38,True
Q7361618,Roman Catholic,policier,n.a.-l.a.-f.o.-',0.24,True
Q105200223,clerc chrétien,client,n.a.-d.a.-f.o.-',0.22,True
Q17549077,catholique,relation publique,l.a.-b.a.-f.o.-',0.39,True
Q2259532,clerc,client,n.a.-d.a.-f.o.-',0.27,True
Q105233013,Aumônier militaire chrétien,publicitaire,b.a.-d.a.-f.o.-',0.39,True
Q250867,prêtre catholique,relation publique,l.a.-b.a.-f.o.-',0.32,True
Q350979,zoologiste,écologiste,l.a.-f.a.-f.o.-',0.79,False
Q15253558,militant ou militante,consultant,f.a.-s.a.-f.o.-',0.24,True
Q105273673,aumônier militaire protestant,publicitaire,b.a.-d.a.-f.o.-',0.34,True
Q1423891,ministre du culte,adulte,n.a.-s.a.-f.o.-',0.38,True
Q15839134,écologue,écologiste,l.a.-f.a.-f.o.-',0.53,False
Q185351,juriste,secouriste,f.a.-l.a.-f.o.-',0.55,False
Q189459,ouléma,ouvrier,m.a.-l.a.-f.o.-',0.25,True
Q27214348,inspecteur,inspecteur,d.a.-k.a.-f.o.-',1.0,False
Q47541952,producteur ou productrice artistique,producteur,d.a.-b.a.-f.o.-',0.89,False
Q2047357,fiduciaire,notaire,m.a.-t.a.-f.o.-',0.4,False
Q189290,officier,officier,l.a.-k.a.-f.o.-',1.0,False
Q1930187,journaliste,journaliste,n.a.-b.a.-f.o.-',1.0,False
Q123688705,fashion writer,relation publique,l.a.-b.a.-f.o.-',0.18,True
Q5589126,agent du gouvernement,agent de,d.a.-l.a.-f.o.-',0.78,False
Q17307272,artiste de cirque,archiviste,t.a.-l.a.-f.o.-',0.25,True
Q2914170,artiste de rue,archiviste,t.a.-l.a.-f.o.-',0.29,True
Q83307,ministre,ancêtre,t.a.-m.a.-f.o.-',0.33,True
Q2066131,athlète,hôte,f.a.-k.a.-f.o.-',0.23,True
Q2675537,professeur ou professeure de musique,investisseur,t.a.-d.a.-f.o.-',0.3,True
Q118865,clarinettiste,activiste,b.a.-k.a.-f.o.-',0.33,True
Q15839134,écologue,écologiste,l.a.-f.a.-f.o.-',0.53,False
Q201788,historien ou historienne,ouvrier,m.a.-l.a.-f.o.-',0.18,True
Q2234405,adjudicator,mentor,s.a.-d.a.-f.o.-',0.32,True
Q105425483,arbitre,ancêtre,t.a.-m.a.-f.o.-',0.3,True
Q28640,profession,procureur,b.a.-n.a.-f.o.-',0.24,True
Q4164871,fonction,fonctionnaire,t.a.-k.a.-f.o.-',0.67,False
Q54128,domestique,relation publique,l.a.-b.a.-f.o.-',0.31,True
Q2462658,manager,manager,l.a.-s.a.-f.o.-',1.0,False
Q212238,fonctionnaire,fonctionnaire,t.a.-k.a.-f.o.-',1.0,False
Q6005272,massothérapeute,auteur,b.a.-b.a.-f.o.-',0.15,True
Q2577681,médecin du sport,médecin,n.a.-f.a.-f.o.-',0.85,False
Q1790480,traducteur-interprète,traducteur,t.a.-s.a.-f.o.-',0.94,False
Q105842399,annotator,mentor,s.a.-d.a.-f.o.-',0.26,True
Q1642960,polémiste,activiste,b.a.-k.a.-f.o.-',0.32,True
Q3264451,cardiologue,psychologue,s.a.-f.a.-f.o.-',0.55,False
Q82955,personnalité politique,politicien,s.a.-k.a.-f.o.-',0.51,False
Q154954,personne physique,relation publique,l.a.-b.a.-f.o.-',0.33,True
Q48282,étudiant ou étudiante,étudiant,d.a.-s.a.-f.o.-',0.97,False
Q105467331,étudiant en sciences,étudiant,d.a.-s.a.-f.o.-',0.93,False
Q3330547,chroniqueur,joueur,m.a.-b.a.-f.o.-',0.41,False
Q1930187,journaliste,journaliste,n.a.-b.a.-f.o.-',1.0,False
Q7019111,travailleur social,travailleur social,f.a.-n.a.-f.o.-',1.0,False
Q774306,chirurgien ou chirurgienne,musicien,f.a.-b.a.-f.o.-',0.19,True
Q2854916,oto-rhino-laryngologiste,écologiste,l.a.-f.a.-f.o.-',0.79,False
Q121579936,regional archivist,archiviste,t.a.-l.a.-f.o.-',0.84,False
Q212238,fonctionnaire,fonctionnaire,t.a.-k.a.-f.o.-',1.0,False
Q47064,militaire,publicitaire,b.a.-d.a.-f.o.-',0.47,False
Q2095549,aviateur ou aviatrice,médiateur,m.a.-s.a.-f.o.-',0.45,False
Q901,scientifique,relation publique,l.a.-b.a.-f.o.-',0.3,True
Q188094,économiste,écologiste,l.a.-f.a.-f.o.-',0.48,False
Q1238570,politologue,psychologue,s.a.-f.a.-f.o.-',0.46,False
Q1651044,mise en forme d'un matériau,informaticien,s.a.-t.a.-f.o.-',0.26,True
Q1408288,procédé de fabrication,relation publique,l.a.-b.a.-f.o.-',0.31,True
Q901,scientifique,relation publique,l.a.-b.a.-f.o.-',0.3,True
Q1650915,chercheur ou chercheuse,archiviste,t.a.-l.a.-f.o.-',0.17,True
Q1622272,professeur ou professeure d'université,investisseur,t.a.-d.a.-f.o.-',0.36,True
Q5716684,danseur ou danseuse,précurseur,s.a.-n.a.-f.o.-',0.19,True
Q486839,parlementaire,notaire,m.a.-t.a.-f.o.-',0.44,False
Q4175034,législateur ou législatrice,législateur,t.a.-n.a.-f.o.-',0.96,False
Q4201895,fonds de placement,fondateur,t.a.-t.a.-f.o.-',0.38,True
Q2125610,cycliste,journaliste,n.a.-b.a.-f.o.-',0.46,False
Q2066131,athlète,hôte,f.a.-k.a.-f.o.-',0.23,True
Q15283040,évêque orthodoxe,relation publique,l.a.-b.a.-f.o.-',0.23,True
Q18246606,éparque,relation publique,l.a.-b.a.-f.o.-',0.21,True
Q4504549,religieux,relation publique,l.a.-b.a.-f.o.-',0.24,True
Q326653,comptable,comptable,b.a.-t.a.-f.o.-',1.0,False
Q108290311,cadre de direction dans l'éducation,relation publique,l.a.-b.a.-f.o.-',0.36,True
Q1162163,directeur ou directrice,lecteur,b.a.-s.a.-f.o.-',0.47,False
Q21281706,administrateur académique,relation publique,l.a.-b.a.-f.o.-',0.26,True
Q37226,enseignant ou enseignante,enseignant,d.a.-f.a.-f.o.-',0.98,False
Q1234713,théologien ou théologienne,écologiste,l.a.-f.a.-f.o.-',0.44,False
Q183888,développeur ou développeuse,défendeur,l.a.-n.a.-f.o.-',0.24,True
Q380075,défenseur,défendeur,l.a.-n.a.-f.o.-',0.55,False
Q81729632,musicien ou musicienne de musique classique,musicien,f.a.-b.a.-f.o.-',0.84,False
Q12794619,propriétaire de biens,secrétaire,k.a.-t.a.-f.o.-',0.46,False
Q71049101,bohémiste,activiste,b.a.-k.a.-f.o.-',0.42,False
Q2248623,étudiant,étudiant,d.a.-s.a.-f.o.-',1.0,False
Q1371378,ethnologue,psychologue,s.a.-f.a.-f.o.-',0.62,False
Q1162163,directeur ou directrice,lecteur,b.a.-s.a.-f.o.-',0.47,False
Q9352089,espion ou espionne,fonctionnaire,t.a.-k.a.-f.o.-',0.19,True
Q17276189,atmospheric scientist,client,n.a.-d.a.-f.o.-',0.25,True
Q593644,chimiste,archiviste,t.a.-l.a.-f.o.-',0.43,False
Q106313281,commentateur,spectateur,k.a.-b.a.-f.o.-',0.4,False
Q1638918,ordinaire,partenaire,m.a.-d.a.-f.o.-',0.5,False
Q1190552,archiprêtre,archiviste,t.a.-l.a.-f.o.-',0.49,False
Q3054575,enquêteur de droit privé,agent de,d.a.-l.a.-f.o.-',0.3,True
Q842782,détective,activiste,b.a.-k.a.-f.o.-',0.26,True
Q11500768,auteur ou autrice culinaire,auteur,b.a.-b.a.-f.o.-',0.77,False
Q15462162,historien ou historienne du culturel,cultivateur / éleveur,f.a.-f.a.-f.o.-',0.19,True
Q1184268,délinquant,enfant,d.a.-m.a.-f.o.-',0.22,True
Q29881694,thérapeute alternatif,adulte,n.a.-s.a.-f.o.-',0.16,True
Q2588761,travailleur qualifié ou travailleuse qualifiée,travailleur social,f.a.-n.a.-f.o.-',0.78,False
Q3071477,fidèle,bénévole,m.a.-n.a.-f.o.-',0.2,True
Q111252415,groupe religieux,relation publique,l.a.-b.a.-f.o.-',0.24,True
Q99521706,théiste,activiste,b.a.-k.a.-f.o.-',0.42,False
Q215627,personne,fonctionnaire,t.a.-k.a.-f.o.-',0.18,True
Q10501673,förtroendeman,vendeur,k.a.-d.a.-f.o.-',0.37,True
Q877944,lay judge,juré,k.a.-n.a.-f.o.-',0.33,True
Q7621877,stratège,traducteur,t.a.-s.a.-f.o.-',0.2,True
Q49757,poète ou poétesse,policier,n.a.-l.a.-f.o.-',0.16,True
Q83307,ministre,ancêtre,t.a.-m.a.-f.o.-',0.33,True
Q12737077,activité,activiste,b.a.-k.a.-f.o.-',0.74,False
Q16144978,Bandit,banquier,d.a.-t.a.-f.o.-',0.3,True
Q664283,vitrier,ouvrier,m.a.-l.a.-f.o.-',0.5,False
Q2106711,constructeur naval,traducteur,t.a.-s.a.-f.o.-',0.35,True
Q108290772,manufacturing labourers not elsewhere classified,notaire,m.a.-t.a.-f.o.-',0.24,True
Q1281618,sculpteur ou sculptrice,cultivateur / éleveur,f.a.-f.a.-f.o.-',0.25,True
Q1607826,éditeur ou éditrice,éditeur,t.a.-b.a.-f.o.-',0.93,False
Q638608,développement de logiciel,agent de,d.a.-l.a.-f.o.-',0.35,True
Q482980,auteur ou autrice,auteur,b.a.-b.a.-f.o.-',0.92,False
Q7016454,artiste des nouveaux médias,médiateur,m.a.-s.a.-f.o.-',0.44,False
Q11079476,artiste numérique,archiviste,t.a.-l.a.-f.o.-',0.26,True
Q11079476,artiste numérique,archiviste,t.a.-l.a.-f.o.-',0.26,True
Q214339,rôle social,travailleur social,f.a.-n.a.-f.o.-',0.56,False
Q106804044,rich,acteurs sociaux,M:M:.a.-M:M:.a.-f.o.-',0.0,True
Q20748648,conseiller municipal,consultant,f.a.-s.a.-f.o.-',0.28,True
Q18216771,artiste vidéo,archiviste,t.a.-l.a.-f.o.-',0.36,True
Q18074503,artiste d'installations,relation publique,l.a.-b.a.-f.o.-',0.31,True
Q5133860,clinicien ou clinicienne,technicien,f.a.-d.a.-f.o.-',0.47,False
Q2114605,pharmacologue,pharmacien,t.a.-f.a.-f.o.-',0.56,False
Q674426,conservateur ou conservatrice de musée,consultant,f.a.-s.a.-f.o.-',0.36,True
Q446966,conservateur-restaurateur ou conservatrice-restauratrice,consultant,f.a.-s.a.-f.o.-',0.34,True
Q12774499,naturaliste préparateur,journaliste,n.a.-b.a.-f.o.-',0.45,False
Q177220,chanteur ou chanteuse,inventeur,d.a.-d.a.-f.o.-',0.43,False
Q1072363,directeur ou directrice,lecteur,b.a.-s.a.-f.o.-',0.47,False
Q5467169,ressources humaines,relation publique,l.a.-b.a.-f.o.-',0.12,True
Q201788,historien ou historienne,ouvrier,m.a.-l.a.-f.o.-',0.18,True
Q1709010,ingénieur logiciel,écologiste,l.a.-f.a.-f.o.-',0.23,True
Q26262117,acteur de film muet,acteur,s.a.-b.a.-f.o.-',0.82,False
Q28107590,artiste de concept,archiviste,t.a.-l.a.-f.o.-',0.25,True
Q4991371,soldat,avocat,n.a.-t.a.-f.o.-',0.16,True
Q2248623,étudiant,étudiant,d.a.-s.a.-f.o.-',1.0,False
Q30002353,professeur de langues,investisseur,t.a.-d.a.-f.o.-',0.33,True
Q12737077,activité,activiste,b.a.-k.a.-f.o.-',0.74,False
Q81096,ingénieur ou ingénieure,inventeur,d.a.-d.a.-f.o.-',0.19,True
Q1072363,directeur ou directrice,lecteur,b.a.-s.a.-f.o.-',0.47,False
Q1569495,chargé ou chargée de cours,agent de,d.a.-l.a.-f.o.-',0.2,True
Q5322166,designer,agent de,d.a.-l.a.-f.o.-',0.18,True
Q1413170,relieur ou relieuse,relation publique,l.a.-b.a.-f.o.-',0.23,True
Q49757,poète ou poétesse,policier,n.a.-l.a.-f.o.-',0.16,True
Q1639825,forgeron ou forgeronne,manager,l.a.-s.a.-f.o.-',0.13,True
Q37226,enseignant ou enseignante,enseignant,d.a.-f.a.-f.o.-',0.98,False
Q11499147,militant ou militante politique,politicien,s.a.-k.a.-f.o.-',0.38,True
Q39631,médecin,médecin,n.a.-f.a.-f.o.-',1.0,False
Q1930187,journaliste,journaliste,n.a.-b.a.-f.o.-',1.0,False
Q635734,archiviste,archiviste,t.a.-l.a.-f.o.-',1.0,False
Q82594,informaticien ou informaticienne,informaticien,s.a.-t.a.-f.o.-',0.99,False
Q599151,haut fonctionnaire ou haute fonctionnaire,fonctionnaire,t.a.-k.a.-f.o.-',0.97,False
Q61021680,embetsperson,inspecteur,d.a.-k.a.-f.o.-',0.14,True
Q6430706,critique,relation publique,l.a.-b.a.-f.o.-',0.33,True
Q330679,cantor,mentor,s.a.-d.a.-f.o.-',0.58,False
Q4391922,church choirmaster,archiviste,t.a.-l.a.-f.o.-',0.15,True
Q355493,musicien d'église,musicien,f.a.-b.a.-f.o.-',0.97,False
Q48282,étudiant ou étudiante,étudiant,d.a.-s.a.-f.o.-',0.97,False
Q48942,élève,cultivateur / éleveur,f.a.-f.a.-f.o.-',0.16,True
Q214917,dramaturge,amant/e,b.a.-m.a.-f.o.-',0.18,True
Q822146,parolier ou parolière,partenaire,m.a.-d.a.-f.o.-',0.28,True
Q33999,acteur ou actrice,acteur,s.a.-b.a.-f.o.-',0.91,False
Q177220,chanteur ou chanteuse,inventeur,d.a.-d.a.-f.o.-',0.43,False
Q20739288,neurobiologiste,écologiste,l.a.-f.a.-f.o.-',0.74,False
Q16831721,éthologue,psychologue,s.a.-f.a.-f.o.-',0.67,False
Q110516696,member of the parliament of Sweden,mentor,s.a.-d.a.-f.o.-',0.24,True
Q41583,entraîneur sportif,entrepreneur,l.a.-d.a.-f.o.-',0.4,False
Q1278335,instrumentiste,activiste,b.a.-k.a.-f.o.-',0.25,True
Q1607826,éditeur ou éditrice,éditeur,t.a.-b.a.-f.o.-',0.93,False
Q17504998,historien du sport,transporteur,b.a.-l.a.-f.o.-',0.35,True
Q37226,enseignant ou enseignante,enseignant,d.a.-f.a.-f.o.-',0.98,False
Q3249024,gouverneur,entrepreneur,l.a.-d.a.-f.o.-',0.31,True
Q2159907,criminel ou criminelle,ouvrier,m.a.-l.a.-f.o.-',0.13,True
Q1278335,instrumentiste,activiste,b.a.-k.a.-f.o.-',0.25,True
Q4773904,anthropologue,psychologue,s.a.-f.a.-f.o.-',0.56,False
Q5716684,danseur ou danseuse,précurseur,s.a.-n.a.-f.o.-',0.19,True
Q177220,chanteur ou chanteuse,inventeur,d.a.-d.a.-f.o.-',0.43,False
Q106674141,praepositus,guide spirituel,n.a.-n.a.-f.o.-',0.13,True
Q12737077,activité,activiste,b.a.-k.a.-f.o.-',0.74,False
Q56512863,participant,partenaire,m.a.-d.a.-f.o.-',0.39,True
Q1650915,chercheur ou chercheuse,archiviste,t.a.-l.a.-f.o.-',0.17,True
Q2306091,sociologue,psychologue,s.a.-f.a.-f.o.-',0.52,False
Q48072011,théoricien ou théoricienne du management,manager,l.a.-s.a.-f.o.-',0.5,False
Q212980,psychologue,psychologue,s.a.-f.a.-f.o.-',1.0,False
Q974144,éducateur ou éducatrice,éditeur,t.a.-b.a.-f.o.-',0.24,True
Q37226,enseignant ou enseignante,enseignant,d.a.-f.a.-f.o.-',0.98,False
Q639669,musicien ou musicienne,musicien,f.a.-b.a.-f.o.-',0.98,False
Q177718,sideman,manager,l.a.-s.a.-f.o.-',0.15,True
Q483501,artiste,archiviste,t.a.-l.a.-f.o.-',0.36,True
Q15980158,auteur ou autrice de non-fiction,auteur,b.a.-b.a.-f.o.-',0.72,False
Q185351,juriste,secouriste,f.a.-l.a.-f.o.-',0.55,False
Q56352811,financial economist,travailleur social,f.a.-n.a.-f.o.-',0.29,True
Q48072011,théoricien ou théoricienne du management,manager,l.a.-s.a.-f.o.-',0.5,False
Q122657929,radio writer,éditeur,t.a.-b.a.-f.o.-',0.15,True
Q1930187,journaliste,journaliste,n.a.-b.a.-f.o.-',1.0,False
Q83307,ministre,ancêtre,t.a.-m.a.-f.o.-',0.33,True
Q189290,officier,officier,l.a.-k.a.-f.o.-',1.0,False
Q13015400,naval personnel,travailleur social,f.a.-n.a.-f.o.-',0.16,True
Q6817463,mental health counselor,mentor,s.a.-d.a.-f.o.-',0.53,False
Q37226,enseignant ou enseignante,enseignant,d.a.-f.a.-f.o.-',0.98,False
Q326653,comptable,comptable,b.a.-t.a.-f.o.-',1.0,False
Q212980,psychologue,psychologue,s.a.-f.a.-f.o.-',1.0,False
Q483501,artiste,archiviste,t.a.-l.a.-f.o.-',0.36,True
Q16533,juge,juré,k.a.-n.a.-f.o.-',0.33,True
Q4504549,religieux,relation publique,l.a.-b.a.-f.o.-',0.24,True
Q30906402,cantor,mentor,s.a.-d.a.-f.o.-',0.58,False
Q2675537,professeur ou professeure de musique,investisseur,t.a.-d.a.-f.o.-',0.3,True
Q5322166,designer,agent de,d.a.-l.a.-f.o.-',0.18,True
Q15401884,chercheur médical,médiateur,m.a.-s.a.-f.o.-',0.51,False
Q101429521,affiliate professor,médiateur,m.a.-s.a.-f.o.-',0.2,True
Q67205775,piqueuse,relation publique,l.a.-b.a.-f.o.-',0.23,True
Q18931911,théoricien ou théoricienne,musicien,f.a.-b.a.-f.o.-',0.51,False
Q1251687,chef de mission diplomatique,diplomate,k.a.-s.a.-f.o.-',0.66,False
Q3310583,celebrity chef,guide spirituel,n.a.-n.a.-f.o.-',0.17,True
Q44508716,personnalité de l'audiovisuel,agent de,d.a.-l.a.-f.o.-',0.2,True
Q156839,cuisinier ou cuisinière,voisin,m.a.-k.a.-f.o.-',0.34,True
Q947873,animateur ou animatrice de télévision,réformateur,n.a.-k.a.-f.o.-',0.29,True
Q19364326,studio,étudiant,d.a.-s.a.-f.o.-',0.39,True
Q11396960,société de production,producteur,d.a.-b.a.-f.o.-',0.58,False
Q1762059,société de production de cinéma,producteur,d.a.-b.a.-f.o.-',0.5,False
Q110357230,television company,comptable,b.a.-t.a.-f.o.-',0.34,True
Q39631,médecin,médecin,n.a.-f.a.-f.o.-',1.0,False
Q3140963,personnel hospitalier,familier,m.a.-m.a.-f.o.-',0.32,True
Q69943983,health facility administrator,mentor,s.a.-d.a.-f.o.-',0.26,True
Q3529618,titre universitaire,publicitaire,b.a.-d.a.-f.o.-',0.51,False
Q64825398,retraité,traducteur,t.a.-s.a.-f.o.-',0.13,True
Q3014296,pilote de moto,agent de,d.a.-l.a.-f.o.-',0.37,True
Q105200214,clerc catholique,relation publique,l.a.-b.a.-f.o.-',0.38,True
Q106915299,membre de l'Opus Dei,agent de,d.a.-l.a.-f.o.-',0.39,True
Q7069642,membre numérique de l'Opus Dei,agent de,d.a.-l.a.-f.o.-',0.29,True
Q18216771,artiste vidéo,archiviste,t.a.-l.a.-f.o.-',0.36,True
Q713200,artiste interprète,archiviste,t.a.-l.a.-f.o.-',0.33,True
Q11085831,interprète,inventeur,d.a.-d.a.-f.o.-',0.26,True
Q37226,enseignant ou enseignante,enseignant,d.a.-f.a.-f.o.-',0.98,False
Q2101758,commissaire de police,policier,n.a.-l.a.-f.o.-',0.46,False
Q3391743,artiste visuel ou artiste visuelle,archiviste,t.a.-l.a.-f.o.-',0.36,True
Q167987,Tai-chi-chuan,archiviste,t.a.-l.a.-f.o.-',0.16,True
Q570755,répartiteur de services d'urgence,éditeur,t.a.-b.a.-f.o.-',0.34,True
Q215627,personne,fonctionnaire,t.a.-k.a.-f.o.-',0.18,True
Q1650915,chercheur ou chercheuse,archiviste,t.a.-l.a.-f.o.-',0.17,True
Q201788,historien ou historienne,ouvrier,m.a.-l.a.-f.o.-',0.18,True
Q1774898,clinique,relation publique,l.a.-b.a.-f.o.-',0.31,True
Q327333,agence publique,relation publique,l.a.-b.a.-f.o.-',0.61,False
Q215536,commerçant,comptable,b.a.-t.a.-f.o.-',0.25,True
Q1162163,directeur ou directrice,lecteur,b.a.-s.a.-f.o.-',0.47,False
Q26481809,dirigeant sportif,transporteur,b.a.-l.a.-f.o.-',0.36,True
Q705996,gérant,enfant,d.a.-m.a.-f.o.-',0.26,True
Q43229,organisation,relation publique,l.a.-b.a.-f.o.-',0.46,False
Q978044,cadre dirigeant ou cadre dirigeante,enfant,d.a.-m.a.-f.o.-',0.13,True
Q1326886,ingénieur électricien,musicien,f.a.-b.a.-f.o.-',0.35,True
Q19100,capitaine,publicitaire,b.a.-d.a.-f.o.-',0.27,True
Q18536820,OF-2,officier,l.a.-k.a.-f.o.-',0.24,True
Q107283643,officier subalterne (Espagne),officier,l.a.-k.a.-f.o.-',0.97,False
Q56923,capitaine général,publicitaire,b.a.-d.a.-f.o.-',0.22,True
Q132050,gouverneur,entrepreneur,l.a.-d.a.-f.o.-',0.31,True
Q382844,gouverneur général,entrepreneur,l.a.-d.a.-f.o.-',0.26,True
Q1278335,instrumentiste,activiste,b.a.-k.a.-f.o.-',0.25,True
Q1072363,directeur ou directrice,lecteur,b.a.-s.a.-f.o.-',0.47,False
Q1162163,directeur ou directrice,lecteur,b.a.-s.a.-f.o.-',0.47,False
Q1639825,forgeron ou forgeronne,manager,l.a.-s.a.-f.o.-',0.13,True
Q15977971,travailleur du bois,travailleur social,f.a.-n.a.-f.o.-',0.8,False
Q11974939,professionnel ou professionnelle de la santé,procureur,b.a.-n.a.-f.o.-',0.21,True
Q901,scientifique,relation publique,l.a.-b.a.-f.o.-',0.3,True
Q987767,récipient,client,n.a.-d.a.-f.o.-',0.48,False
Q33394058,travailleur manuel,travailleur social,f.a.-n.a.-f.o.-',0.74,False
Q108289644,"hairdressers, beauticians and related workers",relation publique,l.a.-b.a.-f.o.-',0.32,True
Q713200,artiste interprète,archiviste,t.a.-l.a.-f.o.-',0.33,True
Q212238,fonctionnaire,fonctionnaire,t.a.-k.a.-f.o.-',1.0,False
Q57199189,entraîneur de patinage artistique,entrepreneur,l.a.-d.a.-f.o.-',0.31,True
Q11569986,graveur ou graveuse d'estampes,cultivateur / éleveur,f.a.-f.a.-f.o.-',0.2,True
Q3330547,chroniqueur,joueur,m.a.-b.a.-f.o.-',0.41,False
Q1072363,directeur ou directrice,lecteur,b.a.-s.a.-f.o.-',0.47,False
Q1072363,directeur ou directrice,lecteur,b.a.-s.a.-f.o.-',0.47,False
Q49757,poète ou poétesse,policier,n.a.-l.a.-f.o.-',0.16,True
Q381353,femme de lettres,agent de,d.a.-l.a.-f.o.-',0.36,True
Q1072363,directeur ou directrice,lecteur,b.a.-s.a.-f.o.-',0.47,False
Q1930187,journaliste,journaliste,n.a.-b.a.-f.o.-',1.0,False
Q1162163,directeur ou directrice,lecteur,b.a.-s.a.-f.o.-',0.47,False
Q2961975,chef ou cheffe d'entreprise,entrepreneur,l.a.-d.a.-f.o.-',0.57,False
Q1072363,directeur ou directrice,lecteur,b.a.-s.a.-f.o.-',0.47,False
Q28528178,raciste,activiste,b.a.-k.a.-f.o.-',0.37,True
Q122143503,suprémaciste,activiste,b.a.-k.a.-f.o.-',0.29,True
Q122167190,Ethnic supremacist,technicien,f.a.-d.a.-f.o.-',0.23,True
Q600751,procureur ou procureure,procureur,b.a.-n.a.-f.o.-',0.98,False
Q112684029,Services juridiques de l'État,juré,k.a.-n.a.-f.o.-',0.25,True
Q15839134,écologue,écologiste,l.a.-f.a.-f.o.-',0.53,False
Q16831721,éthologue,psychologue,s.a.-f.a.-f.o.-',0.67,False
Q1028181,peintre,ancêtre,t.a.-m.a.-f.o.-',0.27,True
Q3328821,récit,réformateur,n.a.-k.a.-f.o.-',0.13,True
Q7725634,œuvre littéraire,notaire,m.a.-t.a.-f.o.-',0.39,True
Q182436,bibliothécaire,notaire,m.a.-t.a.-f.o.-',0.43,False
Q81096,ingénieur ou ingénieure,inventeur,d.a.-d.a.-f.o.-',0.19,True
Q1265807,chercheur ou chercheuse en science de l'information,informaticien,s.a.-t.a.-f.o.-',0.57,False
Q901402,géographe,cartographe,l.a.-t.a.-f.o.-',0.7,False
Q84380764,joueur de jeu de plateau,joueur,m.a.-b.a.-f.o.-',0.69,False
Q169470,physicien ou physicienne,musicien,f.a.-b.a.-f.o.-',0.62,False
Q3055126,entomologiste,écologiste,l.a.-f.a.-f.o.-',0.69,False
Q4469127,pirate,diplomate,k.a.-s.a.-f.o.-',0.24,True
Q1184268,délinquant,enfant,d.a.-m.a.-f.o.-',0.22,True
Q897438,délinquant,enfant,d.a.-m.a.-f.o.-',0.22,True
Q1925963,artiste graphique,cartographe,l.a.-t.a.-f.o.-',0.29,True
Q130857,disc jockey,joueur,m.a.-b.a.-f.o.-',0.18,True
Q2722764,animateur ou animatrice de radio,réformateur,n.a.-k.a.-f.o.-',0.33,True
Q6138343,sculpteur sur bois,acteur,s.a.-b.a.-f.o.-',0.26,True
Q20891597,colonisateur,médiateur,m.a.-s.a.-f.o.-',0.28,True
Q10591707,escroc,procureur,b.a.-n.a.-f.o.-',0.23,True
Q471880,usurpation d'identité,relation publique,l.a.-b.a.-f.o.-',0.4,False
Q5193258,appropriation culturelle,relation publique,l.a.-b.a.-f.o.-',0.34,True
Q28813,fraude,agent de,d.a.-l.a.-f.o.-',0.17,True
Q7142648,Usurpation Raciale,relation publique,l.a.-b.a.-f.o.-',0.36,True
Q1413522,imposteur,acteur,s.a.-b.a.-f.o.-',0.37,True
Q1430956,charlatan,pharmacien,t.a.-f.a.-f.o.-',0.12,True
Q50995749,personnalité liée au sport,transporteur,b.a.-l.a.-f.o.-',0.29,True
Q2986228,commentateur sportif,spectateur,k.a.-b.a.-f.o.-',0.36,True
Q9200127,membre,mere,f.a.-m.a.-f.o.-',0.4,False
Q13311320,conseiller royal,consultant,f.a.-s.a.-f.o.-',0.32,True
Q3243461,collectionneur ou collectionneuse,fonctionnaire,t.a.-k.a.-f.o.-',0.37,True
Q1162163,directeur ou directrice,lecteur,b.a.-s.a.-f.o.-',0.47,False
Q806798,banquier,banquier,d.a.-t.a.-f.o.-',1.0,False
Q11974939,professionnel ou professionnelle de la santé,procureur,b.a.-n.a.-f.o.-',0.21,True
Q16529590,scientifique de l'environnement,agent de,d.a.-l.a.-f.o.-',0.34,True
Q5669847,professeur adjoint,investisseur,t.a.-d.a.-f.o.-',0.34,True
Q6625963,romancier ou romancière,policier,n.a.-l.a.-f.o.-',0.21,True
Q715301,auteur ou autrice de bande dessinée,auteur,b.a.-b.a.-f.o.-',0.72,False
Q3644587,hydrologue,psychologue,s.a.-f.a.-f.o.-',0.62,False
Q201788,historien ou historienne,ouvrier,m.a.-l.a.-f.o.-',0.18,True
Q483501,artiste,archiviste,t.a.-l.a.-f.o.-',0.36,True
Q1294787,artisan,archiviste,t.a.-l.a.-f.o.-',0.12,True
Q19746576,joueur de pelote basque,joueur,m.a.-b.a.-f.o.-',0.79,False
Q207978,consul,consultant,f.a.-s.a.-f.o.-',0.69,False
Q625369,maîtresse,manager,l.a.-s.a.-f.o.-',0.14,True
Q11796602,official lover,officier,l.a.-k.a.-f.o.-',0.68,False
Q8359428,militant social,travailleur social,f.a.-n.a.-f.o.-',0.44,False
Q1622272,professeur ou professeure d'université,investisseur,t.a.-d.a.-f.o.-',0.36,True
Q121594,professeur,investisseur,t.a.-d.a.-f.o.-',0.39,True
Q1278335,instrumentiste,activiste,b.a.-k.a.-f.o.-',0.25,True
Q931260,meurtrier ou meurtrière,ouvrier,m.a.-l.a.-f.o.-',0.37,True
Q109648129,tireur,assureur,f.a.-t.a.-f.o.-',0.38,True
Q30339659,motorsports competitor,comptable,b.a.-t.a.-f.o.-',0.28,True
Q627325,graphiste,cartographe,l.a.-t.a.-f.o.-',0.34,True
Q627325,graphiste,cartographe,l.a.-t.a.-f.o.-',0.34,True
Q1511216,courtisan,secouriste,f.a.-l.a.-f.o.-',0.26,True
Q217170,prosélytisme,procureur,b.a.-n.a.-f.o.-',0.3,True
Q1155605,classe supérieure,assureur,f.a.-t.a.-f.o.-',0.21,True
Q106804044,rich,acteurs sociaux,M:M:.a.-M:M:.a.-f.o.-',0.0,True
Q43845,personnalité du monde des affaires,fonctionnaire,t.a.-k.a.-f.o.-',0.24,True
Q16727193,scientifique de l'esprit,agent de,d.a.-l.a.-f.o.-',0.26,True
Q82594,informaticien ou informaticienne,informaticien,s.a.-t.a.-f.o.-',0.99,False
Q723682,doyen,citoyen,k.a.-k.a.-f.o.-',0.56,False
Q58287519,développeur de jeux vidéo,agent de,d.a.-l.a.-f.o.-',0.34,True
Q5482740,programmeur ou programmeuse,procureur,b.a.-n.a.-f.o.-',0.25,True
Q15995642,chef religieux,relation publique,l.a.-b.a.-f.o.-',0.24,True
Q105275968,clerc musulman,musicien,f.a.-b.a.-f.o.-',0.3,True
Q432386,prédicateur,médiateur,m.a.-s.a.-f.o.-',0.33,True
Q125482,imam,acteurs sociaux,M:M:.a.-M:M:.a.-f.o.-',0.0,True
Q2066131,athlète,hôte,f.a.-k.a.-f.o.-',0.23,True
Q18536342,joueur professionnel ou joueuse professionnelle,joueur,m.a.-b.a.-f.o.-',0.75,False
Q1368409,éleveur,cultivateur / éleveur,f.a.-f.a.-f.o.-',0.64,False
Q158852,chef ou cheffe d'orchestre,ancêtre,t.a.-m.a.-f.o.-',0.24,True
Q639669,musicien ou musicienne,musicien,f.a.-b.a.-f.o.-',0.98,False
Q2066131,athlète,hôte,f.a.-k.a.-f.o.-',0.23,True
Q327055,travailleur ou travailleuse,travailleur social,f.a.-n.a.-f.o.-',0.8,False
Q17126809,sauveteur,acteur,s.a.-b.a.-f.o.-',0.43,False
Q19693316,intervenant d'urgence,enseignant,d.a.-f.a.-f.o.-',0.28,True
Q49757,poète ou poétesse,policier,n.a.-l.a.-f.o.-',0.16,True
Q11401,hip-hop,acteurs sociaux,M:M:.a.-M:M:.a.-f.o.-',0.0,True
Q639197,musique instrumentale,musicien,f.a.-b.a.-f.o.-',0.35,True
Q56312678,ceramic painter,familier,m.a.-m.a.-f.o.-',0.18,True
Q96036530,health activist,activiste,b.a.-k.a.-f.o.-',0.9,False
Q1151733,position au baseball,relation publique,l.a.-b.a.-f.o.-',0.27,True
Q12737077,activité,activiste,b.a.-k.a.-f.o.-',0.74,False
Q26837361,propriétaire d'équipe sportive,secrétaire,k.a.-t.a.-f.o.-',0.4,False
Q3391743,artiste visuel ou artiste visuelle,archiviste,t.a.-l.a.-f.o.-',0.36,True
Q713200,artiste interprète,archiviste,t.a.-l.a.-f.o.-',0.33,True
Q3951423,grimpeur sur rochers,assureur,f.a.-t.a.-f.o.-',0.21,True
Q94296450,fabricant d'instrument à clavier,client,n.a.-d.a.-f.o.-',0.28,True
Q294414,fonction publique,relation publique,l.a.-b.a.-f.o.-',0.63,False
Q937857,footballeur,travailleur social,f.a.-n.a.-f.o.-',0.36,True
Q7135767,paraprofessional,partenaire,m.a.-d.a.-f.o.-',0.22,True
Q1709010,ingénieur logiciel,écologiste,l.a.-f.a.-f.o.-',0.23,True
Q112598603,data professional,procureur,b.a.-n.a.-f.o.-',0.22,True
Q108290582,musical instrument makers and tuners,musicien,f.a.-b.a.-f.o.-',0.46,False
Q7234072,postier,policier,n.a.-l.a.-f.o.-',0.31,True
Q108290582,musical instrument makers and tuners,musicien,f.a.-b.a.-f.o.-',0.46,False
Q2066131,athlète,hôte,f.a.-k.a.-f.o.-',0.23,True
Q4610556,mannequin,manager,l.a.-s.a.-f.o.-',0.32,True
Q226008,idole japonaise,bénévole,m.a.-n.a.-f.o.-',0.32,True
Q10800557,acteur ou actrice de cinéma,acteur,s.a.-b.a.-f.o.-',0.8,False
Q852857,travailleur ou travailleuse du sexe,travailleur social,f.a.-n.a.-f.o.-',0.8,False
Q488111,acteur ou actrice pornographique,acteur,s.a.-b.a.-f.o.-',0.62,False
Q10843402,nageur ou nageuse,manager,l.a.-s.a.-f.o.-',0.38,True
Q94296450,fabricant d'instrument à clavier,client,n.a.-d.a.-f.o.-',0.28,True
Q63952000,gender studies scholar,étudiant,d.a.-s.a.-f.o.-',0.22,True
Q5259404,profession paramédicale du secteur dentaire,secrétaire,k.a.-t.a.-f.o.-',0.32,True
Q10774753,performeur,réformateur,n.a.-k.a.-f.o.-',0.37,True
Q33999,acteur ou actrice,acteur,s.a.-b.a.-f.o.-',0.91,False
Q601401,commerce,comptable,b.a.-t.a.-f.o.-',0.3,True
Q98084799,photographe professionnel,cartographe,l.a.-t.a.-f.o.-',0.65,False
Q33231,photographe,cartographe,l.a.-t.a.-f.o.-',0.75,False
Q33999,acteur ou actrice,acteur,s.a.-b.a.-f.o.-',0.91,False
Q34388953,film people,bénévole,m.a.-n.a.-f.o.-',0.2,True
Q15980158,auteur ou autrice de non-fiction,auteur,b.a.-b.a.-f.o.-',0.72,False
Q1231865,pédagogue,psychologue,s.a.-f.a.-f.o.-',0.44,False
Q3391743,artiste visuel ou artiste visuelle,archiviste,t.a.-l.a.-f.o.-',0.36,True
Q876864,conseiller ou conseillère de rédaction,consultant,f.a.-s.a.-f.o.-',0.3,True
Q41583,entraîneur sportif,entrepreneur,l.a.-d.a.-f.o.-',0.4,False
Q10669499,officier de marine,officier,l.a.-k.a.-f.o.-',0.91,False
Q105550321,aviateur militaire,publicitaire,b.a.-d.a.-f.o.-',0.37,True
Q13381376,haltérophile,philosophe,s.a.-s.a.-f.o.-',0.35,True
Q41583,entraîneur sportif,entrepreneur,l.a.-d.a.-f.o.-',0.4,False
Q590870,cinéma,citoyen,k.a.-k.a.-f.o.-',0.17,True
Q41583,entraîneur sportif,entrepreneur,l.a.-d.a.-f.o.-',0.4,False
Q1326886,ingénieur électricien,musicien,f.a.-b.a.-f.o.-',0.35,True
Q108289382,electrotechnology engineers,technicien,f.a.-d.a.-f.o.-',0.35,True
Q130857,disc jockey,joueur,m.a.-b.a.-f.o.-',0.18,True
Q41583,entraîneur sportif,entrepreneur,l.a.-d.a.-f.o.-',0.4,False
Q1028181,peintre,ancêtre,t.a.-m.a.-f.o.-',0.27,True
Q10694573,artiste textile,archiviste,t.a.-l.a.-f.o.-',0.32,True
Q108605121,dye artist,archiviste,t.a.-l.a.-f.o.-',0.18,True
Q2504617,romaniste,activiste,b.a.-k.a.-f.o.-',0.34,True
Q1028181,peintre,ancêtre,t.a.-m.a.-f.o.-',0.27,True
Q212980,psychologue,psychologue,s.a.-f.a.-f.o.-',1.0,False
Q864503,biologiste,écologiste,l.a.-f.a.-f.o.-',0.79,False
Q352507,pasteur,acteur,s.a.-b.a.-f.o.-',0.3,True
Q108286992,business and administration professionals,relation publique,l.a.-b.a.-f.o.-',0.33,True
Q108284914,teaching professionals,procureur,b.a.-n.a.-f.o.-',0.22,True
Q108289046,building and related trades workers (excluding electricians),relation publique,l.a.-b.a.-f.o.-',0.28,True
Q108289369,"manufacturing, mining, construction and distribution managers",manager,l.a.-s.a.-f.o.-',0.55,False
Q108289396,primary school and early childhood teachers,ancêtre,t.a.-m.a.-f.o.-',0.09,True
Q108286217,"Butchers, Fishmongers and Related Food Preparers",relation publique,l.a.-b.a.-f.o.-',0.31,True
Q2066131,athlète,hôte,f.a.-k.a.-f.o.-',0.23,True
Q18536342,joueur professionnel ou joueuse professionnelle,joueur,m.a.-b.a.-f.o.-',0.75,False
Q4178004,attaché de presse,agent de,d.a.-l.a.-f.o.-',0.33,True
Q108290386,mining and metallurgical technicians,technicien,f.a.-d.a.-f.o.-',0.74,False
Q15839134,écologue,écologiste,l.a.-f.a.-f.o.-',0.53,False
Q42603,prêtre,ancêtre,t.a.-m.a.-f.o.-',0.52,False
Q7063944,cheminot,notaire,m.a.-t.a.-f.o.-',0.26,True
Q599151,haut fonctionnaire ou haute fonctionnaire,fonctionnaire,t.a.-k.a.-f.o.-',0.97,False
Q177220,chanteur ou chanteuse,inventeur,d.a.-d.a.-f.o.-',0.43,False
Q24841721,chanteur classique,inventeur,d.a.-d.a.-f.o.-',0.3,True
Q1028181,peintre,ancêtre,t.a.-m.a.-f.o.-',0.27,True
Q10349745,pilote automobile,auteur,b.a.-b.a.-f.o.-',0.4,False
Q97621558,militant en faveur de la tempérance,familier,m.a.-m.a.-f.o.-',0.2,True
Q10349745,pilote automobile,auteur,b.a.-b.a.-f.o.-',0.4,False
Q2066131,athlète,hôte,f.a.-k.a.-f.o.-',0.23,True
Q18536342,joueur professionnel ou joueuse professionnelle,joueur,m.a.-b.a.-f.o.-',0.75,False
Q2066131,athlète,hôte,f.a.-k.a.-f.o.-',0.23,True
Q1231865,pédagogue,psychologue,s.a.-f.a.-f.o.-',0.44,False
Q15839134,écologue,écologiste,l.a.-f.a.-f.o.-',0.53,False
Q1650915,chercheur ou chercheuse,archiviste,t.a.-l.a.-f.o.-',0.17,True
Q17456089,réalisateur de films pornographiques,cartographe,l.a.-t.a.-f.o.-',0.34,True
Q5322166,designer,agent de,d.a.-l.a.-f.o.-',0.18,True
Q128124,ingénieur du son,inventeur,d.a.-d.a.-f.o.-',0.16,True
Q18581305,participant à un concours de beauté,partenaire,m.a.-d.a.-f.o.-',0.25,True
Q18560095,vainqueur,joueur,m.a.-b.a.-f.o.-',0.4,False
Q327321,maçon,manager,l.a.-s.a.-f.o.-',0.17,True
Q1340643,maître d’œuvre,ancêtre,t.a.-m.a.-f.o.-',0.28,True
Q3391743,artiste visuel ou artiste visuelle,archiviste,t.a.-l.a.-f.o.-',0.36,True
Q599151,haut fonctionnaire ou haute fonctionnaire,fonctionnaire,t.a.-k.a.-f.o.-',0.97,False
Q6501749,secrétaire général,secrétaire,k.a.-t.a.-f.o.-',0.96,False
Q683476,conseiller en gestion de patrimoine,consultant,f.a.-s.a.-f.o.-',0.22,True
Q774306,chirurgien ou chirurgienne,musicien,f.a.-b.a.-f.o.-',0.19,True
Q1240788,patron,partenaire,m.a.-d.a.-f.o.-',0.15,True
Q743438,chef d'équipe,banquier,d.a.-t.a.-f.o.-',0.23,True
Q189290,officier,officier,l.a.-k.a.-f.o.-',1.0,False
Q4002666,médecin militaire,médecin,n.a.-f.a.-f.o.-',0.76,False
Q901,scientifique,relation publique,l.a.-b.a.-f.o.-',0.3,True
Q2306091,sociologue,psychologue,s.a.-f.a.-f.o.-',0.52,False
Q24017732,chercheur en santé publique,relation publique,l.a.-b.a.-f.o.-',0.64,False
Q16063546,historien ou historienne des sciences,musicien,f.a.-b.a.-f.o.-',0.21,True
Q856887,agent de sécurité,agent de,d.a.-l.a.-f.o.-',0.86,False
Q3391743,artiste visuel ou artiste visuelle,archiviste,t.a.-l.a.-f.o.-',0.36,True
Q350979,zoologiste,écologiste,l.a.-f.a.-f.o.-',0.79,False
Q11569986,graveur ou graveuse d'estampes,cultivateur / éleveur,f.a.-f.a.-f.o.-',0.2,True
Q15980591,monteur d'acier,inventeur,d.a.-d.a.-f.o.-',0.33,True
Q1281618,sculpteur ou sculptrice,cultivateur / éleveur,f.a.-f.a.-f.o.-',0.25,True
Q9394993,patineur ou patineuse sur glace,entrepreneur,l.a.-d.a.-f.o.-',0.22,True
Q2066131,athlète,hôte,f.a.-k.a.-f.o.-',0.23,True
Q16063546,historien ou historienne des sciences,musicien,f.a.-b.a.-f.o.-',0.21,True
Q6051619,publiciste,publicitaire,b.a.-d.a.-f.o.-',0.61,False
Q1930187,journaliste,journaliste,n.a.-b.a.-f.o.-',1.0,False
Q36180,écrivain ou écrivaine,écologiste,l.a.-f.a.-f.o.-',0.11,True
Q102323692,applied scientist,client,n.a.-d.a.-f.o.-',0.34,True
Q25616553,marine painter,manager,l.a.-s.a.-f.o.-',0.19,True
Q482980,auteur ou autrice,auteur,b.a.-b.a.-f.o.-',0.92,False
Q2066131,athlète,hôte,f.a.-k.a.-f.o.-',0.23,True
Q18536342,joueur professionnel ou joueuse professionnelle,joueur,m.a.-b.a.-f.o.-',0.75,False
Q39631,médecin,médecin,n.a.-f.a.-f.o.-',1.0,False
Q350979,zoologiste,écologiste,l.a.-f.a.-f.o.-',0.79,False
Q152951,lieutenant général,enseignant,d.a.-f.a.-f.o.-',0.25,True
Q73145133,personnalité du jeu d'échecs,journaliste,n.a.-b.a.-f.o.-',0.22,True
Q84380764,joueur de jeu de plateau,joueur,m.a.-b.a.-f.o.-',0.69,False
Q2066131,athlète,hôte,f.a.-k.a.-f.o.-',0.23,True
Q11538946,abstract game player,acteur,s.a.-b.a.-f.o.-',0.19,True
Q1231865,pédagogue,psychologue,s.a.-f.a.-f.o.-',0.44,False
Q1662468,technologies de l'information et de la communication pour l'enseignement,informaticien,s.a.-t.a.-f.o.-',0.31,True
Q215536,commerçant,comptable,b.a.-t.a.-f.o.-',0.25,True
Q13391392,profession libérale,procureur,b.a.-n.a.-f.o.-',0.22,True
Q4448548,expert maritime,manager,l.a.-s.a.-f.o.-',0.14,True
Q1493121,historien ou historienne militaire,publicitaire,b.a.-d.a.-f.o.-',0.32,True
Q108799798,prêtre de la Grèce antique,ancêtre,t.a.-m.a.-f.o.-',0.38,True
Q43845,personnalité du monde des affaires,fonctionnaire,t.a.-k.a.-f.o.-',0.24,True
Q15980804,professionnel des médias,médiateur,m.a.-s.a.-f.o.-',0.5,False
Q371909,préfet,précurseur,s.a.-n.a.-f.o.-',0.26,True
Q104290473,préfet,précurseur,s.a.-n.a.-f.o.-',0.26,True
Q26903663,arts administrator,mentor,s.a.-d.a.-f.o.-',0.3,True
Q378622,pilote,philosophe,s.a.-s.a.-f.o.-',0.16,True
Q483501,artiste,archiviste,t.a.-l.a.-f.o.-',0.36,True
Q1284709,maître de guilde,agent de,d.a.-l.a.-f.o.-',0.29,True
Q154549,charpentier,ouvrier,m.a.-l.a.-f.o.-',0.21,True
Q5121550,érudit du judaïsme,juré,k.a.-n.a.-f.o.-',0.19,True
Q1371378,ethnologue,psychologue,s.a.-f.a.-f.o.-',0.62,False
Q201788,historien ou historienne,ouvrier,m.a.-l.a.-f.o.-',0.18,True
Q17391638,théoricien ou théoricienne de l'art,musicien,f.a.-b.a.-f.o.-',0.46,False
Q15253558,militant ou militante,consultant,f.a.-s.a.-f.o.-',0.24,True
Q55737401,théologien chrétien,écologiste,l.a.-f.a.-f.o.-',0.31,True
Q50995749,personnalité liée au sport,transporteur,b.a.-l.a.-f.o.-',0.29,True
Q19890746,cybermilitant,consultant,f.a.-s.a.-f.o.-',0.28,True
Q5637247,hacker,ouvrier,m.a.-l.a.-f.o.-',0.17,True
Q2309784,cycliste,journaliste,n.a.-b.a.-f.o.-',0.46,False
Q27978698,lutteur,acteur,s.a.-b.a.-f.o.-',0.43,False
Q2066131,athlète,hôte,f.a.-k.a.-f.o.-',0.23,True
Q15978181,personne handicapée,syndiqué,k.a.-l.a.-f.o.-',0.15,True
Q33231,photographe,cartographe,l.a.-t.a.-f.o.-',0.75,False
Q708492,conseiller municipal,consultant,f.a.-s.a.-f.o.-',0.28,True
Q10536056,pehtori,mentor,s.a.-d.a.-f.o.-',0.26,True
Q5322166,designer,agent de,d.a.-l.a.-f.o.-',0.18,True
Q42603,prêtre,ancêtre,t.a.-m.a.-f.o.-',0.52,False
Q17573263,pécheur ou pécheresse,mere,f.a.-m.a.-f.o.-',0.18,True
Q17001582,Decriminalizing sex work,journaliste,n.a.-b.a.-f.o.-',0.22,True
Q21020787,femmes dans la guerre,guerrier,l.a.-l.a.-f.o.-',0.6,False
Q38142,samouraï,secouriste,f.a.-l.a.-f.o.-',0.18,True
Q11397897,épéiste,activiste,b.a.-k.a.-f.o.-',0.37,True
Q10800557,acteur ou actrice de cinéma,acteur,s.a.-b.a.-f.o.-',0.8,False
Q63930359,agent de maintenance,agent de,d.a.-l.a.-f.o.-',0.82,False
Q1760141,technicien de surface,technicien,f.a.-d.a.-f.o.-',0.93,False
Q43229,organisation,relation publique,l.a.-b.a.-f.o.-',0.46,False
Q11348,fonction,fonctionnaire,t.a.-k.a.-f.o.-',0.67,False
Q28640,profession,procureur,b.a.-n.a.-f.o.-',0.24,True
Q7501153,commerçant,comptable,b.a.-t.a.-f.o.-',0.25,True
Q1028181,peintre,ancêtre,t.a.-m.a.-f.o.-',0.27,True
Q3055126,entomologiste,écologiste,l.a.-f.a.-f.o.-',0.69,False
Q14467526,linguiste,activiste,b.a.-k.a.-f.o.-',0.37,True
Q98544732,collectionneur scientifique,fonctionnaire,t.a.-k.a.-f.o.-',0.29,True
Q350979,zoologiste,écologiste,l.a.-f.a.-f.o.-',0.79,False
Q169470,physicien ou physicienne,musicien,f.a.-b.a.-f.o.-',0.62,False
Q102323692,applied scientist,client,n.a.-d.a.-f.o.-',0.34,True
Q384593,policier ou policière,policier,n.a.-l.a.-f.o.-',0.93,False
Q170790,mathématicien ou mathématicienne,informaticien,s.a.-t.a.-f.o.-',0.62,False
Q455595,amateur,réformateur,n.a.-k.a.-f.o.-',0.4,False
Q226008,idole japonaise,bénévole,m.a.-n.a.-f.o.-',0.32,True
Q6337803,neurobiologiste,écologiste,l.a.-f.a.-f.o.-',0.74,False
Q18245236,radiologue,psychologue,s.a.-f.a.-f.o.-',0.59,False
Q99521021,mayor of a place in Florida,aidant,m.a.-f.a.-f.o.-',0.12,True
Q212238,fonctionnaire,fonctionnaire,t.a.-k.a.-f.o.-',1.0,False
Q83307,ministre,ancêtre,t.a.-m.a.-f.o.-',0.33,True
Q3455803,réalisateur ou réalisatrice,journaliste,n.a.-b.a.-f.o.-',0.26,True
Q1919436,pédiatre,médiateur,m.a.-s.a.-f.o.-',0.49,False
Q3126128,généticien ou généticienne,politicien,s.a.-k.a.-f.o.-',0.53,False
Q2737906,vidéaste,activiste,b.a.-k.a.-f.o.-',0.29,True
Q852857,travailleur ou travailleuse du sexe,travailleur social,f.a.-n.a.-f.o.-',0.8,False
Q109459317,créateur ou créatrice de contenu,agent de,d.a.-l.a.-f.o.-',0.19,True
Q488111,acteur ou actrice pornographique,acteur,s.a.-b.a.-f.o.-',0.62,False
Q774306,chirurgien ou chirurgienne,musicien,f.a.-b.a.-f.o.-',0.19,True
Q3332438,médecin spécialiste,médecin,n.a.-f.a.-f.o.-',0.75,False
Q26203274,traumatologue,psychologue,s.a.-f.a.-f.o.-',0.55,False
Q56678872,trauma surgeon,traducteur,t.a.-s.a.-f.o.-',0.24,True
Q108140949,electronic engineer,lecteur,b.a.-s.a.-f.o.-',0.36,True
Q11998775,rider,guide spirituel,n.a.-n.a.-f.o.-',0.14,True
Q8011071,dresseur,investisseur,t.a.-d.a.-f.o.-',0.46,False
Q466640,entraîneur de chevaux,entrepreneur,l.a.-d.a.-f.o.-',0.42,False
Q41583,entraîneur sportif,entrepreneur,l.a.-d.a.-f.o.-',0.4,False
Q2500638,créateur ou créatrice,médiateur,m.a.-s.a.-f.o.-',0.25,True
Q138858,personne du monde du divertissement,investisseur,t.a.-d.a.-f.o.-',0.29,True
Q326653,comptable,comptable,b.a.-t.a.-f.o.-',1.0,False
Q2994359,conseiller conjugal et familial,familier,m.a.-m.a.-f.o.-',0.46,False
Q482980,auteur ou autrice,auteur,b.a.-b.a.-f.o.-',0.92,False
Q11016,technologie,technicien,f.a.-d.a.-f.o.-',0.49,False
Q33109310,catalogueur,psychologue,s.a.-f.a.-f.o.-',0.31,True
Q109607335,serials librarian,étudiant,d.a.-s.a.-f.o.-',0.14,True
Q8359428,militant social,travailleur social,f.a.-n.a.-f.o.-',0.44,False
Q3406858,professionnel du cinéma,procureur,b.a.-n.a.-f.o.-',0.19,True
Q82955,personnalité politique,politicien,s.a.-k.a.-f.o.-',0.51,False
Q974144,éducateur ou éducatrice,éditeur,t.a.-b.a.-f.o.-',0.24,True
Q3779582,microbiologiste,écologiste,l.a.-f.a.-f.o.-',0.79,False
Q15839134,écologue,écologiste,l.a.-f.a.-f.o.-',0.53,False
Q169470,physicien ou physicienne,musicien,f.a.-b.a.-f.o.-',0.62,False
Q81096,ingénieur ou ingénieure,inventeur,d.a.-d.a.-f.o.-',0.19,True
Q2532681,négus,acteurs sociaux,M:M:.a.-M:M:.a.-f.o.-',0.0,True
Q23835475,assistant,consultant,f.a.-s.a.-f.o.-',0.32,True
Q3014296,pilote de moto,agent de,d.a.-l.a.-f.o.-',0.37,True
Q179643,plongée sous-marine,diplomate,k.a.-s.a.-f.o.-',0.16,True
Q27658988,participant à une émission de téléréalité,partenaire,m.a.-d.a.-f.o.-',0.27,True
Q5165152,compétiteur,éditeur,t.a.-b.a.-f.o.-',0.38,True
Q15296531,position d'autorité,relation publique,l.a.-b.a.-f.o.-',0.27,True
Q372436,homme d'État,avocat,n.a.-t.a.-f.o.-',0.15,True
Q1251441,responsable,comptable,b.a.-t.a.-f.o.-',0.4,False
Q82955,personnalité politique,politicien,s.a.-k.a.-f.o.-',0.51,False
Q16258947,fonctionnaire,fonctionnaire,t.a.-k.a.-f.o.-',1.0,False
Q2588761,travailleur qualifié ou travailleuse qualifiée,travailleur social,f.a.-n.a.-f.o.-',0.78,False
Q43767805,sport combiné,transporteur,b.a.-l.a.-f.o.-',0.37,True
Q2755547,sport individuel,transporteur,b.a.-l.a.-f.o.-',0.33,True
Q212434,sport olympique,transporteur,b.a.-l.a.-f.o.-',0.32,True
Q876864,conseiller ou conseillère de rédaction,consultant,f.a.-s.a.-f.o.-',0.3,True
Q336221,bijoutier,ouvrier,m.a.-l.a.-f.o.-',0.24,True
Q59922524,court artist,secouriste,f.a.-l.a.-f.o.-',0.26,True
Q4164871,fonction,fonctionnaire,t.a.-k.a.-f.o.-',0.67,False
Q17175157,bourgmestre,ancêtre,t.a.-m.a.-f.o.-',0.28,True
Q36649,arts visuels,archiviste,t.a.-l.a.-f.o.-',0.2,True
Q45199,marin,manager,l.a.-s.a.-f.o.-',0.18,True
Q12031226,fondeur ou fondeuse,fondateur,t.a.-t.a.-f.o.-',0.46,False
Q24229398,agent,agent de,d.a.-l.a.-f.o.-',0.89,False
Q15319501,chercheur ou chercheuse en sciences sociales,travailleur social,f.a.-n.a.-f.o.-',0.4,False
Q16611574,réformateur social,réformateur,n.a.-k.a.-f.o.-',0.79,False
Q108290757,manœuvres de l’agriculture et de l’élevage,agent de,d.a.-l.a.-f.o.-',0.37,True
Q13418253,philologue,psychologue,s.a.-f.a.-f.o.-',0.46,False
Q5352191,technicien ou technicienne,technicien,f.a.-d.a.-f.o.-',0.99,False
Q1731155,orientaliste,journaliste,n.a.-b.a.-f.o.-',0.52,False
Q12049274,détaillant,secrétaire,k.a.-t.a.-f.o.-',0.2,True
Q1840507,sculpteur sur bois ou autre matériau  naturel,auteur,b.a.-b.a.-f.o.-',0.35,True
Q336221,bijoutier,ouvrier,m.a.-l.a.-f.o.-',0.24,True
Q12713481,ouvrier,ouvrier,m.a.-l.a.-f.o.-',1.0,False
Q1792450,historien ou historienne de l'art,agent de,d.a.-l.a.-f.o.-',0.18,True
Q213441,magasin,voisin,m.a.-k.a.-f.o.-',0.37,True
Q1622272,professeur ou professeure d'université,investisseur,t.a.-d.a.-f.o.-',0.36,True
Q557880,investisseur,investisseur,t.a.-d.a.-f.o.-',1.0,False
Q1371796,armurier,ouvrier,m.a.-l.a.-f.o.-',0.38,True
Q39631,médecin,médecin,n.a.-f.a.-f.o.-',1.0,False
Q84048852,être humain féminin,ancêtre,t.a.-m.a.-f.o.-',0.44,False
Q82955,personnalité politique,politicien,s.a.-k.a.-f.o.-',0.51,False
Q15978655,consultant ou consultante,consultant,f.a.-s.a.-f.o.-',0.98,False
Q66811410,profession médicale,médiateur,m.a.-s.a.-f.o.-',0.38,True
Q1914636,activité,activiste,b.a.-k.a.-f.o.-',0.74,False
Q901,scientifique,relation publique,l.a.-b.a.-f.o.-',0.3,True
Q901,scientifique,relation publique,l.a.-b.a.-f.o.-',0.3,True
Q4991371,soldat,avocat,n.a.-t.a.-f.o.-',0.16,True
Q1283504,engagement social,travailleur social,f.a.-n.a.-f.o.-',0.49,False
Q4773904,anthropologue,psychologue,s.a.-f.a.-f.o.-',0.56,False
Q1238570,politologue,psychologue,s.a.-f.a.-f.o.-',0.46,False
Q12737077,activité,activiste,b.a.-k.a.-f.o.-',0.74,False
Q1326886,ingénieur électricien,musicien,f.a.-b.a.-f.o.-',0.35,True
Q831474,prêtre chrétien,ancêtre,t.a.-m.a.-f.o.-',0.43,False
Q133500,apprentissage,entrepreneur,l.a.-d.a.-f.o.-',0.24,True
Q102038373,mathématicien appliqué ou mathématicienne appliquée,informaticien,s.a.-t.a.-f.o.-',0.53,False
Q212980,psychologue,psychologue,s.a.-f.a.-f.o.-',1.0,False
Q106399618,nationaliste,journaliste,n.a.-b.a.-f.o.-',0.57,False
Q107237082,white supremacist,pharmacien,t.a.-f.a.-f.o.-',0.25,True
Q82955,personnalité politique,politicien,s.a.-k.a.-f.o.-',0.51,False
Q28050438,broadcasting executive,activiste,b.a.-k.a.-f.o.-',0.14,True
Q483501,artiste,archiviste,t.a.-l.a.-f.o.-',0.36,True
Q3908516,entrepreneuriat,entrepreneur,l.a.-d.a.-f.o.-',0.93,False
Q1251687,chef de mission diplomatique,diplomate,k.a.-s.a.-f.o.-',0.66,False
Q15217354,plénipotentiaire,partenaire,m.a.-d.a.-f.o.-',0.41,False
Q1294787,artisan,archiviste,t.a.-l.a.-f.o.-',0.12,True
Q3317836,modeleur,travailleur social,f.a.-n.a.-f.o.-',0.3,True
Q104828277,professeur de biologie,investisseur,t.a.-d.a.-f.o.-',0.28,True
Q2045208,célébrité d'internet,inventeur,d.a.-d.a.-f.o.-',0.17,True
Q4110598,vlogueur ou vlogueuse,psychologue,s.a.-f.a.-f.o.-',0.38,True
Q15980804,professionnel des médias,médiateur,m.a.-s.a.-f.o.-',0.5,False
Q138858,personne du monde du divertissement,investisseur,t.a.-d.a.-f.o.-',0.29,True
Q7923730,veterinary specialist,spectateur,k.a.-b.a.-f.o.-',0.3,True
Q106823762,veterinary scientist,client,n.a.-d.a.-f.o.-',0.24,True
Q13416803,épidémiologiste,écologiste,l.a.-f.a.-f.o.-',0.76,False
Q37110,pharaon,pharmacien,t.a.-f.a.-f.o.-',0.46,False
Q110550696,Pharao im Mittleren Reich,pharmacien,t.a.-f.a.-f.o.-',0.43,False
Q1097498,dirigeant,enfant,d.a.-m.a.-f.o.-',0.22,True
Q37110,pharaon,pharmacien,t.a.-f.a.-f.o.-',0.46,False
Q1097498,dirigeant,enfant,d.a.-m.a.-f.o.-',0.22,True
Q83307,ministre,ancêtre,t.a.-m.a.-f.o.-',0.33,True
Q17167049,spécialiste de la littérature,journaliste,n.a.-b.a.-f.o.-',0.43,False
Q215536,commerçant,comptable,b.a.-t.a.-f.o.-',0.25,True
Q255274,col blanc,ancêtre,t.a.-m.a.-f.o.-',0.14,True
Q34463094,chimiste organicien,technicien,f.a.-d.a.-f.o.-',0.47,False
Q593644,chimiste,archiviste,t.a.-l.a.-f.o.-',0.43,False
Q901,scientifique,relation publique,l.a.-b.a.-f.o.-',0.3,True
Q15253558,militant ou militante,consultant,f.a.-s.a.-f.o.-',0.24,True
Q1906857,ingénieur mécanicien,technicien,f.a.-d.a.-f.o.-',0.53,False
Q1779650,ingénieur design,agent de,d.a.-l.a.-f.o.-',0.16,True
Q15936497,africaniste,activiste,b.a.-k.a.-f.o.-',0.42,False
Q2159907,criminel ou criminelle,ouvrier,m.a.-l.a.-f.o.-',0.13,True
Q201788,historien ou historienne,ouvrier,m.a.-l.a.-f.o.-',0.18,True
Q1622272,professeur ou professeure d'université,investisseur,t.a.-d.a.-f.o.-',0.36,True
Q108330379,business psychologist,psychologue,s.a.-f.a.-f.o.-',0.68,False
Q2798820,pirate en sécurité informatique,informaticien,s.a.-t.a.-f.o.-',0.61,False
Q7016454,artiste des nouveaux médias,médiateur,m.a.-s.a.-f.o.-',0.44,False
Q82594,informaticien ou informaticienne,informaticien,s.a.-t.a.-f.o.-',0.99,False
Q170790,mathématicien ou mathématicienne,informaticien,s.a.-t.a.-f.o.-',0.62,False
Q81096,ingénieur ou ingénieure,inventeur,d.a.-d.a.-f.o.-',0.19,True
Q15839134,écologue,écologiste,l.a.-f.a.-f.o.-',0.53,False
Q14467526,linguiste,activiste,b.a.-k.a.-f.o.-',0.37,True
Q13582652,ingénieur civil,inventeur,d.a.-d.a.-f.o.-',0.16,True
Q1930187,journaliste,journaliste,n.a.-b.a.-f.o.-',1.0,False
Q33231,photographe,cartographe,l.a.-t.a.-f.o.-',0.75,False
Q1790480,traducteur-interprète,traducteur,t.a.-s.a.-f.o.-',0.94,False
Q2310145,météorologue,psychologue,s.a.-f.a.-f.o.-',0.6,False
Q99439671,natural history museum curator,mentor,s.a.-d.a.-f.o.-',0.29,True
Q2374149,botaniste,activiste,b.a.-k.a.-f.o.-',0.33,True
Q326653,comptable,comptable,b.a.-t.a.-f.o.-',1.0,False
Q37226,enseignant ou enseignante,enseignant,d.a.-f.a.-f.o.-',0.98,False
Q55645123,prestataire de soins,notaire,m.a.-t.a.-f.o.-',0.36,True
Q715222,dame de compagnie,comptable,b.a.-t.a.-f.o.-',0.41,False
Q595038,impératrice du Japon,relation publique,l.a.-b.a.-f.o.-',0.16,True
Q974144,éducateur ou éducatrice,éditeur,t.a.-b.a.-f.o.-',0.24,True
Q3188089,juge en chef,juré,k.a.-n.a.-f.o.-',0.22,True
Q1476215,défenseur des droits de l'Homme,défendeur,l.a.-n.a.-f.o.-',0.47,False
Q901,scientifique,relation publique,l.a.-b.a.-f.o.-',0.3,True
Q2045208,célébrité d'internet,inventeur,d.a.-d.a.-f.o.-',0.17,True
Q15980804,professionnel des médias,médiateur,m.a.-s.a.-f.o.-',0.5,False
Q111651501,posteur ou posteuse,acteur,s.a.-b.a.-f.o.-',0.21,True
Q110996210,professeur d'ingénierie,investisseur,t.a.-d.a.-f.o.-',0.36,True
Q37226,enseignant ou enseignante,enseignant,d.a.-f.a.-f.o.-',0.98,False
Q2159907,criminel ou criminelle,ouvrier,m.a.-l.a.-f.o.-',0.13,True
Q110996210,professeur d'ingénierie,investisseur,t.a.-d.a.-f.o.-',0.36,True
Q2374149,botaniste,activiste,b.a.-k.a.-f.o.-',0.33,True
Q41799705,morphologist,écologiste,l.a.-f.a.-f.o.-',0.6,False
Q2066131,athlète,hôte,f.a.-k.a.-f.o.-',0.23,True
Q485178,analyste,journaliste,n.a.-b.a.-f.o.-',0.24,True
Q212980,psychologue,psychologue,s.a.-f.a.-f.o.-',1.0,False
Q185351,juriste,secouriste,f.a.-l.a.-f.o.-',0.55,False
Q40348,avocat ou avocate,avocat,n.a.-t.a.-f.o.-',0.95,False
Q715301,auteur ou autrice de bande dessinée,auteur,b.a.-b.a.-f.o.-',0.72,False
Q177220,chanteur ou chanteuse,inventeur,d.a.-d.a.-f.o.-',0.43,False
Q1840507,sculpteur sur bois ou autre matériau  naturel,auteur,b.a.-b.a.-f.o.-',0.35,True
Q17305500,stone carver,cartographe,l.a.-t.a.-f.o.-',0.3,True
Q1731155,orientaliste,journaliste,n.a.-b.a.-f.o.-',0.52,False
Q2303143,reclus,relation publique,l.a.-b.a.-f.o.-',0.16,True
Q2893972,beguine,guide spirituel,n.a.-n.a.-f.o.-',0.17,True
Q49757,poète ou poétesse,policier,n.a.-l.a.-f.o.-',0.16,True
Q2066131,athlète,hôte,f.a.-k.a.-f.o.-',0.23,True
Q1414937,combattant,consultant,f.a.-s.a.-f.o.-',0.39,True
Q1906857,ingénieur mécanicien,technicien,f.a.-d.a.-f.o.-',0.53,False
Q2500638,créateur ou créatrice,médiateur,m.a.-s.a.-f.o.-',0.25,True
Q109459317,créateur ou créatrice de contenu,agent de,d.a.-l.a.-f.o.-',0.19,True
Q144662,agent de joueurs,agent de,d.a.-l.a.-f.o.-',0.68,False
Q201676,rite funéraire,notaire,m.a.-t.a.-f.o.-',0.37,True
Q11774202,essayiste,activiste,b.a.-k.a.-f.o.-',0.42,False
Q109459317,créateur ou créatrice de contenu,agent de,d.a.-l.a.-f.o.-',0.19,True
Q1144278,évêque diocésain,relation publique,l.a.-b.a.-f.o.-',0.21,True
Q17276189,atmospheric scientist,client,n.a.-d.a.-f.o.-',0.25,True
Q12094958,géophysicien ou géophysicienne,musicien,f.a.-b.a.-f.o.-',0.61,False
Q212980,psychologue,psychologue,s.a.-f.a.-f.o.-',1.0,False
Q5133860,clinicien ou clinicienne,technicien,f.a.-d.a.-f.o.-',0.47,False
Q123570858,food and nutritional scientist,fonctionnaire,t.a.-k.a.-f.o.-',0.16,True
Q26481809,dirigeant sportif,transporteur,b.a.-l.a.-f.o.-',0.36,True
Q26481809,dirigeant sportif,transporteur,b.a.-l.a.-f.o.-',0.36,True
Q2159907,criminel ou criminelle,ouvrier,m.a.-l.a.-f.o.-',0.13,True
Q5716684,danseur ou danseuse,précurseur,s.a.-n.a.-f.o.-',0.19,True
Q15296811,dessinateur ou dessinatrice,médiateur,m.a.-s.a.-f.o.-',0.2,True
Q1925963,artiste graphique,cartographe,l.a.-t.a.-f.o.-',0.29,True
Q1397808,résistant ou résistante,consultant,f.a.-s.a.-f.o.-',0.31,True
Q1125062,rebelle,bénévole,m.a.-n.a.-f.o.-',0.11,True
Q7254446,pseudo-scholarship,psychologue,s.a.-f.a.-f.o.-',0.34,True
Q16335296,profession historique,relation publique,l.a.-b.a.-f.o.-',0.38,True
Q16532929,administrateur,médiateur,m.a.-s.a.-f.o.-',0.31,True
Q978044,cadre dirigeant ou cadre dirigeante,enfant,d.a.-m.a.-f.o.-',0.13,True
Q593644,chimiste,archiviste,t.a.-l.a.-f.o.-',0.43,False
Q29169143,scientifique de données,agent de,d.a.-l.a.-f.o.-',0.26,True
Q26903663,arts administrator,mentor,s.a.-d.a.-f.o.-',0.3,True
Q3089940,producteur de musique,producteur,d.a.-b.a.-f.o.-',0.76,False
Q12737077,activité,activiste,b.a.-k.a.-f.o.-',0.74,False
Q2961975,chef ou cheffe d'entreprise,entrepreneur,l.a.-d.a.-f.o.-',0.57,False
Q107145544,sexuality and gender-related activist,activiste,b.a.-k.a.-f.o.-',0.65,False
Q1136723,usurpateur,médiateur,m.a.-s.a.-f.o.-',0.36,True
Q25713832,dirigeant ou dirigeante,enfant,d.a.-m.a.-f.o.-',0.15,True
Q41583,entraîneur sportif,entrepreneur,l.a.-d.a.-f.o.-',0.4,False
Q105186,pharmacien,pharmacien,t.a.-f.a.-f.o.-',1.0,False
Q593644,chimiste,archiviste,t.a.-l.a.-f.o.-',0.43,False
Q901402,géographe,cartographe,l.a.-t.a.-f.o.-',0.7,False
Q593644,chimiste,archiviste,t.a.-l.a.-f.o.-',0.43,False
Q1743122,historien ou historienne de l'Église,agent de,d.a.-l.a.-f.o.-',0.18,True
Q48072011,théoricien ou théoricienne du management,manager,l.a.-s.a.-f.o.-',0.5,False
Q3400985,universitaire,publicitaire,b.a.-d.a.-f.o.-',0.56,False
Q140686,président ou présidente,précurseur,s.a.-n.a.-f.o.-',0.24,True
Q774306,chirurgien ou chirurgienne,musicien,f.a.-b.a.-f.o.-',0.19,True
Q12376667,technologue,psychologue,s.a.-f.a.-f.o.-',0.46,False
Q105186,pharmacien,pharmacien,t.a.-f.a.-f.o.-',1.0,False
Q475604,pilote,philosophe,s.a.-s.a.-f.o.-',0.16,True
Q1162163,directeur ou directrice,lecteur,b.a.-s.a.-f.o.-',0.47,False
Q380782,commandant en chef,aidant,m.a.-f.a.-f.o.-',0.38,True
Q483501,artiste,archiviste,t.a.-l.a.-f.o.-',0.36,True
Q118464513,acteur d'opéra chinois,acteur,s.a.-b.a.-f.o.-',0.89,False
Q10862983,aquafortiste,activiste,b.a.-k.a.-f.o.-',0.31,True
Q118464513,acteur d'opéra chinois,acteur,s.a.-b.a.-f.o.-',0.89,False
Q2259451,acteur ou actrice de théâtre,acteur,s.a.-b.a.-f.o.-',0.79,False
Q20965770,pratiquant de sports d'hiver,transporteur,b.a.-l.a.-f.o.-',0.3,True
Q1193763,mannequin promotionnel,fonctionnaire,t.a.-k.a.-f.o.-',0.27,True
Q30185,maire,notaire,m.a.-t.a.-f.o.-',0.43,False
Q112085554,amtsrådsmedlem i Danmark,aidant,m.a.-f.a.-f.o.-',0.19,True
Q201788,historien ou historienne,ouvrier,m.a.-l.a.-f.o.-',0.18,True
Q63993638,théoricien ou théoricienne des systèmes,musicien,f.a.-b.a.-f.o.-',0.48,False
Q41583,entraîneur sportif,entrepreneur,l.a.-d.a.-f.o.-',0.4,False
Q39631,médecin,médecin,n.a.-f.a.-f.o.-',1.0,False
Q1113838,climatologue,psychologue,s.a.-f.a.-f.o.-',0.54,False
Q4459623,toxicologue,psychologue,s.a.-f.a.-f.o.-',0.55,False
Q2310145,météorologue,psychologue,s.a.-f.a.-f.o.-',0.6,False
Q4108101,compositeur,éditeur,t.a.-b.a.-f.o.-',0.38,True
Q15976341,slaviste,activiste,b.a.-k.a.-f.o.-',0.51,False
Q1800680,amateur actor,acteur,s.a.-b.a.-f.o.-',0.35,True
Q11795712,Ochotnik (osoba),philosophe,s.a.-s.a.-f.o.-',0.14,True
Q5770349,chirurgien plasticien,politicien,s.a.-k.a.-f.o.-',0.52,False
Q15978181,personne handicapée,syndiqué,k.a.-l.a.-f.o.-',0.15,True
Q2548714,programmateur ou programmatrice,producteur,d.a.-b.a.-f.o.-',0.26,True
Q2548714,programmateur ou programmatrice,producteur,d.a.-b.a.-f.o.-',0.26,True
Q774306,chirurgien ou chirurgienne,musicien,f.a.-b.a.-f.o.-',0.19,True
Q27349,dentiste,activiste,b.a.-k.a.-f.o.-',0.32,True
Q16004492,ésotériste,secouriste,f.a.-l.a.-f.o.-',0.52,False
Q2066131,athlète,hôte,f.a.-k.a.-f.o.-',0.23,True
Q15976341,slaviste,activiste,b.a.-k.a.-f.o.-',0.51,False
Q15976341,slaviste,activiste,b.a.-k.a.-f.o.-',0.51,False
Q42909,reporter,transporteur,b.a.-l.a.-f.o.-',0.39,True
Q1642960,polémiste,activiste,b.a.-k.a.-f.o.-',0.32,True
Q39631,médecin,médecin,n.a.-f.a.-f.o.-',1.0,False
Q3077353,formateur,réformateur,n.a.-k.a.-f.o.-',0.75,False
Q54128,domestique,relation publique,l.a.-b.a.-f.o.-',0.31,True
Q29881694,thérapeute alternatif,adulte,n.a.-s.a.-f.o.-',0.16,True
Q15976341,slaviste,activiste,b.a.-k.a.-f.o.-',0.51,False
Q1714828,chasseur ou chasseresse,investisseur,t.a.-d.a.-f.o.-',0.34,True
Q17126809,sauveteur,acteur,s.a.-b.a.-f.o.-',0.43,False
Q1779650,ingénieur design,agent de,d.a.-l.a.-f.o.-',0.16,True
Q12713481,ouvrier,ouvrier,m.a.-l.a.-f.o.-',1.0,False
Q542,athlétisme,investisseur,t.a.-d.a.-f.o.-',0.19,True
Q2306091,sociologue,psychologue,s.a.-f.a.-f.o.-',0.52,False
Q2419397,thérapeute,auteur,b.a.-b.a.-f.o.-',0.2,True
Q54128,domestique,relation publique,l.a.-b.a.-f.o.-',0.31,True
Q37226,enseignant ou enseignante,enseignant,d.a.-f.a.-f.o.-',0.98,False
Q47740,musulman ou musulmane,musicien,f.a.-b.a.-f.o.-',0.32,True
Q113996594,religious fundamentalist,journaliste,n.a.-b.a.-f.o.-',0.31,True
Q37226,enseignant ou enseignante,enseignant,d.a.-f.a.-f.o.-',0.98,False
Q21329070,scientifique des matériaux,acteurs sociaux,M:M:.a.-M:M:.a.-f.o.-',0.26,True
Q6625963,romancier ou romancière,policier,n.a.-l.a.-f.o.-',0.21,True
Q16000367,éleveur de chevaux,cultivateur / éleveur,f.a.-f.a.-f.o.-',0.55,False
Q12335817,travailleur forestier,travailleur social,f.a.-n.a.-f.o.-',0.74,False
Q254508,hors-la-loi,acteurs sociaux,M:M:.a.-M:M:.a.-f.o.-',0.0,True
Q10659189,cambrioleur,travailleur social,f.a.-n.a.-f.o.-',0.24,True
Q82604,design,agent de,d.a.-l.a.-f.o.-',0.2,True
Q11499147,militant ou militante politique,politicien,s.a.-k.a.-f.o.-',0.38,True
Q1650915,chercheur ou chercheuse,archiviste,t.a.-l.a.-f.o.-',0.17,True
Q201788,historien ou historienne,ouvrier,m.a.-l.a.-f.o.-',0.18,True
Q10591707,escroc,procureur,b.a.-n.a.-f.o.-',0.23,True
Q6051619,publiciste,publicitaire,b.a.-d.a.-f.o.-',0.61,False
Q29352392,maître spirituel,guide spirituel,n.a.-n.a.-f.o.-',0.77,False
Q19350898,physicien théoricien ou physicienne théoricienne,musicien,f.a.-b.a.-f.o.-',0.63,False
Q170790,mathématicien ou mathématicienne,informaticien,s.a.-t.a.-f.o.-',0.62,False
Q6005272,massothérapeute,auteur,b.a.-b.a.-f.o.-',0.15,True
Q381160,expert,acteurs sociaux,M:M:.a.-M:M:.a.-f.o.-',0.0,True
Q572700,bureaucrate,diplomate,k.a.-s.a.-f.o.-',0.24,True
Q177220,chanteur ou chanteuse,inventeur,d.a.-d.a.-f.o.-',0.43,False
Q485178,analyste,journaliste,n.a.-b.a.-f.o.-',0.24,True
Q702269,professionnel ou professionnelle,procureur,b.a.-n.a.-f.o.-',0.22,True
Q2066131,athlète,hôte,f.a.-k.a.-f.o.-',0.23,True
Q2085381,maison d'édition,relation publique,l.a.-b.a.-f.o.-',0.28,True
Q36834,compositeur ou compositrice,comptable,b.a.-t.a.-f.o.-',0.45,False
Q355493,musicien d'église,musicien,f.a.-b.a.-f.o.-',0.97,False
Q1028181,peintre,ancêtre,t.a.-m.a.-f.o.-',0.27,True
Q202648,arbitre sportif ou arbitre sportive,transporteur,b.a.-l.a.-f.o.-',0.35,True
Q140686,président ou présidente,précurseur,s.a.-n.a.-f.o.-',0.24,True
Q4164871,fonction,fonctionnaire,t.a.-k.a.-f.o.-',0.67,False
Q483501,artiste,archiviste,t.a.-l.a.-f.o.-',0.36,True
Q93923328,Chinese medicine practitioner,fonctionnaire,t.a.-k.a.-f.o.-',0.18,True
Q115460164,Internet user,inventeur,d.a.-d.a.-f.o.-',0.26,True
Q1344569,blagueur,joueur,m.a.-b.a.-f.o.-',0.49,False
Q483501,artiste,archiviste,t.a.-l.a.-f.o.-',0.36,True
Q3455803,réalisateur ou réalisatrice,journaliste,n.a.-b.a.-f.o.-',0.26,True
Q17291399,membre d'équipe de cinéma,agent de,d.a.-l.a.-f.o.-',0.29,True
Q110040366,spécialiste d'une littérature donnée,journaliste,n.a.-b.a.-f.o.-',0.45,False
Q96185705,scholar of British studies,étudiant,d.a.-s.a.-f.o.-',0.22,True
Q16308156,angliciste,activiste,b.a.-k.a.-f.o.-',0.3,True
Q5322166,designer,agent de,d.a.-l.a.-f.o.-',0.18,True
Q17488316,préhistorien,précurseur,s.a.-n.a.-f.o.-',0.22,True
Q58825429,sportif olympique,transporteur,b.a.-l.a.-f.o.-',0.32,True
Q3014296,pilote de moto,agent de,d.a.-l.a.-f.o.-',0.37,True
Q3621491,archéologue,psychologue,s.a.-f.a.-f.o.-',0.5,False
Q11287574,designer industriel,ouvrier,m.a.-l.a.-f.o.-',0.15,True
Q11338576,boxeur,acteur,s.a.-b.a.-f.o.-',0.28,True
Q3745071,écrivain ou écrivaine scientifique,relation publique,l.a.-b.a.-f.o.-',0.19,True
Q15143191,vulgarisateur ou vulgarisatrice scientifique,relation publique,l.a.-b.a.-f.o.-',0.22,True
Q3332438,médecin spécialiste,médecin,n.a.-f.a.-f.o.-',0.75,False
Q26481809,dirigeant sportif,transporteur,b.a.-l.a.-f.o.-',0.36,True
Q1162163,directeur ou directrice,lecteur,b.a.-s.a.-f.o.-',0.47,False
Q77590,génie civil,citoyen,k.a.-k.a.-f.o.-',0.18,True
Q2066131,athlète,hôte,f.a.-k.a.-f.o.-',0.23,True
Q18536342,joueur professionnel ou joueuse professionnelle,joueur,m.a.-b.a.-f.o.-',0.75,False
Q639669,musicien ou musicienne,musicien,f.a.-b.a.-f.o.-',0.98,False
Q5322166,designer,agent de,d.a.-l.a.-f.o.-',0.18,True
Q1278335,instrumentiste,activiste,b.a.-k.a.-f.o.-',0.25,True
Q242468,tailleur ou tailleuse,travailleur social,f.a.-n.a.-f.o.-',0.52,False
Q105186,pharmacien,pharmacien,t.a.-f.a.-f.o.-',1.0,False
Q2911636,chef religieux islamique,relation publique,l.a.-b.a.-f.o.-',0.38,True
Q108140949,electronic engineer,lecteur,b.a.-s.a.-f.o.-',0.36,True
Q71133019,opticien,politicien,s.a.-k.a.-f.o.-',0.59,False
Q50995749,personnalité liée au sport,transporteur,b.a.-l.a.-f.o.-',0.29,True
Q15980158,auteur ou autrice de non-fiction,auteur,b.a.-b.a.-f.o.-',0.72,False
Q1930187,journaliste,journaliste,n.a.-b.a.-f.o.-',1.0,False
Q9332,comportement,comptable,b.a.-t.a.-f.o.-',0.3,True
Q1156791,réplication,relation publique,l.a.-b.a.-f.o.-',0.4,False
Q121757905,deceptive communication technique,technicien,f.a.-d.a.-f.o.-',0.47,False
Q4830453,firme,infirmier / soignant,b.a.-f.a.-f.o.-',0.27,True
Q110040366,spécialiste d'une littérature donnée,journaliste,n.a.-b.a.-f.o.-',0.45,False
Q2599593,germaniste,activiste,b.a.-k.a.-f.o.-',0.32,True
Q2752318,cosmétologue,psychologue,s.a.-f.a.-f.o.-',0.6,False
Q2705098,tarento,mentor,s.a.-d.a.-f.o.-',0.36,True
Q226008,idole japonaise,bénévole,m.a.-n.a.-f.o.-',0.32,True
Q28640,profession,procureur,b.a.-n.a.-f.o.-',0.24,True
Q3330547,chroniqueur,joueur,m.a.-b.a.-f.o.-',0.41,False
Q201788,historien ou historienne,ouvrier,m.a.-l.a.-f.o.-',0.18,True
Q11615883,geinin,voisin,m.a.-k.a.-f.o.-',0.22,True
Q1162163,directeur ou directrice,lecteur,b.a.-s.a.-f.o.-',0.47,False
Q2504617,romaniste,activiste,b.a.-k.a.-f.o.-',0.34,True
Q1371925,speaker,spectateur,k.a.-b.a.-f.o.-',0.34,True
Q10871364,joueur de baseball,joueur,m.a.-b.a.-f.o.-',0.85,False
Q108289644,"hairdressers, beauticians and related workers",relation publique,l.a.-b.a.-f.o.-',0.32,True
Q483501,artiste,archiviste,t.a.-l.a.-f.o.-',0.36,True
Q2066131,athlète,hôte,f.a.-k.a.-f.o.-',0.23,True
Q11124885,pratiquant d'arts martiaux,acteurs sociaux,M:M:.a.-M:M:.a.-f.o.-',0.29,True
Q1251687,chef de mission diplomatique,diplomate,k.a.-s.a.-f.o.-',0.66,False
Q15217354,plénipotentiaire,partenaire,m.a.-d.a.-f.o.-',0.41,False
Q2705098,tarento,mentor,s.a.-d.a.-f.o.-',0.36,True
Q212238,fonctionnaire,fonctionnaire,t.a.-k.a.-f.o.-',1.0,False
Q108290370,legal professionals not elsewhere classified,notaire,m.a.-t.a.-f.o.-',0.25,True
Q226008,idole japonaise,bénévole,m.a.-n.a.-f.o.-',0.32,True
Q107711,pompier ou pompière,père,n.a.-m.a.-f.o.-',0.23,True
Q18844224,écrivain ou écrivaine de science-fiction,fonctionnaire,t.a.-k.a.-f.o.-',0.18,True
Q11063,astronome,assureur,f.a.-t.a.-f.o.-',0.24,True
Q5322166,designer,agent de,d.a.-l.a.-f.o.-',0.18,True
Q2705098,tarento,mentor,s.a.-d.a.-f.o.-',0.36,True
Q11613014,Self-Defense Official,officier,l.a.-k.a.-f.o.-',0.58,False
Q16631188,fonction militaire,fonctionnaire,t.a.-k.a.-f.o.-',0.63,False
Q11613014,Self-Defense Official,officier,l.a.-k.a.-f.o.-',0.58,False
Q13015400,naval personnel,travailleur social,f.a.-n.a.-f.o.-',0.16,True
Q11613014,Self-Defense Official,officier,l.a.-k.a.-f.o.-',0.58,False
Q113548630,air force personnel,fonctionnaire,t.a.-k.a.-f.o.-',0.19,True
Q12737077,activité,activiste,b.a.-k.a.-f.o.-',0.74,False
Q6733150,mahant,enfant,d.a.-m.a.-f.o.-',0.26,True
Q854997,moine bouddhiste,témoin,d.a.-n.a.-f.o.-',0.31,True
Q854979,bhikkhuni,acteurs sociaux,M:M:.a.-M:M:.a.-f.o.-',0.0,True
Q4610556,mannequin,manager,l.a.-s.a.-f.o.-',0.32,True
Q12803959,coureur à pied,assureur,f.a.-t.a.-f.o.-',0.44,False
Q333634,traducteur ou traductrice,traducteur,t.a.-s.a.-f.o.-',0.96,False
Q110040366,spécialiste d'une littérature donnée,journaliste,n.a.-b.a.-f.o.-',0.45,False
Q15255771,sinologue,psychologue,s.a.-f.a.-f.o.-',0.59,False
Q12794619,propriétaire de biens,secrétaire,k.a.-t.a.-f.o.-',0.46,False
Q11239464,racehorse owner and breeder,ancêtre,t.a.-m.a.-f.o.-',0.12,True
Q36180,écrivain ou écrivaine,écologiste,l.a.-f.a.-f.o.-',0.11,True
Q110007257,livestock worker,investisseur,t.a.-d.a.-f.o.-',0.3,True
Q39631,médecin,médecin,n.a.-f.a.-f.o.-',1.0,False
Q15296531,position d'autorité,relation publique,l.a.-b.a.-f.o.-',0.27,True
Q1097498,dirigeant,enfant,d.a.-m.a.-f.o.-',0.22,True
Q1673271,changement de régime,agent de,d.a.-l.a.-f.o.-',0.43,False
Q212238,fonctionnaire,fonctionnaire,t.a.-k.a.-f.o.-',1.0,False
Q7554349,éditeur logiciel,éditeur,t.a.-b.a.-f.o.-',0.84,False
Q3579158,éditeur de jeux de société,éditeur,t.a.-b.a.-f.o.-',0.66,False
Q4830453,firme,infirmier / soignant,b.a.-f.a.-f.o.-',0.27,True
Q112042224,video game company,comptable,b.a.-t.a.-f.o.-',0.46,False
Q3392544,plongeur militaire,publicitaire,b.a.-d.a.-f.o.-',0.44,False
Q17214419,board member in Japan,mere,f.a.-m.a.-f.o.-',0.18,True
Q1598759,infanterie légère,enfant,d.a.-m.a.-f.o.-',0.39,True
Q178197,mercenaire,partenaire,m.a.-d.a.-f.o.-',0.54,False
Q4991371,soldat,avocat,n.a.-t.a.-f.o.-',0.16,True
Q189290,officier,officier,l.a.-k.a.-f.o.-',1.0,False
Q49757,poète ou poétesse,policier,n.a.-l.a.-f.o.-',0.16,True
Q17167049,spécialiste de la littérature,journaliste,n.a.-b.a.-f.o.-',0.43,False
Q9200127,membre,mere,f.a.-m.a.-f.o.-',0.4,False
Q8191099,affiliate,médiateur,m.a.-s.a.-f.o.-',0.24,True
Q147638,sciences cognitives,politicien,s.a.-k.a.-f.o.-',0.25,True
Q212238,fonctionnaire,fonctionnaire,t.a.-k.a.-f.o.-',1.0,False
Q73228839,conseiller spécial,travailleur social,f.a.-n.a.-f.o.-',0.32,True
Q4164507,critique d'art,relation publique,l.a.-b.a.-f.o.-',0.31,True
Q17135920,expert interdisciplinaire d'une région géographique,cartographe,l.a.-t.a.-f.o.-',0.31,True
Q5352191,technicien ou technicienne,technicien,f.a.-d.a.-f.o.-',0.99,False
Q2518689,guérisseur,investisseur,t.a.-d.a.-f.o.-',0.51,False
Q3133901,herboriste,secouriste,f.a.-l.a.-f.o.-',0.52,False
Q542704,pèlerin,père,n.a.-m.a.-f.o.-',0.26,True
Q174834,autorité,auteur,b.a.-b.a.-f.o.-',0.41,False
Q11771944,fonction publique,relation publique,l.a.-b.a.-f.o.-',0.63,False
Q2285706,chef de gouvernement,agent de,d.a.-l.a.-f.o.-',0.46,False
Q10547393,personnalité politique locale,politicien,s.a.-k.a.-f.o.-',0.49,False
Q17279032,charge élective,lecteur,b.a.-s.a.-f.o.-',0.26,True
Q17167049,spécialiste de la littérature,journaliste,n.a.-b.a.-f.o.-',0.43,False
Q11124885,pratiquant d'arts martiaux,acteurs sociaux,M:M:.a.-M:M:.a.-f.o.-',0.29,True
Q202648,arbitre sportif ou arbitre sportive,transporteur,b.a.-l.a.-f.o.-',0.35,True
Q59939361,amateur artist,réformateur,n.a.-k.a.-f.o.-',0.34,True
Q5322166,designer,agent de,d.a.-l.a.-f.o.-',0.18,True
Q37226,enseignant ou enseignante,enseignant,d.a.-f.a.-f.o.-',0.98,False
Q15253558,militant ou militante,consultant,f.a.-s.a.-f.o.-',0.24,True
Q15253558,militant ou militante,consultant,f.a.-s.a.-f.o.-',0.24,True
Q15253558,militant ou militante,consultant,f.a.-s.a.-f.o.-',0.24,True
Q1327627,électrotechnicien,technicien,f.a.-d.a.-f.o.-',0.82,False
Q15253558,militant ou militante,consultant,f.a.-s.a.-f.o.-',0.24,True
Q329439,graveur ou graveuse sur métal,cultivateur / éleveur,f.a.-f.a.-f.o.-',0.2,True
Q12803959,coureur à pied,assureur,f.a.-t.a.-f.o.-',0.44,False
Q12031226,fondeur ou fondeuse,fondateur,t.a.-t.a.-f.o.-',0.46,False
Q10530883,exploitant,consultant,f.a.-s.a.-f.o.-',0.35,True
Q5716684,danseur ou danseuse,précurseur,s.a.-n.a.-f.o.-',0.19,True
Q852857,travailleur ou travailleuse du sexe,travailleur social,f.a.-n.a.-f.o.-',0.8,False
Q212238,fonctionnaire,fonctionnaire,t.a.-k.a.-f.o.-',1.0,False
Q13581129,orienteur ou orienteuse,inventeur,d.a.-d.a.-f.o.-',0.5,False
Q19799599,vététiste,activiste,b.a.-k.a.-f.o.-',0.37,True
Q2431196,œuvre audiovisuelle,auteur,b.a.-b.a.-f.o.-',0.12,True
Q10301427,image mouvante,ouvrier,m.a.-l.a.-f.o.-',0.13,True
Q4502142,œuvre d'art visuelle,partenaire,m.a.-d.a.-f.o.-',0.11,True
Q20937557,série,ouvrier,m.a.-l.a.-f.o.-',0.23,True
Q11452075,kanjin,voisin,m.a.-k.a.-f.o.-',0.22,True
Q15976327,onomastician,politicien,s.a.-k.a.-f.o.-',0.19,True
Q3796928,government employee,mentor,s.a.-d.a.-f.o.-',0.28,True
Q17214132,Tonya (Japon),acteurs sociaux,M:M:.a.-M:M:.a.-f.o.-',0.0,True
Q2085381,maison d'édition,relation publique,l.a.-b.a.-f.o.-',0.28,True
Q901,scientifique,relation publique,l.a.-b.a.-f.o.-',0.3,True
Q777952,instructeur,inspecteur,d.a.-k.a.-f.o.-',0.45,False
Q162244,héros,acteurs sociaux,M:M:.a.-M:M:.a.-f.o.-',0.0,True
Q11448772,school staff,psychologue,s.a.-f.a.-f.o.-',0.19,True
Q876864,conseiller ou conseillère de rédaction,consultant,f.a.-s.a.-f.o.-',0.3,True
Q2114605,pharmacologue,pharmacien,t.a.-f.a.-f.o.-',0.56,False
Q193364,vicaire,notaire,m.a.-t.a.-f.o.-',0.48,False
Q105200214,clerc catholique,relation publique,l.a.-b.a.-f.o.-',0.38,True
Q3250324,adjoint,adulte,n.a.-s.a.-f.o.-',0.17,True
Q1517802,substitut,investisseur,t.a.-d.a.-f.o.-',0.13,True
Q17955,critique,relation publique,l.a.-b.a.-f.o.-',0.33,True
Q30002353,professeur de langues,investisseur,t.a.-d.a.-f.o.-',0.33,True
Q10889302,handisportif,transporteur,b.a.-l.a.-f.o.-',0.43,False
Q2066131,athlète,hôte,f.a.-k.a.-f.o.-',0.23,True
Q11063,astronome,assureur,f.a.-t.a.-f.o.-',0.24,True
Q455595,amateur,réformateur,n.a.-k.a.-f.o.-',0.4,False
Q29182,évêque,relation publique,l.a.-b.a.-f.o.-',0.27,True
Q1638918,ordinaire,partenaire,m.a.-d.a.-f.o.-',0.5,False
Q106968578,diocesan clergyman,client,n.a.-d.a.-f.o.-',0.16,True
Q112074151,head of a diocese,officier,l.a.-k.a.-f.o.-',0.17,True
Q352507,pasteur,acteur,s.a.-b.a.-f.o.-',0.3,True
Q255274,col blanc,ancêtre,t.a.-m.a.-f.o.-',0.14,True
Q1607826,éditeur ou éditrice,éditeur,t.a.-b.a.-f.o.-',0.93,False
Q11446281,jochū,joueur,m.a.-b.a.-f.o.-',0.26,True
Q192581,travail,travailleur social,f.a.-n.a.-f.o.-',0.59,False
Q482980,auteur ou autrice,auteur,b.a.-b.a.-f.o.-',0.92,False
Q15987302,profession juridique,relation publique,l.a.-b.a.-f.o.-',0.33,True
Q11538947,joueur de shōgi professionnel,joueur,m.a.-b.a.-f.o.-',0.76,False
Q84048852,être humain féminin,ancêtre,t.a.-m.a.-f.o.-',0.44,False
Q40348,avocat ou avocate,avocat,n.a.-t.a.-f.o.-',0.95,False
Q8473,armée,archiviste,t.a.-l.a.-f.o.-',0.15,True
Q1801887,agriculture et sylviculture,cultivateur / éleveur,f.a.-f.a.-f.o.-',0.2,True
Q8985067,government official,officier,l.a.-k.a.-f.o.-',0.6,False
Q5322166,designer,agent de,d.a.-l.a.-f.o.-',0.18,True
Q520549,géologue,psychologue,s.a.-f.a.-f.o.-',0.62,False
Q118464513,acteur d'opéra chinois,acteur,s.a.-b.a.-f.o.-',0.89,False
Q327055,travailleur ou travailleuse,travailleur social,f.a.-n.a.-f.o.-',0.8,False
Q114575096,spectrometrist,spectateur,k.a.-b.a.-f.o.-',0.54,False
Q43668003,chimiste analytique,archiviste,t.a.-l.a.-f.o.-',0.25,True
Q16883812,Stay-at-home parent,partenaire,m.a.-d.a.-f.o.-',0.25,True
Q1934684,personne au foyer,fonctionnaire,t.a.-k.a.-f.o.-',0.16,True
Q2095549,aviateur ou aviatrice,médiateur,m.a.-s.a.-f.o.-',0.45,False
Q110996085,vessel captain,investisseur,t.a.-d.a.-f.o.-',0.14,True
Q2455451,soigneur,infirmier / soignant,b.a.-f.a.-f.o.-',0.39,True
Q140686,président ou présidente,précurseur,s.a.-n.a.-f.o.-',0.24,True
Q3328821,récit,réformateur,n.a.-k.a.-f.o.-',0.13,True
Q189829,ermite,éditeur,t.a.-b.a.-f.o.-',0.17,True
Q733786,moine ou moniale,témoin,d.a.-n.a.-f.o.-',0.32,True
Q215536,commerçant,comptable,b.a.-t.a.-f.o.-',0.25,True
Q7063944,cheminot,notaire,m.a.-t.a.-f.o.-',0.26,True
Q215627,personne,fonctionnaire,t.a.-k.a.-f.o.-',0.18,True
Q1423891,ministre du culte,adulte,n.a.-s.a.-f.o.-',0.38,True
Q2405480,acteur ou actrice de doublage,acteur,s.a.-b.a.-f.o.-',0.8,False
Q1975935,bushi,acteurs sociaux,M:M:.a.-M:M:.a.-f.o.-',0.0,True
Q13416803,épidémiologiste,écologiste,l.a.-f.a.-f.o.-',0.76,False
Q30086937,chercheur en oncologie,écologiste,l.a.-f.a.-f.o.-',0.5,False
Q1792450,historien ou historienne de l'art,agent de,d.a.-l.a.-f.o.-',0.18,True
Q42973,architecte,archiviste,t.a.-l.a.-f.o.-',0.53,False
Q11313148,écrivain sportif,transporteur,b.a.-l.a.-f.o.-',0.35,True
Q81096,ingénieur ou ingénieure,inventeur,d.a.-d.a.-f.o.-',0.19,True
Q4164871,fonction,fonctionnaire,t.a.-k.a.-f.o.-',0.67,False
Q828803,titre professionnel,fonctionnaire,t.a.-k.a.-f.o.-',0.2,True
Q28640,profession,procureur,b.a.-n.a.-f.o.-',0.24,True
Q713200,artiste interprète,archiviste,t.a.-l.a.-f.o.-',0.33,True
Q17379560,transformiste,transporteur,b.a.-l.a.-f.o.-',0.4,False
Q483501,artiste,archiviste,t.a.-l.a.-f.o.-',0.36,True
Q245068,humoriste,secouriste,f.a.-l.a.-f.o.-',0.52,False
Q201788,historien ou historienne,ouvrier,m.a.-l.a.-f.o.-',0.18,True
Q4964182,philosophe,philosophe,s.a.-s.a.-f.o.-',1.0,False
Q3332438,médecin spécialiste,médecin,n.a.-f.a.-f.o.-',0.75,False
Q164236,correspondant ou correspondante de guerre,guerrier,l.a.-l.a.-f.o.-',0.3,True
Q957729,reporter-photographe,cartographe,l.a.-t.a.-f.o.-',0.64,False
Q482980,auteur ou autrice,auteur,b.a.-b.a.-f.o.-',0.92,False
Q15253558,militant ou militante,consultant,f.a.-s.a.-f.o.-',0.24,True
Q1642960,polémiste,activiste,b.a.-k.a.-f.o.-',0.32,True
Q392651,agent de renseignement,agent de,d.a.-l.a.-f.o.-',0.71,False
Q169470,physicien ou physicienne,musicien,f.a.-b.a.-f.o.-',0.62,False
Q15980158,auteur ou autrice de non-fiction,auteur,b.a.-b.a.-f.o.-',0.72,False
Q43229,organisation,relation publique,l.a.-b.a.-f.o.-',0.46,False
Q192581,travail,travailleur social,f.a.-n.a.-f.o.-',0.59,False
Q381160,expert,acteurs sociaux,M:M:.a.-M:M:.a.-f.o.-',0.0,True
Q1371925,speaker,spectateur,k.a.-b.a.-f.o.-',0.34,True
Q294414,fonction publique,relation publique,l.a.-b.a.-f.o.-',0.63,False
Q4175034,législateur ou législatrice,législateur,t.a.-n.a.-f.o.-',0.96,False
Q384593,policier ou policière,policier,n.a.-l.a.-f.o.-',0.93,False
Q5124690,Civil service of Japan,citoyen,k.a.-k.a.-f.o.-',0.13,True
Q24886054,司法警察職員,acteurs sociaux,M:M:.a.-M:M:.a.-f.o.-',0.0,True
Q110040366,spécialiste d'une littérature donnée,journaliste,n.a.-b.a.-f.o.-',0.45,False
Q15991218,japonologue,psychologue,s.a.-f.a.-f.o.-',0.62,False
Q56512863,participant,partenaire,m.a.-d.a.-f.o.-',0.39,True
Q30002353,professeur de langues,investisseur,t.a.-d.a.-f.o.-',0.33,True
Q2066131,athlète,hôte,f.a.-k.a.-f.o.-',0.23,True
Q51844772,joueur de Shamisen,joueur,m.a.-b.a.-f.o.-',0.86,False
Q222749,comédie,médiateur,m.a.-s.a.-f.o.-',0.28,True
Q15977971,travailleur du bois,travailleur social,f.a.-n.a.-f.o.-',0.8,False
Q1716419,tourneur sur bois,entrepreneur,l.a.-d.a.-f.o.-',0.23,True
Q40348,avocat ou avocate,avocat,n.a.-t.a.-f.o.-',0.95,False
Q2588761,travailleur qualifié ou travailleuse qualifiée,travailleur social,f.a.-n.a.-f.o.-',0.78,False
Q1968442,donateur,médiateur,m.a.-s.a.-f.o.-',0.41,False
Q11499147,militant ou militante politique,politicien,s.a.-k.a.-f.o.-',0.38,True
Q63993638,théoricien ou théoricienne des systèmes,musicien,f.a.-b.a.-f.o.-',0.48,False
Q715301,auteur ou autrice de bande dessinée,auteur,b.a.-b.a.-f.o.-',0.72,False
Q28532974,organisateur communautaire,notaire,m.a.-t.a.-f.o.-',0.42,False
Q12737077,activité,activiste,b.a.-k.a.-f.o.-',0.74,False
Q28640,profession,procureur,b.a.-n.a.-f.o.-',0.24,True
Q16062369,oncologue,psychologue,s.a.-f.a.-f.o.-',0.53,False
Q189290,officier,officier,l.a.-k.a.-f.o.-',1.0,False
Q153936,milice,familier,m.a.-m.a.-f.o.-',0.35,True
Q10843402,nageur ou nageuse,manager,l.a.-s.a.-f.o.-',0.38,True
Q84380764,joueur de jeu de plateau,joueur,m.a.-b.a.-f.o.-',0.69,False
Q11538946,abstract game player,acteur,s.a.-b.a.-f.o.-',0.19,True
Q15319501,chercheur ou chercheuse en sciences sociales,travailleur social,f.a.-n.a.-f.o.-',0.4,False
Q931260,meurtrier ou meurtrière,ouvrier,m.a.-l.a.-f.o.-',0.37,True
Q947873,animateur ou animatrice de télévision,réformateur,n.a.-k.a.-f.o.-',0.29,True
Q270389,présentateur ou présentatrice de journal,journaliste,n.a.-b.a.-f.o.-',0.43,False
Q2722764,animateur ou animatrice de radio,réformateur,n.a.-k.a.-f.o.-',0.33,True
Q189290,officier,officier,l.a.-k.a.-f.o.-',1.0,False
Q5947973,seminary student,client,n.a.-d.a.-f.o.-',0.27,True
Q48282,étudiant ou étudiante,étudiant,d.a.-s.a.-f.o.-',0.97,False
Q1183487,novice,notaire,m.a.-t.a.-f.o.-',0.19,True
Q42909,reporter,transporteur,b.a.-l.a.-f.o.-',0.39,True
Q36180,écrivain ou écrivaine,écologiste,l.a.-f.a.-f.o.-',0.11,True
Q107711,pompier ou pompière,père,n.a.-m.a.-f.o.-',0.23,True
Q110096986,emergency service volunteer,mere,f.a.-m.a.-f.o.-',0.14,True
Q24716636,bénévole,bénévole,m.a.-n.a.-f.o.-',1.0,False
Q170790,mathématicien ou mathématicienne,informaticien,s.a.-t.a.-f.o.-',0.62,False
Q177220,chanteur ou chanteuse,inventeur,d.a.-d.a.-f.o.-',0.43,False
Q215536,commerçant,comptable,b.a.-t.a.-f.o.-',0.25,True
Q37681,soie,infirmier / soignant,b.a.-f.a.-f.o.-',0.26,True
Q2085381,maison d'édition,relation publique,l.a.-b.a.-f.o.-',0.28,True
Q1925963,artiste graphique,cartographe,l.a.-t.a.-f.o.-',0.29,True
Q974144,éducateur ou éducatrice,éditeur,t.a.-b.a.-f.o.-',0.24,True
Q3704253,trader,traducteur,t.a.-s.a.-f.o.-',0.5,False
Q11499147,militant ou militante politique,politicien,s.a.-k.a.-f.o.-',0.38,True
Q35140,représentation,relation publique,l.a.-b.a.-f.o.-',0.39,True
Q2478141,aristocrate,secouriste,f.a.-l.a.-f.o.-',0.27,True
Q212980,psychologue,psychologue,s.a.-f.a.-f.o.-',1.0,False
Q28640,profession,procureur,b.a.-n.a.-f.o.-',0.24,True
Q107199914,local government officer,officier,l.a.-k.a.-f.o.-',0.58,False
Q582096,Compagnon,comptable,b.a.-t.a.-f.o.-',0.46,False
Q1639825,forgeron ou forgeronne,manager,l.a.-s.a.-f.o.-',0.13,True
Q3126128,généticien ou généticienne,politicien,s.a.-k.a.-f.o.-',0.53,False
Q2732142,statisticien ou statisticienne,politicien,s.a.-k.a.-f.o.-',0.44,False
Q12713481,ouvrier,ouvrier,m.a.-l.a.-f.o.-',1.0,False
Q685433,vendeur ou vendeuse,vendeur,k.a.-d.a.-f.o.-',0.96,False
Q15839134,écologue,écologiste,l.a.-f.a.-f.o.-',0.53,False
Q16063497,biologiste de l'évolution,écologiste,l.a.-f.a.-f.o.-',0.59,False
Q115847,chōnin,voisin,m.a.-k.a.-f.o.-',0.22,True
Q212238,fonctionnaire,fonctionnaire,t.a.-k.a.-f.o.-',1.0,False
Q432386,prédicateur,médiateur,m.a.-s.a.-f.o.-',0.33,True
Q909452,maison impériale du Japon,relation publique,l.a.-b.a.-f.o.-',0.12,True
Q572700,bureaucrate,diplomate,k.a.-s.a.-f.o.-',0.24,True
Q1849974,Professeur certifié,investisseur,t.a.-d.a.-f.o.-',0.37,True
Q37226,enseignant ou enseignante,enseignant,d.a.-f.a.-f.o.-',0.98,False
Q17125263,YouTubeur ou YouTubeuse,ouvrier,m.a.-l.a.-f.o.-',0.2,True
Q1930187,journaliste,journaliste,n.a.-b.a.-f.o.-',1.0,False
Q1930187,journaliste,journaliste,n.a.-b.a.-f.o.-',1.0,False
Q98084799,photographe professionnel,cartographe,l.a.-t.a.-f.o.-',0.65,False
Q5341297,psychologue éducationnel,psychologue,s.a.-f.a.-f.o.-',0.84,False
Q25713832,dirigeant ou dirigeante,enfant,d.a.-m.a.-f.o.-',0.15,True
Q15117395,coureur cycliste sur piste,journaliste,n.a.-b.a.-f.o.-',0.38,True
Q6430706,critique,relation publique,l.a.-b.a.-f.o.-',0.33,True
Q192581,travail,travailleur social,f.a.-n.a.-f.o.-',0.59,False
Q2304859,souverain,ouvrier,m.a.-l.a.-f.o.-',0.16,True
Q4164871,fonction,fonctionnaire,t.a.-k.a.-f.o.-',0.67,False
Q842811,diététicien ou diététicienne,politicien,s.a.-k.a.-f.o.-',0.53,False
Q18536342,joueur professionnel ou joueuse professionnelle,joueur,m.a.-b.a.-f.o.-',0.75,False
Q3892689,joueur de balle,joueur,m.a.-b.a.-f.o.-',0.8,False
Q1066186,histoire,notaire,m.a.-t.a.-f.o.-',0.29,True
Q6147194,teinturier,ouvrier,m.a.-l.a.-f.o.-',0.41,False
Q1028181,peintre,ancêtre,t.a.-m.a.-f.o.-',0.27,True
Q107560891,religious artist,relation publique,l.a.-b.a.-f.o.-',0.19,True
Q70901436,clergé bouddhiste,activiste,b.a.-k.a.-f.o.-',0.37,True
Q36180,écrivain ou écrivaine,écologiste,l.a.-f.a.-f.o.-',0.11,True
Q11124885,pratiquant d'arts martiaux,acteurs sociaux,M:M:.a.-M:M:.a.-f.o.-',0.29,True
Q854997,moine bouddhiste,témoin,d.a.-n.a.-f.o.-',0.31,True
Q713200,artiste interprète,archiviste,t.a.-l.a.-f.o.-',0.33,True
Q11570799,special service,spectateur,k.a.-b.a.-f.o.-',0.33,True
Q51085009,scenic designer,agent de,d.a.-l.a.-f.o.-',0.15,True
Q79044120,theatre maker,ancêtre,t.a.-m.a.-f.o.-',0.29,True
Q5322166,designer,agent de,d.a.-l.a.-f.o.-',0.18,True
Q17214132,Tonya (Japon),acteurs sociaux,M:M:.a.-M:M:.a.-f.o.-',0.0,True
Q1807108,compagnie maritime,comptable,b.a.-t.a.-f.o.-',0.4,False
Q66660783,charity worker,pharmacien,t.a.-f.a.-f.o.-',0.13,True
Q115941290,zwanzeur,acteur,s.a.-b.a.-f.o.-',0.28,True
Q13219244,collecteur de fonds,lecteur,b.a.-s.a.-f.o.-',0.56,False
Q5716684,danseur ou danseuse,précurseur,s.a.-n.a.-f.o.-',0.19,True
Q120112168,garde urbain,agent de,d.a.-l.a.-f.o.-',0.18,True
Q115941290,zwanzeur,acteur,s.a.-b.a.-f.o.-',0.28,True
Q5137576,entraîneur de hockey sur glace,entrepreneur,l.a.-d.a.-f.o.-',0.45,False
Q4164871,fonction,fonctionnaire,t.a.-k.a.-f.o.-',0.67,False
Q2962070,chef décorateur ou cheffe décoratrice,médiateur,m.a.-s.a.-f.o.-',0.2,True
Q166382,émir,acteurs sociaux,M:M:.a.-M:M:.a.-f.o.-',0.0,True
Q16335312,géochimiste,archiviste,t.a.-l.a.-f.o.-',0.43,False
Q89000321,management scientist,manager,l.a.-s.a.-f.o.-',0.61,False
Q131512,agriculteur ou agricultrice,cultivateur / éleveur,f.a.-f.a.-f.o.-',0.27,True
Q104998289,animal scientist,client,n.a.-d.a.-f.o.-',0.22,True
Q50995749,personnalité liée au sport,transporteur,b.a.-l.a.-f.o.-',0.29,True
Q131359,catch,avocat,n.a.-t.a.-f.o.-',0.18,True
Q1413522,imposteur,acteur,s.a.-b.a.-f.o.-',0.37,True
Q116182858,psychophysicien ou psychophysicienne,psychologue,s.a.-f.a.-f.o.-',0.5,False
Q11124885,pratiquant d'arts martiaux,acteurs sociaux,M:M:.a.-M:M:.a.-f.o.-',0.29,True
Q96044701,artiste floral,archiviste,t.a.-l.a.-f.o.-',0.34,True
Q755070,narrateur,médiateur,m.a.-s.a.-f.o.-',0.41,False
Q215627,personne,fonctionnaire,t.a.-k.a.-f.o.-',0.18,True
Q25713832,dirigeant ou dirigeante,enfant,d.a.-m.a.-f.o.-',0.15,True
Q20920693,chef,acteurs sociaux,M:M:.a.-M:M:.a.-f.o.-',0.0,True
Q12737077,activité,activiste,b.a.-k.a.-f.o.-',0.74,False
Q777952,instructeur,inspecteur,d.a.-k.a.-f.o.-',0.45,False
Q108289399,"sales, marketing and public relations professionals",relation publique,l.a.-b.a.-f.o.-',0.67,False
Q5121550,érudit du judaïsme,juré,k.a.-n.a.-f.o.-',0.19,True
Q3014296,pilote de moto,agent de,d.a.-l.a.-f.o.-',0.37,True
Q2267418,ingénieur industriel,inventeur,d.a.-d.a.-f.o.-',0.19,True
Q1781198,agronome,agent de,d.a.-l.a.-f.o.-',0.27,True
Q15839134,écologue,écologiste,l.a.-f.a.-f.o.-',0.53,False
Q1975935,bushi,acteurs sociaux,M:M:.a.-M:M:.a.-f.o.-',0.0,True
Q864503,biologiste,écologiste,l.a.-f.a.-f.o.-',0.79,False
Q3779582,microbiologiste,écologiste,l.a.-f.a.-f.o.-',0.79,False
Q2374149,botaniste,activiste,b.a.-k.a.-f.o.-',0.33,True
Q20826540,érudit,éditeur,t.a.-b.a.-f.o.-',0.19,True
Q15319501,chercheur ou chercheuse en sciences sociales,travailleur social,f.a.-n.a.-f.o.-',0.4,False
Q49757,poète ou poétesse,policier,n.a.-l.a.-f.o.-',0.16,True
Q23037330,récitateur,spectateur,k.a.-b.a.-f.o.-',0.41,False
Q1914636,activité,activiste,b.a.-k.a.-f.o.-',0.74,False
Q36649,arts visuels,archiviste,t.a.-l.a.-f.o.-',0.2,True
Q373021,aircrew member,mere,f.a.-m.a.-f.o.-',0.17,True
Q901,scientifique,relation publique,l.a.-b.a.-f.o.-',0.3,True
Q116,monarque,relation publique,l.a.-b.a.-f.o.-',0.27,True
Q215536,commerçant,comptable,b.a.-t.a.-f.o.-',0.25,True
Q215536,commerçant,comptable,b.a.-t.a.-f.o.-',0.25,True
Q184485,spectacle vivant,spectateur,k.a.-b.a.-f.o.-',0.65,False
Q747883,activité physique,activiste,b.a.-k.a.-f.o.-',0.59,False
Q17537576,œuvre créative,secrétaire,k.a.-t.a.-f.o.-',0.15,True
Q5716684,danseur ou danseuse,précurseur,s.a.-n.a.-f.o.-',0.19,True
Q2986228,commentateur sportif,spectateur,k.a.-b.a.-f.o.-',0.36,True
Q13219587,patineur ou patineuse artistique,relation publique,l.a.-b.a.-f.o.-',0.23,True
Q98084799,photographe professionnel,cartographe,l.a.-t.a.-f.o.-',0.65,False
Q11649704,railfan photographer,cartographe,l.a.-t.a.-f.o.-',0.64,False
Q1323006,ferroviphilie,familier,m.a.-m.a.-f.o.-',0.25,True
Q33231,photographe,cartographe,l.a.-t.a.-f.o.-',0.75,False
Q42603,prêtre,ancêtre,t.a.-m.a.-f.o.-',0.52,False
Q17573152,croyant ou croyante,enfant,d.a.-m.a.-f.o.-',0.24,True
Q116865146,Taoist,voisin,m.a.-k.a.-f.o.-',0.21,True
Q1234713,théologien ou théologienne,écologiste,l.a.-f.a.-f.o.-',0.44,False
Q1028181,peintre,ancêtre,t.a.-m.a.-f.o.-',0.27,True
Q105044823,éditeur,éditeur,t.a.-b.a.-f.o.-',1.0,False
Q202648,arbitre sportif ou arbitre sportive,transporteur,b.a.-l.a.-f.o.-',0.35,True
Q38088701,officiel d'un match de football,officier,l.a.-k.a.-f.o.-',0.71,False
Q1028181,peintre,ancêtre,t.a.-m.a.-f.o.-',0.27,True
Q21148249,émailleur,travailleur social,f.a.-n.a.-f.o.-',0.56,False
Q144662,agent de joueurs,agent de,d.a.-l.a.-f.o.-',0.68,False
Q116763437,person associated with football,acteurs sociaux,M:M:.a.-M:M:.a.-f.o.-',0.25,True
Q852857,travailleur ou travailleuse du sexe,travailleur social,f.a.-n.a.-f.o.-',0.8,False
Q520549,géologue,psychologue,s.a.-f.a.-f.o.-',0.62,False
Q856887,agent de sécurité,agent de,d.a.-l.a.-f.o.-',0.86,False
Q1423891,ministre du culte,adulte,n.a.-s.a.-f.o.-',0.38,True
Q36834,compositeur ou compositrice,comptable,b.a.-t.a.-f.o.-',0.45,False
Q15981151,musicien ou musicienne de jazz,musicien,f.a.-b.a.-f.o.-',0.96,False
Q23515215,ingénieur de l'apprentissage automatique,agent de,d.a.-l.a.-f.o.-',0.23,True
Q2029179,prêtre régulier,ancêtre,t.a.-m.a.-f.o.-',0.38,True
Q250867,prêtre catholique,relation publique,l.a.-b.a.-f.o.-',0.32,True
Q208762,chapelain,voisin,m.a.-k.a.-f.o.-',0.14,True
Q41583,entraîneur sportif,entrepreneur,l.a.-d.a.-f.o.-',0.4,False
Q864503,biologiste,écologiste,l.a.-f.a.-f.o.-',0.79,False
Q42178,vice-président,client,n.a.-d.a.-f.o.-',0.26,True
Q2269913,président du Sénat,précurseur,s.a.-n.a.-f.o.-',0.22,True
Q5352191,technicien ou technicienne,technicien,f.a.-d.a.-f.o.-',0.99,False
Q901,scientifique,relation publique,l.a.-b.a.-f.o.-',0.3,True
Q108289390,other health professionals,procureur,b.a.-n.a.-f.o.-',0.25,True
Q2159907,criminel ou criminelle,ouvrier,m.a.-l.a.-f.o.-',0.13,True
Q41583,entraîneur sportif,entrepreneur,l.a.-d.a.-f.o.-',0.4,False
Q3055126,entomologiste,écologiste,l.a.-f.a.-f.o.-',0.69,False
Q864503,biologiste,écologiste,l.a.-f.a.-f.o.-',0.79,False
Q4270517,skieur ou skieuse,ouvrier,m.a.-l.a.-f.o.-',0.2,True
Q84380764,joueur de jeu de plateau,joueur,m.a.-b.a.-f.o.-',0.69,False
Q2066131,athlète,hôte,f.a.-k.a.-f.o.-',0.23,True
Q41583,entraîneur sportif,entrepreneur,l.a.-d.a.-f.o.-',0.4,False
Q36834,compositeur ou compositrice,comptable,b.a.-t.a.-f.o.-',0.45,False
Q112598603,data professional,procureur,b.a.-n.a.-f.o.-',0.22,True
Q47740,musulman ou musulmane,musicien,f.a.-b.a.-f.o.-',0.32,True
Q2419397,thérapeute,auteur,b.a.-b.a.-f.o.-',0.2,True
Q6005272,massothérapeute,auteur,b.a.-b.a.-f.o.-',0.15,True
Q2066131,athlète,hôte,f.a.-k.a.-f.o.-',0.23,True
Q50995749,personnalité liée au sport,transporteur,b.a.-l.a.-f.o.-',0.29,True
Q10694573,artiste textile,archiviste,t.a.-l.a.-f.o.-',0.32,True
Q5780518,communicateur,médiateur,m.a.-s.a.-f.o.-',0.25,True
Q12737077,activité,activiste,b.a.-k.a.-f.o.-',0.74,False
Q3704253,trader,traducteur,t.a.-s.a.-f.o.-',0.5,False
Q40348,avocat ou avocate,avocat,n.a.-t.a.-f.o.-',0.95,False
Q3055126,entomologiste,écologiste,l.a.-f.a.-f.o.-',0.69,False
Q9367329,urząd ziemski,acteurs sociaux,M:M:.a.-M:M:.a.-f.o.-',0.0,True
Q105064360,mahjong player,manager,l.a.-s.a.-f.o.-',0.29,True
Q15977927,professeur d'art,investisseur,t.a.-d.a.-f.o.-',0.37,True
Q61745762,marine scientist,client,n.a.-d.a.-f.o.-',0.24,True
Q61745762,marine scientist,client,n.a.-d.a.-f.o.-',0.24,True
Q18176481,biogéochimiste,archiviste,t.a.-l.a.-f.o.-',0.43,False
Q120728408,maître queux,ancêtre,t.a.-m.a.-f.o.-',0.22,True
Q2419397,thérapeute,auteur,b.a.-b.a.-f.o.-',0.2,True
Q713200,artiste interprète,archiviste,t.a.-l.a.-f.o.-',0.33,True
Q108290379,danseurs et chorégraphes,cartographe,l.a.-t.a.-f.o.-',0.37,True
Q1071047,comes,comptable,b.a.-t.a.-f.o.-',0.35,True
Q7614320,ministre des Finances,ancêtre,t.a.-m.a.-f.o.-',0.33,True
Q189010,notaire,notaire,m.a.-t.a.-f.o.-',1.0,False
Q43229,organisation,relation publique,l.a.-b.a.-f.o.-',0.46,False
Q1914636,activité,activiste,b.a.-k.a.-f.o.-',0.74,False
Q18814623,autobiographe,cartographe,l.a.-t.a.-f.o.-',0.64,False
Q12144794,prosateur ou prosatrice,producteur,d.a.-b.a.-f.o.-',0.39,True
Q160117,courtier,secouriste,f.a.-l.a.-f.o.-',0.25,True
Q43845,personnalité du monde des affaires,fonctionnaire,t.a.-k.a.-f.o.-',0.24,True
Q3704253,trader,traducteur,t.a.-s.a.-f.o.-',0.5,False
Q9394993,patineur ou patineuse sur glace,entrepreneur,l.a.-d.a.-f.o.-',0.22,True
Q18536342,joueur professionnel ou joueuse professionnelle,joueur,m.a.-b.a.-f.o.-',0.75,False
Q838566,forgeron ou forgeronne,manager,l.a.-s.a.-f.o.-',0.13,True
Q15980591,monteur d'acier,inventeur,d.a.-d.a.-f.o.-',0.33,True
Q483501,artiste,archiviste,t.a.-l.a.-f.o.-',0.36,True
Q384593,policier ou policière,policier,n.a.-l.a.-f.o.-',0.93,False
Q189290,officier,officier,l.a.-k.a.-f.o.-',1.0,False
Q294126,géomètre,ancêtre,t.a.-m.a.-f.o.-',0.36,True
Q1454940,soldat volontaire,notaire,m.a.-t.a.-f.o.-',0.44,False
Q1414937,combattant,consultant,f.a.-s.a.-f.o.-',0.39,True
Q212948,partisan,partenaire,m.a.-d.a.-f.o.-',0.46,False
Q117804716,paramilitary,familier,m.a.-m.a.-f.o.-',0.41,False
Q24716636,bénévole,bénévole,m.a.-n.a.-f.o.-',1.0,False
Q8191099,affiliate,médiateur,m.a.-s.a.-f.o.-',0.24,True
Q117814407,carlist,cartographe,l.a.-t.a.-f.o.-',0.23,True
Q117814561,militaire carliste,publicitaire,b.a.-d.a.-f.o.-',0.35,True
Q65274801,Milicien,musicien,f.a.-b.a.-f.o.-',0.37,True
Q118162105,factieux,activiste,b.a.-k.a.-f.o.-',0.28,True
Q15253558,militant ou militante,consultant,f.a.-s.a.-f.o.-',0.24,True
Q3332711,médiéviste,activiste,b.a.-k.a.-f.o.-',0.4,False
Q17167049,spécialiste de la littérature,journaliste,n.a.-b.a.-f.o.-',0.43,False
Q82955,personnalité politique,politicien,s.a.-k.a.-f.o.-',0.51,False
Q7140620,partisan,partenaire,m.a.-d.a.-f.o.-',0.46,False
Q12716218,conservateur,innovateur,s.a.-l.a.-f.o.-',0.35,True
Q4991371,soldat,avocat,n.a.-t.a.-f.o.-',0.16,True
Q47064,militaire,publicitaire,b.a.-d.a.-f.o.-',0.47,False
Q117814407,carlist,cartographe,l.a.-t.a.-f.o.-',0.23,True
Q212948,partisan,partenaire,m.a.-d.a.-f.o.-',0.46,False
Q753110,auteur-compositeur ou autrice-compositrice,auteur,b.a.-b.a.-f.o.-',0.72,False
Q11124885,pratiquant d'arts martiaux,acteurs sociaux,M:M:.a.-M:M:.a.-f.o.-',0.29,True
Q8205328,objet artificiel physique,officier,l.a.-k.a.-f.o.-',0.29,True
Q18593264,élément d'une collection ou d'une exposition,relation publique,l.a.-b.a.-f.o.-',0.29,True
Q65274801,Milicien,musicien,f.a.-b.a.-f.o.-',0.37,True
Q12961474,anarchiste,archiviste,t.a.-l.a.-f.o.-',0.58,False
Q24293741,anarcho-syndicaliste,journaliste,n.a.-b.a.-f.o.-',0.39,True
Q118162105,factieux,activiste,b.a.-k.a.-f.o.-',0.28,True
Q3242115,révolutionnaire,fonctionnaire,t.a.-k.a.-f.o.-',0.67,False
Q117878883,republican militiaman  (Spanish Civil War),publicitaire,b.a.-d.a.-f.o.-',0.33,True
Q1414937,combattant,consultant,f.a.-s.a.-f.o.-',0.39,True
Q14128148,joueur de football américain ou de football canadien,joueur,m.a.-b.a.-f.o.-',0.57,False
Q219477,missionnaire,fonctionnaire,t.a.-k.a.-f.o.-',0.66,False
Q219477,missionnaire,fonctionnaire,t.a.-k.a.-f.o.-',0.66,False
Q117936247,missionnaire chrétien,fonctionnaire,t.a.-k.a.-f.o.-',0.61,False
Q17549077,catholique,relation publique,l.a.-b.a.-f.o.-',0.39,True
Q3055126,entomologiste,écologiste,l.a.-f.a.-f.o.-',0.69,False
Q201788,historien ou historienne,ouvrier,m.a.-l.a.-f.o.-',0.18,True
Q17486338,historien ou historienne des technologies,technicien,f.a.-d.a.-f.o.-',0.43,False
Q26481809,dirigeant sportif,transporteur,b.a.-l.a.-f.o.-',0.36,True
Q116763437,person associated with football,acteurs sociaux,M:M:.a.-M:M:.a.-f.o.-',0.25,True
Q118132367,former member,mere,f.a.-m.a.-f.o.-',0.24,True
Q7049197,nonbeliever,familier,m.a.-m.a.-f.o.-',0.16,True
Q1587978,mécréant,enfant,d.a.-m.a.-f.o.-',0.23,True
Q17573118,impious person,relation publique,l.a.-b.a.-f.o.-',0.16,True
Q2500638,créateur ou créatrice,médiateur,m.a.-s.a.-f.o.-',0.25,True
Q39631,médecin,médecin,n.a.-f.a.-f.o.-',1.0,False
Q37226,enseignant ou enseignante,enseignant,d.a.-f.a.-f.o.-',0.98,False
Q2662430,administration de la république des Deux Nations,relation publique,l.a.-b.a.-f.o.-',0.64,False
Q10669499,officier de marine,officier,l.a.-k.a.-f.o.-',0.91,False
Q189290,officier,officier,l.a.-k.a.-f.o.-',1.0,False
Q3400985,universitaire,publicitaire,b.a.-d.a.-f.o.-',0.56,False
Q1622272,professeur ou professeure d'université,investisseur,t.a.-d.a.-f.o.-',0.36,True
Q25339110,professeur titulaire,investisseur,t.a.-d.a.-f.o.-',0.32,True
Q770899,industrie légère,père,n.a.-m.a.-f.o.-',0.31,True
Q106399618,nationaliste,journaliste,n.a.-b.a.-f.o.-',0.57,False
Q118289006,black supremacist,pharmacien,t.a.-f.a.-f.o.-',0.29,True
Q1039099,guide culturel,guide spirituel,n.a.-n.a.-f.o.-',0.47,False
Q1028181,peintre,ancêtre,t.a.-m.a.-f.o.-',0.27,True
Q109459317,créateur ou créatrice de contenu,agent de,d.a.-l.a.-f.o.-',0.19,True
Q30002353,professeur de langues,investisseur,t.a.-d.a.-f.o.-',0.33,True
Q36180,écrivain ou écrivaine,écologiste,l.a.-f.a.-f.o.-',0.11,True
Q2159907,criminel ou criminelle,ouvrier,m.a.-l.a.-f.o.-',0.13,True
Q1231865,pédagogue,psychologue,s.a.-f.a.-f.o.-',0.44,False
Q2259451,acteur ou actrice de théâtre,acteur,s.a.-b.a.-f.o.-',0.79,False
Q186360,infirmière ou infirmier,infirmier / soignant,b.a.-f.a.-f.o.-',0.69,False
Q16164134,national technical qualification,technicien,f.a.-d.a.-f.o.-',0.45,False
Q83307,ministre,ancêtre,t.a.-m.a.-f.o.-',0.33,True
Q497240,maître de cérémonie,agent de,d.a.-l.a.-f.o.-',0.29,True
Q212238,fonctionnaire,fonctionnaire,t.a.-k.a.-f.o.-',1.0,False
Q1781198,agronome,agent de,d.a.-l.a.-f.o.-',0.27,True
Q2310145,météorologue,psychologue,s.a.-f.a.-f.o.-',0.6,False
Q1294787,artisan,archiviste,t.a.-l.a.-f.o.-',0.12,True
Q3501317,modéliste,journaliste,n.a.-b.a.-f.o.-',0.49,False
Q41583,entraîneur sportif,entrepreneur,l.a.-d.a.-f.o.-',0.4,False
Q2005653,huissier de justice,agent de,d.a.-l.a.-f.o.-',0.27,True
Q154549,charpentier,ouvrier,m.a.-l.a.-f.o.-',0.21,True
Q2374149,botaniste,activiste,b.a.-k.a.-f.o.-',0.33,True
Q12492080,commissioner,comptable,b.a.-t.a.-f.o.-',0.26,True
Q16915158,signalman,enseignant,d.a.-f.a.-f.o.-',0.25,True
Q15980804,professionnel des médias,médiateur,m.a.-s.a.-f.o.-',0.5,False
Q1371925,speaker,spectateur,k.a.-b.a.-f.o.-',0.34,True
Q55071047,auxiliaire de santé,notaire,m.a.-t.a.-f.o.-',0.29,True
Q23835475,assistant,consultant,f.a.-s.a.-f.o.-',0.32,True
Q55071047,auxiliaire de santé,notaire,m.a.-t.a.-f.o.-',0.29,True
Q39631,médecin,médecin,n.a.-f.a.-f.o.-',1.0,False
Q25616474,musicien d'un instrument de la famille des bois,musicien,f.a.-b.a.-f.o.-',0.63,False
Q170790,mathématicien ou mathématicienne,informaticien,s.a.-t.a.-f.o.-',0.62,False
Q18931911,théoricien ou théoricienne,musicien,f.a.-b.a.-f.o.-',0.51,False
Q849424,capitaine de navire,publicitaire,b.a.-d.a.-f.o.-',0.29,True
Q482980,auteur ou autrice,auteur,b.a.-b.a.-f.o.-',0.92,False
Q36180,écrivain ou écrivaine,écologiste,l.a.-f.a.-f.o.-',0.11,True
Q109517242,auteur de bande dessinée,auteur,b.a.-b.a.-f.o.-',0.67,False
Q6430706,critique,relation publique,l.a.-b.a.-f.o.-',0.33,True
Q116751803,composing,comptable,b.a.-t.a.-f.o.-',0.46,False
Q638,musique,musicien,f.a.-b.a.-f.o.-',0.43,False
Q703534,salarié,allié,l.a.-m.a.-f.o.-',0.29,True
Q267936,directeur exécutif,lecteur,b.a.-s.a.-f.o.-',0.57,False
Q13015400,naval personnel,travailleur social,f.a.-n.a.-f.o.-',0.16,True
Q37226,enseignant ou enseignante,enseignant,d.a.-f.a.-f.o.-',0.98,False
Q777952,instructeur,inspecteur,d.a.-k.a.-f.o.-',0.45,False
Q22813352,voyageur ou voyageuse,pourvoyeur,k.a.-f.a.-f.o.-',0.15,True
Q2873500,aventurier ou aventurière,ouvrier,m.a.-l.a.-f.o.-',0.25,True
Q30093123,enquêteur,acteur,s.a.-b.a.-f.o.-',0.29,True
Q15976341,slaviste,activiste,b.a.-k.a.-f.o.-',0.51,False
Q20778343,magistrat romain,écologiste,l.a.-f.a.-f.o.-',0.19,True
Q30185,maire,notaire,m.a.-t.a.-f.o.-',0.43,False
Q7501153,commerçant,comptable,b.a.-t.a.-f.o.-',0.25,True
Q831474,prêtre chrétien,ancêtre,t.a.-m.a.-f.o.-',0.43,False
Q182436,bibliothécaire,notaire,m.a.-t.a.-f.o.-',0.43,False
Q93918935,educational personnel,relation publique,l.a.-b.a.-f.o.-',0.25,True
Q109641311,musical instrument tuner,musicien,f.a.-b.a.-f.o.-',0.53,False
Q37226,enseignant ou enseignante,enseignant,d.a.-f.a.-f.o.-',0.98,False
Q214917,dramaturge,amant/e,b.a.-m.a.-f.o.-',0.18,True
Q36180,écrivain ou écrivaine,écologiste,l.a.-f.a.-f.o.-',0.11,True
Q3499072,chef cuisinier ou chef cuisinière,voisin,m.a.-k.a.-f.o.-',0.34,True
Q160131,boulanger ou boulangère,père,n.a.-m.a.-f.o.-',0.33,True
Q99398506,professeur de littérature,investisseur,t.a.-d.a.-f.o.-',0.31,True
Q1240788,patron,partenaire,m.a.-d.a.-f.o.-',0.15,True
Q327055,travailleur ou travailleuse,travailleur social,f.a.-n.a.-f.o.-',0.8,False
Q639669,musicien ou musicienne,musicien,f.a.-b.a.-f.o.-',0.98,False
Q36180,écrivain ou écrivaine,écologiste,l.a.-f.a.-f.o.-',0.11,True
Q4610556,mannequin,manager,l.a.-s.a.-f.o.-',0.32,True
Q384593,policier ou policière,policier,n.a.-l.a.-f.o.-',0.93,False
Q2066131,athlète,hôte,f.a.-k.a.-f.o.-',0.23,True
Q25447176,civil rights,citoyen,k.a.-k.a.-f.o.-',0.18,True
Q187916,sport hippique,transporteur,b.a.-l.a.-f.o.-',0.32,True
Q12713481,ouvrier,ouvrier,m.a.-l.a.-f.o.-',1.0,False
Q1229025,typographe,cartographe,l.a.-t.a.-f.o.-',0.7,False
Q15253558,militant ou militante,consultant,f.a.-s.a.-f.o.-',0.24,True
Q21993562,militant ou militante culturel,consultant,f.a.-s.a.-f.o.-',0.24,True
Q40348,avocat ou avocate,avocat,n.a.-t.a.-f.o.-',0.95,False
Q713200,artiste interprète,archiviste,t.a.-l.a.-f.o.-',0.33,True
Q1191714,col bleu,comptable,b.a.-t.a.-f.o.-',0.19,True
Q13235160,producteur,producteur,d.a.-b.a.-f.o.-',1.0,False
Q43845,personnalité du monde des affaires,fonctionnaire,t.a.-k.a.-f.o.-',0.24,True
Q11493441,significant other,enseignant,d.a.-f.a.-f.o.-',0.25,True
Q1294787,artisan,archiviste,t.a.-l.a.-f.o.-',0.12,True
Q13417114,maison noble,comptable,b.a.-t.a.-f.o.-',0.24,True
Q2478141,aristocrate,secouriste,f.a.-l.a.-f.o.-',0.27,True
Q6491450,intendant,aidant,m.a.-f.a.-f.o.-',0.41,False
Q45199,marin,manager,l.a.-s.a.-f.o.-',0.18,True
Q212238,fonctionnaire,fonctionnaire,t.a.-k.a.-f.o.-',1.0,False
Q1622272,professeur ou professeure d'université,investisseur,t.a.-d.a.-f.o.-',0.36,True
Q1622272,professeur ou professeure d'université,investisseur,t.a.-d.a.-f.o.-',0.36,True
Q110281945,professions intellectuelles et scientifiques,lecteur,b.a.-s.a.-f.o.-',0.17,True
Q55645123,prestataire de soins,notaire,m.a.-t.a.-f.o.-',0.36,True
Q18576582,métallurgiste,écologiste,l.a.-f.a.-f.o.-',0.43,False
Q838566,forgeron ou forgeronne,manager,l.a.-s.a.-f.o.-',0.13,True
Q15253558,militant ou militante,consultant,f.a.-s.a.-f.o.-',0.24,True
Q1162163,directeur ou directrice,lecteur,b.a.-s.a.-f.o.-',0.47,False
Q2996394,processus biologique,procureur,b.a.-n.a.-f.o.-',0.29,True
Q11398090,création,relation publique,l.a.-b.a.-f.o.-',0.43,False
Q212238,fonctionnaire,fonctionnaire,t.a.-k.a.-f.o.-',1.0,False
Q16324756,service worker,secrétaire,k.a.-t.a.-f.o.-',0.15,True
Q599151,haut fonctionnaire ou haute fonctionnaire,fonctionnaire,t.a.-k.a.-f.o.-',0.97,False
Q12358881,phycologue,psychologue,s.a.-f.a.-f.o.-',0.53,False
Q185351,juriste,secouriste,f.a.-l.a.-f.o.-',0.55,False
Q1294787,artisan,archiviste,t.a.-l.a.-f.o.-',0.12,True
Q24229398,agent,agent de,d.a.-l.a.-f.o.-',0.89,False
Q4164871,fonction,fonctionnaire,t.a.-k.a.-f.o.-',0.67,False
Q188094,économiste,écologiste,l.a.-f.a.-f.o.-',0.48,False
Q63378287,rights holder,psychologue,s.a.-f.a.-f.o.-',0.15,True
Q47541952,producteur ou productrice artistique,producteur,d.a.-b.a.-f.o.-',0.89,False
Q15978655,consultant ou consultante,consultant,f.a.-s.a.-f.o.-',0.98,False
Q2994387,conseiller ou conseillère,consultant,f.a.-s.a.-f.o.-',0.35,True
Q315247,étudiant ou étudiante à l'université,étudiant,d.a.-s.a.-f.o.-',0.97,False
Q2944360,centenaire,partenaire,m.a.-d.a.-f.o.-',0.64,False
Q182436,bibliothécaire,notaire,m.a.-t.a.-f.o.-',0.43,False
Q3455803,réalisateur ou réalisatrice,journaliste,n.a.-b.a.-f.o.-',0.26,True
Q7140620,partisan,partenaire,m.a.-d.a.-f.o.-',0.46,False
Q15253558,militant ou militante,consultant,f.a.-s.a.-f.o.-',0.24,True
Q11499147,militant ou militante politique,politicien,s.a.-k.a.-f.o.-',0.38,True
Q17125263,YouTubeur ou YouTubeuse,ouvrier,m.a.-l.a.-f.o.-',0.2,True
Q2045208,célébrité d'internet,inventeur,d.a.-d.a.-f.o.-',0.17,True
Q109459317,créateur ou créatrice de contenu,agent de,d.a.-l.a.-f.o.-',0.19,True
Q57414145,streameur,entrepreneur,l.a.-d.a.-f.o.-',0.22,True
Q5276395,gamer,mere,f.a.-m.a.-f.o.-',0.29,True
Q3486937,personnel médical,médiateur,m.a.-s.a.-f.o.-',0.45,False
Q3332438,médecin spécialiste,médecin,n.a.-f.a.-f.o.-',0.75,False
Q5422651,professionnel de la vue,agent de,d.a.-l.a.-f.o.-',0.24,True
Q104050289,prêtre occidental,ancêtre,t.a.-m.a.-f.o.-',0.43,False
Q1423891,ministre du culte,adulte,n.a.-s.a.-f.o.-',0.38,True
Q102040941,évêque protestant,consultant,f.a.-s.a.-f.o.-',0.27,True
Q104049627,western bishop,investisseur,t.a.-d.a.-f.o.-',0.15,True
Q120186900,Aglipayan clergyman,client,n.a.-d.a.-f.o.-',0.16,True
Q161944,diacre,diplomate,k.a.-s.a.-f.o.-',0.14,True
Q105169456,diacre occidental,diplomate,k.a.-s.a.-f.o.-',0.1,True
Q120186900,Aglipayan clergyman,client,n.a.-d.a.-f.o.-',0.16,True
Q41583,entraîneur sportif,entrepreneur,l.a.-d.a.-f.o.-',0.4,False
Q29881694,thérapeute alternatif,adulte,n.a.-s.a.-f.o.-',0.16,True
Q22082749,pseudo-scientifique,relation publique,l.a.-b.a.-f.o.-',0.28,True
Q1650915,chercheur ou chercheuse,archiviste,t.a.-l.a.-f.o.-',0.17,True
Q175151,imprimeur,acteur,s.a.-b.a.-f.o.-',0.28,True
Q1979607,financier,policier,n.a.-l.a.-f.o.-',0.39,True
Q81096,ingénieur ou ingénieure,inventeur,d.a.-d.a.-f.o.-',0.19,True
Q674426,conservateur ou conservatrice de musée,consultant,f.a.-s.a.-f.o.-',0.36,True
Q185351,juriste,secouriste,f.a.-l.a.-f.o.-',0.55,False
Q7140620,partisan,partenaire,m.a.-d.a.-f.o.-',0.46,False
Q15253558,militant ou militante,consultant,f.a.-s.a.-f.o.-',0.24,True
Q11499147,militant ou militante politique,politicien,s.a.-k.a.-f.o.-',0.38,True
Q1294787,artisan,archiviste,t.a.-l.a.-f.o.-',0.12,True
Q838566,forgeron ou forgeronne,manager,l.a.-s.a.-f.o.-',0.13,True
Q15980591,monteur d'acier,inventeur,d.a.-d.a.-f.o.-',0.33,True
Q582096,Compagnon,comptable,b.a.-t.a.-f.o.-',0.46,False
Q1028181,peintre,ancêtre,t.a.-m.a.-f.o.-',0.27,True
Q105186,pharmacien,pharmacien,t.a.-f.a.-f.o.-',1.0,False
Q12414919,terroriste,secouriste,f.a.-l.a.-f.o.-',0.45,False
Q12961474,anarchiste,archiviste,t.a.-l.a.-f.o.-',0.58,False
Q24293741,anarcho-syndicaliste,journaliste,n.a.-b.a.-f.o.-',0.39,True
Q1184268,délinquant,enfant,d.a.-m.a.-f.o.-',0.22,True
Q897438,délinquant,enfant,d.a.-m.a.-f.o.-',0.22,True
Q3242115,révolutionnaire,fonctionnaire,t.a.-k.a.-f.o.-',0.67,False
Q2159907,criminel ou criminelle,ouvrier,m.a.-l.a.-f.o.-',0.13,True
Q122167768,radical,traducteur,t.a.-s.a.-f.o.-',0.16,True
Q365461,tanneur,entrepreneur,l.a.-d.a.-f.o.-',0.31,True
Q848466,coursier,secouriste,f.a.-l.a.-f.o.-',0.23,True
Q108290773,hand and pedal vehicle drivers,vendeur,k.a.-d.a.-f.o.-',0.12,True
Q45787133,motard,notaire,m.a.-t.a.-f.o.-',0.26,True
Q254651,navigateur ou navigatrice,médiateur,m.a.-s.a.-f.o.-',0.36,True
Q45199,marin,manager,l.a.-s.a.-f.o.-',0.18,True
Q84380764,joueur de jeu de plateau,joueur,m.a.-b.a.-f.o.-',0.69,False
Q2066131,athlète,hôte,f.a.-k.a.-f.o.-',0.23,True
Q11538946,abstract game player,acteur,s.a.-b.a.-f.o.-',0.19,True
Q7358,clown,client,n.a.-d.a.-f.o.-',0.27,True
Q4915128,scientifique biomédical,relation publique,l.a.-b.a.-f.o.-',0.26,True
Q186360,infirmière ou infirmier,infirmier / soignant,b.a.-f.a.-f.o.-',0.69,False
Q49757,poète ou poétesse,policier,n.a.-l.a.-f.o.-',0.16,True
Q43845,personnalité du monde des affaires,fonctionnaire,t.a.-k.a.-f.o.-',0.24,True
Q6989196,direction d'orchestre,fonctionnaire,t.a.-k.a.-f.o.-',0.29,True
Q12094958,géophysicien ou géophysicienne,musicien,f.a.-b.a.-f.o.-',0.61,False
Q131512,agriculteur ou agricultrice,cultivateur / éleveur,f.a.-f.a.-f.o.-',0.27,True
Q838811,paysan,partenaire,m.a.-d.a.-f.o.-',0.21,True
Q205375,inventeur,inventeur,d.a.-d.a.-f.o.-',1.0,False
Q212980,psychologue,psychologue,s.a.-f.a.-f.o.-',1.0,False
Q82955,personnalité politique,politicien,s.a.-k.a.-f.o.-',0.51,False
Q4164871,fonction,fonctionnaire,t.a.-k.a.-f.o.-',0.67,False
Q175151,imprimeur,acteur,s.a.-b.a.-f.o.-',0.28,True
Q81096,ingénieur ou ingénieure,inventeur,d.a.-d.a.-f.o.-',0.19,True
Q2516866,éditeur ou éditrice,éditeur,t.a.-b.a.-f.o.-',0.93,False
Q183888,développeur ou développeuse,défendeur,l.a.-n.a.-f.o.-',0.24,True
Q22916729,technicien d'animations,technicien,f.a.-d.a.-f.o.-',0.86,False
Q1970438,exploitant,consultant,f.a.-s.a.-f.o.-',0.35,True
Q37226,enseignant ou enseignante,enseignant,d.a.-f.a.-f.o.-',0.98,False
Q3691017,scénario,acteurs sociaux,M:M:.a.-M:M:.a.-f.o.-',0.0,True
Q2137554,régie,réformateur,n.a.-k.a.-f.o.-',0.15,True
Q1283397,gemcutter,ouvrier,m.a.-l.a.-f.o.-',0.17,True
Q132050,gouverneur,entrepreneur,l.a.-d.a.-f.o.-',0.31,True
Q5322166,designer,agent de,d.a.-l.a.-f.o.-',0.18,True
Q42973,architecte,archiviste,t.a.-l.a.-f.o.-',0.53,False
Q1240788,patron,partenaire,m.a.-d.a.-f.o.-',0.15,True
Q47064,militaire,publicitaire,b.a.-d.a.-f.o.-',0.47,False
Q1251441,responsable,comptable,b.a.-t.a.-f.o.-',0.4,False
Q12737077,activité,activiste,b.a.-k.a.-f.o.-',0.74,False
Q4002666,médecin militaire,médecin,n.a.-f.a.-f.o.-',0.76,False
Q11424604,géoscientifique,relation publique,l.a.-b.a.-f.o.-',0.3,True
Q169470,physicien ou physicienne,musicien,f.a.-b.a.-f.o.-',0.62,False
Q520549,géologue,psychologue,s.a.-f.a.-f.o.-',0.62,False
Q185351,juriste,secouriste,f.a.-l.a.-f.o.-',0.55,False
Q49757,poète ou poétesse,policier,n.a.-l.a.-f.o.-',0.16,True
Q116,monarque,relation publique,l.a.-b.a.-f.o.-',0.27,True
Q8441,homme,acteurs sociaux,M:M:.a.-M:M:.a.-f.o.-',0.0,True
Q978044,cadre dirigeant ou cadre dirigeante,enfant,d.a.-m.a.-f.o.-',0.13,True
Q19940089,directeur délégué,lecteur,b.a.-s.a.-f.o.-',0.51,False
Q2628227,docteur ès sciences,acteur,s.a.-b.a.-f.o.-',0.51,False
Q520549,géologue,psychologue,s.a.-f.a.-f.o.-',0.62,False
Q66035178,travailleur du textile,travailleur social,f.a.-n.a.-f.o.-',0.79,False
Q11190,médecine,médecin,n.a.-f.a.-f.o.-',0.92,False
Q864503,biologiste,écologiste,l.a.-f.a.-f.o.-',0.79,False
Q9385011,neurochirurgien,musicien,f.a.-b.a.-f.o.-',0.17,True
Q19842050,chirurgien pédiatrique,médiateur,m.a.-s.a.-f.o.-',0.37,True
Q1055894,député,défendeur,l.a.-n.a.-f.o.-',0.22,True
Q6671777,structure,assureur,f.a.-t.a.-f.o.-',0.14,True
Q36180,écrivain ou écrivaine,écologiste,l.a.-f.a.-f.o.-',0.11,True
Q380782,commandant en chef,aidant,m.a.-f.a.-f.o.-',0.38,True
Q3415837,rab,acteurs sociaux,M:M:.a.-M:M:.a.-f.o.-',0.0,True
Q1278335,instrumentiste,activiste,b.a.-k.a.-f.o.-',0.25,True
Q639669,musicien ou musicienne,musicien,f.a.-b.a.-f.o.-',0.98,False
Q114414171,para-athlete,partenaire,m.a.-d.a.-f.o.-',0.33,True
Q13382566,céiste,activiste,b.a.-k.a.-f.o.-',0.42,False
Q3400985,universitaire,publicitaire,b.a.-d.a.-f.o.-',0.56,False
Q37226,enseignant ou enseignante,enseignant,d.a.-f.a.-f.o.-',0.98,False
Q33231,photographe,cartographe,l.a.-t.a.-f.o.-',0.75,False
Q3391743,artiste visuel ou artiste visuelle,archiviste,t.a.-l.a.-f.o.-',0.36,True
Q48767789,Bossierer,mere,f.a.-m.a.-f.o.-',0.25,True
Q215627,personne,fonctionnaire,t.a.-k.a.-f.o.-',0.18,True
Q1294787,artisan,archiviste,t.a.-l.a.-f.o.-',0.12,True
Q16532929,administrateur,médiateur,m.a.-s.a.-f.o.-',0.31,True
Q87736953,échevin,écologiste,l.a.-f.a.-f.o.-',0.16,True
Q99603787,muletier,ouvrier,m.a.-l.a.-f.o.-',0.23,True
Q1251687,chef de mission diplomatique,diplomate,k.a.-s.a.-f.o.-',0.66,False
Q15217354,plénipotentiaire,partenaire,m.a.-d.a.-f.o.-',0.41,False
Q4164871,fonction,fonctionnaire,t.a.-k.a.-f.o.-',0.67,False
Q1221060,service occupation,relation publique,l.a.-b.a.-f.o.-',0.44,False
Q56148021,transportation occupation,transporteur,b.a.-l.a.-f.o.-',0.52,False
Q109968673,drivers of animal-drawn vehicles and machinery,ancêtre,t.a.-m.a.-f.o.-',0.15,True
Q1001045,Nobilitas,notaire,m.a.-t.a.-f.o.-',0.13,True
Q843601,science de la santé,agent de,d.a.-l.a.-f.o.-',0.35,True
Q1294787,artisan,archiviste,t.a.-l.a.-f.o.-',0.12,True
Q3391743,artiste visuel ou artiste visuelle,archiviste,t.a.-l.a.-f.o.-',0.36,True
Q98552221,plasticien,politicien,s.a.-k.a.-f.o.-',0.56,False
Q177220,chanteur ou chanteuse,inventeur,d.a.-d.a.-f.o.-',0.43,False
Q81096,ingénieur ou ingénieure,inventeur,d.a.-d.a.-f.o.-',0.19,True
Q108289382,electrotechnology engineers,technicien,f.a.-d.a.-f.o.-',0.35,True
Q33394058,travailleur manuel,travailleur social,f.a.-n.a.-f.o.-',0.74,False
Q2914170,artiste de rue,archiviste,t.a.-l.a.-f.o.-',0.29,True
Q177220,chanteur ou chanteuse,inventeur,d.a.-d.a.-f.o.-',0.43,False
Q105898711,zoologiste des vertébrés,écologiste,l.a.-f.a.-f.o.-',0.74,False
Q212980,psychologue,psychologue,s.a.-f.a.-f.o.-',1.0,False
Q112114257,operations researcher,relation publique,l.a.-b.a.-f.o.-',0.31,True
Q1184268,délinquant,enfant,d.a.-m.a.-f.o.-',0.22,True
Q1234713,théologien ou théologienne,écologiste,l.a.-f.a.-f.o.-',0.44,False
Q37226,enseignant ou enseignante,enseignant,d.a.-f.a.-f.o.-',0.98,False
Q1231865,pédagogue,psychologue,s.a.-f.a.-f.o.-',0.44,False
Q189533,grade universitaire,publicitaire,b.a.-d.a.-f.o.-',0.49,False
Q23015928,diplôme de deuxième cycle,diplomate,k.a.-s.a.-f.o.-',0.34,True
Q188094,économiste,écologiste,l.a.-f.a.-f.o.-',0.48,False
Q1231865,pédagogue,psychologue,s.a.-f.a.-f.o.-',0.44,False
Q7019111,travailleur social,travailleur social,f.a.-n.a.-f.o.-',1.0,False
Q189533,grade universitaire,publicitaire,b.a.-d.a.-f.o.-',0.49,False
Q16060693,conservationniste,consultant,f.a.-s.a.-f.o.-',0.26,True
Q33999,acteur ou actrice,acteur,s.a.-b.a.-f.o.-',0.91,False
Q2487799,mycologue,psychologue,s.a.-f.a.-f.o.-',0.55,False
Q15401884,chercheur médical,médiateur,m.a.-s.a.-f.o.-',0.51,False
Q212980,psychologue,psychologue,s.a.-f.a.-f.o.-',1.0,False
Q12737077,activité,activiste,b.a.-k.a.-f.o.-',0.74,False
Q10349748,commercial pilot,travailleur social,f.a.-n.a.-f.o.-',0.28,True
Q1125062,rebelle,bénévole,m.a.-n.a.-f.o.-',0.11,True
Q177220,chanteur ou chanteuse,inventeur,d.a.-d.a.-f.o.-',0.43,False
Q108290599,pre-press technicians,technicien,f.a.-d.a.-f.o.-',0.73,False
Q122926321,nature recordist,secouriste,f.a.-l.a.-f.o.-',0.17,True
Q27148032,sound recordist,secouriste,f.a.-l.a.-f.o.-',0.18,True
Q215627,personne,fonctionnaire,t.a.-k.a.-f.o.-',0.18,True
Q1294787,artisan,archiviste,t.a.-l.a.-f.o.-',0.12,True
Q2306091,sociologue,psychologue,s.a.-f.a.-f.o.-',0.52,False
Q2066131,athlète,hôte,f.a.-k.a.-f.o.-',0.23,True
Q18536342,joueur professionnel ou joueuse professionnelle,joueur,m.a.-b.a.-f.o.-',0.75,False
Q45996,mystique,relation publique,l.a.-b.a.-f.o.-',0.35,True
Q108487806,Jewish theology,écologiste,l.a.-f.a.-f.o.-',0.32,True
Q12409136,Jewish mysticism,politicien,s.a.-k.a.-f.o.-',0.26,True
Q48296,téfiline,témoin,d.a.-n.a.-f.o.-',0.18,True
Q685433,vendeur ou vendeuse,vendeur,k.a.-d.a.-f.o.-',0.96,False
Q285759,courtier d'assurances,assureur,f.a.-t.a.-f.o.-',0.4,False
Q2095549,aviateur ou aviatrice,médiateur,m.a.-s.a.-f.o.-',0.45,False
Q901,scientifique,relation publique,l.a.-b.a.-f.o.-',0.3,True
Q326358,menuisier,mentor,s.a.-d.a.-f.o.-',0.32,True
Q19382184,ébéniste,activiste,b.a.-k.a.-f.o.-',0.37,True
Q154549,charpentier,ouvrier,m.a.-l.a.-f.o.-',0.21,True
Q497240,maître de cérémonie,agent de,d.a.-l.a.-f.o.-',0.29,True
Q18242306,négociant,étudiant,d.a.-s.a.-f.o.-',0.39,True
Q25616474,musicien d'un instrument de la famille des bois,musicien,f.a.-b.a.-f.o.-',0.63,False
Q10509151,maître d'école élémentaire,notaire,m.a.-t.a.-f.o.-',0.36,True
Q486839,parlementaire,notaire,m.a.-t.a.-f.o.-',0.44,False
Q465501,cascadeur ou cascadeuse,vendeur,k.a.-d.a.-f.o.-',0.32,True
Q19831149,théoricien ou théoricienne du complot,musicien,f.a.-b.a.-f.o.-',0.42,False
Q37226,enseignant ou enseignante,enseignant,d.a.-f.a.-f.o.-',0.98,False
Q15319501,chercheur ou chercheuse en sciences sociales,travailleur social,f.a.-n.a.-f.o.-',0.4,False
Q15995642,chef religieux,relation publique,l.a.-b.a.-f.o.-',0.24,True
Q1993358,administrateur apostolique,relation publique,l.a.-b.a.-f.o.-',0.36,True
Q250867,prêtre catholique,relation publique,l.a.-b.a.-f.o.-',0.32,True
Q106968578,diocesan clergyman,client,n.a.-d.a.-f.o.-',0.16,True
Q42603,prêtre,ancêtre,t.a.-m.a.-f.o.-',0.52,False
Q2138822,clerc régulier,familier,m.a.-m.a.-f.o.-',0.39,True
Q974144,éducateur ou éducatrice,éditeur,t.a.-b.a.-f.o.-',0.24,True
Q105200154,clerc catholique romain,relation publique,l.a.-b.a.-f.o.-',0.35,True
Q20826540,érudit,éditeur,t.a.-b.a.-f.o.-',0.19,True
Q4178004,attaché de presse,agent de,d.a.-l.a.-f.o.-',0.33,True
Q42603,prêtre,ancêtre,t.a.-m.a.-f.o.-',0.52,False
Q13615267,informer collaborator,informaticien,s.a.-t.a.-f.o.-',0.48,False
Q1294787,artisan,archiviste,t.a.-l.a.-f.o.-',0.12,True
Q1397808,résistant ou résistante,consultant,f.a.-s.a.-f.o.-',0.31,True
Q3014296,pilote de moto,agent de,d.a.-l.a.-f.o.-',0.37,True
Q30339659,motorsports competitor,comptable,b.a.-t.a.-f.o.-',0.28,True
Q4504549,religieux,relation publique,l.a.-b.a.-f.o.-',0.24,True
Q384593,policier ou policière,policier,n.a.-l.a.-f.o.-',0.93,False
Q245068,humoriste,secouriste,f.a.-l.a.-f.o.-',0.52,False
Q2705098,tarento,mentor,s.a.-d.a.-f.o.-',0.36,True
Q36180,écrivain ou écrivaine,écologiste,l.a.-f.a.-f.o.-',0.11,True
Q482980,auteur ou autrice,auteur,b.a.-b.a.-f.o.-',0.92,False
Q1549283,propriétaire terrien,secrétaire,k.a.-t.a.-f.o.-',0.4,False
Q12794619,propriétaire de biens,secrétaire,k.a.-t.a.-f.o.-',0.46,False
Q1511216,courtisan,secouriste,f.a.-l.a.-f.o.-',0.26,True
Q327055,travailleur ou travailleuse,travailleur social,f.a.-n.a.-f.o.-',0.8,False
Q108289052,"manœuvres de l’agriculture, de la pêche et de la sylviculture",agent de,d.a.-l.a.-f.o.-',0.34,True
Q4421,forêt,fondateur,t.a.-t.a.-f.o.-',0.15,True
Q131524,entrepreneur ou entrepreneuse,entrepreneur,l.a.-d.a.-f.o.-',0.98,False
Q1318187,écrivain public,publicitaire,b.a.-d.a.-f.o.-',0.53,False
Q172964,gardien de but,agent de,d.a.-l.a.-f.o.-',0.36,True
Q1051798,commissaire aux comptes,comptable,b.a.-t.a.-f.o.-',0.47,False
Q83307,ministre,ancêtre,t.a.-m.a.-f.o.-',0.33,True
Q4270517,skieur ou skieuse,ouvrier,m.a.-l.a.-f.o.-',0.2,True
Q30892161,sports promoter,transporteur,b.a.-l.a.-f.o.-',0.37,True
Q177220,chanteur ou chanteuse,inventeur,d.a.-d.a.-f.o.-',0.43,False
Q15995642,chef religieux,relation publique,l.a.-b.a.-f.o.-',0.24,True
Q19829980,scientifique des religions,relation publique,l.a.-b.a.-f.o.-',0.39,True
Q15319501,chercheur ou chercheuse en sciences sociales,travailleur social,f.a.-n.a.-f.o.-',0.4,False
Q1414443,cinéaste,activiste,b.a.-k.a.-f.o.-',0.2,True
Q11814411,documentariste,secouriste,f.a.-l.a.-f.o.-',0.42,False
Q2526255,réalisateur ou réalisatrice,journaliste,n.a.-b.a.-f.o.-',0.26,True
Q3282637,producteur ou productrice de cinéma,producteur,d.a.-b.a.-f.o.-',0.92,False
Q182436,bibliothécaire,notaire,m.a.-t.a.-f.o.-',0.43,False
Q19693316,intervenant d'urgence,enseignant,d.a.-f.a.-f.o.-',0.28,True
Q123521161,rescueman,manager,l.a.-s.a.-f.o.-',0.15,True
Q6060450,parachutiste,activiste,b.a.-k.a.-f.o.-',0.29,True
Q13472752,valet,acteurs sociaux,M:M:.a.-M:M:.a.-f.o.-',0.0,True
Q73267024,annonceur sportif,transporteur,b.a.-l.a.-f.o.-',0.39,True
Q7334758,ring announcer,ancêtre,t.a.-m.a.-f.o.-',0.15,True
Q123523208,professional wrestling announcer,procureur,b.a.-n.a.-f.o.-',0.18,True
Q5403434,éthicien ou éthicienne,musicien,f.a.-b.a.-f.o.-',0.45,False
Q15976092,chercheur ou chercheuse en intelligence artificielle,officier,l.a.-k.a.-f.o.-',0.25,True
Q2374149,botaniste,activiste,b.a.-k.a.-f.o.-',0.33,True
Q855091,guitariste,secouriste,f.a.-l.a.-f.o.-',0.41,False
Q584301,bassiste,activiste,b.a.-k.a.-f.o.-',0.33,True
Q901,scientifique,relation publique,l.a.-b.a.-f.o.-',0.3,True
Q4887411,bienfaiteur ou bienfaitrice,enfant,d.a.-m.a.-f.o.-',0.37,True
Q611644,évêque catholique,relation publique,l.a.-b.a.-f.o.-',0.4,False
Q102039658,évêque catholique romain,relation publique,l.a.-b.a.-f.o.-',0.38,True
Q1144278,évêque diocésain,relation publique,l.a.-b.a.-f.o.-',0.21,True
Q13426709,suffragant,enfant,d.a.-m.a.-f.o.-',0.34,True
Q1638918,ordinaire,partenaire,m.a.-d.a.-f.o.-',0.5,False
Q98084799,photographe professionnel,cartographe,l.a.-t.a.-f.o.-',0.65,False
Q437512,tisserand,investisseur,t.a.-d.a.-f.o.-',0.42,False
Q27978698,lutteur,acteur,s.a.-b.a.-f.o.-',0.43,False
Q1251687,chef de mission diplomatique,diplomate,k.a.-s.a.-f.o.-',0.66,False
Q99318874,haut-commissaire,notaire,m.a.-t.a.-f.o.-',0.35,True
Q121998,ambassadeur ou ambassadrice,vendeur,k.a.-d.a.-f.o.-',0.24,True
Q4958876,doyen,citoyen,k.a.-k.a.-f.o.-',0.56,False
Q11424604,géoscientifique,relation publique,l.a.-b.a.-f.o.-',0.3,True
Q105200214,clerc catholique,relation publique,l.a.-b.a.-f.o.-',0.38,True
Q81096,ingénieur ou ingénieure,inventeur,d.a.-d.a.-f.o.-',0.19,True
Q25829748,cuivriste,secouriste,f.a.-l.a.-f.o.-',0.45,False
Q901,scientifique,relation publique,l.a.-b.a.-f.o.-',0.3,True
Q55737401,théologien chrétien,écologiste,l.a.-f.a.-f.o.-',0.31,True
Q36180,écrivain ou écrivaine,écologiste,l.a.-f.a.-f.o.-',0.11,True
Q17291399,membre d'équipe de cinéma,agent de,d.a.-l.a.-f.o.-',0.29,True
Q2707485,scénographe,cartographe,l.a.-t.a.-f.o.-',0.7,False
Q15319501,chercheur ou chercheuse en sciences sociales,travailleur social,f.a.-n.a.-f.o.-',0.4,False
Q18805,naturaliste,journaliste,n.a.-b.a.-f.o.-',0.59,False
Q15401884,chercheur médical,médiateur,m.a.-s.a.-f.o.-',0.51,False
Q104176943,military scientist,familier,m.a.-m.a.-f.o.-',0.22,True
Q819677,guide de haute montagne,guide spirituel,n.a.-n.a.-f.o.-',0.47,False
Q2066131,athlète,hôte,f.a.-k.a.-f.o.-',0.23,True
Q45199,marin,manager,l.a.-s.a.-f.o.-',0.18,True
Q10527030,humaniste,activiste,b.a.-k.a.-f.o.-',0.38,True
Q483501,artiste,archiviste,t.a.-l.a.-f.o.-',0.36,True
Q482980,auteur ou autrice,auteur,b.a.-b.a.-f.o.-',0.92,False
Q58968,intellectuel ou intellectuelle,lecteur,b.a.-s.a.-f.o.-',0.25,True
Q2462658,manager,manager,l.a.-s.a.-f.o.-',1.0,False
Q1863288,work colleague,psychologue,s.a.-f.a.-f.o.-',0.21,True
Q6136036,survivant,enfant,d.a.-m.a.-f.o.-',0.19,True
Q2026714,victime du régime nazi,réformateur,n.a.-k.a.-f.o.-',0.13,True
Q187157,témoin contemporain,témoin,d.a.-n.a.-f.o.-',0.86,False
Q46076028,victime de crime de guerre,guerrier,l.a.-l.a.-f.o.-',0.44,False
Q337979,sport de puissance,transporteur,b.a.-l.a.-f.o.-',0.32,True
Q133485,rabbin,voisin,m.a.-k.a.-f.o.-',0.22,True
Q918824,aumônier militaire,publicitaire,b.a.-d.a.-f.o.-',0.43,False
Q209572,service militaire,publicitaire,b.a.-d.a.-f.o.-',0.45,False
Q2159907,criminel ou criminelle,ouvrier,m.a.-l.a.-f.o.-',0.13,True
Q11499147,militant ou militante politique,politicien,s.a.-k.a.-f.o.-',0.38,True
Q104080200,extrémiste,activiste,b.a.-k.a.-f.o.-',0.42,False
Q15253558,militant ou militante,consultant,f.a.-s.a.-f.o.-',0.24,True
Q1184268,délinquant,enfant,d.a.-m.a.-f.o.-',0.22,True
Q897438,délinquant,enfant,d.a.-m.a.-f.o.-',0.22,True
Q122167768,radical,traducteur,t.a.-s.a.-f.o.-',0.16,True
Q599151,haut fonctionnaire ou haute fonctionnaire,fonctionnaire,t.a.-k.a.-f.o.-',0.97,False
Q9794,reggae,relation publique,l.a.-b.a.-f.o.-',0.16,True
Q395,mathématiques,informaticien,s.a.-t.a.-f.o.-',0.21,True
Q2888028,First Order of Saint Francis,officier,l.a.-k.a.-f.o.-',0.14,True
Q17135920,expert interdisciplinaire d'une région géographique,cartographe,l.a.-t.a.-f.o.-',0.31,True
Q13418253,philologue,psychologue,s.a.-f.a.-f.o.-',0.46,False
Q100253449,Southeast Asianist,assureur,f.a.-t.a.-f.o.-',0.13,True
Q1190123,gouverneur romain,entrepreneur,l.a.-d.a.-f.o.-',0.26,True
Q212238,fonctionnaire,fonctionnaire,t.a.-k.a.-f.o.-',1.0,False
Q1414937,combattant,consultant,f.a.-s.a.-f.o.-',0.39,True
Q215627,personne,fonctionnaire,t.a.-k.a.-f.o.-',0.18,True
Q39631,médecin,médecin,n.a.-f.a.-f.o.-',1.0,False
Q12737077,activité,activiste,b.a.-k.a.-f.o.-',0.74,False
Q4164871,fonction,fonctionnaire,t.a.-k.a.-f.o.-',0.67,False
Q193391,diplomate,diplomate,k.a.-s.a.-f.o.-',1.0,False
Q1162163,directeur ou directrice,lecteur,b.a.-s.a.-f.o.-',0.47,False
Q11997597,représentant,consultant,f.a.-s.a.-f.o.-',0.28,True
Q110304307,œuvre d'art visuelle à deux dimensions,agent de,d.a.-l.a.-f.o.-',0.07,True
Q107435521,record,secouriste,f.a.-l.a.-f.o.-',0.15,True
Q478798,image,agent de,d.a.-l.a.-f.o.-',0.25,True
Q2431196,œuvre audiovisuelle,auteur,b.a.-b.a.-f.o.-',0.12,True
Q60614978,distributeur,auteur,b.a.-b.a.-f.o.-',0.56,False
Q1331793,entreprise médiatique,médiateur,m.a.-s.a.-f.o.-',0.47,False
Q10774753,performeur,réformateur,n.a.-k.a.-f.o.-',0.37,True
Q10384150,transformiste,transporteur,b.a.-l.a.-f.o.-',0.4,False
Q1370540,Akyn,acteurs sociaux,M:M:.a.-M:M:.a.-f.o.-',0.0,True
Q488205,auteur-compositeur-interprète ou autrice-compositrice-interprète,auteur,b.a.-b.a.-f.o.-',0.64,False
Q1932461,migrant,enfant,d.a.-m.a.-f.o.-',0.22,True
Q15995642,chef religieux,relation publique,l.a.-b.a.-f.o.-',0.24,True
Q105275968,clerc musulman,musicien,f.a.-b.a.-f.o.-',0.3,True
Q83307,ministre,ancêtre,t.a.-m.a.-f.o.-',0.33,True
Q1097498,dirigeant,enfant,d.a.-m.a.-f.o.-',0.22,True
Q6337803,neurobiologiste,écologiste,l.a.-f.a.-f.o.-',0.74,False
Q14467526,linguiste,activiste,b.a.-k.a.-f.o.-',0.37,True
Q138858,personne du monde du divertissement,investisseur,t.a.-d.a.-f.o.-',0.29,True
Q8125919,conseiller politique,politicien,s.a.-k.a.-f.o.-',0.44,False
Q158950,sous-officier,officier,l.a.-k.a.-f.o.-',0.89,False
Q50616117,gouverneur provincial de Corée du Sud,travailleur social,f.a.-n.a.-f.o.-',0.25,True
Q488980,Ministry of Patriots' and Veterans' Affairs,transporteur,b.a.-l.a.-f.o.-',0.19,True
Q7330070,ministre des Affaires étrangères,notaire,m.a.-t.a.-f.o.-',0.18,True
Q391009,ordre religieux catholique,relation publique,l.a.-b.a.-f.o.-',0.45,False
Q16332653,phénomène météorologique,écologiste,l.a.-f.a.-f.o.-',0.32,True
Q1150070,changement,mentor,s.a.-d.a.-f.o.-',0.35,True
Q1097498,dirigeant,enfant,d.a.-m.a.-f.o.-',0.22,True
Q108289363,membres des corps législatifs et cadres supérieurs de l’administration publique,relation publique,l.a.-b.a.-f.o.-',0.6,False
Q1278335,instrumentiste,activiste,b.a.-k.a.-f.o.-',0.25,True
Q16258947,fonctionnaire,fonctionnaire,t.a.-k.a.-f.o.-',1.0,False
Q43035,électrotechnique,technicien,f.a.-d.a.-f.o.-',0.42,False
Q1970438,exploitant,consultant,f.a.-s.a.-f.o.-',0.35,True
Q154954,personne physique,relation publique,l.a.-b.a.-f.o.-',0.33,True
Q11900058,explorateur ou exploratrice,médiateur,m.a.-s.a.-f.o.-',0.25,True
Q4991371,soldat,avocat,n.a.-t.a.-f.o.-',0.16,True
Q11974939,professionnel ou professionnelle de la santé,procureur,b.a.-n.a.-f.o.-',0.21,True
Q15980804,professionnel des médias,médiateur,m.a.-s.a.-f.o.-',0.5,False
Q17291399,membre d'équipe de cinéma,agent de,d.a.-l.a.-f.o.-',0.29,True
Q11631,astronaute,auteur,b.a.-b.a.-f.o.-',0.44,False
Q1104153,chanoine,témoin,d.a.-n.a.-f.o.-',0.26,True
Q215627,personne,fonctionnaire,t.a.-k.a.-f.o.-',0.18,True
Q227675,élevage sélectif des animaux,cultivateur / éleveur,f.a.-f.a.-f.o.-',0.26,True
Q80962,élevage,cultivateur / éleveur,f.a.-f.a.-f.o.-',0.36,True
Q901,scientifique,relation publique,l.a.-b.a.-f.o.-',0.3,True
Q182436,bibliothécaire,notaire,m.a.-t.a.-f.o.-',0.43,False
Q42603,prêtre,ancêtre,t.a.-m.a.-f.o.-',0.52,False
Q1622272,professeur ou professeure d'université,investisseur,t.a.-d.a.-f.o.-',0.36,True
Q5428874,personnel académique,relation publique,l.a.-b.a.-f.o.-',0.31,True
Q1569495,chargé ou chargée de cours,agent de,d.a.-l.a.-f.o.-',0.2,True
Q83307,ministre,ancêtre,t.a.-m.a.-f.o.-',0.33,True
Q11042,culture,cultivateur / éleveur,f.a.-f.a.-f.o.-',0.34,True
Q8187769,activité économique,activiste,b.a.-k.a.-f.o.-',0.54,False
Q13427002,lubie,acteurs sociaux,M:M:.a.-M:M:.a.-f.o.-',0.0,True
Q639669,musicien ou musicienne,musicien,f.a.-b.a.-f.o.-',0.98,False
Q16335296,profession historique,relation publique,l.a.-b.a.-f.o.-',0.38,True
Q2493023,vil métier,ouvrier,m.a.-l.a.-f.o.-',0.24,True
Q101084010,folk musician,musicien,f.a.-b.a.-f.o.-',0.74,False
Q618779,distinction,fonctionnaire,t.a.-k.a.-f.o.-',0.4,False
Q216353,titre de civilité,agent de,d.a.-l.a.-f.o.-',0.26,True
Q1441305,signe clinique,relation publique,l.a.-b.a.-f.o.-',0.29,True
Q54926352,signes et symptômes digestifs,investisseur,t.a.-d.a.-f.o.-',0.21,True
Q779939,expulsion,relation publique,l.a.-b.a.-f.o.-',0.27,True
Q1191714,col bleu,comptable,b.a.-t.a.-f.o.-',0.19,True
Q703534,salarié,allié,l.a.-m.a.-f.o.-',0.29,True
Q5,être humain,ancêtre,t.a.-m.a.-f.o.-',0.52,False
Q7140620,partisan,partenaire,m.a.-d.a.-f.o.-',0.46,False
Q121122151,jewish extremist,ancêtre,t.a.-m.a.-f.o.-',0.17,True
Q11499147,militant ou militante politique,politicien,s.a.-k.a.-f.o.-',0.38,True
Q1371914,soliste,journaliste,n.a.-b.a.-f.o.-',0.44,False
Q8242,littérature,politicien,s.a.-k.a.-f.o.-',0.14,True
Q7539371,littérature slave,politicien,s.a.-k.a.-f.o.-',0.12,True
Q18245166,étudiant de troisième cycle,étudiant,d.a.-s.a.-f.o.-',0.85,False
Q381160,expert,acteurs sociaux,M:M:.a.-M:M:.a.-f.o.-',0.0,True
Q499094,propriété personnelle,procureur,b.a.-n.a.-f.o.-',0.24,True
Q1862087,prisonnier ou prisonnière,père,n.a.-m.a.-f.o.-',0.2,True
Q2424752,produit,producteur,d.a.-b.a.-f.o.-',0.66,False
Q864503,biologiste,écologiste,l.a.-f.a.-f.o.-',0.79,False
Q47090899,professionnel des musées,musicien,f.a.-b.a.-f.o.-',0.23,True
Q639669,musicien ou musicienne,musicien,f.a.-b.a.-f.o.-',0.98,False
Q160117,courtier,secouriste,f.a.-l.a.-f.o.-',0.25,True
Q6673651,homme de lettres,agent de,d.a.-l.a.-f.o.-',0.36,True
Q3778211,personnalité juridique,juré,k.a.-n.a.-f.o.-',0.23,True
Q108305399,painters and related workers,relation publique,l.a.-b.a.-f.o.-',0.34,True
Q288728,peintre en bâtiment,entrepreneur,l.a.-d.a.-f.o.-',0.25,True
Q1278335,instrumentiste,activiste,b.a.-k.a.-f.o.-',0.25,True
Q4351403,percussionniste,activiste,b.a.-k.a.-f.o.-',0.31,True
Q1423891,ministre du culte,adulte,n.a.-s.a.-f.o.-',0.38,True
Q99530891,archdeacon,archiviste,t.a.-l.a.-f.o.-',0.44,False
Q22082749,pseudo-scientifique,relation publique,l.a.-b.a.-f.o.-',0.28,True
Q25616474,musicien d'un instrument de la famille des bois,musicien,f.a.-b.a.-f.o.-',0.63,False
Q11513337,athlète,hôte,f.a.-k.a.-f.o.-',0.23,True
Q18931911,théoricien ou théoricienne,musicien,f.a.-b.a.-f.o.-',0.51,False
Q1028181,peintre,ancêtre,t.a.-m.a.-f.o.-',0.27,True
Q81096,ingénieur ou ingénieure,inventeur,d.a.-d.a.-f.o.-',0.19,True
Q3391743,artiste visuel ou artiste visuelle,archiviste,t.a.-l.a.-f.o.-',0.36,True
Q98552221,plasticien,politicien,s.a.-k.a.-f.o.-',0.56,False
Q1294787,artisan,archiviste,t.a.-l.a.-f.o.-',0.12,True
Q34178,théologie,écologiste,l.a.-f.a.-f.o.-',0.48,False
Q294414,fonction publique,relation publique,l.a.-b.a.-f.o.-',0.63,False
Q599151,haut fonctionnaire ou haute fonctionnaire,fonctionnaire,t.a.-k.a.-f.o.-',0.97,False
Q1294787,artisan,archiviste,t.a.-l.a.-f.o.-',0.12,True
Q2066131,athlète,hôte,f.a.-k.a.-f.o.-',0.23,True
Q18536342,joueur professionnel ou joueuse professionnelle,joueur,m.a.-b.a.-f.o.-',0.75,False
Q1278335,instrumentiste,activiste,b.a.-k.a.-f.o.-',0.25,True
Q2309621,Meister,activiste,b.a.-k.a.-f.o.-',0.23,True
Q1294787,artisan,archiviste,t.a.-l.a.-f.o.-',0.12,True
Q82955,personnalité politique,politicien,s.a.-k.a.-f.o.-',0.51,False
Q371909,préfet,précurseur,s.a.-n.a.-f.o.-',0.26,True
Q28503751,speaker,spectateur,k.a.-b.a.-f.o.-',0.34,True
Q40348,avocat ou avocate,avocat,n.a.-t.a.-f.o.-',0.95,False
Q185351,juriste,secouriste,f.a.-l.a.-f.o.-',0.55,False
Q42603,prêtre,ancêtre,t.a.-m.a.-f.o.-',0.52,False
Q3125101,tribunal de première instance,père,n.a.-m.a.-f.o.-',0.21,True
Q91187063,moine orthodoxe,témoin,d.a.-n.a.-f.o.-',0.39,True
Q19340487,prêtre orthodoxe,ancêtre,t.a.-m.a.-f.o.-',0.48,False
Q2248623,étudiant,étudiant,d.a.-s.a.-f.o.-',1.0,False
Q201788,historien ou historienne,ouvrier,m.a.-l.a.-f.o.-',0.18,True
Q13418253,philologue,psychologue,s.a.-f.a.-f.o.-',0.46,False
Q17166634,hagiographe,cartographe,l.a.-t.a.-f.o.-',0.7,False
Q25616474,musicien d'un instrument de la famille des bois,musicien,f.a.-b.a.-f.o.-',0.63,False
Q1278335,instrumentiste,activiste,b.a.-k.a.-f.o.-',0.25,True
Q482980,auteur ou autrice,auteur,b.a.-b.a.-f.o.-',0.92,False
Q21185790,exégète,hôte,f.a.-k.a.-f.o.-',0.23,True
Q1479527,justice environnementale,mentor,s.a.-d.a.-f.o.-',0.24,True
Q212238,fonctionnaire,fonctionnaire,t.a.-k.a.-f.o.-',1.0,False
Q49757,poète ou poétesse,policier,n.a.-l.a.-f.o.-',0.16,True
Q17221,porte-parole,transporteur,b.a.-l.a.-f.o.-',0.35,True
Q1198887,directeur musical ou directrice musicale,musicien,f.a.-b.a.-f.o.-',0.6,False
Q355493,musicien d'église,musicien,f.a.-b.a.-f.o.-',0.97,False
Q3320743,titre honorifique,relation publique,l.a.-b.a.-f.o.-',0.32,True
Q483501,artiste,archiviste,t.a.-l.a.-f.o.-',0.36,True
Q2500638,créateur ou créatrice,médiateur,m.a.-s.a.-f.o.-',0.25,True
Q2588761,travailleur qualifié ou travailleuse qualifiée,travailleur social,f.a.-n.a.-f.o.-',0.78,False
Q3630699,concepteur ou conceptrice de jeu,consultant,f.a.-s.a.-f.o.-',0.25,True
Q1424605,opérateur de marché,agent de,d.a.-l.a.-f.o.-',0.25,True
Q11499147,militant ou militante politique,politicien,s.a.-k.a.-f.o.-',0.38,True
Q121092921,extrémiste de gauche,activiste,b.a.-k.a.-f.o.-',0.29,True
Q104080200,extrémiste,activiste,b.a.-k.a.-f.o.-',0.42,False
Q13582652,ingénieur civil,inventeur,d.a.-d.a.-f.o.-',0.16,True
Q4964182,philosophe,philosophe,s.a.-s.a.-f.o.-',1.0,False
Q3455803,réalisateur ou réalisatrice,journaliste,n.a.-b.a.-f.o.-',0.26,True
Q4660927,voice director,mentor,s.a.-d.a.-f.o.-',0.27,True
Q45199,marin,manager,l.a.-s.a.-f.o.-',0.18,True
Q47064,militaire,publicitaire,b.a.-d.a.-f.o.-',0.47,False
Q202648,arbitre sportif ou arbitre sportive,transporteur,b.a.-l.a.-f.o.-',0.35,True
Q29584790,Conseil de gestion,consultant,f.a.-s.a.-f.o.-',0.26,True
Q63769412,conseil,consultant,f.a.-s.a.-f.o.-',0.39,True
Q1826286,mouvement religieux,mentor,s.a.-d.a.-f.o.-',0.23,True
Q3706689,intercultural dialogue,psychologue,s.a.-f.a.-f.o.-',0.39,True
Q639669,musicien ou musicienne,musicien,f.a.-b.a.-f.o.-',0.98,False
Q2914170,artiste de rue,archiviste,t.a.-l.a.-f.o.-',0.29,True
Q33999,acteur ou actrice,acteur,s.a.-b.a.-f.o.-',0.91,False
Q937283,pionnier,fonctionnaire,t.a.-k.a.-f.o.-',0.24,True
Q215627,personne,fonctionnaire,t.a.-k.a.-f.o.-',0.18,True
Q108289423,sales and purchasing agents and brokers,agent de,d.a.-l.a.-f.o.-',0.57,False
Q1415187,agent économique,agent de,d.a.-l.a.-f.o.-',0.64,False
Q1686000,partie,partenaire,m.a.-d.a.-f.o.-',0.5,False
Q639669,musicien ou musicienne,musicien,f.a.-b.a.-f.o.-',0.98,False
Q212238,fonctionnaire,fonctionnaire,t.a.-k.a.-f.o.-',1.0,False
Q221488,piéton,relation publique,l.a.-b.a.-f.o.-',0.16,True
Q2500638,créateur ou créatrice,médiateur,m.a.-s.a.-f.o.-',0.25,True
Q2462658,manager,manager,l.a.-s.a.-f.o.-',1.0,False
Q4504549,religieux,relation publique,l.a.-b.a.-f.o.-',0.24,True
Q787557,saxhorn,acteurs sociaux,M:M:.a.-M:M:.a.-f.o.-',0.0,True
Q29881373,ensemble musical composé uniquement de chanteurs,musicien,f.a.-b.a.-f.o.-',0.33,True
Q985394,éditeur,éditeur,t.a.-b.a.-f.o.-',1.0,False
Q166142,application,relation publique,l.a.-b.a.-f.o.-',0.42,False
Q7128792,sport de combat,transporteur,b.a.-l.a.-f.o.-',0.31,True
Q42486,lutte,hôte,f.a.-k.a.-f.o.-',0.23,True
Q173799,divertissement,investisseur,t.a.-d.a.-f.o.-',0.34,True
Q639669,musicien ou musicienne,musicien,f.a.-b.a.-f.o.-',0.98,False
Q2066131,athlète,hôte,f.a.-k.a.-f.o.-',0.23,True
Q18536342,joueur professionnel ou joueuse professionnelle,joueur,m.a.-b.a.-f.o.-',0.75,False
Q2405480,acteur ou actrice de doublage,acteur,s.a.-b.a.-f.o.-',0.8,False
Q19261760,profession agricole,bénévole,m.a.-n.a.-f.o.-',0.2,True
Q108290536,field crop and vegetable growers,comptable,b.a.-t.a.-f.o.-',0.53,False
Q43845,personnalité du monde des affaires,fonctionnaire,t.a.-k.a.-f.o.-',0.24,True
Q706601,personnes déplacées,défendeur,l.a.-n.a.-f.o.-',0.16,True
Q11625076,hanshi,transporteur,b.a.-l.a.-f.o.-',0.19,True
Q3332438,médecin spécialiste,médecin,n.a.-f.a.-f.o.-',0.75,False
Q108286992,business and administration professionals,relation publique,l.a.-b.a.-f.o.-',0.33,True
Q15903946,jiangjun,étudiant,d.a.-s.a.-f.o.-',0.23,True
Q2285706,chef de gouvernement,agent de,d.a.-l.a.-f.o.-',0.46,False
Q1251441,responsable,comptable,b.a.-t.a.-f.o.-',0.4,False
Q499134,copiste,activiste,b.a.-k.a.-f.o.-',0.38,True
Q2024200,télégraphiste,cartographe,l.a.-t.a.-f.o.-',0.31,True
Q2085381,maison d'édition,relation publique,l.a.-b.a.-f.o.-',0.28,True
Q19914236,maraîcher,manager,l.a.-s.a.-f.o.-',0.29,True
Q14085739,voile,voisin,m.a.-k.a.-f.o.-',0.4,False
Q1097498,dirigeant,enfant,d.a.-m.a.-f.o.-',0.22,True
Q2462658,manager,manager,l.a.-s.a.-f.o.-',1.0,False
Q943995,impresario,entrepreneur,l.a.-d.a.-f.o.-',0.18,True
Q1731155,orientaliste,journaliste,n.a.-b.a.-f.o.-',0.52,False
Q2066131,athlète,hôte,f.a.-k.a.-f.o.-',0.23,True
Q18536342,joueur professionnel ou joueuse professionnelle,joueur,m.a.-b.a.-f.o.-',0.75,False
Q4175034,législateur ou législatrice,législateur,t.a.-n.a.-f.o.-',0.96,False
Q17279032,charge élective,lecteur,b.a.-s.a.-f.o.-',0.26,True
Q215627,personne,fonctionnaire,t.a.-k.a.-f.o.-',0.18,True
Q28640,profession,procureur,b.a.-n.a.-f.o.-',0.24,True
Q41583,entraîneur sportif,entrepreneur,l.a.-d.a.-f.o.-',0.4,False
Q1930187,journaliste,journaliste,n.a.-b.a.-f.o.-',1.0,False
Q50995749,personnalité liée au sport,transporteur,b.a.-l.a.-f.o.-',0.29,True
Q6051619,publiciste,publicitaire,b.a.-d.a.-f.o.-',0.61,False
Q9394993,patineur ou patineuse sur glace,entrepreneur,l.a.-d.a.-f.o.-',0.22,True
Q1278335,instrumentiste,activiste,b.a.-k.a.-f.o.-',0.25,True
Q193432,fan,enfant,d.a.-m.a.-f.o.-',0.19,True
Q242468,tailleur ou tailleuse,travailleur social,f.a.-n.a.-f.o.-',0.52,False
Q5322166,designer,agent de,d.a.-l.a.-f.o.-',0.18,True
Q124734,rébellion,relation publique,l.a.-b.a.-f.o.-',0.21,True
Q13420330,prestataire,notaire,m.a.-t.a.-f.o.-',0.48,False
Q151197,ingénieur militaire,publicitaire,b.a.-d.a.-f.o.-',0.45,False
Q1416259,psychothérapie corporelle,psychologue,s.a.-f.a.-f.o.-',0.53,False
Q838202,expressive therapy,cartographe,l.a.-t.a.-f.o.-',0.13,True
Q165029,électricien,musicien,f.a.-b.a.-f.o.-',0.37,True
Q108290640,"pelt dressers, tanners and fellmongers",acteurs sociaux,M:M:.a.-M:M:.a.-f.o.-',0.13,True
Q365461,tanneur,entrepreneur,l.a.-d.a.-f.o.-',0.31,True
Q81096,ingénieur ou ingénieure,inventeur,d.a.-d.a.-f.o.-',0.19,True
Q2588761,travailleur qualifié ou travailleuse qualifiée,travailleur social,f.a.-n.a.-f.o.-',0.78,False
Q108289382,electrotechnology engineers,technicien,f.a.-d.a.-f.o.-',0.35,True
Q5352191,technicien ou technicienne,technicien,f.a.-d.a.-f.o.-',0.99,False
Q1278335,instrumentiste,activiste,b.a.-k.a.-f.o.-',0.25,True
Q33999,acteur ou actrice,acteur,s.a.-b.a.-f.o.-',0.91,False
Q5352191,technicien ou technicienne,technicien,f.a.-d.a.-f.o.-',0.99,False
Q16688120,crime against life,agent de,d.a.-l.a.-f.o.-',0.19,True
Q149086,homicide,guide spirituel,n.a.-n.a.-f.o.-',0.26,True
Q855919,mort non naturelle,relation publique,l.a.-b.a.-f.o.-',0.12,True
Q83267,crime,acteurs sociaux,M:M:.a.-M:M:.a.-f.o.-',0.0,True
Q1689296,calamité,familier,m.a.-m.a.-f.o.-',0.16,True
Q327055,travailleur ou travailleuse,travailleur social,f.a.-n.a.-f.o.-',0.8,False
Q337902,notation navale,notaire,m.a.-t.a.-f.o.-',0.38,True
Q226008,idole japonaise,bénévole,m.a.-n.a.-f.o.-',0.32,True
Q3286043,mannequin de charme,agent de,d.a.-l.a.-f.o.-',0.24,True
Q2732142,statisticien ou statisticienne,politicien,s.a.-k.a.-f.o.-',0.44,False
Q15319501,chercheur ou chercheuse en sciences sociales,travailleur social,f.a.-n.a.-f.o.-',0.4,False
Q12771457,methodologist,écologiste,l.a.-f.a.-f.o.-',0.65,False
Q12271,architecture,archiviste,t.a.-l.a.-f.o.-',0.52,False
Q2133309,décorateur d'intérieur,médiateur,m.a.-s.a.-f.o.-',0.31,True
Q2994387,conseiller ou conseillère,consultant,f.a.-s.a.-f.o.-',0.35,True
Q5164608,consultor,consultant,f.a.-s.a.-f.o.-',0.69,False
Q2798820,pirate en sécurité informatique,informaticien,s.a.-t.a.-f.o.-',0.61,False
Q1938980,contrevenant ou contrevenante,consultant,f.a.-s.a.-f.o.-',0.22,True
Q1368409,éleveur,cultivateur / éleveur,f.a.-f.a.-f.o.-',0.64,False
Q15995642,chef religieux,relation publique,l.a.-b.a.-f.o.-',0.24,True
Q586277,degré,juré,k.a.-n.a.-f.o.-',0.24,True
Q41583,entraîneur sportif,entrepreneur,l.a.-d.a.-f.o.-',0.4,False
Q11569986,graveur ou graveuse d'estampes,cultivateur / éleveur,f.a.-f.a.-f.o.-',0.2,True
Q311396,gardien de prison,agent de,d.a.-l.a.-f.o.-',0.29,True
Q115472199,warden,musicien,f.a.-b.a.-f.o.-',0.18,True
Q7623231,homme ou femme forte,transporteur,b.a.-l.a.-f.o.-',0.22,True
Q11513337,athlète,hôte,f.a.-k.a.-f.o.-',0.23,True
Q2730732,cavalier,familier,m.a.-m.a.-f.o.-',0.36,True
Q16947675,gymnaste,activiste,b.a.-k.a.-f.o.-',0.29,True
Q11513337,athlète,hôte,f.a.-k.a.-f.o.-',0.23,True
Q12803959,coureur à pied,assureur,f.a.-t.a.-f.o.-',0.44,False
Q2066131,athlète,hôte,f.a.-k.a.-f.o.-',0.23,True
Q11513337,athlète,hôte,f.a.-k.a.-f.o.-',0.23,True
Q202648,arbitre sportif ou arbitre sportive,transporteur,b.a.-l.a.-f.o.-',0.35,True
Q2066131,athlète,hôte,f.a.-k.a.-f.o.-',0.23,True
Q4439155,coureur de fond,fondateur,t.a.-t.a.-f.o.-',0.35,True
Q2066131,athlète,hôte,f.a.-k.a.-f.o.-',0.23,True
Q2066131,athlète,hôte,f.a.-k.a.-f.o.-',0.23,True
Q18536342,joueur professionnel ou joueuse professionnelle,joueur,m.a.-b.a.-f.o.-',0.75,False
Q2066131,athlète,hôte,f.a.-k.a.-f.o.-',0.23,True
Q2066131,athlète,hôte,f.a.-k.a.-f.o.-',0.23,True
Q26270618,avironneur,entrepreneur,l.a.-d.a.-f.o.-',0.28,True
Q2066131,athlète,hôte,f.a.-k.a.-f.o.-',0.23,True
Q2891167,batelier,familier,m.a.-m.a.-f.o.-',0.41,False
Q113510260,skieur ou skieuse nordique,relation publique,l.a.-b.a.-f.o.-',0.28,True
Q113510260,skieur ou skieuse nordique,relation publique,l.a.-b.a.-f.o.-',0.28,True
Q113510260,skieur ou skieuse nordique,relation publique,l.a.-b.a.-f.o.-',0.28,True
Q11900058,explorateur ou exploratrice,médiateur,m.a.-s.a.-f.o.-',0.25,True
Q901402,géographe,cartographe,l.a.-t.a.-f.o.-',0.7,False
Q20965770,pratiquant de sports d'hiver,transporteur,b.a.-l.a.-f.o.-',0.3,True
Q20965770,pratiquant de sports d'hiver,transporteur,b.a.-l.a.-f.o.-',0.3,True
Q4991371,soldat,avocat,n.a.-t.a.-f.o.-',0.16,True
Q20965770,pratiquant de sports d'hiver,transporteur,b.a.-l.a.-f.o.-',0.3,True
Q2066131,athlète,hôte,f.a.-k.a.-f.o.-',0.23,True
Q18536342,joueur professionnel ou joueuse professionnelle,joueur,m.a.-b.a.-f.o.-',0.75,False
Q28640,profession,procureur,b.a.-n.a.-f.o.-',0.24,True
Q49757,poète ou poétesse,policier,n.a.-l.a.-f.o.-',0.16,True
Q177220,chanteur ou chanteuse,inventeur,d.a.-d.a.-f.o.-',0.43,False
Q753110,auteur-compositeur ou autrice-compositrice,auteur,b.a.-b.a.-f.o.-',0.72,False
Q40348,avocat ou avocate,avocat,n.a.-t.a.-f.o.-',0.95,False
Q4991371,soldat,avocat,n.a.-t.a.-f.o.-',0.16,True
Q2072298,recruteur,auteur,b.a.-b.a.-f.o.-',0.54,False
Q517596,mécanisme,médiateur,m.a.-s.a.-f.o.-',0.22,True
Q43845,personnalité du monde des affaires,fonctionnaire,t.a.-k.a.-f.o.-',0.24,True
Q5978719,Diplom,diplomate,k.a.-s.a.-f.o.-',0.73,False
Q811122,travailleur de la construction,travailleur social,f.a.-n.a.-f.o.-',0.63,False
Q2462658,manager,manager,l.a.-s.a.-f.o.-',1.0,False
Q81096,ingénieur ou ingénieure,inventeur,d.a.-d.a.-f.o.-',0.19,True
Q42973,architecte,archiviste,t.a.-l.a.-f.o.-',0.53,False
Q76771889,maître,ancêtre,t.a.-m.a.-f.o.-',0.3,True
Q42603,prêtre,ancêtre,t.a.-m.a.-f.o.-',0.52,False
Q3409375,prêtre anglican,ancêtre,t.a.-m.a.-f.o.-',0.54,False
Q2066131,athlète,hôte,f.a.-k.a.-f.o.-',0.23,True
Q18536342,joueur professionnel ou joueuse professionnelle,joueur,m.a.-b.a.-f.o.-',0.75,False
Q2066131,athlète,hôte,f.a.-k.a.-f.o.-',0.23,True
Q18536342,joueur professionnel ou joueuse professionnelle,joueur,m.a.-b.a.-f.o.-',0.75,False
Q520549,géologue,psychologue,s.a.-f.a.-f.o.-',0.62,False
Q15401884,chercheur médical,médiateur,m.a.-s.a.-f.o.-',0.51,False
Q16727193,scientifique de l'esprit,agent de,d.a.-l.a.-f.o.-',0.26,True
Q974144,éducateur ou éducatrice,éditeur,t.a.-b.a.-f.o.-',0.24,True
Q381160,expert,acteurs sociaux,M:M:.a.-M:M:.a.-f.o.-',0.0,True
Q108290300,agricultural and forestry production managers,manager,l.a.-s.a.-f.o.-',0.52,False
Q55982999,pastoralist,journaliste,n.a.-b.a.-f.o.-',0.39,True
Q84271380,livestock farmer,investisseur,t.a.-d.a.-f.o.-',0.22,True
Q753110,auteur-compositeur ou autrice-compositrice,auteur,b.a.-b.a.-f.o.-',0.72,False
Q24262594,écrivain religieux,relation publique,l.a.-b.a.-f.o.-',0.17,True
Q49757,poète ou poétesse,policier,n.a.-l.a.-f.o.-',0.16,True
Q822146,parolier ou parolière,partenaire,m.a.-d.a.-f.o.-',0.28,True
Q3779582,microbiologiste,écologiste,l.a.-f.a.-f.o.-',0.79,False
Q3368718,pathologiste,écologiste,l.a.-f.a.-f.o.-',0.7,False
Q38142,samouraï,secouriste,f.a.-l.a.-f.o.-',0.18,True
Q486839,parlementaire,notaire,m.a.-t.a.-f.o.-',0.44,False
Q160117,courtier,secouriste,f.a.-l.a.-f.o.-',0.25,True
Q1650915,chercheur ou chercheuse,archiviste,t.a.-l.a.-f.o.-',0.17,True
Q245068,humoriste,secouriste,f.a.-l.a.-f.o.-',0.52,False
Q2066131,athlète,hôte,f.a.-k.a.-f.o.-',0.23,True
Q11513337,athlète,hôte,f.a.-k.a.-f.o.-',0.23,True
Q54128,domestique,relation publique,l.a.-b.a.-f.o.-',0.31,True
Q19631939,court rank,secouriste,f.a.-l.a.-f.o.-',0.26,True
Q138858,personne du monde du divertissement,investisseur,t.a.-d.a.-f.o.-',0.29,True
Q27978698,lutteur,acteur,s.a.-b.a.-f.o.-',0.43,False
Q306093,exploitation minière,relation publique,l.a.-b.a.-f.o.-',0.36,True
Q10843872,procédé,procureur,b.a.-n.a.-f.o.-',0.53,False
Q12089268,extraction de pétrole brut et de gaz naturel,agent de,d.a.-l.a.-f.o.-',0.29,True
Q43115,saint ou sainte,ouvrier,m.a.-l.a.-f.o.-',0.15,True
Q6430706,critique,relation publique,l.a.-b.a.-f.o.-',0.33,True
Q20669622,journaliste musical,journaliste,n.a.-b.a.-f.o.-',0.85,False
Q201788,historien ou historienne,ouvrier,m.a.-l.a.-f.o.-',0.18,True
Q110042402,ancient Near Eastern scholar,client,n.a.-d.a.-f.o.-',0.35,True
Q15936497,africaniste,activiste,b.a.-k.a.-f.o.-',0.42,False
Q3621491,archéologue,psychologue,s.a.-f.a.-f.o.-',0.5,False
Q83307,ministre,ancêtre,t.a.-m.a.-f.o.-',0.33,True
Q681842,emergency services personnel,mere,f.a.-m.a.-f.o.-',0.16,True
Q2551394,société de secours en mer,secouriste,f.a.-l.a.-f.o.-',0.45,False
Q7574898,organisme spécialisé chargé de l'application de la loi,agent de,d.a.-l.a.-f.o.-',0.29,True
Q781132,arme,archiviste,t.a.-l.a.-f.o.-',0.15,True
Q189290,officier,officier,l.a.-k.a.-f.o.-',1.0,False
Q548320,frère,frère/socur,k.a.-m.a.-f.o.-',0.52,False
Q733786,moine ou moniale,témoin,d.a.-n.a.-f.o.-',0.32,True
Q16824629,brother,ouvrier,m.a.-l.a.-f.o.-',0.17,True
Q599151,haut fonctionnaire ou haute fonctionnaire,fonctionnaire,t.a.-k.a.-f.o.-',0.97,False
Q16474031,président de tribunal,agent de,d.a.-l.a.-f.o.-',0.38,True
Q2066131,athlète,hôte,f.a.-k.a.-f.o.-',0.23,True
Q201788,historien ou historienne,ouvrier,m.a.-l.a.-f.o.-',0.18,True
Q17167049,spécialiste de la littérature,journaliste,n.a.-b.a.-f.o.-',0.43,False
Q2066131,athlète,hôte,f.a.-k.a.-f.o.-',0.23,True
Q81096,ingénieur ou ingénieure,inventeur,d.a.-d.a.-f.o.-',0.19,True
Q108289381,engineering professionals (excluding electrotechnology),technicien,f.a.-d.a.-f.o.-',0.3,True
Q2500638,créateur ou créatrice,médiateur,m.a.-s.a.-f.o.-',0.25,True
Q16961937,modérateur ou modératrice de débat,agent de,d.a.-l.a.-f.o.-',0.26,True
Q55071047,auxiliaire de santé,notaire,m.a.-t.a.-f.o.-',0.29,True
Q1575252,Handwerkschirurg,archiviste,t.a.-l.a.-f.o.-',0.21,True
Q186360,infirmière ou infirmier,infirmier / soignant,b.a.-f.a.-f.o.-',0.69,False
Q30185,maire,notaire,m.a.-t.a.-f.o.-',0.43,False
Q2285706,chef de gouvernement,agent de,d.a.-l.a.-f.o.-',0.46,False
Q23833126,ministre-président,client,n.a.-d.a.-f.o.-',0.23,True
Q110038490,modern philologist,écologiste,l.a.-f.a.-f.o.-',0.5,False
Q81752537,professorat,procureur,b.a.-n.a.-f.o.-',0.3,True
Q3332438,médecin spécialiste,médecin,n.a.-f.a.-f.o.-',0.75,False
Q17291399,membre d'équipe de cinéma,agent de,d.a.-l.a.-f.o.-',0.29,True
Q3523102,source d'information,informaticien,s.a.-t.a.-f.o.-',0.6,False
Q24760463,confidente,inventeur,d.a.-d.a.-f.o.-',0.22,True
Q99247352,exécutif d'une commune polonaise,policier,n.a.-l.a.-f.o.-',0.21,True
Q1250916,guerrier,guerrier,l.a.-l.a.-f.o.-',1.0,False
Q2730732,cavalier,familier,m.a.-m.a.-f.o.-',0.36,True
Q1714828,chasseur ou chasseresse,investisseur,t.a.-d.a.-f.o.-',0.34,True
Q4129937,sexton,secrétaire,k.a.-t.a.-f.o.-',0.13,True
Q2986228,commentateur sportif,spectateur,k.a.-b.a.-f.o.-',0.36,True
Q116763437,person associated with football,acteurs sociaux,M:M:.a.-M:M:.a.-f.o.-',0.25,True
Q19261760,profession agricole,bénévole,m.a.-n.a.-f.o.-',0.2,True
Q177220,chanteur ou chanteuse,inventeur,d.a.-d.a.-f.o.-',0.43,False
Q639669,musicien ou musicienne,musicien,f.a.-b.a.-f.o.-',0.98,False
Q675316,héritier,ouvrier,m.a.-l.a.-f.o.-',0.2,True
Q755070,narrateur,médiateur,m.a.-s.a.-f.o.-',0.41,False
Q15319501,chercheur ou chercheuse en sciences sociales,travailleur social,f.a.-n.a.-f.o.-',0.4,False
Q4773904,anthropologue,psychologue,s.a.-f.a.-f.o.-',0.56,False
Q1294787,artisan,archiviste,t.a.-l.a.-f.o.-',0.12,True
Q2588761,travailleur qualifié ou travailleuse qualifiée,travailleur social,f.a.-n.a.-f.o.-',0.78,False
Q639669,musicien ou musicienne,musicien,f.a.-b.a.-f.o.-',0.98,False
Q1165112,singleton,voisin,m.a.-k.a.-f.o.-',0.18,True
Q15980804,professionnel des médias,médiateur,m.a.-s.a.-f.o.-',0.5,False
Q11513337,athlète,hôte,f.a.-k.a.-f.o.-',0.23,True
Q1364673,indicateur,innovateur,s.a.-l.a.-f.o.-',0.33,True
Q53829839,soprano d'enfant,enfant,d.a.-m.a.-f.o.-',0.79,False
Q17172850,voix,voisin,m.a.-k.a.-f.o.-',0.45,False
Q7406919,service,secrétaire,k.a.-t.a.-f.o.-',0.19,True
Q81096,ingénieur ou ingénieure,inventeur,d.a.-d.a.-f.o.-',0.19,True
Q189290,officier,officier,l.a.-k.a.-f.o.-',1.0,False
Q938236,panel,partenaire,m.a.-d.a.-f.o.-',0.15,True
Q11513337,athlète,hôte,f.a.-k.a.-f.o.-',0.23,True
Q11513337,athlète,hôte,f.a.-k.a.-f.o.-',0.23,True
Q11513337,athlète,hôte,f.a.-k.a.-f.o.-',0.23,True
Q17221,porte-parole,transporteur,b.a.-l.a.-f.o.-',0.35,True
Q713200,artiste interprète,archiviste,t.a.-l.a.-f.o.-',0.33,True
Q544178,attaché,acteurs sociaux,M:M:.a.-M:M:.a.-f.o.-',0.0,True
Q1257466,avocat spécialisé,avocat,n.a.-t.a.-f.o.-',0.83,False
Q1257466,avocat spécialisé,avocat,n.a.-t.a.-f.o.-',0.83,False
Q1257466,avocat spécialisé,avocat,n.a.-t.a.-f.o.-',0.83,False
Q1257466,avocat spécialisé,avocat,n.a.-t.a.-f.o.-',0.83,False
Q82594,informaticien ou informaticienne,informaticien,s.a.-t.a.-f.o.-',0.99,False
Q215627,personne,fonctionnaire,t.a.-k.a.-f.o.-',0.18,True
Q215627,personne,fonctionnaire,t.a.-k.a.-f.o.-',0.18,True
Q108290738,lifting truck operator,mentor,s.a.-d.a.-f.o.-',0.41,False
Q37226,enseignant ou enseignante,enseignant,d.a.-f.a.-f.o.-',0.98,False
Q7063944,cheminot,notaire,m.a.-t.a.-f.o.-',0.26,True
Q43683884,transport clerk,transporteur,b.a.-l.a.-f.o.-',0.84,False
Q902378,sport équestre,transporteur,b.a.-l.a.-f.o.-',0.34,True
Q2304859,souverain,ouvrier,m.a.-l.a.-f.o.-',0.16,True
Q186360,infirmière ou infirmier,infirmier / soignant,b.a.-f.a.-f.o.-',0.69,False
Q2462658,manager,manager,l.a.-s.a.-f.o.-',1.0,False
Q172331,liturgie,politicien,s.a.-k.a.-f.o.-',0.15,True
Q15407657,laïcat,avocat,n.a.-t.a.-f.o.-',0.45,False
Q212238,fonctionnaire,fonctionnaire,t.a.-k.a.-f.o.-',1.0,False
Q57735705,personnalité liée au droit,journaliste,n.a.-b.a.-f.o.-',0.19,True
Q11499147,militant ou militante politique,politicien,s.a.-k.a.-f.o.-',0.38,True
Q1125062,rebelle,bénévole,m.a.-n.a.-f.o.-',0.11,True
Q42603,prêtre,ancêtre,t.a.-m.a.-f.o.-',0.52,False
Q16631188,fonction militaire,fonctionnaire,t.a.-k.a.-f.o.-',0.63,False
Q132050,gouverneur,entrepreneur,l.a.-d.a.-f.o.-',0.31,True
Q695521,chasseur professionnel,investisseur,t.a.-d.a.-f.o.-',0.31,True
Q189290,officier,officier,l.a.-k.a.-f.o.-',1.0,False
Q1251441,responsable,comptable,b.a.-t.a.-f.o.-',0.4,False
Q1622272,professeur ou professeure d'université,investisseur,t.a.-d.a.-f.o.-',0.36,True
Q46961,gangster,activiste,b.a.-k.a.-f.o.-',0.13,True
Q4164871,fonction,fonctionnaire,t.a.-k.a.-f.o.-',0.67,False
Q9200127,membre,mere,f.a.-m.a.-f.o.-',0.4,False
Q212624,légat,législateur,t.a.-n.a.-f.o.-',0.31,True
Q25713832,dirigeant ou dirigeante,enfant,d.a.-m.a.-f.o.-',0.15,True
Q13415036,joueur de rugby,joueur,m.a.-b.a.-f.o.-',0.9,False
Q1097498,dirigeant,enfant,d.a.-m.a.-f.o.-',0.22,True
Q16744001,noble,comptable,b.a.-t.a.-f.o.-',0.3,True
Q1549283,propriétaire terrien,secrétaire,k.a.-t.a.-f.o.-',0.4,False
Q189459,ouléma,ouvrier,m.a.-l.a.-f.o.-',0.25,True
Q185351,juriste,secouriste,f.a.-l.a.-f.o.-',0.55,False
Q18244,fürst,acteurs sociaux,M:M:.a.-M:M:.a.-f.o.-',0.0,True
Q136822,enseignement supérieur,enseignant,d.a.-f.a.-f.o.-',0.69,False
Q189533,grade universitaire,publicitaire,b.a.-d.a.-f.o.-',0.49,False
Q12902372,flûtiste,activiste,b.a.-k.a.-f.o.-',0.37,True
Q639669,musicien ou musicienne,musicien,f.a.-b.a.-f.o.-',0.98,False
Q121998,ambassadeur ou ambassadrice,vendeur,k.a.-d.a.-f.o.-',0.24,True
Q2066131,athlète,hôte,f.a.-k.a.-f.o.-',0.23,True
Q18536342,joueur professionnel ou joueuse professionnelle,joueur,m.a.-b.a.-f.o.-',0.75,False
Q193432,fan,enfant,d.a.-m.a.-f.o.-',0.19,True
Q108290602,print finishing and binding workers,ancêtre,t.a.-m.a.-f.o.-',0.12,True
Q1184268,délinquant,enfant,d.a.-m.a.-f.o.-',0.22,True
Q17379560,transformiste,transporteur,b.a.-l.a.-f.o.-',0.4,False
Q5179781,vacher,ouvrier,m.a.-l.a.-f.o.-',0.17,True
Q12184432,verrier,guerrier,l.a.-l.a.-f.o.-',0.7,False
Q483501,artiste,archiviste,t.a.-l.a.-f.o.-',0.36,True
Q2526255,réalisateur ou réalisatrice,journaliste,n.a.-b.a.-f.o.-',0.26,True
Q3391743,artiste visuel ou artiste visuelle,archiviste,t.a.-l.a.-f.o.-',0.36,True
Q215627,personne,fonctionnaire,t.a.-k.a.-f.o.-',0.18,True
Q36834,compositeur ou compositrice,comptable,b.a.-t.a.-f.o.-',0.45,False
Q34388953,film people,bénévole,m.a.-n.a.-f.o.-',0.2,True
Q24229398,agent,agent de,d.a.-l.a.-f.o.-',0.89,False
Q12569864,entité économique,relation publique,l.a.-b.a.-f.o.-',0.26,True
Q2526255,réalisateur ou réalisatrice,journaliste,n.a.-b.a.-f.o.-',0.26,True
Q20481199,coordinateur,médiateur,m.a.-s.a.-f.o.-',0.36,True
Q1970438,exploitant,consultant,f.a.-s.a.-f.o.-',0.35,True
Q33999,acteur ou actrice,acteur,s.a.-b.a.-f.o.-',0.91,False
Q215627,personne,fonctionnaire,t.a.-k.a.-f.o.-',0.18,True
Q1979607,financier,policier,n.a.-l.a.-f.o.-',0.39,True
Q485178,analyste,journaliste,n.a.-b.a.-f.o.-',0.24,True
Q108286983,métier de la finance,agent de,d.a.-l.a.-f.o.-',0.29,True
Q108290441,office supervisors,officier,l.a.-k.a.-f.o.-',0.65,False
Q703534,salarié,allié,l.a.-m.a.-f.o.-',0.29,True
Q7019111,travailleur social,travailleur social,f.a.-n.a.-f.o.-',1.0,False
Q8434,éducation,relation publique,l.a.-b.a.-f.o.-',0.4,False
Q975085,école primaire,écologiste,l.a.-f.a.-f.o.-',0.34,True
Q29182,évêque,relation publique,l.a.-b.a.-f.o.-',0.27,True
Q88206817,responsable marketing,comptable,b.a.-t.a.-f.o.-',0.38,True
Q183888,développeur ou développeuse,défendeur,l.a.-n.a.-f.o.-',0.24,True
Q170774,miracle,bénévole,m.a.-n.a.-f.o.-',0.2,True
Q1581290,guérison,secouriste,f.a.-l.a.-f.o.-',0.12,True
Q73470155,thérapie spirituelle,guide spirituel,n.a.-n.a.-f.o.-',0.72,False
Q2728698,croyance religieuse,relation publique,l.a.-b.a.-f.o.-',0.24,True
Q131524,entrepreneur ou entrepreneuse,entrepreneur,l.a.-d.a.-f.o.-',0.98,False
Q212238,fonctionnaire,fonctionnaire,t.a.-k.a.-f.o.-',1.0,False
Q14212,Premier ou Première ministre,père,n.a.-m.a.-f.o.-',0.22,True
Q1544356,grands officiers d'État,officier,l.a.-k.a.-f.o.-',0.81,False
Q2285706,chef de gouvernement,agent de,d.a.-l.a.-f.o.-',0.46,False
Q83307,ministre,ancêtre,t.a.-m.a.-f.o.-',0.33,True
Q895526,organe,acteurs sociaux,M:M:.a.-M:M:.a.-f.o.-',0.0,True
Q7330070,ministre des Affaires étrangères,notaire,m.a.-t.a.-f.o.-',0.18,True
Q736559,secrétaire d'État,secrétaire,k.a.-t.a.-f.o.-',0.95,False
Q786820,constructeur automobile,auteur,b.a.-b.a.-f.o.-',0.35,True
Q844586,gentry,agent de,d.a.-l.a.-f.o.-',0.33,True
Q105200223,clerc chrétien,client,n.a.-d.a.-f.o.-',0.22,True
Q3315492,ministère ecclésiastique,relation publique,l.a.-b.a.-f.o.-',0.29,True
Q48282,étudiant ou étudiante,étudiant,d.a.-s.a.-f.o.-',0.97,False
Q215536,commerçant,comptable,b.a.-t.a.-f.o.-',0.25,True
Q3704253,trader,traducteur,t.a.-s.a.-f.o.-',0.5,False
Q165029,électricien,musicien,f.a.-b.a.-f.o.-',0.37,True
Q12834857,entraînement en force,entrepreneur,l.a.-d.a.-f.o.-',0.31,True
Q294414,fonction publique,relation publique,l.a.-b.a.-f.o.-',0.63,False
Q4201315,agent étranger,agent de,d.a.-l.a.-f.o.-',0.71,False
Q13747838,traître,ancêtre,t.a.-m.a.-f.o.-',0.26,True
Q63307578,colonialist,journaliste,n.a.-b.a.-f.o.-',0.34,True
Q15710804,structure artificielle,officier,l.a.-k.a.-f.o.-',0.34,True
Q1076486,installation sportive,relation publique,l.a.-b.a.-f.o.-',0.38,True
Q1493881,guarantor,mentor,s.a.-d.a.-f.o.-',0.55,False
Q28640,profession,procureur,b.a.-n.a.-f.o.-',0.24,True
Q40348,avocat ou avocate,avocat,n.a.-t.a.-f.o.-',0.95,False
Q381160,expert,acteurs sociaux,M:M:.a.-M:M:.a.-f.o.-',0.0,True
Q1020621,technicien de théâtre,technicien,f.a.-d.a.-f.o.-',0.9,False
Q327029,mécanicien,technicien,f.a.-d.a.-f.o.-',0.56,False
Q15995642,chef religieux,relation publique,l.a.-b.a.-f.o.-',0.24,True
Q2034021,couturier ou couturière,ouvrier,m.a.-l.a.-f.o.-',0.29,True
Q242468,tailleur ou tailleuse,travailleur social,f.a.-n.a.-f.o.-',0.52,False
Q4504549,religieux,relation publique,l.a.-b.a.-f.o.-',0.24,True
Q15243077,ordres mineurs,acteurs sociaux,M:M:.a.-M:M:.a.-f.o.-',0.35,True
Q1055894,député,défendeur,l.a.-n.a.-f.o.-',0.22,True
Q1410563,garde des Sceaux,acteurs sociaux,M:M:.a.-M:M:.a.-f.o.-',0.24,True
Q4459228,production de biens et de services,producteur,d.a.-b.a.-f.o.-',0.53,False
Q978044,cadre dirigeant ou cadre dirigeante,enfant,d.a.-m.a.-f.o.-',0.13,True
Q2462658,manager,manager,l.a.-s.a.-f.o.-',1.0,False
Q806798,banquier,banquier,d.a.-t.a.-f.o.-',1.0,False
Q7231725,gérant de portefeuille,transporteur,b.a.-l.a.-f.o.-',0.33,True
Q599151,haut fonctionnaire ou haute fonctionnaire,fonctionnaire,t.a.-k.a.-f.o.-',0.97,False
Q16279992,mate,diplomate,k.a.-s.a.-f.o.-',0.4,False
Q13415036,joueur de rugby,joueur,m.a.-b.a.-f.o.-',0.9,False
Q208165,collectionnisme,fonctionnaire,t.a.-k.a.-f.o.-',0.4,False
Q11569986,graveur ou graveuse d'estampes,cultivateur / éleveur,f.a.-f.a.-f.o.-',0.2,True
Q15977971,travailleur du bois,travailleur social,f.a.-n.a.-f.o.-',0.8,False
Q33231,photographe,cartographe,l.a.-t.a.-f.o.-',0.75,False
Q1955150,fabricant d'instruments de musique,musicien,f.a.-b.a.-f.o.-',0.32,True
Q2031939,orthoprothésiste,activiste,b.a.-k.a.-f.o.-',0.34,True
Q5259404,profession paramédicale du secteur dentaire,secrétaire,k.a.-t.a.-f.o.-',0.32,True
Q42603,prêtre,ancêtre,t.a.-m.a.-f.o.-',0.52,False
Q705908,agent commercial,agent de,d.a.-l.a.-f.o.-',0.64,False
Q36180,écrivain ou écrivaine,écologiste,l.a.-f.a.-f.o.-',0.11,True
Q96045115,concepteur-rédacteur,acteur,s.a.-b.a.-f.o.-',0.66,False
Q13418253,philologue,psychologue,s.a.-f.a.-f.o.-',0.46,False
Q56027890,political staffer,politicien,s.a.-k.a.-f.o.-',0.76,False
Q1622925,court appointment,mentor,s.a.-d.a.-f.o.-',0.23,True
Q12737077,activité,activiste,b.a.-k.a.-f.o.-',0.74,False
Q188844,bénévolat,bénévole,m.a.-n.a.-f.o.-',0.8,False
Q7406919,service,secrétaire,k.a.-t.a.-f.o.-',0.19,True
Q1250916,guerrier,guerrier,l.a.-l.a.-f.o.-',1.0,False
Q4991371,soldat,avocat,n.a.-t.a.-f.o.-',0.16,True
Q24716636,bénévole,bénévole,m.a.-n.a.-f.o.-',1.0,False
Q54128,domestique,relation publique,l.a.-b.a.-f.o.-',0.31,True
Q108290755,livestock farm labourers,investisseur,t.a.-d.a.-f.o.-',0.2,True
Q11710359,hydrobiologiste,écologiste,l.a.-f.a.-f.o.-',0.79,False
Q212071,recteur ou rectrice,lecteur,b.a.-s.a.-f.o.-',0.52,False
Q901,scientifique,relation publique,l.a.-b.a.-f.o.-',0.3,True
Q170790,mathématicien ou mathématicienne,informaticien,s.a.-t.a.-f.o.-',0.62,False
Q4964182,philosophe,philosophe,s.a.-s.a.-f.o.-',1.0,False
Q15416,programme télévisé,cartographe,l.a.-t.a.-f.o.-',0.21,True
Q844586,gentry,agent de,d.a.-l.a.-f.o.-',0.33,True
Q37226,enseignant ou enseignante,enseignant,d.a.-f.a.-f.o.-',0.98,False
Q11513337,athlète,hôte,f.a.-k.a.-f.o.-',0.23,True
Q4991371,soldat,avocat,n.a.-t.a.-f.o.-',0.16,True
Q194199,dragon,relation publique,l.a.-b.a.-f.o.-',0.16,True
Q486839,parlementaire,notaire,m.a.-t.a.-f.o.-',0.44,False
Q106079967,member of United States state lower house,spectateur,k.a.-b.a.-f.o.-',0.28,True
Q683754,dessinateur industriel ou dessinatrice industrielle,innovateur,s.a.-l.a.-f.o.-',0.2,True
Q1162163,directeur ou directrice,lecteur,b.a.-s.a.-f.o.-',0.47,False
Q7748,droit,acteurs sociaux,M:M:.a.-M:M:.a.-f.o.-',0.0,True
Q2588761,travailleur qualifié ou travailleuse qualifiée,travailleur social,f.a.-n.a.-f.o.-',0.78,False
Q294414,fonction publique,relation publique,l.a.-b.a.-f.o.-',0.63,False
Q250867,prêtre catholique,relation publique,l.a.-b.a.-f.o.-',0.32,True
Q104050289,prêtre occidental,ancêtre,t.a.-m.a.-f.o.-',0.43,False
Q105200154,clerc catholique romain,relation publique,l.a.-b.a.-f.o.-',0.35,True
Q7361618,Roman Catholic,policier,n.a.-l.a.-f.o.-',0.24,True
Q4164871,fonction,fonctionnaire,t.a.-k.a.-f.o.-',0.67,False
Q215627,personne,fonctionnaire,t.a.-k.a.-f.o.-',0.18,True
Q1251441,responsable,comptable,b.a.-t.a.-f.o.-',0.4,False
Q108326249,heavy truck and lorry drivers,ancêtre,t.a.-m.a.-f.o.-',0.15,True
Q1250916,guerrier,guerrier,l.a.-l.a.-f.o.-',1.0,False
Q1183543,dispositif,politicien,s.a.-k.a.-f.o.-',0.12,True
Q1544018,tuner,ouvrier,m.a.-l.a.-f.o.-',0.17,True
Q28923,diagramme,diplomate,k.a.-s.a.-f.o.-',0.13,True
Q3427422,représentation graphique de données statistiques,relation publique,l.a.-b.a.-f.o.-',0.43,False
Q854997,moine bouddhiste,témoin,d.a.-n.a.-f.o.-',0.31,True
Q7970798,moine guerrier,guerrier,l.a.-l.a.-f.o.-',0.93,False
Q3243461,collectionneur ou collectionneuse,fonctionnaire,t.a.-k.a.-f.o.-',0.37,True
Q27214348,inspecteur,inspecteur,d.a.-k.a.-f.o.-',1.0,False
Q4175034,législateur ou législatrice,législateur,t.a.-n.a.-f.o.-',0.96,False
Q191808,religieuse,relation publique,l.a.-b.a.-f.o.-',0.28,True
Q11499147,militant ou militante politique,politicien,s.a.-k.a.-f.o.-',0.38,True
Q30185,maire,notaire,m.a.-t.a.-f.o.-',0.43,False
Q212238,fonctionnaire,fonctionnaire,t.a.-k.a.-f.o.-',1.0,False
Q40348,avocat ou avocate,avocat,n.a.-t.a.-f.o.-',0.95,False
Q628099,entraîneur ou entraîneuse de football,entrepreneur,l.a.-d.a.-f.o.-',0.46,False
Q1969425,entraîneur d'équipe nationale,entrepreneur,l.a.-d.a.-f.o.-',0.39,True
Q1039099,guide culturel,guide spirituel,n.a.-n.a.-f.o.-',0.47,False
Q22923679,conservation officer,officier,l.a.-k.a.-f.o.-',0.45,False
Q4667873,prisonnier d'opinion,relation publique,l.a.-b.a.-f.o.-',0.17,True
Q126214,refuznik,relation publique,l.a.-b.a.-f.o.-',0.16,True
Q50326480,activiste sioniste,activiste,b.a.-k.a.-f.o.-',0.94,False
Q5352191,technicien ou technicienne,technicien,f.a.-d.a.-f.o.-',0.99,False
Q12376667,technologue,psychologue,s.a.-f.a.-f.o.-',0.46,False
Q23835475,assistant,consultant,f.a.-s.a.-f.o.-',0.32,True
Q12794619,propriétaire de biens,secrétaire,k.a.-t.a.-f.o.-',0.46,False
Q108290300,agricultural and forestry production managers,manager,l.a.-s.a.-f.o.-',0.52,False
Q95074,personnage de fiction,fonctionnaire,t.a.-k.a.-f.o.-',0.35,True
Q81729632,musicien ou musicienne de musique classique,musicien,f.a.-b.a.-f.o.-',0.84,False
Q179875,débat,avocat,n.a.-t.a.-f.o.-',0.18,True
Q185351,juriste,secouriste,f.a.-l.a.-f.o.-',0.55,False
Q96694579,chercheur en relations internationales,relation publique,l.a.-b.a.-f.o.-',0.56,False
Q82594,informaticien ou informaticienne,informaticien,s.a.-t.a.-f.o.-',0.99,False
Q5,être humain,ancêtre,t.a.-m.a.-f.o.-',0.52,False
Q650031,nerd,acteurs sociaux,M:M:.a.-M:M:.a.-f.o.-',0.0,True
Q243697,Geek,acteurs sociaux,M:M:.a.-M:M:.a.-f.o.-',0.0,True
Q652812,autorité portuaire,auteur,b.a.-b.a.-f.o.-',0.27,True
Q169470,physicien ou physicienne,musicien,f.a.-b.a.-f.o.-',0.62,False
Q864503,biologiste,écologiste,l.a.-f.a.-f.o.-',0.79,False
Q193391,diplomate,diplomate,k.a.-s.a.-f.o.-',1.0,False
Q16727193,scientifique de l'esprit,agent de,d.a.-l.a.-f.o.-',0.26,True
Q852857,travailleur ou travailleuse du sexe,travailleur social,f.a.-n.a.-f.o.-',0.8,False
Q5,être humain,ancêtre,t.a.-m.a.-f.o.-',0.52,False
Q201788,historien ou historienne,ouvrier,m.a.-l.a.-f.o.-',0.18,True
Q12142141,activité politique,activiste,b.a.-k.a.-f.o.-',0.47,False
Q639669,musicien ou musicienne,musicien,f.a.-b.a.-f.o.-',0.98,False
Q2914170,artiste de rue,archiviste,t.a.-l.a.-f.o.-',0.29,True
Q13015400,naval personnel,travailleur social,f.a.-n.a.-f.o.-',0.16,True
Q45199,marin,manager,l.a.-s.a.-f.o.-',0.18,True
Q215627,personne,fonctionnaire,t.a.-k.a.-f.o.-',0.18,True
Q6430706,critique,relation publique,l.a.-b.a.-f.o.-',0.33,True
Q11500768,auteur ou autrice culinaire,auteur,b.a.-b.a.-f.o.-',0.77,False
Q11629,peinture,assureur,f.a.-t.a.-f.o.-',0.17,True
Q55071047,auxiliaire de santé,notaire,m.a.-t.a.-f.o.-',0.29,True
Q681842,emergency services personnel,mere,f.a.-m.a.-f.o.-',0.16,True
Q16314361,lexicologue,psychologue,s.a.-f.a.-f.o.-',0.53,False
Q63187345,occupation religieuse,relation publique,l.a.-b.a.-f.o.-',0.54,False
Q1657500,aumônier,ouvrier,m.a.-l.a.-f.o.-',0.23,True
Q208762,chapelain,voisin,m.a.-k.a.-f.o.-',0.14,True
Q42603,prêtre,ancêtre,t.a.-m.a.-f.o.-',0.52,False
Q61022630,officer,officier,l.a.-k.a.-f.o.-',0.74,False
Q4164871,fonction,fonctionnaire,t.a.-k.a.-f.o.-',0.67,False
Q82955,personnalité politique,politicien,s.a.-k.a.-f.o.-',0.51,False
Q3743137,gestion des ressources naturelles,relation publique,l.a.-b.a.-f.o.-',0.32,True
Q1072363,directeur ou directrice,lecteur,b.a.-s.a.-f.o.-',0.47,False
Q978044,cadre dirigeant ou cadre dirigeante,enfant,d.a.-m.a.-f.o.-',0.13,True
Q42603,prêtre,ancêtre,t.a.-m.a.-f.o.-',0.52,False
Q4164871,fonction,fonctionnaire,t.a.-k.a.-f.o.-',0.67,False
Q1416611,maître de poste,agent de,d.a.-l.a.-f.o.-',0.26,True
Q3368517,procureur général,procureur,b.a.-n.a.-f.o.-',0.95,False
Q2994387,conseiller ou conseillère,consultant,f.a.-s.a.-f.o.-',0.35,True
Q41583,entraîneur sportif,entrepreneur,l.a.-d.a.-f.o.-',0.4,False
Q19397650,road worker,ouvrier,m.a.-l.a.-f.o.-',0.17,True
Q109983547,road maintenance worker,partenaire,m.a.-d.a.-f.o.-',0.23,True
Q4358176,commission,comptable,b.a.-t.a.-f.o.-',0.23,True
Q185351,juriste,secouriste,f.a.-l.a.-f.o.-',0.55,False
Q16631188,fonction militaire,fonctionnaire,t.a.-k.a.-f.o.-',0.63,False
Q6484023,agent des terres,agent de,d.a.-l.a.-f.o.-',0.86,False
Q4991371,soldat,avocat,n.a.-t.a.-f.o.-',0.16,True
Q2500638,créateur ou créatrice,médiateur,m.a.-s.a.-f.o.-',0.25,True
Q808967,barrister,secouriste,f.a.-l.a.-f.o.-',0.36,True
Q11033,médias de masse,médiateur,m.a.-s.a.-f.o.-',0.53,False
Q1474334,service de radiocommunication,relation publique,l.a.-b.a.-f.o.-',0.33,True
Q29584328,activités de programmation et de diffusion,activiste,b.a.-k.a.-f.o.-',0.35,True
Q112116869,dissemination,relation publique,l.a.-b.a.-f.o.-',0.38,True
Q11492876,information and communication industry,informaticien,s.a.-t.a.-f.o.-',0.48,False
Q215536,commerçant,comptable,b.a.-t.a.-f.o.-',0.25,True
Q1308239,acheteur,acteur,s.a.-b.a.-f.o.-',0.53,False
Q1762621,fournisseur,investisseur,t.a.-d.a.-f.o.-',0.48,False
Q786820,constructeur automobile,auteur,b.a.-b.a.-f.o.-',0.35,True
Q1714828,chasseur ou chasseresse,investisseur,t.a.-d.a.-f.o.-',0.34,True
Q10694573,artiste textile,archiviste,t.a.-l.a.-f.o.-',0.32,True
Q28966333,needleworker,ouvrier,m.a.-l.a.-f.o.-',0.17,True
Q3374326,peintre muraliste,journaliste,n.a.-b.a.-f.o.-',0.48,False
Q2914170,artiste de rue,archiviste,t.a.-l.a.-f.o.-',0.29,True
Q3391743,artiste visuel ou artiste visuelle,archiviste,t.a.-l.a.-f.o.-',0.36,True
Q27105472,déménageur ou déménageuse,manager,l.a.-s.a.-f.o.-',0.33,True
Q2478141,aristocrate,secouriste,f.a.-l.a.-f.o.-',0.27,True
Q833418,charron,pharmacien,t.a.-f.a.-f.o.-',0.14,True
Q708492,conseiller municipal,consultant,f.a.-s.a.-f.o.-',0.28,True
Q2066131,athlète,hôte,f.a.-k.a.-f.o.-',0.23,True
Q18536342,joueur professionnel ou joueuse professionnelle,joueur,m.a.-b.a.-f.o.-',0.75,False
Q2309784,cycliste,journaliste,n.a.-b.a.-f.o.-',0.46,False
Q2309784,cycliste,journaliste,n.a.-b.a.-f.o.-',0.46,False
Q81096,ingénieur ou ingénieure,inventeur,d.a.-d.a.-f.o.-',0.19,True
Q47064,militaire,publicitaire,b.a.-d.a.-f.o.-',0.47,False
Q2868277,associé,assureur,f.a.-t.a.-f.o.-',0.28,True
Q9200127,membre,mere,f.a.-m.a.-f.o.-',0.4,False
Q4164871,fonction,fonctionnaire,t.a.-k.a.-f.o.-',0.67,False
Q593644,chimiste,archiviste,t.a.-l.a.-f.o.-',0.43,False
Q169470,physicien ou physicienne,musicien,f.a.-b.a.-f.o.-',0.62,False
Q13416354,minéralogiste,écologiste,l.a.-f.a.-f.o.-',0.71,False
Q901,scientifique,relation publique,l.a.-b.a.-f.o.-',0.3,True
Q5780518,communicateur,médiateur,m.a.-s.a.-f.o.-',0.25,True
Q202471,rapporteur,transporteur,b.a.-l.a.-f.o.-',0.59,False
Q12716225,contre-révolutionnaire,fonctionnaire,t.a.-k.a.-f.o.-',0.61,False
Q12737077,activité,activiste,b.a.-k.a.-f.o.-',0.74,False
Q1419997,responsable événementiel,comptable,b.a.-t.a.-f.o.-',0.34,True
Q13381863,escrimeur,acteur,s.a.-b.a.-f.o.-',0.28,True
Q192350,ministère,père,n.a.-m.a.-f.o.-',0.47,False
Q4504549,religieux,relation publique,l.a.-b.a.-f.o.-',0.24,True
Q352507,pasteur,acteur,s.a.-b.a.-f.o.-',0.3,True
Q467,femme,acteurs sociaux,M:M:.a.-M:M:.a.-f.o.-',0.0,True
Q15978876,état de sainteté,agent de,d.a.-l.a.-f.o.-',0.28,True
Q713200,artiste interprète,archiviste,t.a.-l.a.-f.o.-',0.33,True
Q185351,juriste,secouriste,f.a.-l.a.-f.o.-',0.55,False
Q11997597,représentant,consultant,f.a.-s.a.-f.o.-',0.28,True
Q108290642,shoemakers and related workers,relation publique,l.a.-b.a.-f.o.-',0.36,True
Q27943370,personnalité du monde de la mode,agent de,d.a.-l.a.-f.o.-',0.29,True
Q16402902,maroquinier,banquier,d.a.-t.a.-f.o.-',0.3,True
Q5410500,foi,fondateur,t.a.-t.a.-f.o.-',0.22,True
Q1368409,éleveur,cultivateur / éleveur,f.a.-f.a.-f.o.-',0.64,False
Q12059906,gardien de troupeau,agent de,d.a.-l.a.-f.o.-',0.34,True
Q3778211,personnalité juridique,juré,k.a.-n.a.-f.o.-',0.23,True
Q24229398,agent,agent de,d.a.-l.a.-f.o.-',0.89,False
Q215627,personne,fonctionnaire,t.a.-k.a.-f.o.-',0.18,True
Q84505214,spécialiste de l'Asie de l'Est,journaliste,n.a.-b.a.-f.o.-',0.36,True
Q1331793,entreprise médiatique,médiateur,m.a.-s.a.-f.o.-',0.47,False
Q18246606,éparque,relation publique,l.a.-b.a.-f.o.-',0.21,True
Q105275800,clerc orthodoxe,client,n.a.-d.a.-f.o.-',0.19,True
Q97378570,chrétien orthodoxe,musicien,f.a.-b.a.-f.o.-',0.21,True
Q213441,magasin,voisin,m.a.-k.a.-f.o.-',0.37,True
Q24229398,agent,agent de,d.a.-l.a.-f.o.-',0.89,False
Q83460,général,bénévole,m.a.-n.a.-f.o.-',0.15,True
Q6451216,three-star rank,transporteur,b.a.-l.a.-f.o.-',0.19,True
Q83460,général,bénévole,m.a.-n.a.-f.o.-',0.15,True
Q18536342,joueur professionnel ou joueuse professionnelle,joueur,m.a.-b.a.-f.o.-',0.75,False
Q3391743,artiste visuel ou artiste visuelle,archiviste,t.a.-l.a.-f.o.-',0.36,True
Q1028181,peintre,ancêtre,t.a.-m.a.-f.o.-',0.27,True
Q15296811,dessinateur ou dessinatrice,médiateur,m.a.-s.a.-f.o.-',0.2,True
Q7541856,céramiste,activiste,b.a.-k.a.-f.o.-',0.37,True
Q1294787,artisan,archiviste,t.a.-l.a.-f.o.-',0.12,True
Q15301511,peintre de vases,agent de,d.a.-l.a.-f.o.-',0.29,True
Q15301511,peintre de vases,agent de,d.a.-l.a.-f.o.-',0.29,True
Q2066131,athlète,hôte,f.a.-k.a.-f.o.-',0.23,True
Q663272,expert judiciaire,notaire,m.a.-t.a.-f.o.-',0.34,True
Q901,scientifique,relation publique,l.a.-b.a.-f.o.-',0.3,True
Q48282,étudiant ou étudiante,étudiant,d.a.-s.a.-f.o.-',0.97,False
Q48942,élève,cultivateur / éleveur,f.a.-f.a.-f.o.-',0.16,True
Q5322166,designer,agent de,d.a.-l.a.-f.o.-',0.18,True
Q2815948,architecte paysagiste,archiviste,t.a.-l.a.-f.o.-',0.57,False
Q33394058,travailleur manuel,travailleur social,f.a.-n.a.-f.o.-',0.74,False
Q54967928,freight handler,enseignant,d.a.-f.a.-f.o.-',0.13,True
Q1259323,chef de tribu,agent de,d.a.-l.a.-f.o.-',0.41,False
Q20650523,brigand,acteurs sociaux,M:M:.a.-M:M:.a.-f.o.-',0.0,True
Q208217,science de la littérature,agent de,d.a.-l.a.-f.o.-',0.3,True
Q1294787,artisan,archiviste,t.a.-l.a.-f.o.-',0.12,True
Q901,scientifique,relation publique,l.a.-b.a.-f.o.-',0.3,True
Q1650915,chercheur ou chercheuse,archiviste,t.a.-l.a.-f.o.-',0.17,True
Q54128,domestique,relation publique,l.a.-b.a.-f.o.-',0.31,True
Q6581072,féminin,voisin,m.a.-k.a.-f.o.-',0.22,True
Q974144,éducateur ou éducatrice,éditeur,t.a.-b.a.-f.o.-',0.24,True
Q108289425,administrative and specialized secretaries,spectateur,k.a.-b.a.-f.o.-',0.26,True
Q5322166,designer,agent de,d.a.-l.a.-f.o.-',0.18,True
Q482980,auteur ou autrice,auteur,b.a.-b.a.-f.o.-',0.92,False
Q3630699,concepteur ou conceptrice de jeu,consultant,f.a.-s.a.-f.o.-',0.25,True
Q16390131,cryptologue,psychologue,s.a.-f.a.-f.o.-',0.62,False
Q3640160,biologiste marin,écologiste,l.a.-f.a.-f.o.-',0.75,False
Q16831394,mammalogiste,écologiste,l.a.-f.a.-f.o.-',0.69,False
Q15977971,travailleur du bois,travailleur social,f.a.-n.a.-f.o.-',0.8,False
Q2588761,travailleur qualifié ou travailleuse qualifiée,travailleur social,f.a.-n.a.-f.o.-',0.78,False
Q811122,travailleur de la construction,travailleur social,f.a.-n.a.-f.o.-',0.63,False
Q12049274,détaillant,secrétaire,k.a.-t.a.-f.o.-',0.2,True
Q57262082,food trade,traducteur,t.a.-s.a.-f.o.-',0.45,False
Q201788,historien ou historienne,ouvrier,m.a.-l.a.-f.o.-',0.18,True
Q19829999,culturologue,psychologue,s.a.-f.a.-f.o.-',0.5,False
Q3274496,machiniste,archiviste,t.a.-l.a.-f.o.-',0.36,True
Q4887411,bienfaiteur ou bienfaitrice,enfant,d.a.-m.a.-f.o.-',0.37,True
Q516590,patron,partenaire,m.a.-d.a.-f.o.-',0.15,True
Q189010,notaire,notaire,m.a.-t.a.-f.o.-',1.0,False
Q7663860,architecte systèmes,archiviste,t.a.-l.a.-f.o.-',0.51,False
Q1572123,ingénieur système,inventeur,d.a.-d.a.-f.o.-',0.18,True
Q66495020,propriétaire terrien,secrétaire,k.a.-t.a.-f.o.-',0.4,False
Q43292,sultan,consultant,f.a.-s.a.-f.o.-',0.59,False
Q48352,chef d'État,avocat,n.a.-t.a.-f.o.-',0.15,True
Q1162163,directeur ou directrice,lecteur,b.a.-s.a.-f.o.-',0.47,False
Q838566,forgeron ou forgeronne,manager,l.a.-s.a.-f.o.-',0.13,True
Q1294787,artisan,archiviste,t.a.-l.a.-f.o.-',0.12,True
Q3606537,repairperson,relation publique,l.a.-b.a.-f.o.-',0.17,True
Q11124885,pratiquant d'arts martiaux,acteurs sociaux,M:M:.a.-M:M:.a.-f.o.-',0.29,True
Q462390,maître ou maîtresse de conférences,agent de,d.a.-l.a.-f.o.-',0.18,True
Q1622272,professeur ou professeure d'université,investisseur,t.a.-d.a.-f.o.-',0.36,True
Q1251441,responsable,comptable,b.a.-t.a.-f.o.-',0.4,False
Q82955,personnalité politique,politicien,s.a.-k.a.-f.o.-',0.51,False
Q428148,régulation,relation publique,l.a.-b.a.-f.o.-',0.51,False
Q895526,organe,acteurs sociaux,M:M:.a.-M:M:.a.-f.o.-',0.0,True
Q11578774,émission,relation publique,l.a.-b.a.-f.o.-',0.23,True
Q11033,médias de masse,médiateur,m.a.-s.a.-f.o.-',0.53,False
Q110879422,œuvre audio,auteur,b.a.-b.a.-f.o.-',0.17,True
Q119649004,аудио-трансляция,acteurs sociaux,M:M:.a.-M:M:.a.-f.o.-',0.0,True
Q12328016,mystique,relation publique,l.a.-b.a.-f.o.-',0.35,True
Q12797895,occultiste,cultivateur / éleveur,f.a.-f.a.-f.o.-',0.28,True
Q5758653,enseignant ou enseignante du secondaire,enseignant,d.a.-f.a.-f.o.-',0.91,False
Q524778,commissaire,notaire,m.a.-t.a.-f.o.-',0.33,True
Q16334295,groupe d'humains,inspecteur,d.a.-k.a.-f.o.-',0.23,True
Q10366773,sacerdoce,acteurs sociaux,M:M:.a.-M:M:.a.-f.o.-',0.0,True
Q214339,rôle social,travailleur social,f.a.-n.a.-f.o.-',0.56,False
Q816432,chef de projet,agent de,d.a.-l.a.-f.o.-',0.34,True
Q1658894,illusionniste,activiste,b.a.-k.a.-f.o.-',0.27,True
Q254508,hors-la-loi,acteurs sociaux,M:M:.a.-M:M:.a.-f.o.-',0.0,True
Q11424604,géoscientifique,relation publique,l.a.-b.a.-f.o.-',0.3,True
Q11499147,militant ou militante politique,politicien,s.a.-k.a.-f.o.-',0.38,True
Q8359428,militant social,travailleur social,f.a.-n.a.-f.o.-',0.44,False
Q486839,parlementaire,notaire,m.a.-t.a.-f.o.-',0.44,False
Q4964182,philosophe,philosophe,s.a.-s.a.-f.o.-',1.0,False
Q201788,historien ou historienne,ouvrier,m.a.-l.a.-f.o.-',0.18,True
Q3779582,microbiologiste,écologiste,l.a.-f.a.-f.o.-',0.79,False
Q783906,neurologue,psychologue,s.a.-f.a.-f.o.-',0.57,False
Q3332438,médecin spécialiste,médecin,n.a.-f.a.-f.o.-',0.75,False
Q1919436,pédiatre,médiateur,m.a.-s.a.-f.o.-',0.49,False
Q2309900,timonier,ouvrier,m.a.-l.a.-f.o.-',0.3,True
Q957729,reporter-photographe,cartographe,l.a.-t.a.-f.o.-',0.64,False
Q811459,conducteur de travaux,traducteur,t.a.-s.a.-f.o.-',0.46,False
Q1456832,infraction,fonctionnaire,t.a.-k.a.-f.o.-',0.27,True
Q160128,trahison,traducteur,t.a.-s.a.-f.o.-',0.28,True
Q733786,moine ou moniale,témoin,d.a.-n.a.-f.o.-',0.32,True
Q70901436,clergé bouddhiste,activiste,b.a.-k.a.-f.o.-',0.37,True
Q15980158,auteur ou autrice de non-fiction,auteur,b.a.-b.a.-f.o.-',0.72,False
Q1294787,artisan,archiviste,t.a.-l.a.-f.o.-',0.12,True
Q3972943,édition,éditeur,t.a.-b.a.-f.o.-',0.46,False
Q105044823,éditeur,éditeur,t.a.-b.a.-f.o.-',1.0,False
Q131512,agriculteur ou agricultrice,cultivateur / éleveur,f.a.-f.a.-f.o.-',0.27,True
Q1622272,professeur ou professeure d'université,investisseur,t.a.-d.a.-f.o.-',0.36,True
Q5428874,personnel académique,relation publique,l.a.-b.a.-f.o.-',0.31,True
Q7810129,titre d'autorité,ancêtre,t.a.-m.a.-f.o.-',0.24,True
Q37226,enseignant ou enseignante,enseignant,d.a.-f.a.-f.o.-',0.98,False
Q29645880,ambassadeur d'un pays,vendeur,k.a.-d.a.-f.o.-',0.34,True
Q740369,légat pontifical,législateur,t.a.-n.a.-f.o.-',0.24,True
Q4610556,mannequin,manager,l.a.-s.a.-f.o.-',0.32,True
Q864503,biologiste,écologiste,l.a.-f.a.-f.o.-',0.79,False
Q170790,mathématicien ou mathématicienne,informaticien,s.a.-t.a.-f.o.-',0.62,False
Q5157338,scientifique numéricien,musicien,f.a.-b.a.-f.o.-',0.39,True
Q20965770,pratiquant de sports d'hiver,transporteur,b.a.-l.a.-f.o.-',0.3,True
Q117846460,administrator,mentor,s.a.-d.a.-f.o.-',0.34,True
Q23038345,wikipédien,musicien,f.a.-b.a.-f.o.-',0.26,True
Q83460,général,bénévole,m.a.-n.a.-f.o.-',0.15,True
Q155076,personne morale,bénévole,m.a.-n.a.-f.o.-',0.14,True
Q106559804,personne ou organisation,relation publique,l.a.-b.a.-f.o.-',0.41,False
Q87714331,hospitality worker,politicien,s.a.-k.a.-f.o.-',0.1,True
Q108289643,waiters and bartenders,partenaire,m.a.-d.a.-f.o.-',0.3,True
Q81096,ingénieur ou ingénieure,inventeur,d.a.-d.a.-f.o.-',0.19,True
Q5322166,designer,agent de,d.a.-l.a.-f.o.-',0.18,True
Q108290289,cadres supérieurs de l’administration publique,relation publique,l.a.-b.a.-f.o.-',0.71,False
Q4164871,fonction,fonctionnaire,t.a.-k.a.-f.o.-',0.67,False
Q16533,juge,juré,k.a.-n.a.-f.o.-',0.33,True
Q599151,haut fonctionnaire ou haute fonctionnaire,fonctionnaire,t.a.-k.a.-f.o.-',0.97,False
Q4594605,magistrat ou magistrate,écologiste,l.a.-f.a.-f.o.-',0.24,True
Q482980,auteur ou autrice,auteur,b.a.-b.a.-f.o.-',0.92,False
Q16533,juge,juré,k.a.-n.a.-f.o.-',0.33,True
Q95074,personnage de fiction,fonctionnaire,t.a.-k.a.-f.o.-',0.35,True
Q2700922,horloger,manager,l.a.-s.a.-f.o.-',0.33,True
Q209726,marquis,manager,l.a.-s.a.-f.o.-',0.17,True
Q1292119,style,bénévole,m.a.-n.a.-f.o.-',0.2,True
Q5322166,designer,agent de,d.a.-l.a.-f.o.-',0.18,True
Q189290,officier,officier,l.a.-k.a.-f.o.-',1.0,False
Q1930187,journaliste,journaliste,n.a.-b.a.-f.o.-',1.0,False
Q3330547,chroniqueur,joueur,m.a.-b.a.-f.o.-',0.41,False
Q3779582,microbiologiste,écologiste,l.a.-f.a.-f.o.-',0.79,False
Q140686,président ou présidente,précurseur,s.a.-n.a.-f.o.-',0.24,True
Q63858690,supervisory board member,mere,f.a.-m.a.-f.o.-',0.2,True
Q108290635,garment and related patternmakers and cutters,relation publique,l.a.-b.a.-f.o.-',0.28,True
Q3126128,généticien ou généticienne,politicien,s.a.-k.a.-f.o.-',0.53,False
Q6337803,neurobiologiste,écologiste,l.a.-f.a.-f.o.-',0.74,False
Q5352191,technicien ou technicienne,technicien,f.a.-d.a.-f.o.-',0.99,False
Q115484611,musique,musicien,f.a.-b.a.-f.o.-',0.43,False
Q173799,divertissement,investisseur,t.a.-d.a.-f.o.-',0.34,True
Q901,scientifique,relation publique,l.a.-b.a.-f.o.-',0.3,True
Q864503,biologiste,écologiste,l.a.-f.a.-f.o.-',0.79,False
Q864503,biologiste,écologiste,l.a.-f.a.-f.o.-',0.79,False
Q864503,biologiste,écologiste,l.a.-f.a.-f.o.-',0.79,False
Q3126128,généticien ou généticienne,politicien,s.a.-k.a.-f.o.-',0.53,False
Q864503,biologiste,écologiste,l.a.-f.a.-f.o.-',0.79,False
Q783906,neurologue,psychologue,s.a.-f.a.-f.o.-',0.57,False
Q3368718,pathologiste,écologiste,l.a.-f.a.-f.o.-',0.7,False
Q28640,profession,procureur,b.a.-n.a.-f.o.-',0.24,True
Q12737077,activité,activiste,b.a.-k.a.-f.o.-',0.74,False
Q108504472,Fachangestellter,familier,m.a.-m.a.-f.o.-',0.17,True
Q713200,artiste interprète,archiviste,t.a.-l.a.-f.o.-',0.33,True
Q1658894,illusionniste,activiste,b.a.-k.a.-f.o.-',0.27,True
Q108289408,artistes créateurs ou créatrices et exécutants ou exécutantes,acteurs sociaux,M:M:.a.-M:M:.a.-f.o.-',0.21,True
Q37226,enseignant ou enseignante,enseignant,d.a.-f.a.-f.o.-',0.98,False
Q170790,mathématicien ou mathématicienne,informaticien,s.a.-t.a.-f.o.-',0.62,False
Q931260,meurtrier ou meurtrière,ouvrier,m.a.-l.a.-f.o.-',0.37,True
Q639669,musicien ou musicienne,musicien,f.a.-b.a.-f.o.-',0.98,False
Q1198887,directeur musical ou directrice musicale,musicien,f.a.-b.a.-f.o.-',0.6,False
Q713200,artiste interprète,archiviste,t.a.-l.a.-f.o.-',0.33,True
Q183816,maîtrise,manager,l.a.-s.a.-f.o.-',0.17,True
Q47064,militaire,publicitaire,b.a.-d.a.-f.o.-',0.47,False
Q4539,coopérative,activiste,b.a.-k.a.-f.o.-',0.12,True
Q5352191,technicien ou technicienne,technicien,f.a.-d.a.-f.o.-',0.99,False
Q212238,fonctionnaire,fonctionnaire,t.a.-k.a.-f.o.-',1.0,False
Q15986539,officiel du sport,officier,l.a.-k.a.-f.o.-',0.7,False
Q73145133,personnalité du jeu d'échecs,journaliste,n.a.-b.a.-f.o.-',0.22,True
Q40348,avocat ou avocate,avocat,n.a.-t.a.-f.o.-',0.95,False
Q1144278,évêque diocésain,relation publique,l.a.-b.a.-f.o.-',0.21,True
Q102039658,évêque catholique romain,relation publique,l.a.-b.a.-f.o.-',0.38,True
Q1638918,ordinaire,partenaire,m.a.-d.a.-f.o.-',0.5,False
Q22881,prince-évêque,relation publique,l.a.-b.a.-f.o.-',0.24,True
Q13426709,suffragant,enfant,d.a.-m.a.-f.o.-',0.34,True
Q5322166,designer,agent de,d.a.-l.a.-f.o.-',0.18,True
Q1162163,directeur ou directrice,lecteur,b.a.-s.a.-f.o.-',0.47,False
Q3332438,médecin spécialiste,médecin,n.a.-f.a.-f.o.-',0.75,False
Q2487799,mycologue,psychologue,s.a.-f.a.-f.o.-',0.55,False
Q1930187,journaliste,journaliste,n.a.-b.a.-f.o.-',1.0,False
Q30093123,enquêteur,acteur,s.a.-b.a.-f.o.-',0.29,True
Q3914,école,écologiste,l.a.-f.a.-f.o.-',0.41,False
Q17135920,expert interdisciplinaire d'une région géographique,cartographe,l.a.-t.a.-f.o.-',0.31,True
Q1086863,chroniqueur ou chroniqueuse,joueur,m.a.-b.a.-f.o.-',0.3,True
Q13219447,journaliste sportif ou journaliste sportive,journaliste,n.a.-b.a.-f.o.-',0.89,False
Q36180,écrivain ou écrivaine,écologiste,l.a.-f.a.-f.o.-',0.11,True
Q12797895,occultiste,cultivateur / éleveur,f.a.-f.a.-f.o.-',0.28,True
Q7140620,partisan,partenaire,m.a.-d.a.-f.o.-',0.46,False
Q28528178,raciste,activiste,b.a.-k.a.-f.o.-',0.37,True
Q1498321,contraire,notaire,m.a.-t.a.-f.o.-',0.32,True
Q201788,historien ou historienne,ouvrier,m.a.-l.a.-f.o.-',0.18,True
Q17135920,expert interdisciplinaire d'une région géographique,cartographe,l.a.-t.a.-f.o.-',0.31,True
Q212071,recteur ou rectrice,lecteur,b.a.-s.a.-f.o.-',0.52,False
Q18931911,théoricien ou théoricienne,musicien,f.a.-b.a.-f.o.-',0.51,False
Q15980158,auteur ou autrice de non-fiction,auteur,b.a.-b.a.-f.o.-',0.72,False
Q15980804,professionnel des médias,médiateur,m.a.-s.a.-f.o.-',0.5,False
Q18931911,théoricien ou théoricienne,musicien,f.a.-b.a.-f.o.-',0.51,False
Q17167049,spécialiste de la littérature,journaliste,n.a.-b.a.-f.o.-',0.43,False
Q1125062,rebelle,bénévole,m.a.-n.a.-f.o.-',0.11,True
Q2159907,criminel ou criminelle,ouvrier,m.a.-l.a.-f.o.-',0.13,True
Q177220,chanteur ou chanteuse,inventeur,d.a.-d.a.-f.o.-',0.43,False
Q7569,enfant,enfant,d.a.-m.a.-f.o.-',1.0,False
Q2066131,athlète,hôte,f.a.-k.a.-f.o.-',0.23,True
Q599151,haut fonctionnaire ou haute fonctionnaire,fonctionnaire,t.a.-k.a.-f.o.-',0.97,False
Q1930187,journaliste,journaliste,n.a.-b.a.-f.o.-',1.0,False
Q1731155,orientaliste,journaliste,n.a.-b.a.-f.o.-',0.52,False
Q15936497,africaniste,activiste,b.a.-k.a.-f.o.-',0.42,False
Q82594,informaticien ou informaticienne,informaticien,s.a.-t.a.-f.o.-',0.99,False
Q14565186,chercheur ou chercheuse en sciences cognitives,politicien,s.a.-k.a.-f.o.-',0.2,True
Q15976092,chercheur ou chercheuse en intelligence artificielle,officier,l.a.-k.a.-f.o.-',0.25,True
Q14467526,linguiste,activiste,b.a.-k.a.-f.o.-',0.37,True
Q14467526,linguiste,activiste,b.a.-k.a.-f.o.-',0.37,True
Q17135920,expert interdisciplinaire d'une région géographique,cartographe,l.a.-t.a.-f.o.-',0.31,True
Q110038490,modern philologist,écologiste,l.a.-f.a.-f.o.-',0.5,False
Q15976717,sociolinguiste,acteurs sociaux,M:M:.a.-M:M:.a.-f.o.-',0.28,True
Q14467526,linguiste,activiste,b.a.-k.a.-f.o.-',0.37,True
Q2306091,sociologue,psychologue,s.a.-f.a.-f.o.-',0.52,False
Q483501,artiste,archiviste,t.a.-l.a.-f.o.-',0.36,True
Q37226,enseignant ou enseignante,enseignant,d.a.-f.a.-f.o.-',0.98,False
Q1294787,artisan,archiviste,t.a.-l.a.-f.o.-',0.12,True
Q22082717,eugéniste,activiste,b.a.-k.a.-f.o.-',0.42,False
Q6430706,critique,relation publique,l.a.-b.a.-f.o.-',0.33,True
Q255274,col blanc,ancêtre,t.a.-m.a.-f.o.-',0.14,True
Q36180,écrivain ou écrivaine,écologiste,l.a.-f.a.-f.o.-',0.11,True
Q695829,promotion immobilière,relation publique,l.a.-b.a.-f.o.-',0.26,True
Q1294787,artisan,archiviste,t.a.-l.a.-f.o.-',0.12,True
Q1191714,col bleu,comptable,b.a.-t.a.-f.o.-',0.19,True
Q1021386,militant des droits civiques,consultant,f.a.-s.a.-f.o.-',0.23,True
Q1642960,polémiste,activiste,b.a.-k.a.-f.o.-',0.32,True
Q702269,professionnel ou professionnelle,procureur,b.a.-n.a.-f.o.-',0.22,True
Q1639378,système social,travailleur social,f.a.-n.a.-f.o.-',0.56,False
Q639669,musicien ou musicienne,musicien,f.a.-b.a.-f.o.-',0.98,False
Q3778211,personnalité juridique,juré,k.a.-n.a.-f.o.-',0.23,True
Q4830453,firme,infirmier / soignant,b.a.-f.a.-f.o.-',0.27,True
Q2066131,athlète,hôte,f.a.-k.a.-f.o.-',0.23,True
Q12859263,orateur ou oratrice,médiateur,m.a.-s.a.-f.o.-',0.36,True
Q4991371,soldat,avocat,n.a.-t.a.-f.o.-',0.16,True
Q3621491,archéologue,psychologue,s.a.-f.a.-f.o.-',0.5,False
Q2468727,érudit classique,relation publique,l.a.-b.a.-f.o.-',0.29,True
Q1792450,historien ou historienne de l'art,agent de,d.a.-l.a.-f.o.-',0.18,True
Q16063546,historien ou historienne des sciences,musicien,f.a.-b.a.-f.o.-',0.21,True
Q18533509,rédacteur d'ouvrages de médecine,médecin,n.a.-f.a.-f.o.-',0.66,False
Q26481809,dirigeant sportif,transporteur,b.a.-l.a.-f.o.-',0.36,True
Q2588761,travailleur qualifié ou travailleuse qualifiée,travailleur social,f.a.-n.a.-f.o.-',0.78,False
Q108290465,"sports coaches, instructors and officials",officier,l.a.-k.a.-f.o.-',0.52,False
Q1930187,journaliste,journaliste,n.a.-b.a.-f.o.-',1.0,False
Q28640,profession,procureur,b.a.-n.a.-f.o.-',0.24,True
Q108289030,"spécialistes de la justice, des sciences sociales et de la culture",travailleur social,f.a.-n.a.-f.o.-',0.28,True
Q57735705,personnalité liée au droit,journaliste,n.a.-b.a.-f.o.-',0.19,True
Q14467526,linguiste,activiste,b.a.-k.a.-f.o.-',0.37,True
Q18524037,indianiste,activiste,b.a.-k.a.-f.o.-',0.28,True
Q84505214,spécialiste de l'Asie de l'Est,journaliste,n.a.-b.a.-f.o.-',0.36,True
Q1139055,receveur des finances,cultivateur / éleveur,f.a.-f.a.-f.o.-',0.35,True
Q106753996,receveur général,cultivateur / éleveur,f.a.-f.a.-f.o.-',0.36,True
Q18931911,théoricien ou théoricienne,musicien,f.a.-b.a.-f.o.-',0.51,False
Q15958642,écrivain ou écrivaine politique,politicien,s.a.-k.a.-f.o.-',0.43,False
Q18930007,philosophe politique,philosophe,s.a.-s.a.-f.o.-',0.78,False
Q25713832,dirigeant ou dirigeante,enfant,d.a.-m.a.-f.o.-',0.15,True
Q110007257,livestock worker,investisseur,t.a.-d.a.-f.o.-',0.3,True
Q1368409,éleveur,cultivateur / éleveur,f.a.-f.a.-f.o.-',0.64,False
Q8011071,dresseur,investisseur,t.a.-d.a.-f.o.-',0.46,False
Q30185,maire,notaire,m.a.-t.a.-f.o.-',0.43,False
Q140686,président ou présidente,précurseur,s.a.-n.a.-f.o.-',0.24,True
Q48942,élève,cultivateur / éleveur,f.a.-f.a.-f.o.-',0.16,True
Q48282,étudiant ou étudiante,étudiant,d.a.-s.a.-f.o.-',0.97,False
Q4964182,philosophe,philosophe,s.a.-s.a.-f.o.-',1.0,False
Q48942,élève,cultivateur / éleveur,f.a.-f.a.-f.o.-',0.16,True
Q48282,étudiant ou étudiante,étudiant,d.a.-s.a.-f.o.-',0.97,False
Q25616474,musicien d'un instrument de la famille des bois,musicien,f.a.-b.a.-f.o.-',0.63,False
Q2066131,athlète,hôte,f.a.-k.a.-f.o.-',0.23,True
Q16004431,plongeur,acteur,s.a.-b.a.-f.o.-',0.17,True
Q2066131,athlète,hôte,f.a.-k.a.-f.o.-',0.23,True
Q2891167,batelier,familier,m.a.-m.a.-f.o.-',0.41,False
Q12797895,occultiste,cultivateur / éleveur,f.a.-f.a.-f.o.-',0.28,True
Q4594605,magistrat ou magistrate,écologiste,l.a.-f.a.-f.o.-',0.24,True
Q177529,bourgmestre,ancêtre,t.a.-m.a.-f.o.-',0.28,True
Q600751,procureur ou procureure,procureur,b.a.-n.a.-f.o.-',0.98,False
Q16009129,magistrat,écologiste,l.a.-f.a.-f.o.-',0.22,True
Q713200,artiste interprète,archiviste,t.a.-l.a.-f.o.-',0.33,True
Q3349700,officier de la Marine française,officier,l.a.-k.a.-f.o.-',0.87,False
Q43845,personnalité du monde des affaires,fonctionnaire,t.a.-k.a.-f.o.-',0.24,True
Q185351,juriste,secouriste,f.a.-l.a.-f.o.-',0.55,False
Q20826540,érudit,éditeur,t.a.-b.a.-f.o.-',0.19,True
Q108290615,"bakers, pastry-cooks and confectionery makers",fonctionnaire,t.a.-k.a.-f.o.-',0.25,True
Q16004431,plongeur,acteur,s.a.-b.a.-f.o.-',0.17,True
Q1797362,ingénierie côtière,père,n.a.-m.a.-f.o.-',0.39,True
Q81096,ingénieur ou ingénieure,inventeur,d.a.-d.a.-f.o.-',0.19,True
Q1895303,forestier ou forestière,investisseur,t.a.-d.a.-f.o.-',0.23,True
Q43845,personnalité du monde des affaires,fonctionnaire,t.a.-k.a.-f.o.-',0.24,True
Q1979607,financier,policier,n.a.-l.a.-f.o.-',0.39,True
Q557880,investisseur,investisseur,t.a.-d.a.-f.o.-',1.0,False
Q713200,artiste interprète,archiviste,t.a.-l.a.-f.o.-',0.33,True
Q1225491,dilettante,consultant,f.a.-s.a.-f.o.-',0.22,True
Q16861871,formation,informaticien,s.a.-t.a.-f.o.-',0.44,False
Q13382608,fondeur ou fondeuse,fondateur,t.a.-t.a.-f.o.-',0.46,False
Q17486376,tireur sportif,transporteur,b.a.-l.a.-f.o.-',0.39,True
Q774306,chirurgien ou chirurgienne,musicien,f.a.-b.a.-f.o.-',0.19,True
Q71134636,orthopedian,étudiant,d.a.-s.a.-f.o.-',0.33,True
Q14915627,musicologue,musicien,f.a.-b.a.-f.o.-',0.45,False
Q18931911,théoricien ou théoricienne,musicien,f.a.-b.a.-f.o.-',0.51,False
Q864503,biologiste,écologiste,l.a.-f.a.-f.o.-',0.79,False
Q1662561,paléontologue,psychologue,s.a.-f.a.-f.o.-',0.57,False
Q37226,enseignant ou enseignante,enseignant,d.a.-f.a.-f.o.-',0.98,False
Q3578589,écologiste,écologiste,l.a.-f.a.-f.o.-',1.0,False
Q3332438,médecin spécialiste,médecin,n.a.-f.a.-f.o.-',0.75,False
Q639669,musicien ou musicienne,musicien,f.a.-b.a.-f.o.-',0.98,False
Q37226,enseignant ou enseignante,enseignant,d.a.-f.a.-f.o.-',0.98,False
Q3332438,médecin spécialiste,médecin,n.a.-f.a.-f.o.-',0.75,False
Q3368718,pathologiste,écologiste,l.a.-f.a.-f.o.-',0.7,False
Q17143199,médecin légiste,médecin,n.a.-f.a.-f.o.-',0.74,False
Q864503,biologiste,écologiste,l.a.-f.a.-f.o.-',0.79,False
Q201788,historien ou historienne,ouvrier,m.a.-l.a.-f.o.-',0.18,True
Q3745071,écrivain ou écrivaine scientifique,relation publique,l.a.-b.a.-f.o.-',0.19,True
Q36180,écrivain ou écrivaine,écologiste,l.a.-f.a.-f.o.-',0.11,True
Q58635633,métier des médias,médiateur,m.a.-s.a.-f.o.-',0.6,False
Q19759076,general,agent de,d.a.-l.a.-f.o.-',0.16,True
Q4897084,five-star rank,transporteur,b.a.-l.a.-f.o.-',0.19,True
Q9200127,membre,mere,f.a.-m.a.-f.o.-',0.4,False
Q10669499,officier de marine,officier,l.a.-k.a.-f.o.-',0.91,False
Q1719325,prisoner of a Nazi concentration camp,relation publique,l.a.-b.a.-f.o.-',0.3,True
Q133485,rabbin,voisin,m.a.-k.a.-f.o.-',0.22,True
Q40348,avocat ou avocate,avocat,n.a.-t.a.-f.o.-',0.95,False
Q1476215,défenseur des droits de l'Homme,défendeur,l.a.-n.a.-f.o.-',0.47,False
Q10659189,cambrioleur,travailleur social,f.a.-n.a.-f.o.-',0.24,True
Q974144,éducateur ou éducatrice,éditeur,t.a.-b.a.-f.o.-',0.24,True
Q639669,musicien ou musicienne,musicien,f.a.-b.a.-f.o.-',0.98,False
Q2675537,professeur ou professeure de musique,investisseur,t.a.-d.a.-f.o.-',0.3,True
Q1231865,pédagogue,psychologue,s.a.-f.a.-f.o.-',0.44,False
Q102040941,évêque protestant,consultant,f.a.-s.a.-f.o.-',0.27,True
Q513760,Travail forcé sous domination nazie pendant la Seconde Guerre mondiale,travailleur social,f.a.-n.a.-f.o.-',0.34,True
Q1660104,société foncière,fonctionnaire,t.a.-k.a.-f.o.-',0.3,True
Q384561,top,acteurs sociaux,M:M:.a.-M:M:.a.-f.o.-',0.0,True
Q25829748,cuivriste,secouriste,f.a.-l.a.-f.o.-',0.45,False
Q625652,hetman,manager,l.a.-s.a.-f.o.-',0.22,True
Q48352,chef d'État,avocat,n.a.-t.a.-f.o.-',0.15,True
Q483501,artiste,archiviste,t.a.-l.a.-f.o.-',0.36,True
Q2532239,chanteur folk,inventeur,d.a.-d.a.-f.o.-',0.44,False
Q2488257,magicien,musicien,f.a.-b.a.-f.o.-',0.5,False
Q50616117,gouverneur provincial de Corée du Sud,travailleur social,f.a.-n.a.-f.o.-',0.25,True
Q7406919,service,secrétaire,k.a.-t.a.-f.o.-',0.19,True
Q1630100,modèle,bénévole,m.a.-n.a.-f.o.-',0.2,True
Q4610556,mannequin,manager,l.a.-s.a.-f.o.-',0.32,True
Q10791,nudité,éditeur,t.a.-b.a.-f.o.-',0.19,True
Q82955,personnalité politique,politicien,s.a.-k.a.-f.o.-',0.51,False
Q15978655,consultant ou consultante,consultant,f.a.-s.a.-f.o.-',0.98,False
Q1423891,ministre du culte,adulte,n.a.-s.a.-f.o.-',0.38,True
Q1183543,dispositif,politicien,s.a.-k.a.-f.o.-',0.12,True
Q811122,travailleur de la construction,travailleur social,f.a.-n.a.-f.o.-',0.63,False
Q5428874,personnel académique,relation publique,l.a.-b.a.-f.o.-',0.31,True
Q37226,enseignant ou enseignante,enseignant,d.a.-f.a.-f.o.-',0.98,False
Q21070568,humain possiblement fictif,mentor,s.a.-d.a.-f.o.-',0.24,True
Q4501412,grand-rabbin,transporteur,b.a.-l.a.-f.o.-',0.12,True
Q327248,lutte populaire,notaire,m.a.-t.a.-f.o.-',0.42,False
Q758780,jardinier,ouvrier,m.a.-l.a.-f.o.-',0.3,True
Q2815948,architecte paysagiste,archiviste,t.a.-l.a.-f.o.-',0.57,False
Q19631939,court rank,secouriste,f.a.-l.a.-f.o.-',0.26,True
Q4991371,soldat,avocat,n.a.-t.a.-f.o.-',0.16,True
Q19100,capitaine,publicitaire,b.a.-d.a.-f.o.-',0.27,True
Q95360317,building surveyor,mentor,s.a.-d.a.-f.o.-',0.15,True
Q1955150,fabricant d'instruments de musique,musicien,f.a.-b.a.-f.o.-',0.32,True
Q36180,écrivain ou écrivaine,écologiste,l.a.-f.a.-f.o.-',0.11,True
Q212238,fonctionnaire,fonctionnaire,t.a.-k.a.-f.o.-',1.0,False
Q36180,écrivain ou écrivaine,écologiste,l.a.-f.a.-f.o.-',0.11,True
Q4671277,institution universitaire,publicitaire,b.a.-d.a.-f.o.-',0.38,True
Q955824,société savante,travailleur social,f.a.-n.a.-f.o.-',0.33,True
Q38723,établissement d'enseignement supérieur,enseignant,d.a.-f.a.-f.o.-',0.42,False
Q3914,école,écologiste,l.a.-f.a.-f.o.-',0.41,False
Q15319501,chercheur ou chercheuse en sciences sociales,travailleur social,f.a.-n.a.-f.o.-',0.4,False
Q1238570,politologue,psychologue,s.a.-f.a.-f.o.-',0.46,False
Q2468727,érudit classique,relation publique,l.a.-b.a.-f.o.-',0.29,True
Q13418253,philologue,psychologue,s.a.-f.a.-f.o.-',0.46,False
Q2468727,érudit classique,relation publique,l.a.-b.a.-f.o.-',0.29,True
Q14467526,linguiste,activiste,b.a.-k.a.-f.o.-',0.37,True
Q13418253,philologue,psychologue,s.a.-f.a.-f.o.-',0.46,False
Q12737077,activité,activiste,b.a.-k.a.-f.o.-',0.74,False
Q864503,biologiste,écologiste,l.a.-f.a.-f.o.-',0.79,False
Q18931911,théoricien ou théoricienne,musicien,f.a.-b.a.-f.o.-',0.51,False
Q1294787,artisan,archiviste,t.a.-l.a.-f.o.-',0.12,True
Q105898711,zoologiste des vertébrés,écologiste,l.a.-f.a.-f.o.-',0.74,False
Q108614246,zoologiste des invertébrés,écologiste,l.a.-f.a.-f.o.-',0.67,False
Q864503,biologiste,écologiste,l.a.-f.a.-f.o.-',0.79,False
Q3332438,médecin spécialiste,médecin,n.a.-f.a.-f.o.-',0.75,False
Q105186,pharmacien,pharmacien,t.a.-f.a.-f.o.-',1.0,False
Q2066131,athlète,hôte,f.a.-k.a.-f.o.-',0.23,True
Q18536342,joueur professionnel ou joueuse professionnelle,joueur,m.a.-b.a.-f.o.-',0.75,False
Q2935715,Camériste,secouriste,f.a.-l.a.-f.o.-',0.48,False
Q54128,domestique,relation publique,l.a.-b.a.-f.o.-',0.31,True
Q25110562,femme de chambre,agent de,d.a.-l.a.-f.o.-',0.42,False
Q833860,femme de ménage,agent de,d.a.-l.a.-f.o.-',0.39,True
Q47064,militaire,publicitaire,b.a.-d.a.-f.o.-',0.47,False
Q1454940,soldat volontaire,notaire,m.a.-t.a.-f.o.-',0.44,False
Q4610556,mannequin,manager,l.a.-s.a.-f.o.-',0.32,True
Q12369333,lutteur,acteur,s.a.-b.a.-f.o.-',0.43,False
Q110038490,modern philologist,écologiste,l.a.-f.a.-f.o.-',0.5,False
Q17135920,expert interdisciplinaire d'une région géographique,cartographe,l.a.-t.a.-f.o.-',0.31,True
Q43845,personnalité du monde des affaires,fonctionnaire,t.a.-k.a.-f.o.-',0.24,True
Q60534774,personnel hôtelier,hôte,f.a.-k.a.-f.o.-',0.59,False
Q108289372,hotel and restaurant managers,manager,l.a.-s.a.-f.o.-',0.75,False
Q14467526,linguiste,activiste,b.a.-k.a.-f.o.-',0.37,True
Q42603,prêtre,ancêtre,t.a.-m.a.-f.o.-',0.52,False
Q14467526,linguiste,activiste,b.a.-k.a.-f.o.-',0.37,True
Q15980158,auteur ou autrice de non-fiction,auteur,b.a.-b.a.-f.o.-',0.72,False
Q17135920,expert interdisciplinaire d'une région géographique,cartographe,l.a.-t.a.-f.o.-',0.31,True
Q483501,artiste,archiviste,t.a.-l.a.-f.o.-',0.36,True
Q11499147,militant ou militante politique,politicien,s.a.-k.a.-f.o.-',0.38,True
Q16003550,pacifiste,activiste,b.a.-k.a.-f.o.-',0.33,True
Q327055,travailleur ou travailleuse,travailleur social,f.a.-n.a.-f.o.-',0.8,False
Q255274,col blanc,ancêtre,t.a.-m.a.-f.o.-',0.14,True
Q294126,géomètre,ancêtre,t.a.-m.a.-f.o.-',0.36,True
Q1986550,géodésie appliquée,syndiqué,k.a.-l.a.-f.o.-',0.28,True
Q18915989,député,défendeur,l.a.-n.a.-f.o.-',0.22,True
Q82604,design,agent de,d.a.-l.a.-f.o.-',0.2,True
Q17135920,expert interdisciplinaire d'une région géographique,cartographe,l.a.-t.a.-f.o.-',0.31,True
Q4773904,anthropologue,psychologue,s.a.-f.a.-f.o.-',0.56,False
Q2374149,botaniste,activiste,b.a.-k.a.-f.o.-',0.33,True
Q2374149,botaniste,activiste,b.a.-k.a.-f.o.-',0.33,True
Q39631,médecin,médecin,n.a.-f.a.-f.o.-',1.0,False
Q11424604,géoscientifique,relation publique,l.a.-b.a.-f.o.-',0.3,True
Q593644,chimiste,archiviste,t.a.-l.a.-f.o.-',0.43,False
Q208762,chapelain,voisin,m.a.-k.a.-f.o.-',0.14,True
Q2462658,manager,manager,l.a.-s.a.-f.o.-',1.0,False
Q215627,personne,fonctionnaire,t.a.-k.a.-f.o.-',0.18,True
Q2393196,trait de personnalité,agent de,d.a.-l.a.-f.o.-',0.22,True
Q1607826,éditeur ou éditrice,éditeur,t.a.-b.a.-f.o.-',0.93,False
Q10527030,humaniste,activiste,b.a.-k.a.-f.o.-',0.38,True
Q8011071,dresseur,investisseur,t.a.-d.a.-f.o.-',0.46,False
Q831474,prêtre chrétien,ancêtre,t.a.-m.a.-f.o.-',0.43,False
Q4964182,philosophe,philosophe,s.a.-s.a.-f.o.-',1.0,False
Q170790,mathématicien ou mathématicienne,informaticien,s.a.-t.a.-f.o.-',0.62,False
Q1294787,artisan,archiviste,t.a.-l.a.-f.o.-',0.12,True
Q66035178,travailleur du textile,travailleur social,f.a.-n.a.-f.o.-',0.79,False
Q87646528,headdress maker,manager,l.a.-s.a.-f.o.-',0.29,True
Q3501317,modéliste,journaliste,n.a.-b.a.-f.o.-',0.49,False
Q1208175,cadreur,assureur,f.a.-t.a.-f.o.-',0.36,True
Q838566,forgeron ou forgeronne,manager,l.a.-s.a.-f.o.-',0.13,True
Q15980591,monteur d'acier,inventeur,d.a.-d.a.-f.o.-',0.33,True
Q84380764,joueur de jeu de plateau,joueur,m.a.-b.a.-f.o.-',0.69,False
Q1294787,artisan,archiviste,t.a.-l.a.-f.o.-',0.12,True
Q18930236,philosophe du langage,philosophe,s.a.-s.a.-f.o.-',0.98,False
Q14467526,linguiste,activiste,b.a.-k.a.-f.o.-',0.37,True
Q16727193,scientifique de l'esprit,agent de,d.a.-l.a.-f.o.-',0.26,True
Q3126128,généticien ou généticienne,politicien,s.a.-k.a.-f.o.-',0.53,False
Q4915128,scientifique biomédical,relation publique,l.a.-b.a.-f.o.-',0.26,True
Q17175157,bourgmestre,ancêtre,t.a.-m.a.-f.o.-',0.28,True
Q213441,magasin,voisin,m.a.-k.a.-f.o.-',0.37,True
Q6302990,officier judiciaire,officier,l.a.-k.a.-f.o.-',0.86,False
Q1155838,correspondant local de presse,aidant,m.a.-f.a.-f.o.-',0.3,True
Q1930187,journaliste,journaliste,n.a.-b.a.-f.o.-',1.0,False
Q42909,reporter,transporteur,b.a.-l.a.-f.o.-',0.39,True
Q15980804,professionnel des médias,médiateur,m.a.-s.a.-f.o.-',0.5,False
Q6430706,critique,relation publique,l.a.-b.a.-f.o.-',0.33,True
Q639669,musicien ou musicienne,musicien,f.a.-b.a.-f.o.-',0.98,False
Q81096,ingénieur ou ingénieure,inventeur,d.a.-d.a.-f.o.-',0.19,True
Q593644,chimiste,archiviste,t.a.-l.a.-f.o.-',0.43,False
Q55631411,religieuse catholique,relation publique,l.a.-b.a.-f.o.-',0.47,False
Q1776501,supérieur,acteur,s.a.-b.a.-f.o.-',0.18,True
Q191808,religieuse,relation publique,l.a.-b.a.-f.o.-',0.28,True
Q1638918,ordinaire,partenaire,m.a.-d.a.-f.o.-',0.5,False
Q5873,rapport sexuel,transporteur,b.a.-l.a.-f.o.-',0.21,True
Q2148678,pénétration,relation publique,l.a.-b.a.-f.o.-',0.42,False
Q123507833,intromission,relation publique,l.a.-b.a.-f.o.-',0.19,True
Q2526135,sûreté,acteurs sociaux,M:M:.a.-M:M:.a.-f.o.-',0.0,True
Q25713832,dirigeant ou dirigeante,enfant,d.a.-m.a.-f.o.-',0.15,True
Q16533,juge,juré,k.a.-n.a.-f.o.-',0.33,True
Q140686,président ou présidente,précurseur,s.a.-n.a.-f.o.-',0.24,True
Q16390131,cryptologue,psychologue,s.a.-f.a.-f.o.-',0.62,False
Q1622272,professeur ou professeure d'université,investisseur,t.a.-d.a.-f.o.-',0.36,True
Q25339110,professeur titulaire,investisseur,t.a.-d.a.-f.o.-',0.32,True
Q1028181,peintre,ancêtre,t.a.-m.a.-f.o.-',0.27,True
Q2061186,ordre religieux,relation publique,l.a.-b.a.-f.o.-',0.23,True
Q391009,ordre religieux catholique,relation publique,l.a.-b.a.-f.o.-',0.45,False
Q1391083,travailleur qualifié,travailleur social,f.a.-n.a.-f.o.-',0.79,False
Q2588761,travailleur qualifié ou travailleuse qualifiée,travailleur social,f.a.-n.a.-f.o.-',0.78,False
Q3376056,Personnel de hall,agent de,d.a.-l.a.-f.o.-',0.32,True
Q66666685,universitaire,publicitaire,b.a.-d.a.-f.o.-',0.56,False
Q15980158,auteur ou autrice de non-fiction,auteur,b.a.-b.a.-f.o.-',0.72,False
Q13582652,ingénieur civil,inventeur,d.a.-d.a.-f.o.-',0.16,True
Q116,monarque,relation publique,l.a.-b.a.-f.o.-',0.27,True
Q113291098,Femmes de la noblesse,agent de,d.a.-l.a.-f.o.-',0.32,True
Q37226,enseignant ou enseignante,enseignant,d.a.-f.a.-f.o.-',0.98,False
Q3479990,serrurier ou serrurière,guerrier,l.a.-l.a.-f.o.-',0.32,True
Q29881694,thérapeute alternatif,adulte,n.a.-s.a.-f.o.-',0.16,True
Q11424604,géoscientifique,relation publique,l.a.-b.a.-f.o.-',0.3,True
Q1162163,directeur ou directrice,lecteur,b.a.-s.a.-f.o.-',0.47,False
Q613354,utilisateur ou utilisatrice,médiateur,m.a.-s.a.-f.o.-',0.2,True
Q185351,juriste,secouriste,f.a.-l.a.-f.o.-',0.55,False
Q15987302,profession juridique,relation publique,l.a.-b.a.-f.o.-',0.33,True
Q6302990,officier judiciaire,officier,l.a.-k.a.-f.o.-',0.86,False
Q2994387,conseiller ou conseillère,consultant,f.a.-s.a.-f.o.-',0.35,True
Q462390,maître ou maîtresse de conférences,agent de,d.a.-l.a.-f.o.-',0.18,True
Q37226,enseignant ou enseignante,enseignant,d.a.-f.a.-f.o.-',0.98,False
Q16744001,noble,comptable,b.a.-t.a.-f.o.-',0.3,True
Q23540,protestantisme,procureur,b.a.-n.a.-f.o.-',0.21,True
Q1786655,Réforme radicale,réformateur,n.a.-k.a.-f.o.-',0.67,False
Q12562,Réforme protestante,réformateur,n.a.-k.a.-f.o.-',0.56,False
Q41176,bâtiment,mentor,s.a.-d.a.-f.o.-',0.35,True
Q37226,enseignant ou enseignante,enseignant,d.a.-f.a.-f.o.-',0.98,False
Q42603,prêtre,ancêtre,t.a.-m.a.-f.o.-',0.52,False
Q483501,artiste,archiviste,t.a.-l.a.-f.o.-',0.36,True
Q3782242,Clandestine HUMINT,investisseur,t.a.-d.a.-f.o.-',0.24,True
Q83267,crime,acteurs sociaux,M:M:.a.-M:M:.a.-f.o.-',0.0,True
Q27349,dentiste,activiste,b.a.-k.a.-f.o.-',0.32,True
Q43845,personnalité du monde des affaires,fonctionnaire,t.a.-k.a.-f.o.-',0.24,True
Q8359428,militant social,travailleur social,f.a.-n.a.-f.o.-',0.44,False
Q2419397,thérapeute,auteur,b.a.-b.a.-f.o.-',0.2,True
Q133163,instrument de percussion,agent de,d.a.-l.a.-f.o.-',0.37,True
Q778000,Ausbildungsberuf,auteur,b.a.-b.a.-f.o.-',0.31,True
Q327029,mécanicien,technicien,f.a.-d.a.-f.o.-',0.56,False
Q2309621,Meister,activiste,b.a.-k.a.-f.o.-',0.23,True
Q255274,col blanc,ancêtre,t.a.-m.a.-f.o.-',0.14,True
Q108290746,hand launderers and pressers,acteurs sociaux,M:M:.a.-M:M:.a.-f.o.-',0.12,True
Q864503,biologiste,écologiste,l.a.-f.a.-f.o.-',0.79,False
Q520549,géologue,psychologue,s.a.-f.a.-f.o.-',0.62,False
Q18805,naturaliste,journaliste,n.a.-b.a.-f.o.-',0.59,False
Q17488316,préhistorien,précurseur,s.a.-n.a.-f.o.-',0.22,True
Q1900167,psychothérapeute,psychologue,s.a.-f.a.-f.o.-',0.58,False
Q4504549,religieux,relation publique,l.a.-b.a.-f.o.-',0.24,True
Q1900167,psychothérapeute,psychologue,s.a.-f.a.-f.o.-',0.58,False
Q1900167,psychothérapeute,psychologue,s.a.-f.a.-f.o.-',0.58,False
Q548320,frère,frère/socur,k.a.-m.a.-f.o.-',0.52,False
Q1097498,dirigeant,enfant,d.a.-m.a.-f.o.-',0.22,True
Q131062,urbaniste,activiste,b.a.-k.a.-f.o.-',0.37,True
Q215279,travailleur ou travailleuse indépendant,travailleur social,f.a.-n.a.-f.o.-',0.77,False
Q294414,fonction publique,relation publique,l.a.-b.a.-f.o.-',0.63,False
Q185351,juriste,secouriste,f.a.-l.a.-f.o.-',0.55,False
Q4504549,religieux,relation publique,l.a.-b.a.-f.o.-',0.24,True
Q4594605,magistrat ou magistrate,écologiste,l.a.-f.a.-f.o.-',0.24,True
Q81096,ingénieur ou ingénieure,inventeur,d.a.-d.a.-f.o.-',0.19,True
Q901402,géographe,cartographe,l.a.-t.a.-f.o.-',0.7,False
Q36442,science politique,politicien,s.a.-k.a.-f.o.-',0.63,False
Q1762091,politique internationale,politicien,s.a.-k.a.-f.o.-',0.46,False
Q26700841,scandinaviste,activiste,b.a.-k.a.-f.o.-',0.51,False
Q79913,organisation non gouvernementale,relation publique,l.a.-b.a.-f.o.-',0.36,True
Q15911314,association,relation publique,l.a.-b.a.-f.o.-',0.32,True
Q431603,groupe de défense d'intérêts,défendeur,l.a.-n.a.-f.o.-',0.52,False
Q988108,club,client,n.a.-d.a.-f.o.-',0.27,True
Q215627,personne,fonctionnaire,t.a.-k.a.-f.o.-',0.18,True
Q599151,haut fonctionnaire ou haute fonctionnaire,fonctionnaire,t.a.-k.a.-f.o.-',0.97,False
Q106753996,receveur général,cultivateur / éleveur,f.a.-f.a.-f.o.-',0.36,True
Q193432,fan,enfant,d.a.-m.a.-f.o.-',0.19,True
Q180958,faculté,cultivateur / éleveur,f.a.-f.a.-f.o.-',0.22,True
Q49757,poète ou poétesse,policier,n.a.-l.a.-f.o.-',0.16,True
Q12899866,famille cistercienne,familier,m.a.-m.a.-f.o.-',0.49,False
Q116,monarque,relation publique,l.a.-b.a.-f.o.-',0.27,True
Q215536,commerçant,comptable,b.a.-t.a.-f.o.-',0.25,True
Q486839,parlementaire,notaire,m.a.-t.a.-f.o.-',0.44,False
Q851436,garde du corps,agent de,d.a.-l.a.-f.o.-',0.18,True
Q19829980,scientifique des religions,relation publique,l.a.-b.a.-f.o.-',0.39,True
Q20826540,érudit,éditeur,t.a.-b.a.-f.o.-',0.19,True
Q215627,personne,fonctionnaire,t.a.-k.a.-f.o.-',0.18,True
Q13416354,minéralogiste,écologiste,l.a.-f.a.-f.o.-',0.71,False
Q3562775,voleur,bénévole,m.a.-n.a.-f.o.-',0.24,True
Q169470,physicien ou physicienne,musicien,f.a.-b.a.-f.o.-',0.62,False
Q520549,géologue,psychologue,s.a.-f.a.-f.o.-',0.62,False
Q11063,astronome,assureur,f.a.-t.a.-f.o.-',0.24,True
Q7501153,commerçant,comptable,b.a.-t.a.-f.o.-',0.25,True
Q203658,chiffonnier,ouvrier,m.a.-l.a.-f.o.-',0.18,True
Q16743941,métaphysicien,musicien,f.a.-b.a.-f.o.-',0.59,False
Q4964182,philosophe,philosophe,s.a.-s.a.-f.o.-',1.0,False
Q2478141,aristocrate,secouriste,f.a.-l.a.-f.o.-',0.27,True
Q593644,chimiste,archiviste,t.a.-l.a.-f.o.-',0.43,False
Q169470,physicien ou physicienne,musicien,f.a.-b.a.-f.o.-',0.62,False
Q169470,physicien ou physicienne,musicien,f.a.-b.a.-f.o.-',0.62,False
Q1900167,psychothérapeute,psychologue,s.a.-f.a.-f.o.-',0.58,False
Q212980,psychologue,psychologue,s.a.-f.a.-f.o.-',1.0,False
Q16746942,hypnotiseur,investisseur,t.a.-d.a.-f.o.-',0.34,True
Q1900167,psychothérapeute,psychologue,s.a.-f.a.-f.o.-',0.58,False
Q467,femme,acteurs sociaux,M:M:.a.-M:M:.a.-f.o.-',0.0,True
Q18931911,théoricien ou théoricienne,musicien,f.a.-b.a.-f.o.-',0.51,False
Q22082749,pseudo-scientifique,relation publique,l.a.-b.a.-f.o.-',0.28,True
Q188094,économiste,écologiste,l.a.-f.a.-f.o.-',0.48,False
Q102083,chevalier,familier,m.a.-m.a.-f.o.-',0.43,False
Q1250916,guerrier,guerrier,l.a.-l.a.-f.o.-',1.0,False
Q16831394,mammalogiste,écologiste,l.a.-f.a.-f.o.-',0.69,False
Q216353,titre de civilité,agent de,d.a.-l.a.-f.o.-',0.26,True
Q250867,prêtre catholique,relation publique,l.a.-b.a.-f.o.-',0.32,True
Q2029179,prêtre régulier,ancêtre,t.a.-m.a.-f.o.-',0.38,True
Q105898711,zoologiste des vertébrés,écologiste,l.a.-f.a.-f.o.-',0.74,False
Q350979,zoologiste,écologiste,l.a.-f.a.-f.o.-',0.79,False
Q864503,biologiste,écologiste,l.a.-f.a.-f.o.-',0.79,False
Q1731155,orientaliste,journaliste,n.a.-b.a.-f.o.-',0.52,False
Q217602,analyse,manager,l.a.-s.a.-f.o.-',0.14,True
Q15978655,consultant ou consultante,consultant,f.a.-s.a.-f.o.-',0.98,False
Q11499147,militant ou militante politique,politicien,s.a.-k.a.-f.o.-',0.38,True
Q189290,officier,officier,l.a.-k.a.-f.o.-',1.0,False
Q55071047,auxiliaire de santé,notaire,m.a.-t.a.-f.o.-',0.29,True
Q8434,éducation,relation publique,l.a.-b.a.-f.o.-',0.4,False
Q918385,entraînement,entrepreneur,l.a.-d.a.-f.o.-',0.32,True
Q61788126,educational activity,activiste,b.a.-k.a.-f.o.-',0.55,False
Q6503343,agent de la force publique,agent de,d.a.-l.a.-f.o.-',0.63,False
Q49757,poète ou poétesse,policier,n.a.-l.a.-f.o.-',0.16,True
Q108614246,zoologiste des invertébrés,écologiste,l.a.-f.a.-f.o.-',0.67,False
Q6030589,informant,informaticien,s.a.-t.a.-f.o.-',0.6,False
Q35535,police,policier,n.a.-l.a.-f.o.-',0.69,False
Q7574898,organisme spécialisé chargé de l'application de la loi,agent de,d.a.-l.a.-f.o.-',0.29,True
Q1028181,peintre,ancêtre,t.a.-m.a.-f.o.-',0.27,True
Q5116158,artiste animalier,familier,m.a.-m.a.-f.o.-',0.28,True
Q14467526,linguiste,activiste,b.a.-k.a.-f.o.-',0.37,True
Q3375719,personnage conceptuel,guide spirituel,n.a.-n.a.-f.o.-',0.25,True
Q42857,prophète ou prophétesse,procureur,b.a.-n.a.-f.o.-',0.27,True
Q18563360,personnage coranique,relation publique,l.a.-b.a.-f.o.-',0.25,True
Q60754876,grade d'un ordre,traducteur,t.a.-s.a.-f.o.-',0.13,True
Q82955,personnalité politique,politicien,s.a.-k.a.-f.o.-',0.51,False
Q1400381,gouverneur militaire,publicitaire,b.a.-d.a.-f.o.-',0.4,False
Q4964182,philosophe,philosophe,s.a.-s.a.-f.o.-',1.0,False
Q4964182,philosophe,philosophe,s.a.-s.a.-f.o.-',1.0,False
Q37226,enseignant ou enseignante,enseignant,d.a.-f.a.-f.o.-',0.98,False
Q3303330,calligraphe,cartographe,l.a.-t.a.-f.o.-',0.59,False
Q15647248,barreur,assureur,f.a.-t.a.-f.o.-',0.36,True
Q13382576,rameur,acteur,s.a.-b.a.-f.o.-',0.28,True
Q16533,juge,juré,k.a.-n.a.-f.o.-',0.33,True
Q255274,col blanc,ancêtre,t.a.-m.a.-f.o.-',0.14,True
Q2006045,oligarque,relation publique,l.a.-b.a.-f.o.-',0.24,True
Q901,scientifique,relation publique,l.a.-b.a.-f.o.-',0.3,True
Q1238570,politologue,psychologue,s.a.-f.a.-f.o.-',0.46,False
Q108290599,pre-press technicians,technicien,f.a.-d.a.-f.o.-',0.73,False
Q2066131,athlète,hôte,f.a.-k.a.-f.o.-',0.23,True
Q1800765,réduction à l'état laïc,fonctionnaire,t.a.-k.a.-f.o.-',0.25,True
Q250867,prêtre catholique,relation publique,l.a.-b.a.-f.o.-',0.32,True
Q215627,personne,fonctionnaire,t.a.-k.a.-f.o.-',0.18,True
Q5121550,érudit du judaïsme,juré,k.a.-n.a.-f.o.-',0.19,True
Q15962340,théoricien ou théoricienne de la littérature,musicien,f.a.-b.a.-f.o.-',0.44,False
Q17136179,scientifique interdisciplinaire,partenaire,m.a.-d.a.-f.o.-',0.29,True
Q11499147,militant ou militante politique,politicien,s.a.-k.a.-f.o.-',0.38,True
Q9200127,membre,mere,f.a.-m.a.-f.o.-',0.4,False
Q1428506,aviation medical examiner,relation publique,l.a.-b.a.-f.o.-',0.36,True
Q132050,gouverneur,entrepreneur,l.a.-d.a.-f.o.-',0.31,True
Q5405633,assistant de recherche,consultant,f.a.-s.a.-f.o.-',0.23,True
Q108289416,medical and pharmaceutical technicians,technicien,f.a.-d.a.-f.o.-',0.57,False
Q152002,pasteur,acteur,s.a.-b.a.-f.o.-',0.3,True
Q185351,juriste,secouriste,f.a.-l.a.-f.o.-',0.55,False
Q2873500,aventurier ou aventurière,ouvrier,m.a.-l.a.-f.o.-',0.25,True
Q1650915,chercheur ou chercheuse,archiviste,t.a.-l.a.-f.o.-',0.17,True
Q901,scientifique,relation publique,l.a.-b.a.-f.o.-',0.3,True
Q125482,imam,acteurs sociaux,M:M:.a.-M:M:.a.-f.o.-',0.0,True
Q918824,aumônier militaire,publicitaire,b.a.-d.a.-f.o.-',0.43,False
Q105275968,clerc musulman,musicien,f.a.-b.a.-f.o.-',0.3,True
Q1281618,sculpteur ou sculptrice,cultivateur / éleveur,f.a.-f.a.-f.o.-',0.25,True
Q329439,graveur ou graveuse sur métal,cultivateur / éleveur,f.a.-f.a.-f.o.-',0.2,True
Q1251441,responsable,comptable,b.a.-t.a.-f.o.-',0.4,False
Q48282,étudiant ou étudiante,étudiant,d.a.-s.a.-f.o.-',0.97,False
Q30002353,professeur de langues,investisseur,t.a.-d.a.-f.o.-',0.33,True
Q1548249,architecte logiciel,archiviste,t.a.-l.a.-f.o.-',0.45,False
Q1572123,ingénieur système,inventeur,d.a.-d.a.-f.o.-',0.18,True
Q5157565,professionnel de l'informatique,informaticien,s.a.-t.a.-f.o.-',0.54,False
Q2462658,manager,manager,l.a.-s.a.-f.o.-',1.0,False
Q15296811,dessinateur ou dessinatrice,médiateur,m.a.-s.a.-f.o.-',0.2,True
Q109517242,auteur de bande dessinée,auteur,b.a.-b.a.-f.o.-',0.67,False
Q30185,maire,notaire,m.a.-t.a.-f.o.-',0.43,False
Q708492,conseiller municipal,consultant,f.a.-s.a.-f.o.-',0.28,True
Q1930187,journaliste,journaliste,n.a.-b.a.-f.o.-',1.0,False
Q578109,producteur ou productrice de télévision,producteur,d.a.-b.a.-f.o.-',0.9,False
Q2045208,célébrité d'internet,inventeur,d.a.-d.a.-f.o.-',0.17,True
Q4110598,vlogueur ou vlogueuse,psychologue,s.a.-f.a.-f.o.-',0.38,True
Q15980804,professionnel des médias,médiateur,m.a.-s.a.-f.o.-',0.5,False
Q109459317,créateur ou créatrice de contenu,agent de,d.a.-l.a.-f.o.-',0.19,True
Q111263847,créateur ou créatrice numérique,relation publique,l.a.-b.a.-f.o.-',0.25,True
Q111651501,posteur ou posteuse,acteur,s.a.-b.a.-f.o.-',0.21,True
Q118371929,vidéaste web,activiste,b.a.-k.a.-f.o.-',0.29,True
Q33394058,travailleur manuel,travailleur social,f.a.-n.a.-f.o.-',0.74,False
Q185351,juriste,secouriste,f.a.-l.a.-f.o.-',0.55,False
Q15978655,consultant ou consultante,consultant,f.a.-s.a.-f.o.-',0.98,False
Q16727193,scientifique de l'esprit,agent de,d.a.-l.a.-f.o.-',0.26,True
Q3332438,médecin spécialiste,médecin,n.a.-f.a.-f.o.-',0.75,False
Q15941468,scientifique médico-légal,médiateur,m.a.-s.a.-f.o.-',0.32,True
Q599151,haut fonctionnaire ou haute fonctionnaire,fonctionnaire,t.a.-k.a.-f.o.-',0.97,False
Q83307,ministre,ancêtre,t.a.-m.a.-f.o.-',0.33,True
Q688576,conseiller ou conseillère fiscale,consultant,f.a.-s.a.-f.o.-',0.34,True
Q327055,travailleur ou travailleuse,travailleur social,f.a.-n.a.-f.o.-',0.8,False
Q29017578,prédateur,fondateur,t.a.-t.a.-f.o.-',0.48,False
Q27443,chasseur-cueilleur,travailleur social,f.a.-n.a.-f.o.-',0.39,True
Q17291399,membre d'équipe de cinéma,agent de,d.a.-l.a.-f.o.-',0.29,True
Q864503,biologiste,écologiste,l.a.-f.a.-f.o.-',0.79,False
Q39631,médecin,médecin,n.a.-f.a.-f.o.-',1.0,False
Q57260825,craftsman,manager,l.a.-s.a.-f.o.-',0.22,True
Q18544928,joueur de billard,joueur,m.a.-b.a.-f.o.-',0.87,False
Q864380,biographe,cartographe,l.a.-t.a.-f.o.-',0.7,False
Q13418253,philologue,psychologue,s.a.-f.a.-f.o.-',0.46,False
Q2920921,management,manager,l.a.-s.a.-f.o.-',0.71,False
Q29182,évêque,relation publique,l.a.-b.a.-f.o.-',0.27,True
Q112074151,head of a diocese,officier,l.a.-k.a.-f.o.-',0.17,True
Q30185,maire,notaire,m.a.-t.a.-f.o.-',0.43,False
Q2159907,criminel ou criminelle,ouvrier,m.a.-l.a.-f.o.-',0.13,True
Q1862087,prisonnier ou prisonnière,père,n.a.-m.a.-f.o.-',0.2,True
Q177220,chanteur ou chanteuse,inventeur,d.a.-d.a.-f.o.-',0.43,False
Q11997597,représentant,consultant,f.a.-s.a.-f.o.-',0.28,True
Q255274,col blanc,ancêtre,t.a.-m.a.-f.o.-',0.14,True
Q1823479,éclairagiste,écologiste,l.a.-f.a.-f.o.-',0.53,False
Q19631939,court rank,secouriste,f.a.-l.a.-f.o.-',0.26,True
Q54128,domestique,relation publique,l.a.-b.a.-f.o.-',0.31,True
Q15986539,officiel du sport,officier,l.a.-k.a.-f.o.-',0.7,False
Q5352191,technicien ou technicienne,technicien,f.a.-d.a.-f.o.-',0.99,False
Q15296811,dessinateur ou dessinatrice,médiateur,m.a.-s.a.-f.o.-',0.2,True
Q842782,détective,activiste,b.a.-k.a.-f.o.-',0.26,True
Q110974141,aquatic scientist,informaticien,s.a.-t.a.-f.o.-',0.29,True
Q15995642,chef religieux,relation publique,l.a.-b.a.-f.o.-',0.24,True
Q845929,prétendant au trône,aidant,m.a.-f.a.-f.o.-',0.34,True
Q11424604,géoscientifique,relation publique,l.a.-b.a.-f.o.-',0.3,True
Q11063,astronome,assureur,f.a.-t.a.-f.o.-',0.24,True
Q1734662,cartographe,cartographe,l.a.-t.a.-f.o.-',1.0,False
Q1055894,député,défendeur,l.a.-n.a.-f.o.-',0.22,True
Q10937013,Ōzumō,acteurs sociaux,M:M:.a.-M:M:.a.-f.o.-',0.0,True
Q41583,entraîneur sportif,entrepreneur,l.a.-d.a.-f.o.-',0.4,False
Q2628227,docteur ès sciences,acteur,s.a.-b.a.-f.o.-',0.51,False
Q308678,habilitation universitaire,publicitaire,b.a.-d.a.-f.o.-',0.38,True
Q2628227,docteur ès sciences,acteur,s.a.-b.a.-f.o.-',0.51,False
Q2628227,docteur ès sciences,acteur,s.a.-b.a.-f.o.-',0.51,False
Q2628227,docteur ès sciences,acteur,s.a.-b.a.-f.o.-',0.51,False
Q2628227,docteur ès sciences,acteur,s.a.-b.a.-f.o.-',0.51,False
Q1415187,agent économique,agent de,d.a.-l.a.-f.o.-',0.64,False
Q557880,investisseur,investisseur,t.a.-d.a.-f.o.-',1.0,False
Q193364,vicaire,notaire,m.a.-t.a.-f.o.-',0.48,False
Q112074151,head of a diocese,officier,l.a.-k.a.-f.o.-',0.17,True
Q45722,cardinal,cartographe,l.a.-t.a.-f.o.-',0.25,True
Q1144278,évêque diocésain,relation publique,l.a.-b.a.-f.o.-',0.21,True
Q215627,personne,fonctionnaire,t.a.-k.a.-f.o.-',0.18,True
Q15980804,professionnel des médias,médiateur,m.a.-s.a.-f.o.-',0.5,False
Q1916611,medizinischer Sachverständiger,manager,l.a.-s.a.-f.o.-',0.3,True
Q2066131,athlète,hôte,f.a.-k.a.-f.o.-',0.23,True
Q5263369,lieutenant du roi,enseignant,d.a.-f.a.-f.o.-',0.28,True
Q3250324,adjoint,adulte,n.a.-s.a.-f.o.-',0.17,True
Q2675537,professeur ou professeure de musique,investisseur,t.a.-d.a.-f.o.-',0.3,True
Q486748,pianiste,activiste,b.a.-k.a.-f.o.-',0.37,True
Q1281618,sculpteur ou sculptrice,cultivateur / éleveur,f.a.-f.a.-f.o.-',0.25,True
Q811122,travailleur de la construction,travailleur social,f.a.-n.a.-f.o.-',0.63,False
Q7501153,commerçant,comptable,b.a.-t.a.-f.o.-',0.25,True
Q81096,ingénieur ou ingénieure,inventeur,d.a.-d.a.-f.o.-',0.19,True
Q1996635,opticien-lunetier,politicien,s.a.-k.a.-f.o.-',0.47,False
Q1294787,artisan,archiviste,t.a.-l.a.-f.o.-',0.12,True
Q15980591,monteur d'acier,inventeur,d.a.-d.a.-f.o.-',0.33,True
Q713200,artiste interprète,archiviste,t.a.-l.a.-f.o.-',0.33,True
Q63930359,agent de maintenance,agent de,d.a.-l.a.-f.o.-',0.82,False
Q108290805,balayeurs et manœuvres assimilés,acteurs sociaux,M:M:.a.-M:M:.a.-f.o.-',0.23,True
Q1760141,technicien de surface,technicien,f.a.-d.a.-f.o.-',0.93,False
Q19357312,accusation,relation publique,l.a.-b.a.-f.o.-',0.44,False
Q1301203,procès,procureur,b.a.-n.a.-f.o.-',0.53,False
Q212238,fonctionnaire,fonctionnaire,t.a.-k.a.-f.o.-',1.0,False
Q13418253,philologue,psychologue,s.a.-f.a.-f.o.-',0.46,False
Q17135920,expert interdisciplinaire d'une région géographique,cartographe,l.a.-t.a.-f.o.-',0.31,True
Q1866686,plongeur,acteur,s.a.-b.a.-f.o.-',0.17,True
Q2066131,athlète,hôte,f.a.-k.a.-f.o.-',0.23,True
Q1294787,artisan,archiviste,t.a.-l.a.-f.o.-',0.12,True
Q6430706,critique,relation publique,l.a.-b.a.-f.o.-',0.33,True
Q79044120,theatre maker,ancêtre,t.a.-m.a.-f.o.-',0.29,True
Q1791760,arts journalism,journaliste,n.a.-b.a.-f.o.-',0.83,False
Q1086863,chroniqueur ou chroniqueuse,joueur,m.a.-b.a.-f.o.-',0.3,True
Q122657794,editorial writer,éditeur,t.a.-b.a.-f.o.-',0.19,True
Q786820,constructeur automobile,auteur,b.a.-b.a.-f.o.-',0.35,True
Q108614246,zoologiste des invertébrés,écologiste,l.a.-f.a.-f.o.-',0.67,False
Q3332438,médecin spécialiste,médecin,n.a.-f.a.-f.o.-',0.75,False
Q901402,géographe,cartographe,l.a.-t.a.-f.o.-',0.7,False
Q15296811,dessinateur ou dessinatrice,médiateur,m.a.-s.a.-f.o.-',0.2,True
Q96050759,personne de la presse écrite,agent de,d.a.-l.a.-f.o.-',0.24,True
Q876864,conseiller ou conseillère de rédaction,consultant,f.a.-s.a.-f.o.-',0.3,True
Q2066131,athlète,hôte,f.a.-k.a.-f.o.-',0.23,True
Q18536342,joueur professionnel ou joueuse professionnelle,joueur,m.a.-b.a.-f.o.-',0.75,False
Q685433,vendeur ou vendeuse,vendeur,k.a.-d.a.-f.o.-',0.96,False
Q701632,conseil municipal,consultant,f.a.-s.a.-f.o.-',0.32,True
Q11862829,discipline académique,relation publique,l.a.-b.a.-f.o.-',0.31,True
Q63187345,occupation religieuse,relation publique,l.a.-b.a.-f.o.-',0.54,False
Q37226,enseignant ou enseignante,enseignant,d.a.-f.a.-f.o.-',0.98,False
Q13219587,patineur ou patineuse artistique,relation publique,l.a.-b.a.-f.o.-',0.23,True
Q5716684,danseur ou danseuse,précurseur,s.a.-n.a.-f.o.-',0.19,True
Q15117302,volleyeur,pourvoyeur,k.a.-f.a.-f.o.-',0.29,True
Q13561328,surfeur,assureur,f.a.-t.a.-f.o.-',0.3,True
Q28640,profession,procureur,b.a.-n.a.-f.o.-',0.24,True
Q2643890,vocaliste,journaliste,n.a.-b.a.-f.o.-',0.5,False
Q5,être humain,ancêtre,t.a.-m.a.-f.o.-',0.52,False
Q18931911,théoricien ou théoricienne,musicien,f.a.-b.a.-f.o.-',0.51,False
Q4220878,théoricien ou théoricienne du cinéma,musicien,f.a.-b.a.-f.o.-',0.48,False
Q18931911,théoricien ou théoricienne,musicien,f.a.-b.a.-f.o.-',0.51,False
Q4164507,critique d'art,relation publique,l.a.-b.a.-f.o.-',0.31,True
Q17391638,théoricien ou théoricienne de l'art,musicien,f.a.-b.a.-f.o.-',0.46,False
Q10497074,ingénieur ou ingénieure en aéronautique,relation publique,l.a.-b.a.-f.o.-',0.25,True
Q215536,commerçant,comptable,b.a.-t.a.-f.o.-',0.25,True
Q104099828,vendeur,vendeur,k.a.-d.a.-f.o.-',1.0,False
Q2588761,travailleur qualifié ou travailleuse qualifiée,travailleur social,f.a.-n.a.-f.o.-',0.78,False
Q1294787,artisan,archiviste,t.a.-l.a.-f.o.-',0.12,True
Q11513337,athlète,hôte,f.a.-k.a.-f.o.-',0.23,True
Q221488,piéton,relation publique,l.a.-b.a.-f.o.-',0.16,True
Q18173381,office,officier,l.a.-k.a.-f.o.-',0.72,False
Q104637332,processus planifié,procureur,b.a.-n.a.-f.o.-',0.45,False
Q105606485,intellectual activity,activiste,b.a.-k.a.-f.o.-',0.59,False
Q3249551,processus,procureur,b.a.-n.a.-f.o.-',0.48,False
Q8187769,activité économique,activiste,b.a.-k.a.-f.o.-',0.54,False
Q1900167,psychothérapeute,psychologue,s.a.-f.a.-f.o.-',0.58,False
Q180516,salle,allié,l.a.-m.a.-f.o.-',0.17,True
Q1231865,pédagogue,psychologue,s.a.-f.a.-f.o.-',0.44,False
Q3406858,professionnel du cinéma,procureur,b.a.-n.a.-f.o.-',0.19,True
Q17488357,historien ou historienne des religions,ouvrier,m.a.-l.a.-f.o.-',0.15,True
Q1028181,peintre,ancêtre,t.a.-m.a.-f.o.-',0.27,True
Q1930187,journaliste,journaliste,n.a.-b.a.-f.o.-',1.0,False
Q15143191,vulgarisateur ou vulgarisatrice scientifique,relation publique,l.a.-b.a.-f.o.-',0.22,True
Q3745071,écrivain ou écrivaine scientifique,relation publique,l.a.-b.a.-f.o.-',0.19,True
Q8473,armée,archiviste,t.a.-l.a.-f.o.-',0.15,True
Q18524075,ingénieur des mines,agent de,d.a.-l.a.-f.o.-',0.19,True
Q2526255,réalisateur ou réalisatrice,journaliste,n.a.-b.a.-f.o.-',0.26,True
Q3282637,producteur ou productrice de cinéma,producteur,d.a.-b.a.-f.o.-',0.92,False
Q3034376,domaine agricole,bénévole,m.a.-n.a.-f.o.-',0.26,True
Q75617,petite bourgeoisie,voisin,m.a.-k.a.-f.o.-',0.34,True
Q15995642,chef religieux,relation publique,l.a.-b.a.-f.o.-',0.24,True
Q358832,administrateur,médiateur,m.a.-s.a.-f.o.-',0.31,True
Q177220,chanteur ou chanteuse,inventeur,d.a.-d.a.-f.o.-',0.43,False
Q49757,poète ou poétesse,policier,n.a.-l.a.-f.o.-',0.16,True
Q186370,troubadour,traducteur,t.a.-s.a.-f.o.-',0.16,True
Q583271,médium,médiateur,m.a.-s.a.-f.o.-',0.56,False
Q25107,pouvoir,pourvoyeur,k.a.-f.a.-f.o.-',0.25,True
Q242468,tailleur ou tailleuse,travailleur social,f.a.-n.a.-f.o.-',0.52,False
Q14915627,musicologue,musicien,f.a.-b.a.-f.o.-',0.45,False
Q1371378,ethnologue,psychologue,s.a.-f.a.-f.o.-',0.62,False
Q12347522,ethnographe,cartographe,l.a.-t.a.-f.o.-',0.7,False
Q3075052,folkloriste,secouriste,f.a.-l.a.-f.o.-',0.49,False
Q201788,historien ou historienne,ouvrier,m.a.-l.a.-f.o.-',0.18,True
Q16063546,historien ou historienne des sciences,musicien,f.a.-b.a.-f.o.-',0.21,True
Q201788,historien ou historienne,ouvrier,m.a.-l.a.-f.o.-',0.18,True
Q2066131,athlète,hôte,f.a.-k.a.-f.o.-',0.23,True
Q109648129,tireur,assureur,f.a.-t.a.-f.o.-',0.38,True
Q20481199,coordinateur,médiateur,m.a.-s.a.-f.o.-',0.36,True
Q201788,historien ou historienne,ouvrier,m.a.-l.a.-f.o.-',0.18,True
Q3621491,archéologue,psychologue,s.a.-f.a.-f.o.-',0.5,False
Q201788,historien ou historienne,ouvrier,m.a.-l.a.-f.o.-',0.18,True
Q19829980,scientifique des religions,relation publique,l.a.-b.a.-f.o.-',0.39,True
Q201788,historien ou historienne,ouvrier,m.a.-l.a.-f.o.-',0.18,True
Q188094,économiste,écologiste,l.a.-f.a.-f.o.-',0.48,False
Q201788,historien ou historienne,ouvrier,m.a.-l.a.-f.o.-',0.18,True
Q1595570,historien local,musicien,f.a.-b.a.-f.o.-',0.16,True
Q201788,historien ou historienne,ouvrier,m.a.-l.a.-f.o.-',0.18,True
Q36180,écrivain ou écrivaine,écologiste,l.a.-f.a.-f.o.-',0.11,True
Q1294787,artisan,archiviste,t.a.-l.a.-f.o.-',0.12,True
Q1294787,artisan,archiviste,t.a.-l.a.-f.o.-',0.12,True
Q1639825,forgeron ou forgeronne,manager,l.a.-s.a.-f.o.-',0.13,True
Q124020978,roller athlete,hôte,f.a.-k.a.-f.o.-',0.11,True
Q1866686,plongeur,acteur,s.a.-b.a.-f.o.-',0.17,True
Q201788,historien ou historienne,ouvrier,m.a.-l.a.-f.o.-',0.18,True
Q201788,historien ou historienne,ouvrier,m.a.-l.a.-f.o.-',0.18,True
Q201788,historien ou historienne,ouvrier,m.a.-l.a.-f.o.-',0.18,True
Q201788,historien ou historienne,ouvrier,m.a.-l.a.-f.o.-',0.18,True
Q1028181,peintre,ancêtre,t.a.-m.a.-f.o.-',0.27,True
Q1028181,peintre,ancêtre,t.a.-m.a.-f.o.-',0.27,True
Q28692897,member of the Diet of Japan,officier,l.a.-k.a.-f.o.-',0.22,True
Q16533,juge,juré,k.a.-n.a.-f.o.-',0.33,True
Q37226,enseignant ou enseignante,enseignant,d.a.-f.a.-f.o.-',0.98,False
Q1391083,travailleur qualifié,travailleur social,f.a.-n.a.-f.o.-',0.79,False
Q108289668,printing trades workers,traducteur,t.a.-s.a.-f.o.-',0.45,False
Q20965770,pratiquant de sports d'hiver,transporteur,b.a.-l.a.-f.o.-',0.3,True
Q18536342,joueur professionnel ou joueuse professionnelle,joueur,m.a.-b.a.-f.o.-',0.75,False
Q2066131,athlète,hôte,f.a.-k.a.-f.o.-',0.23,True
Q83307,ministre,ancêtre,t.a.-m.a.-f.o.-',0.33,True
Q2066131,athlète,hôte,f.a.-k.a.-f.o.-',0.23,True
Q18536342,joueur professionnel ou joueuse professionnelle,joueur,m.a.-b.a.-f.o.-',0.75,False
Q36180,écrivain ou écrivaine,écologiste,l.a.-f.a.-f.o.-',0.11,True
Q250867,prêtre catholique,relation publique,l.a.-b.a.-f.o.-',0.32,True
Q177220,chanteur ou chanteuse,inventeur,d.a.-d.a.-f.o.-',0.43,False
Q3455803,réalisateur ou réalisatrice,journaliste,n.a.-b.a.-f.o.-',0.26,True
Q1162163,directeur ou directrice,lecteur,b.a.-s.a.-f.o.-',0.47,False
Q278368,utilisateur ou utilisatrice,médiateur,m.a.-s.a.-f.o.-',0.2,True
Q16961937,modérateur ou modératrice de débat,agent de,d.a.-l.a.-f.o.-',0.26,True
Q202648,arbitre sportif ou arbitre sportive,transporteur,b.a.-l.a.-f.o.-',0.35,True
Q15986539,officiel du sport,officier,l.a.-k.a.-f.o.-',0.7,False
Q4830453,firme,infirmier / soignant,b.a.-f.a.-f.o.-',0.27,True
Q83307,ministre,ancêtre,t.a.-m.a.-f.o.-',0.33,True
Q140686,président ou présidente,précurseur,s.a.-n.a.-f.o.-',0.24,True
Q4164871,fonction,fonctionnaire,t.a.-k.a.-f.o.-',0.67,False
Q7239,organisme,acteurs sociaux,M:M:.a.-M:M:.a.-f.o.-',0.0,True
Q31464082,source,secouriste,f.a.-l.a.-f.o.-',0.12,True
Q483501,artiste,archiviste,t.a.-l.a.-f.o.-',0.36,True
Q13235160,producteur,producteur,d.a.-b.a.-f.o.-',1.0,False
Q79044120,theatre maker,ancêtre,t.a.-m.a.-f.o.-',0.29,True
Q16267607,philologue classique,psychologue,s.a.-f.a.-f.o.-',0.41,False
Q33394058,travailleur manuel,travailleur social,f.a.-n.a.-f.o.-',0.74,False
Q17173061,métiers du nettoyage,citoyen,k.a.-k.a.-f.o.-',0.12,True
Q7603534,sénateur d'État,spectateur,k.a.-b.a.-f.o.-',0.36,True
Q37226,enseignant ou enseignante,enseignant,d.a.-f.a.-f.o.-',0.98,False
Q20155512,associate director,acteurs sociaux,M:M:.a.-M:M:.a.-f.o.-',0.22,True
Q2588761,travailleur qualifié ou travailleuse qualifiée,travailleur social,f.a.-n.a.-f.o.-',0.78,False
Q2066131,athlète,hôte,f.a.-k.a.-f.o.-',0.23,True
Q18536342,joueur professionnel ou joueuse professionnelle,joueur,m.a.-b.a.-f.o.-',0.75,False
Q2961975,chef ou cheffe d'entreprise,entrepreneur,l.a.-d.a.-f.o.-',0.57,False
Q26837361,propriétaire d'équipe sportive,secrétaire,k.a.-t.a.-f.o.-',0.4,False
Q16533,juge,juré,k.a.-n.a.-f.o.-',0.33,True
Q212238,fonctionnaire,fonctionnaire,t.a.-k.a.-f.o.-',1.0,False
Q40348,avocat ou avocate,avocat,n.a.-t.a.-f.o.-',0.95,False
Q2066131,athlète,hôte,f.a.-k.a.-f.o.-',0.23,True
Q18536342,joueur professionnel ou joueuse professionnelle,joueur,m.a.-b.a.-f.o.-',0.75,False
Q3368517,procureur général,procureur,b.a.-n.a.-f.o.-',0.95,False
Q4830453,firme,infirmier / soignant,b.a.-f.a.-f.o.-',0.27,True
Q486839,parlementaire,notaire,m.a.-t.a.-f.o.-',0.44,False
Q47740,musulman ou musulmane,musicien,f.a.-b.a.-f.o.-',0.32,True
Q432386,prédicateur,médiateur,m.a.-s.a.-f.o.-',0.33,True
Q42857,prophète ou prophétesse,procureur,b.a.-n.a.-f.o.-',0.27,True
Q99547053,maritime occupation,relation publique,l.a.-b.a.-f.o.-',0.39,True
Q4164871,fonction,fonctionnaire,t.a.-k.a.-f.o.-',0.67,False
Q2066131,athlète,hôte,f.a.-k.a.-f.o.-',0.23,True
Q18536342,joueur professionnel ou joueuse professionnelle,joueur,m.a.-b.a.-f.o.-',0.75,False
Q71472040,journaliste free-lance,journaliste,n.a.-b.a.-f.o.-',0.96,False
Q16533,juge,juré,k.a.-n.a.-f.o.-',0.33,True
Q2643890,vocaliste,journaliste,n.a.-b.a.-f.o.-',0.5,False
Q639669,musicien ou musicienne,musicien,f.a.-b.a.-f.o.-',0.98,False
Q108289408,artistes créateurs ou créatrices et exécutants ou exécutantes,acteurs sociaux,M:M:.a.-M:M:.a.-f.o.-',0.21,True
Q30185,maire,notaire,m.a.-t.a.-f.o.-',0.43,False
Q5096992,Chief magistrate,écologiste,l.a.-f.a.-f.o.-',0.22,True
Q4504549,religieux,relation publique,l.a.-b.a.-f.o.-',0.24,True
Q1638918,ordinaire,partenaire,m.a.-d.a.-f.o.-',0.5,False
Q1097498,dirigeant,enfant,d.a.-m.a.-f.o.-',0.22,True
Q599151,haut fonctionnaire ou haute fonctionnaire,fonctionnaire,t.a.-k.a.-f.o.-',0.97,False
Q108290315,"sports, recreation and cultural centre managers",manager,l.a.-s.a.-f.o.-',0.51,False
Q1162163,directeur ou directrice,lecteur,b.a.-s.a.-f.o.-',0.47,False
Q79044120,theatre maker,ancêtre,t.a.-m.a.-f.o.-',0.29,True
Q2239540,trafiquant d'êtres humains,ancêtre,t.a.-m.a.-f.o.-',0.24,True
Q657326,ordre,père,n.a.-m.a.-f.o.-',0.24,True
Q23068007,moine digambara,témoin,d.a.-n.a.-f.o.-',0.39,True
Q81096,ingénieur ou ingénieure,inventeur,d.a.-d.a.-f.o.-',0.19,True
Q56296765,histoire des sciences naturelles,notaire,m.a.-t.a.-f.o.-',0.16,True
Q1221126,Dienststellung,diplomate,k.a.-s.a.-f.o.-',0.12,True
Q73273453,jeune femme,acteurs sociaux,M:M:.a.-M:M:.a.-f.o.-',0.0,True
Q512314,socialite,travailleur social,f.a.-n.a.-f.o.-',0.44,False
Q4991371,soldat,avocat,n.a.-t.a.-f.o.-',0.16,True
Q1125062,rebelle,bénévole,m.a.-n.a.-f.o.-',0.11,True
Q901,scientifique,relation publique,l.a.-b.a.-f.o.-',0.3,True
Q81096,ingénieur ou ingénieure,inventeur,d.a.-d.a.-f.o.-',0.19,True
Q110002200,crop production worker,producteur,d.a.-b.a.-f.o.-',0.66,False
Q213159,archimandrite,archiviste,t.a.-l.a.-f.o.-',0.56,False
Q1250916,guerrier,guerrier,l.a.-l.a.-f.o.-',1.0,False
Q611644,évêque catholique,relation publique,l.a.-b.a.-f.o.-',0.4,False
Q177220,chanteur ou chanteuse,inventeur,d.a.-d.a.-f.o.-',0.43,False
Q106750916,concertiste,activiste,b.a.-k.a.-f.o.-',0.27,True
Q24841721,chanteur classique,inventeur,d.a.-d.a.-f.o.-',0.3,True
Q486748,pianiste,activiste,b.a.-k.a.-f.o.-',0.37,True
Q16145150,professeur ou professeure de musique,investisseur,t.a.-d.a.-f.o.-',0.3,True
Q11190,médecine,médecin,n.a.-f.a.-f.o.-',0.92,False
Q113129019,sciences cliniques,client,n.a.-d.a.-f.o.-',0.36,True
Q5179781,vacher,ouvrier,m.a.-l.a.-f.o.-',0.17,True
Q19631939,court rank,secouriste,f.a.-l.a.-f.o.-',0.26,True
Q1622925,court appointment,mentor,s.a.-d.a.-f.o.-',0.23,True
Q352388,conducteur,traducteur,t.a.-s.a.-f.o.-',0.54,False
Q63187345,occupation religieuse,relation publique,l.a.-b.a.-f.o.-',0.54,False
Q208762,chapelain,voisin,m.a.-k.a.-f.o.-',0.14,True
Q131505,ésotérisme,secouriste,f.a.-l.a.-f.o.-',0.21,True
Q178934,occultisme,cultivateur / éleveur,f.a.-f.a.-f.o.-',0.35,True
Q9174,religion,relation publique,l.a.-b.a.-f.o.-',0.38,True
Q16258947,fonctionnaire,fonctionnaire,t.a.-k.a.-f.o.-',1.0,False
Q1251441,responsable,comptable,b.a.-t.a.-f.o.-',0.4,False
Q4164871,fonction,fonctionnaire,t.a.-k.a.-f.o.-',0.67,False
Q681615,syndicat,syndiqué,k.a.-l.a.-f.o.-',0.57,False
Q157195,serveur,cultivateur / éleveur,f.a.-f.a.-f.o.-',0.31,True
Q33417672,counter attendant,aidant,m.a.-f.a.-f.o.-',0.38,True
Q1076502,chef ou cheffe de chœur,agent de,d.a.-l.a.-f.o.-',0.38,True
Q589656,minorité sexuelle et de genre,agent de,d.a.-l.a.-f.o.-',0.35,True
Q11894636,minorité de genre,agent de,d.a.-l.a.-f.o.-',0.45,False
Q14467526,linguiste,activiste,b.a.-k.a.-f.o.-',0.37,True
Q323081,polyglotte,policier,n.a.-l.a.-f.o.-',0.35,True
Q473972,aire protégée,notaire,m.a.-t.a.-f.o.-',0.34,True
Q1286517,espace naturel,assureur,f.a.-t.a.-f.o.-',0.12,True
Q1914636,activité,activiste,b.a.-k.a.-f.o.-',0.74,False
Q327055,travailleur ou travailleuse,travailleur social,f.a.-n.a.-f.o.-',0.8,False
Q201788,historien ou historienne,ouvrier,m.a.-l.a.-f.o.-',0.18,True
Q639669,musicien ou musicienne,musicien,f.a.-b.a.-f.o.-',0.98,False
Q39631,médecin,médecin,n.a.-f.a.-f.o.-',1.0,False
Q8441,homme,acteurs sociaux,M:M:.a.-M:M:.a.-f.o.-',0.0,True
Q16516071,castrated creature,assureur,f.a.-t.a.-f.o.-',0.11,True
Q45722,cardinal,cartographe,l.a.-t.a.-f.o.-',0.25,True
Q4164871,fonction,fonctionnaire,t.a.-k.a.-f.o.-',0.67,False
Q1340643,maître d’œuvre,ancêtre,t.a.-m.a.-f.o.-',0.28,True
Q47740,musulman ou musulmane,musicien,f.a.-b.a.-f.o.-',0.32,True
Q3467704,locomotion aquatique,relation publique,l.a.-b.a.-f.o.-',0.53,False
Q3455803,réalisateur ou réalisatrice,journaliste,n.a.-b.a.-f.o.-',0.26,True
Q15297198,système mécanique,relation publique,l.a.-b.a.-f.o.-',0.33,True
Q212920,appareil ménager,manager,l.a.-s.a.-f.o.-',0.63,False
Q61022630,officer,officier,l.a.-k.a.-f.o.-',0.74,False
Q3250324,adjoint,adulte,n.a.-s.a.-f.o.-',0.17,True
Q131524,entrepreneur ou entrepreneuse,entrepreneur,l.a.-d.a.-f.o.-',0.98,False
Q2732142,statisticien ou statisticienne,politicien,s.a.-k.a.-f.o.-',0.44,False
Q1000156,insurance expert,inspecteur,d.a.-k.a.-f.o.-',0.23,True
Q846742,histoire des religions,relation publique,l.a.-b.a.-f.o.-',0.22,True
Q216545,théologie chrétienne,écologiste,l.a.-f.a.-f.o.-',0.43,False
Q6502154,exploration,relation publique,l.a.-b.a.-f.o.-',0.43,False
Q15706425,space research,archiviste,t.a.-l.a.-f.o.-',0.28,True
Q33999,acteur ou actrice,acteur,s.a.-b.a.-f.o.-',0.91,False
Q65720209,hobbyist,activiste,b.a.-k.a.-f.o.-',0.17,True
Q1097498,dirigeant,enfant,d.a.-m.a.-f.o.-',0.22,True
Q599151,haut fonctionnaire ou haute fonctionnaire,fonctionnaire,t.a.-k.a.-f.o.-',0.97,False
Q486839,parlementaire,notaire,m.a.-t.a.-f.o.-',0.44,False
Q6500773,médecin généraliste,médecin,n.a.-f.a.-f.o.-',0.79,False
Q4164871,fonction,fonctionnaire,t.a.-k.a.-f.o.-',0.67,False
Q16533,juge,juré,k.a.-n.a.-f.o.-',0.33,True
Q3526627,membre d'une assemblée législative d'Inde,législateur,t.a.-n.a.-f.o.-',0.7,False
Q876864,conseiller ou conseillère de rédaction,consultant,f.a.-s.a.-f.o.-',0.3,True
Q3391743,artiste visuel ou artiste visuelle,archiviste,t.a.-l.a.-f.o.-',0.36,True
Q2305417,inspecteur général,inspecteur,d.a.-k.a.-f.o.-',0.95,False
Q23005223,composante d'un établissement d'enseignement,enseignant,d.a.-f.a.-f.o.-',0.41,False
Q15253558,militant ou militante,consultant,f.a.-s.a.-f.o.-',0.24,True
Q593644,chimiste,archiviste,t.a.-l.a.-f.o.-',0.43,False
Q28776412,collectionneur de livres,fonctionnaire,t.a.-k.a.-f.o.-',0.33,True
Q1162163,directeur ou directrice,lecteur,b.a.-s.a.-f.o.-',0.47,False
Q1650915,chercheur ou chercheuse,archiviste,t.a.-l.a.-f.o.-',0.17,True
Q1417728,nom commercial,travailleur social,f.a.-n.a.-f.o.-',0.28,True
Q431289,marque,relation publique,l.a.-b.a.-f.o.-',0.23,True
Q66495020,propriétaire terrien,secrétaire,k.a.-t.a.-f.o.-',0.4,False
Q1929552,étoile,étudiant,d.a.-s.a.-f.o.-',0.17,True
Q81096,ingénieur ou ingénieure,inventeur,d.a.-d.a.-f.o.-',0.19,True
Q106366524,chief engineer,archiviste,t.a.-l.a.-f.o.-',0.14,True
Q593644,chimiste,archiviste,t.a.-l.a.-f.o.-',0.43,False
Q864503,biologiste,écologiste,l.a.-f.a.-f.o.-',0.79,False
Q520549,géologue,psychologue,s.a.-f.a.-f.o.-',0.62,False
Q132050,gouverneur,entrepreneur,l.a.-d.a.-f.o.-',0.31,True
Q116,monarque,relation publique,l.a.-b.a.-f.o.-',0.27,True
Q11900058,explorateur ou exploratrice,médiateur,m.a.-s.a.-f.o.-',0.25,True
Q815962,colonisation,relation publique,l.a.-b.a.-f.o.-',0.38,True
Q1155838,correspondant local de presse,aidant,m.a.-f.a.-f.o.-',0.3,True
Q3303330,calligraphe,cartographe,l.a.-t.a.-f.o.-',0.59,False
Q2066131,athlète,hôte,f.a.-k.a.-f.o.-',0.23,True
Q27943370,personnalité du monde de la mode,agent de,d.a.-l.a.-f.o.-',0.29,True
Q1639239,chapelier,familier,m.a.-m.a.-f.o.-',0.47,False
Q7603534,sénateur d'État,spectateur,k.a.-b.a.-f.o.-',0.36,True
Q9394993,patineur ou patineuse sur glace,entrepreneur,l.a.-d.a.-f.o.-',0.22,True
Q1130252,directeur sportif,lecteur,b.a.-s.a.-f.o.-',0.43,False
Q7016454,artiste des nouveaux médias,médiateur,m.a.-s.a.-f.o.-',0.44,False
Q1414443,cinéaste,activiste,b.a.-k.a.-f.o.-',0.2,True
Q14948018,musicien de rue,musicien,f.a.-b.a.-f.o.-',0.91,False
Q5322166,designer,agent de,d.a.-l.a.-f.o.-',0.18,True
Q1638918,ordinaire,partenaire,m.a.-d.a.-f.o.-',0.5,False
Q5070767,chancelier,familier,m.a.-m.a.-f.o.-',0.43,False
Q43845,personnalité du monde des affaires,fonctionnaire,t.a.-k.a.-f.o.-',0.24,True
Q215536,commerçant,comptable,b.a.-t.a.-f.o.-',0.25,True
Q169180,ombudsman,manager,l.a.-s.a.-f.o.-',0.22,True
Q1662485,professionnel de l'information,informaticien,s.a.-t.a.-f.o.-',0.51,False
Q118248036,personnel de la bibliothèque,agent de,d.a.-l.a.-f.o.-',0.26,True
Q355493,musicien d'église,musicien,f.a.-b.a.-f.o.-',0.97,False
Q639669,musicien ou musicienne,musicien,f.a.-b.a.-f.o.-',0.98,False
Q315247,étudiant ou étudiante à l'université,étudiant,d.a.-s.a.-f.o.-',0.97,False
Q3332438,médecin spécialiste,médecin,n.a.-f.a.-f.o.-',0.75,False
Q29182,évêque,relation publique,l.a.-b.a.-f.o.-',0.27,True
Q118108768,Eastern Christian,secouriste,f.a.-l.a.-f.o.-',0.29,True
Q3391743,artiste visuel ou artiste visuelle,archiviste,t.a.-l.a.-f.o.-',0.36,True
Q1028181,peintre,ancêtre,t.a.-m.a.-f.o.-',0.27,True
Q47541952,producteur ou productrice artistique,producteur,d.a.-b.a.-f.o.-',0.89,False
Q2462658,manager,manager,l.a.-s.a.-f.o.-',1.0,False
Q639669,musicien ou musicienne,musicien,f.a.-b.a.-f.o.-',0.98,False
Q1278335,instrumentiste,activiste,b.a.-k.a.-f.o.-',0.25,True
Q28640,profession,procureur,b.a.-n.a.-f.o.-',0.24,True
Q40056,programme informatique,informaticien,s.a.-t.a.-f.o.-',0.63,False
Q4117406,implémentation d'un langage de programmation,relation publique,l.a.-b.a.-f.o.-',0.38,True
Q48352,chef d'État,avocat,n.a.-t.a.-f.o.-',0.15,True
Q8011071,dresseur,investisseur,t.a.-d.a.-f.o.-',0.46,False
Q17307272,artiste de cirque,archiviste,t.a.-l.a.-f.o.-',0.25,True
Q520549,géologue,psychologue,s.a.-f.a.-f.o.-',0.62,False
Q17584038,média oral,médiateur,m.a.-s.a.-f.o.-',0.65,False
Q1914636,activité,activiste,b.a.-k.a.-f.o.-',0.74,False
Q381160,expert,acteurs sociaux,M:M:.a.-M:M:.a.-f.o.-',0.0,True
Q895526,organe,acteurs sociaux,M:M:.a.-M:M:.a.-f.o.-',0.0,True
Q1709010,ingénieur logiciel,écologiste,l.a.-f.a.-f.o.-',0.23,True
Q108289400,software and applications developers and analysts,relation publique,l.a.-b.a.-f.o.-',0.18,True
Q1397808,résistant ou résistante,consultant,f.a.-s.a.-f.o.-',0.31,True
Q1281618,sculpteur ou sculptrice,cultivateur / éleveur,f.a.-f.a.-f.o.-',0.25,True
Q622601,grand maître,ancêtre,t.a.-m.a.-f.o.-',0.24,True
Q1251441,responsable,comptable,b.a.-t.a.-f.o.-',0.4,False
Q29182,évêque,relation publique,l.a.-b.a.-f.o.-',0.27,True
Q47064,militaire,publicitaire,b.a.-d.a.-f.o.-',0.47,False
Q1431647,ordinaire militaire,notaire,m.a.-t.a.-f.o.-',0.47,False
Q131512,agriculteur ou agricultrice,cultivateur / éleveur,f.a.-f.a.-f.o.-',0.27,True
Q1549283,propriétaire terrien,secrétaire,k.a.-t.a.-f.o.-',0.4,False
Q213283,mission diplomatique,diplomate,k.a.-s.a.-f.o.-',0.69,False
Q17135920,expert interdisciplinaire d'une région géographique,cartographe,l.a.-t.a.-f.o.-',0.31,True
Q901402,géographe,cartographe,l.a.-t.a.-f.o.-',0.7,False
Q1294787,artisan,archiviste,t.a.-l.a.-f.o.-',0.12,True
Q2865798,verrier,guerrier,l.a.-l.a.-f.o.-',0.7,False
Q1183704,peintre décorateur,médiateur,m.a.-s.a.-f.o.-',0.23,True
Q18536342,joueur professionnel ou joueuse professionnelle,joueur,m.a.-b.a.-f.o.-',0.75,False
Q2066131,athlète,hôte,f.a.-k.a.-f.o.-',0.23,True
Q105275968,clerc musulman,musicien,f.a.-b.a.-f.o.-',0.3,True
Q71986641,Shia Muslim,musicien,f.a.-b.a.-f.o.-',0.42,False
Q302691,attaché militaire,publicitaire,b.a.-d.a.-f.o.-',0.47,False
Q11613014,Self-Defense Official,officier,l.a.-k.a.-f.o.-',0.58,False
Q91143339,transportation worker,transporteur,b.a.-l.a.-f.o.-',0.7,False
Q1139055,receveur des finances,cultivateur / éleveur,f.a.-f.a.-f.o.-',0.35,True
Q132050,gouverneur,entrepreneur,l.a.-d.a.-f.o.-',0.31,True
Q3391743,artiste visuel ou artiste visuelle,archiviste,t.a.-l.a.-f.o.-',0.36,True
Q8359428,militant social,travailleur social,f.a.-n.a.-f.o.-',0.44,False
Q1476215,défenseur des droits de l'Homme,défendeur,l.a.-n.a.-f.o.-',0.47,False
Q11513337,athlète,hôte,f.a.-k.a.-f.o.-',0.23,True
Q18515554,membre de l'Assemblée fédérale suisse,agent de,d.a.-l.a.-f.o.-',0.22,True
Q2159907,criminel ou criminelle,ouvrier,m.a.-l.a.-f.o.-',0.13,True
Q483501,artiste,archiviste,t.a.-l.a.-f.o.-',0.36,True
Q16831394,mammalogiste,écologiste,l.a.-f.a.-f.o.-',0.69,False
Q18536342,joueur professionnel ou joueuse professionnelle,joueur,m.a.-b.a.-f.o.-',0.75,False
Q20826540,érudit,éditeur,t.a.-b.a.-f.o.-',0.19,True
Q215627,personne,fonctionnaire,t.a.-k.a.-f.o.-',0.18,True
Q11974939,professionnel ou professionnelle de la santé,procureur,b.a.-n.a.-f.o.-',0.21,True
Q80015,gynécologie obstétrique,écologiste,l.a.-f.a.-f.o.-',0.57,False
Q7623231,homme ou femme forte,transporteur,b.a.-l.a.-f.o.-',0.22,True
Q105397736,South Asianist,assureur,f.a.-t.a.-f.o.-',0.13,True
Q81096,ingénieur ou ingénieure,inventeur,d.a.-d.a.-f.o.-',0.19,True
Q3745071,écrivain ou écrivaine scientifique,relation publique,l.a.-b.a.-f.o.-',0.19,True
Q2378505,promoteur,producteur,d.a.-b.a.-f.o.-',0.45,False
Q11513337,athlète,hôte,f.a.-k.a.-f.o.-',0.23,True
Q702269,professionnel ou professionnelle,procureur,b.a.-n.a.-f.o.-',0.22,True
Q215627,personne,fonctionnaire,t.a.-k.a.-f.o.-',0.18,True
Q4197743,joueur ou joueuse,joueur,m.a.-b.a.-f.o.-',0.95,False
Q4964182,philosophe,philosophe,s.a.-s.a.-f.o.-',1.0,False
Q18536342,joueur professionnel ou joueuse professionnelle,joueur,m.a.-b.a.-f.o.-',0.75,False
Q245068,humoriste,secouriste,f.a.-l.a.-f.o.-',0.52,False
Q13590141,animateur ou animatrice,réformateur,n.a.-k.a.-f.o.-',0.37,True
Q10774753,performeur,réformateur,n.a.-k.a.-f.o.-',0.37,True
Q864503,biologiste,écologiste,l.a.-f.a.-f.o.-',0.79,False
Q1278335,instrumentiste,activiste,b.a.-k.a.-f.o.-',0.25,True
Q13002315,personnage légendaire,fonctionnaire,t.a.-k.a.-f.o.-',0.29,True
Q3658341,personnage littéraire,fonctionnaire,t.a.-k.a.-f.o.-',0.36,True
Q2920921,management,manager,l.a.-s.a.-f.o.-',0.71,False
Q202648,arbitre sportif ou arbitre sportive,transporteur,b.a.-l.a.-f.o.-',0.35,True
Q2066131,athlète,hôte,f.a.-k.a.-f.o.-',0.23,True
Q12794619,propriétaire de biens,secrétaire,k.a.-t.a.-f.o.-',0.46,False
Q17573152,croyant ou croyante,enfant,d.a.-m.a.-f.o.-',0.24,True
Q21329070,scientifique des matériaux,acteurs sociaux,M:M:.a.-M:M:.a.-f.o.-',0.26,True
Q18576582,métallurgiste,écologiste,l.a.-f.a.-f.o.-',0.43,False
Q138858,personne du monde du divertissement,investisseur,t.a.-d.a.-f.o.-',0.29,True
Q4610556,mannequin,manager,l.a.-s.a.-f.o.-',0.32,True
Q5165152,compétiteur,éditeur,t.a.-b.a.-f.o.-',0.38,True
Q16744001,noble,comptable,b.a.-t.a.-f.o.-',0.3,True
Q211236,célébrité,guide spirituel,n.a.-n.a.-f.o.-',0.17,True
Q162244,héros,acteurs sociaux,M:M:.a.-M:M:.a.-f.o.-',0.0,True
Q521,physiologie,écologiste,l.a.-f.a.-f.o.-',0.45,False
Q441,botanique,relation publique,l.a.-b.a.-f.o.-',0.33,True
Q2911636,chef religieux islamique,relation publique,l.a.-b.a.-f.o.-',0.38,True
Q2135469,conseiller juridique,consultant,f.a.-s.a.-f.o.-',0.24,True
Q188094,économiste,écologiste,l.a.-f.a.-f.o.-',0.48,False
Q1156796,officier subalterne,officier,l.a.-k.a.-f.o.-',0.97,False
Q192581,travail,travailleur social,f.a.-n.a.-f.o.-',0.59,False
Q5322166,designer,agent de,d.a.-l.a.-f.o.-',0.18,True
Q3391743,artiste visuel ou artiste visuelle,archiviste,t.a.-l.a.-f.o.-',0.36,True
Q111363164,body artist,archiviste,t.a.-l.a.-f.o.-',0.18,True
Q2310380,fabricant de jouets,joueur,m.a.-b.a.-f.o.-',0.48,False
Q4270517,skieur ou skieuse,ouvrier,m.a.-l.a.-f.o.-',0.2,True
Q22947,habitant,consultant,f.a.-s.a.-f.o.-',0.38,True
Q2628882,statut légal,législateur,t.a.-n.a.-f.o.-',0.28,True
Q98544732,collectionneur scientifique,fonctionnaire,t.a.-k.a.-f.o.-',0.29,True
Q109120509,zoological collector,écologiste,l.a.-f.a.-f.o.-',0.34,True
Q4991371,soldat,avocat,n.a.-t.a.-f.o.-',0.16,True
Q1075651,claviériste,secouriste,f.a.-l.a.-f.o.-',0.48,False
Q1278335,instrumentiste,activiste,b.a.-k.a.-f.o.-',0.25,True
Q108290334,nursing professional,procureur,b.a.-n.a.-f.o.-',0.2,True
Q49757,poète ou poétesse,policier,n.a.-l.a.-f.o.-',0.16,True
Q488205,auteur-compositeur-interprète ou autrice-compositrice-interprète,auteur,b.a.-b.a.-f.o.-',0.64,False
Q639669,musicien ou musicienne,musicien,f.a.-b.a.-f.o.-',0.98,False
Q177220,chanteur ou chanteuse,inventeur,d.a.-d.a.-f.o.-',0.43,False
Q84505214,spécialiste de l'Asie de l'Est,journaliste,n.a.-b.a.-f.o.-',0.36,True
Q1028181,peintre,ancêtre,t.a.-m.a.-f.o.-',0.27,True
Q3391743,artiste visuel ou artiste visuelle,archiviste,t.a.-l.a.-f.o.-',0.36,True
Q170790,mathématicien ou mathématicienne,informaticien,s.a.-t.a.-f.o.-',0.62,False
Q13382608,fondeur ou fondeuse,fondateur,t.a.-t.a.-f.o.-',0.46,False
Q13581129,orienteur ou orienteuse,inventeur,d.a.-d.a.-f.o.-',0.5,False
Q10843402,nageur ou nageuse,manager,l.a.-s.a.-f.o.-',0.38,True
Q1666223,intermédiaire,médiateur,m.a.-s.a.-f.o.-',0.41,False
Q2066131,athlète,hôte,f.a.-k.a.-f.o.-',0.23,True
Q18536342,joueur professionnel ou joueuse professionnelle,joueur,m.a.-b.a.-f.o.-',0.75,False
Q947873,animateur ou animatrice de télévision,réformateur,n.a.-k.a.-f.o.-',0.29,True
Q2722764,animateur ou animatrice de radio,réformateur,n.a.-k.a.-f.o.-',0.33,True
Q829064,soldat de carrière,père,n.a.-m.a.-f.o.-',0.23,True
Q582577,politique économique,politicien,s.a.-k.a.-f.o.-',0.38,True
Q2066131,athlète,hôte,f.a.-k.a.-f.o.-',0.23,True
Q18536342,joueur professionnel ou joueuse professionnelle,joueur,m.a.-b.a.-f.o.-',0.75,False
Q848466,coursier,secouriste,f.a.-l.a.-f.o.-',0.23,True
Q703534,salarié,allié,l.a.-m.a.-f.o.-',0.29,True
Q9394993,patineur ou patineuse sur glace,entrepreneur,l.a.-d.a.-f.o.-',0.22,True
Q18536342,joueur professionnel ou joueuse professionnelle,joueur,m.a.-b.a.-f.o.-',0.75,False
Q15301511,peintre de vases,agent de,d.a.-l.a.-f.o.-',0.29,True
Q196939,témoin,témoin,d.a.-n.a.-f.o.-',1.0,False
Q10843402,nageur ou nageuse,manager,l.a.-s.a.-f.o.-',0.38,True
Q6386271,expert médiatique,médiateur,m.a.-s.a.-f.o.-',0.64,False
Q1278335,instrumentiste,activiste,b.a.-k.a.-f.o.-',0.25,True
Q1075651,claviériste,secouriste,f.a.-l.a.-f.o.-',0.48,False
Q4351403,percussionniste,activiste,b.a.-k.a.-f.o.-',0.31,True
Q177626,migration humaine,relation publique,l.a.-b.a.-f.o.-',0.43,False
Q271588,estampe,investisseur,t.a.-d.a.-f.o.-',0.19,True
Q11060274,estampe,investisseur,t.a.-d.a.-f.o.-',0.19,True
Q8148,industrie,ouvrier,m.a.-l.a.-f.o.-',0.18,True
Q144334,presse typographique,cartographe,l.a.-t.a.-f.o.-',0.39,True
Q7501153,commerçant,comptable,b.a.-t.a.-f.o.-',0.25,True
Q3704253,trader,traducteur,t.a.-s.a.-f.o.-',0.5,False
Q131572,réfugié,réformateur,n.a.-k.a.-f.o.-',0.32,True
Q901,scientifique,relation publique,l.a.-b.a.-f.o.-',0.3,True
Q15319501,chercheur ou chercheuse en sciences sociales,travailleur social,f.a.-n.a.-f.o.-',0.4,False
Q108289406,spécialistes des sciences sociales et du clergé,travailleur social,f.a.-n.a.-f.o.-',0.37,True
Q1323191,costumier ou costumière,père,n.a.-m.a.-f.o.-',0.24,True
Q65408013,rôliste,journaliste,n.a.-b.a.-f.o.-',0.49,False
Q6430706,critique,relation publique,l.a.-b.a.-f.o.-',0.33,True
Q4683453,assistante administrative,assureur,f.a.-t.a.-f.o.-',0.2,True
Q2285706,chef de gouvernement,agent de,d.a.-l.a.-f.o.-',0.46,False
Q175240,vizir,acteurs sociaux,M:M:.a.-M:M:.a.-f.o.-',0.0,True
Q864380,biographe,cartographe,l.a.-t.a.-f.o.-',0.7,False
Q10833314,joueur ou joueuse de tennis,joueur,m.a.-b.a.-f.o.-',0.9,False
Q114414171,para-athlete,partenaire,m.a.-d.a.-f.o.-',0.33,True
Q108710753,speculative/fantastic fiction writer,relation publique,l.a.-b.a.-f.o.-',0.26,True
Q28225718,personnalité de la science-fiction,fonctionnaire,t.a.-k.a.-f.o.-',0.32,True
Q1762165,action,activiste,b.a.-k.a.-f.o.-',0.32,True
Q11424,film,acteurs sociaux,M:M:.a.-M:M:.a.-f.o.-',0.0,True
Q15980804,professionnel des médias,médiateur,m.a.-s.a.-f.o.-',0.5,False
Q211236,célébrité,guide spirituel,n.a.-n.a.-f.o.-',0.17,True
Q6199,anarchisme,archiviste,t.a.-l.a.-f.o.-',0.44,False
Q6186,communisme,comptable,b.a.-t.a.-f.o.-',0.35,True
Q116112084,follower,fondateur,t.a.-t.a.-f.o.-',0.18,True
Q5451875,gardien du feu,musicien,f.a.-b.a.-f.o.-',0.31,True
Q4504549,religieux,relation publique,l.a.-b.a.-f.o.-',0.24,True
Q63974739,prêtresse romaine,ancêtre,t.a.-m.a.-f.o.-',0.29,True
Q3630699,concepteur ou conceptrice de jeu,consultant,f.a.-s.a.-f.o.-',0.25,True
Q84048852,être humain féminin,ancêtre,t.a.-m.a.-f.o.-',0.44,False
Q1196129,conjoint,consultant,f.a.-s.a.-f.o.-',0.32,True
Q11499141,political thought,politicien,s.a.-k.a.-f.o.-',0.77,False
Q105275968,clerc musulman,musicien,f.a.-b.a.-f.o.-',0.3,True
Q185351,juriste,secouriste,f.a.-l.a.-f.o.-',0.55,False
Q5322166,designer,agent de,d.a.-l.a.-f.o.-',0.18,True
Q16267607,philologue classique,psychologue,s.a.-f.a.-f.o.-',0.41,False
Q2066131,athlète,hôte,f.a.-k.a.-f.o.-',0.23,True
Q18536342,joueur professionnel ou joueuse professionnelle,joueur,m.a.-b.a.-f.o.-',0.75,False
Q22082749,pseudo-scientifique,relation publique,l.a.-b.a.-f.o.-',0.28,True
Q2798820,pirate en sécurité informatique,informaticien,s.a.-t.a.-f.o.-',0.61,False
Q47064,militaire,publicitaire,b.a.-d.a.-f.o.-',0.47,False
Q61022630,officer,officier,l.a.-k.a.-f.o.-',0.74,False
Q4991371,soldat,avocat,n.a.-t.a.-f.o.-',0.16,True
Q4964182,philosophe,philosophe,s.a.-s.a.-f.o.-',1.0,False
Q4964182,philosophe,philosophe,s.a.-s.a.-f.o.-',1.0,False
Q4964182,philosophe,philosophe,s.a.-s.a.-f.o.-',1.0,False
Q901,scientifique,relation publique,l.a.-b.a.-f.o.-',0.3,True
Q3400985,universitaire,publicitaire,b.a.-d.a.-f.o.-',0.56,False
Q190805,cardiopathie,cartographe,l.a.-t.a.-f.o.-',0.32,True
Q1441305,signe clinique,relation publique,l.a.-b.a.-f.o.-',0.29,True
Q44492082,finding of cardiac rhythm,cartographe,l.a.-t.a.-f.o.-',0.23,True
Q102186826,symptôme cardio-vasculaire,notaire,m.a.-t.a.-f.o.-',0.29,True
Q170790,mathématicien ou mathématicienne,informaticien,s.a.-t.a.-f.o.-',0.62,False
Q11774156,mémorialiste,journaliste,n.a.-b.a.-f.o.-',0.52,False
Q20778343,magistrat romain,écologiste,l.a.-f.a.-f.o.-',0.19,True
Q1234713,théologien ou théologienne,écologiste,l.a.-f.a.-f.o.-',0.44,False
Q185351,juriste,secouriste,f.a.-l.a.-f.o.-',0.55,False
Q105275968,clerc musulman,musicien,f.a.-b.a.-f.o.-',0.3,True
Q110315045,membre d'une assemblée nobiliaire,notaire,m.a.-t.a.-f.o.-',0.37,True
Q12335817,travailleur forestier,travailleur social,f.a.-n.a.-f.o.-',0.74,False
Q113129019,sciences cliniques,client,n.a.-d.a.-f.o.-',0.36,True
Q843601,science de la santé,agent de,d.a.-l.a.-f.o.-',0.35,True
Q15686806,sénateur ou sénatrice,médiateur,m.a.-s.a.-f.o.-',0.36,True
Q849424,capitaine de navire,publicitaire,b.a.-d.a.-f.o.-',0.29,True
Q17573152,croyant ou croyante,enfant,d.a.-m.a.-f.o.-',0.24,True
Q215627,personne,fonctionnaire,t.a.-k.a.-f.o.-',0.18,True
Q49476,archevêque,archiviste,t.a.-l.a.-f.o.-',0.42,False
Q29171,infanterie,enfant,d.a.-m.a.-f.o.-',0.49,False
Q10408306,unité d'infanterie de marine,enfant,d.a.-m.a.-f.o.-',0.44,False
Q781132,arme,archiviste,t.a.-l.a.-f.o.-',0.15,True
Q2419397,thérapeute,auteur,b.a.-b.a.-f.o.-',0.2,True
Q6817473,professionnel ou professionnelle de la santé mentale,mentor,s.a.-d.a.-f.o.-',0.24,True
Q211346,psychiatre,psychologue,s.a.-f.a.-f.o.-',0.46,False
Q212980,psychologue,psychologue,s.a.-f.a.-f.o.-',1.0,False
Q43845,personnalité du monde des affaires,fonctionnaire,t.a.-k.a.-f.o.-',0.24,True
Q10355417,publicitaire,publicitaire,b.a.-d.a.-f.o.-',1.0,False
Q187939,activités de fabrication,activiste,b.a.-k.a.-f.o.-',0.5,False
Q5352191,technicien ou technicienne,technicien,f.a.-d.a.-f.o.-',0.99,False
Q81096,ingénieur ou ingénieure,inventeur,d.a.-d.a.-f.o.-',0.19,True
Q108289381,engineering professionals (excluding electrotechnology),technicien,f.a.-d.a.-f.o.-',0.3,True
Q16743936,ontologiste,écologiste,l.a.-f.a.-f.o.-',0.76,False
Q864503,biologiste,écologiste,l.a.-f.a.-f.o.-',0.79,False
Q11974939,professionnel ou professionnelle de la santé,procureur,b.a.-n.a.-f.o.-',0.21,True
Q2399383,science technician,technicien,f.a.-d.a.-f.o.-',0.87,False
Q1156796,officier subalterne,officier,l.a.-k.a.-f.o.-',0.97,False
Q1914636,activité,activiste,b.a.-k.a.-f.o.-',0.74,False
Q4504549,religieux,relation publique,l.a.-b.a.-f.o.-',0.24,True
Q1188693,sport de l'esprit,transporteur,b.a.-l.a.-f.o.-',0.35,True
Q718,échecs,écologiste,l.a.-f.a.-f.o.-',0.21,True
Q1622272,professeur ou professeure d'université,investisseur,t.a.-d.a.-f.o.-',0.36,True
Q483501,artiste,archiviste,t.a.-l.a.-f.o.-',0.36,True
Q715301,auteur ou autrice de bande dessinée,auteur,b.a.-b.a.-f.o.-',0.72,False
Q169470,physicien ou physicienne,musicien,f.a.-b.a.-f.o.-',0.62,False
Q39631,médecin,médecin,n.a.-f.a.-f.o.-',1.0,False
Q12376667,technologue,psychologue,s.a.-f.a.-f.o.-',0.46,False
Q55071047,auxiliaire de santé,notaire,m.a.-t.a.-f.o.-',0.29,True
Q912949,cavalerie légère,père,n.a.-m.a.-f.o.-',0.28,True
Q2085381,maison d'édition,relation publique,l.a.-b.a.-f.o.-',0.28,True
Q4830453,firme,infirmier / soignant,b.a.-f.a.-f.o.-',0.27,True
Q32178211,organisation musicale,musicien,f.a.-b.a.-f.o.-',0.51,False
Q4504549,religieux,relation publique,l.a.-b.a.-f.o.-',0.24,True
Q69944008,religious personnel,relation publique,l.a.-b.a.-f.o.-',0.21,True
Q1919436,pédiatre,médiateur,m.a.-s.a.-f.o.-',0.49,False
Q3332438,médecin spécialiste,médecin,n.a.-f.a.-f.o.-',0.75,False
Q14128148,joueur de football américain ou de football canadien,joueur,m.a.-b.a.-f.o.-',0.57,False
Q165447,stylo,acteurs sociaux,M:M:.a.-M:M:.a.-f.o.-',0.0,True
Q6430706,critique,relation publique,l.a.-b.a.-f.o.-',0.33,True
Q3391743,artiste visuel ou artiste visuelle,archiviste,t.a.-l.a.-f.o.-',0.36,True
Q12713481,ouvrier,ouvrier,m.a.-l.a.-f.o.-',1.0,False
Q108290536,field crop and vegetable growers,comptable,b.a.-t.a.-f.o.-',0.53,False
Q108289052,"manœuvres de l’agriculture, de la pêche et de la sylviculture",agent de,d.a.-l.a.-f.o.-',0.34,True
Q1862087,prisonnier ou prisonnière,père,n.a.-m.a.-f.o.-',0.2,True
Q73168492,kidnapping victim,activiste,b.a.-k.a.-f.o.-',0.21,True
Q10436169,victime de crimes,agent de,d.a.-l.a.-f.o.-',0.4,False
Q3332438,médecin spécialiste,médecin,n.a.-f.a.-f.o.-',0.75,False
Q15924224,médecin interniste,médecin,n.a.-f.a.-f.o.-',0.88,False
Q1862087,prisonnier ou prisonnière,père,n.a.-m.a.-f.o.-',0.2,True
Q2628882,statut légal,législateur,t.a.-n.a.-f.o.-',0.28,True
Q758780,jardinier,ouvrier,m.a.-l.a.-f.o.-',0.3,True
Q24114117,joueur ou joueuse,joueur,m.a.-b.a.-f.o.-',0.95,False
Q7558519,soloist,écologiste,l.a.-f.a.-f.o.-',0.16,True
Q15980804,professionnel des médias,médiateur,m.a.-s.a.-f.o.-',0.5,False
Q482980,auteur ou autrice,auteur,b.a.-b.a.-f.o.-',0.92,False
Q58635633,métier des médias,médiateur,m.a.-s.a.-f.o.-',0.6,False
Q108289407,"authors, journalists and linguists",journaliste,n.a.-b.a.-f.o.-',0.83,False
Q36180,écrivain ou écrivaine,écologiste,l.a.-f.a.-f.o.-',0.11,True
Q15686806,sénateur ou sénatrice,médiateur,m.a.-s.a.-f.o.-',0.36,True
Q37226,enseignant ou enseignante,enseignant,d.a.-f.a.-f.o.-',0.98,False
Q28031130,chercheur invité,inventeur,d.a.-d.a.-f.o.-',0.34,True
Q42603,prêtre,ancêtre,t.a.-m.a.-f.o.-',0.52,False
Q5989812,magistrat de la Grèce ancienne,agent de,d.a.-l.a.-f.o.-',0.22,True
Q108290289,cadres supérieurs de l’administration publique,relation publique,l.a.-b.a.-f.o.-',0.71,False
Q4164871,fonction,fonctionnaire,t.a.-k.a.-f.o.-',0.67,False
Q831474,prêtre chrétien,ancêtre,t.a.-m.a.-f.o.-',0.43,False
Q104050279,prêtre oriental,ancêtre,t.a.-m.a.-f.o.-',0.4,False
Q105275800,clerc orthodoxe,client,n.a.-d.a.-f.o.-',0.19,True
Q97378570,chrétien orthodoxe,musicien,f.a.-b.a.-f.o.-',0.21,True
Q215627,personne,fonctionnaire,t.a.-k.a.-f.o.-',0.18,True
Q54128,domestique,relation publique,l.a.-b.a.-f.o.-',0.31,True
Q838811,paysan,partenaire,m.a.-d.a.-f.o.-',0.21,True
Q467,femme,acteurs sociaux,M:M:.a.-M:M:.a.-f.o.-',0.0,True
Q215627,personne,fonctionnaire,t.a.-k.a.-f.o.-',0.18,True
Q2994387,conseiller ou conseillère,consultant,f.a.-s.a.-f.o.-',0.35,True
Q28745974,rang civil de l'Empire russe,agent de,d.a.-l.a.-f.o.-',0.25,True
Q169470,physicien ou physicienne,musicien,f.a.-b.a.-f.o.-',0.62,False
Q18931911,théoricien ou théoricienne,musicien,f.a.-b.a.-f.o.-',0.51,False
Q520549,géologue,psychologue,s.a.-f.a.-f.o.-',0.62,False
Q193391,diplomate,diplomate,k.a.-s.a.-f.o.-',1.0,False
Q2306091,sociologue,psychologue,s.a.-f.a.-f.o.-',0.52,False
Q864503,biologiste,écologiste,l.a.-f.a.-f.o.-',0.79,False
Q937857,footballeur,travailleur social,f.a.-n.a.-f.o.-',0.36,True
Q1731155,orientaliste,journaliste,n.a.-b.a.-f.o.-',0.52,False
Q110042402,ancient Near Eastern scholar,client,n.a.-d.a.-f.o.-',0.35,True
Q185351,juriste,secouriste,f.a.-l.a.-f.o.-',0.55,False
Q212238,fonctionnaire,fonctionnaire,t.a.-k.a.-f.o.-',1.0,False
Q186360,infirmière ou infirmier,infirmier / soignant,b.a.-f.a.-f.o.-',0.69,False
Q467,femme,acteurs sociaux,M:M:.a.-M:M:.a.-f.o.-',0.0,True
Q11900058,explorateur ou exploratrice,médiateur,m.a.-s.a.-f.o.-',0.25,True
Q94296450,fabricant d'instrument à clavier,client,n.a.-d.a.-f.o.-',0.28,True
Q2341443,fabricant d'instruments,mentor,s.a.-d.a.-f.o.-',0.28,True
Q81096,ingénieur ou ingénieure,inventeur,d.a.-d.a.-f.o.-',0.19,True
Q108289381,engineering professionals (excluding electrotechnology),technicien,f.a.-d.a.-f.o.-',0.3,True
Q82604,design,agent de,d.a.-l.a.-f.o.-',0.2,True
Q2588761,travailleur qualifié ou travailleuse qualifiée,travailleur social,f.a.-n.a.-f.o.-',0.78,False
Q1294787,artisan,archiviste,t.a.-l.a.-f.o.-',0.12,True
Q842782,détective,activiste,b.a.-k.a.-f.o.-',0.26,True
Q47064,militaire,publicitaire,b.a.-d.a.-f.o.-',0.47,False
Q16334295,groupe d'humains,inspecteur,d.a.-k.a.-f.o.-',0.23,True
Q2623243,modèle conceptuel,guide spirituel,n.a.-n.a.-f.o.-',0.31,True
Q486839,parlementaire,notaire,m.a.-t.a.-f.o.-',0.44,False
Q811122,travailleur de la construction,travailleur social,f.a.-n.a.-f.o.-',0.63,False
Q455595,amateur,réformateur,n.a.-k.a.-f.o.-',0.4,False
Q1318390,opérateur radio,médiateur,m.a.-s.a.-f.o.-',0.36,True
Q12376667,technologue,psychologue,s.a.-f.a.-f.o.-',0.46,False
Q1162163,directeur ou directrice,lecteur,b.a.-s.a.-f.o.-',0.47,False
Q3249551,processus,procureur,b.a.-n.a.-f.o.-',0.48,False
Q1914636,activité,activiste,b.a.-k.a.-f.o.-',0.74,False
Q93479414,évêque anglican,relation publique,l.a.-b.a.-f.o.-',0.21,True
Q1144278,évêque diocésain,relation publique,l.a.-b.a.-f.o.-',0.21,True
Q601401,commerce,comptable,b.a.-t.a.-f.o.-',0.3,True
Q815823,modèle d'entreprise,entrepreneur,l.a.-d.a.-f.o.-',0.58,False
Q47315,cavalerie,ouvrier,m.a.-l.a.-f.o.-',0.12,True
Q15983773,Infanteriste,enfant,d.a.-m.a.-f.o.-',0.39,True
Q162817,études de l'Asie de l'Est,agent de,d.a.-l.a.-f.o.-',0.36,True
Q474968,maître anonyme,ancêtre,t.a.-m.a.-f.o.-',0.38,True
Q4175034,législateur ou législatrice,législateur,t.a.-n.a.-f.o.-',0.96,False
Q644687,illustrateur ou illustratrice,médiateur,m.a.-s.a.-f.o.-',0.21,True
Q1021386,militant des droits civiques,consultant,f.a.-s.a.-f.o.-',0.23,True
Q1476215,défenseur des droits de l'Homme,défendeur,l.a.-n.a.-f.o.-',0.47,False
Q107145544,sexuality and gender-related activist,activiste,b.a.-k.a.-f.o.-',0.65,False
Q15253558,militant ou militante,consultant,f.a.-s.a.-f.o.-',0.24,True
Q110038383,Germanic philologist,écologiste,l.a.-f.a.-f.o.-',0.46,False
Q23906392,nomarque,relation publique,l.a.-b.a.-f.o.-',0.21,True
Q2500638,créateur ou créatrice,médiateur,m.a.-s.a.-f.o.-',0.25,True
Q611644,évêque catholique,relation publique,l.a.-b.a.-f.o.-',0.4,False
Q116,monarque,relation publique,l.a.-b.a.-f.o.-',0.27,True
Q15995642,chef religieux,relation publique,l.a.-b.a.-f.o.-',0.24,True
Q105393558,archevêque métropolitain,archiviste,t.a.-l.a.-f.o.-',0.29,True
Q171692,patriarche,archiviste,t.a.-l.a.-f.o.-',0.28,True
Q1144278,évêque diocésain,relation publique,l.a.-b.a.-f.o.-',0.21,True
Q1638918,ordinaire,partenaire,m.a.-d.a.-f.o.-',0.5,False
Q48352,chef d'État,avocat,n.a.-t.a.-f.o.-',0.15,True
Q48352,chef d'État,avocat,n.a.-t.a.-f.o.-',0.15,True
Q825,Dieu,diplomate,k.a.-s.a.-f.o.-',0.21,True
Q352507,pasteur,acteur,s.a.-b.a.-f.o.-',0.3,True
Q2259451,acteur ou actrice de théâtre,acteur,s.a.-b.a.-f.o.-',0.79,False
Q3704253,trader,traducteur,t.a.-s.a.-f.o.-',0.5,False
Q2341443,fabricant d'instruments,mentor,s.a.-d.a.-f.o.-',0.28,True
Q108290582,musical instrument makers and tuners,musicien,f.a.-b.a.-f.o.-',0.46,False
Q1792635,sociologie de l'art,écologiste,l.a.-f.a.-f.o.-',0.3,True
Q164204,musicologie,musicien,f.a.-b.a.-f.o.-',0.52,False
Q3376056,Personnel de hall,agent de,d.a.-l.a.-f.o.-',0.32,True
Q27349,dentiste,activiste,b.a.-k.a.-f.o.-',0.32,True
Q108290350,education methods specialists,relation publique,l.a.-b.a.-f.o.-',0.26,True
Q27214348,inspecteur,inspecteur,d.a.-k.a.-f.o.-',1.0,False
Q901,scientifique,relation publique,l.a.-b.a.-f.o.-',0.3,True
Q50995749,personnalité liée au sport,transporteur,b.a.-l.a.-f.o.-',0.29,True
Q639669,musicien ou musicienne,musicien,f.a.-b.a.-f.o.-',0.98,False
Q599151,haut fonctionnaire ou haute fonctionnaire,fonctionnaire,t.a.-k.a.-f.o.-',0.97,False
Q212238,fonctionnaire,fonctionnaire,t.a.-k.a.-f.o.-',1.0,False
Q189290,officier,officier,l.a.-k.a.-f.o.-',1.0,False
Q11997597,représentant,consultant,f.a.-s.a.-f.o.-',0.28,True
Q1055894,député,défendeur,l.a.-n.a.-f.o.-',0.22,True
Q22976182,journaliste de télévision,journaliste,n.a.-b.a.-f.o.-',0.87,False
Q1086863,chroniqueur ou chroniqueuse,joueur,m.a.-b.a.-f.o.-',0.3,True
Q737462,candidat ès sciences,musicien,f.a.-b.a.-f.o.-',0.15,True
Q1231865,pédagogue,psychologue,s.a.-f.a.-f.o.-',0.44,False
Q673566,Mujtahid,musicien,f.a.-b.a.-f.o.-',0.24,True
Q17575128,grand ayatollah,transporteur,b.a.-l.a.-f.o.-',0.14,True
Q105275968,clerc musulman,musicien,f.a.-b.a.-f.o.-',0.3,True
Q1097498,dirigeant,enfant,d.a.-m.a.-f.o.-',0.22,True
Q116,monarque,relation publique,l.a.-b.a.-f.o.-',0.27,True
Q16511993,reine,relation publique,l.a.-b.a.-f.o.-',0.16,True
Q2478141,aristocrate,secouriste,f.a.-l.a.-f.o.-',0.27,True
Q16744001,noble,comptable,b.a.-t.a.-f.o.-',0.3,True
Q2304859,souverain,ouvrier,m.a.-l.a.-f.o.-',0.16,True
Q82604,design,agent de,d.a.-l.a.-f.o.-',0.2,True
Q47844,architecture du paysage,archiviste,t.a.-l.a.-f.o.-',0.48,False
Q33394058,travailleur manuel,travailleur social,f.a.-n.a.-f.o.-',0.74,False
Q1391083,travailleur qualifié,travailleur social,f.a.-n.a.-f.o.-',0.79,False
Q116097895,scorekeeper,ouvrier,m.a.-l.a.-f.o.-',0.17,True
Q4887411,bienfaiteur ou bienfaitrice,enfant,d.a.-m.a.-f.o.-',0.37,True
Q11900058,explorateur ou exploratrice,médiateur,m.a.-s.a.-f.o.-',0.25,True
Q820037,mineur,entrepreneur,l.a.-d.a.-f.o.-',0.35,True
Q215627,personne,fonctionnaire,t.a.-k.a.-f.o.-',0.18,True
Q41583,entraîneur sportif,entrepreneur,l.a.-d.a.-f.o.-',0.4,False
Q27943370,personnalité du monde de la mode,agent de,d.a.-l.a.-f.o.-',0.29,True
Q98084799,photographe professionnel,cartographe,l.a.-t.a.-f.o.-',0.65,False
Q327055,travailleur ou travailleuse,travailleur social,f.a.-n.a.-f.o.-',0.8,False
Q599151,haut fonctionnaire ou haute fonctionnaire,fonctionnaire,t.a.-k.a.-f.o.-',0.97,False
Q185351,juriste,secouriste,f.a.-l.a.-f.o.-',0.55,False
Q30093123,enquêteur,acteur,s.a.-b.a.-f.o.-',0.29,True
Q525800,poteau,policier,n.a.-l.a.-f.o.-',0.21,True
Q56071807,support,transporteur,b.a.-l.a.-f.o.-',0.33,True
Q115246813,plucked instrument player,mentor,s.a.-d.a.-f.o.-',0.26,True
Q169470,physicien ou physicienne,musicien,f.a.-b.a.-f.o.-',0.62,False
Q5157338,scientifique numéricien,musicien,f.a.-b.a.-f.o.-',0.39,True
Q25829748,cuivriste,secouriste,f.a.-l.a.-f.o.-',0.45,False
Q3892689,joueur de balle,joueur,m.a.-b.a.-f.o.-',0.8,False
Q639669,musicien ou musicienne,musicien,f.a.-b.a.-f.o.-',0.98,False
Q1622272,professeur ou professeure d'université,investisseur,t.a.-d.a.-f.o.-',0.36,True
Q3140857,horticulteur,cultivateur / éleveur,f.a.-f.a.-f.o.-',0.26,True
Q1250916,guerrier,guerrier,l.a.-l.a.-f.o.-',1.0,False
Q212238,fonctionnaire,fonctionnaire,t.a.-k.a.-f.o.-',1.0,False
Q1278335,instrumentiste,activiste,b.a.-k.a.-f.o.-',0.25,True
Q6430706,critique,relation publique,l.a.-b.a.-f.o.-',0.33,True
Q1259323,chef de tribu,agent de,d.a.-l.a.-f.o.-',0.41,False
Q6881511,entreprise,entrepreneur,l.a.-d.a.-f.o.-',0.67,False
Q618536,candidate ou candidat,fondateur,t.a.-t.a.-f.o.-',0.18,True
Q82955,personnalité politique,politicien,s.a.-k.a.-f.o.-',0.51,False
Q5165152,compétiteur,éditeur,t.a.-b.a.-f.o.-',0.38,True
Q19772737,candidat électoral,lecteur,b.a.-s.a.-f.o.-',0.23,True
Q43845,personnalité du monde des affaires,fonctionnaire,t.a.-k.a.-f.o.-',0.24,True
Q17344952,arachnologue,psychologue,s.a.-f.a.-f.o.-',0.57,False
Q2309784,cycliste,journaliste,n.a.-b.a.-f.o.-',0.46,False
Q4270517,skieur ou skieuse,ouvrier,m.a.-l.a.-f.o.-',0.2,True
Q9149093,alpiniste,activiste,b.a.-k.a.-f.o.-',0.37,True
Q47064,militaire,publicitaire,b.a.-d.a.-f.o.-',0.47,False
Q361593,fonctionnaire de police,fonctionnaire,t.a.-k.a.-f.o.-',0.87,False
Q15855449,prestidigitateur,spectateur,k.a.-b.a.-f.o.-',0.39,True
Q1658894,illusionniste,activiste,b.a.-k.a.-f.o.-',0.27,True
Q37226,enseignant ou enseignante,enseignant,d.a.-f.a.-f.o.-',0.98,False
Q15686806,sénateur ou sénatrice,médiateur,m.a.-s.a.-f.o.-',0.36,True
Q182436,bibliothécaire,notaire,m.a.-t.a.-f.o.-',0.43,False
Q63970319,directeur de bibliothèque,lecteur,b.a.-s.a.-f.o.-',0.44,False
Q104290473,préfet,précurseur,s.a.-n.a.-f.o.-',0.26,True
Q1278335,instrumentiste,activiste,b.a.-k.a.-f.o.-',0.25,True
Q3922505,DJ producer,producteur,d.a.-b.a.-f.o.-',0.74,False
Q183945,producteur de disques,producteur,d.a.-b.a.-f.o.-',0.9,False
Q783906,neurologue,psychologue,s.a.-f.a.-f.o.-',0.57,False
Q211346,psychiatre,psychologue,s.a.-f.a.-f.o.-',0.46,False
Q4439155,coureur de fond,fondateur,t.a.-t.a.-f.o.-',0.35,True
Q41583,entraîneur sportif,entrepreneur,l.a.-d.a.-f.o.-',0.4,False
Q15319501,chercheur ou chercheuse en sciences sociales,travailleur social,f.a.-n.a.-f.o.-',0.4,False
Q17307272,artiste de cirque,archiviste,t.a.-l.a.-f.o.-',0.25,True
Q17307272,artiste de cirque,archiviste,t.a.-l.a.-f.o.-',0.25,True
Q11957145,acrobate,diplomate,k.a.-s.a.-f.o.-',0.25,True
Q84505214,spécialiste de l'Asie de l'Est,journaliste,n.a.-b.a.-f.o.-',0.36,True
Q16727193,scientifique de l'esprit,agent de,d.a.-l.a.-f.o.-',0.26,True
Q108289406,spécialistes des sciences sociales et du clergé,travailleur social,f.a.-n.a.-f.o.-',0.37,True
Q5121550,érudit du judaïsme,juré,k.a.-n.a.-f.o.-',0.19,True
Q84505214,spécialiste de l'Asie de l'Est,journaliste,n.a.-b.a.-f.o.-',0.36,True
Q15319501,chercheur ou chercheuse en sciences sociales,travailleur social,f.a.-n.a.-f.o.-',0.4,False
Q11499147,militant ou militante politique,politicien,s.a.-k.a.-f.o.-',0.38,True
Q3055126,entomologiste,écologiste,l.a.-f.a.-f.o.-',0.69,False
Q482980,auteur ou autrice,auteur,b.a.-b.a.-f.o.-',0.92,False
Q14128148,joueur de football américain ou de football canadien,joueur,m.a.-b.a.-f.o.-',0.57,False
Q774306,chirurgien ou chirurgienne,musicien,f.a.-b.a.-f.o.-',0.19,True
Q3264451,cardiologue,psychologue,s.a.-f.a.-f.o.-',0.55,False
Q774306,chirurgien ou chirurgienne,musicien,f.a.-b.a.-f.o.-',0.19,True
Q1919436,pédiatre,médiateur,m.a.-s.a.-f.o.-',0.49,False
Q7016454,artiste des nouveaux médias,médiateur,m.a.-s.a.-f.o.-',0.44,False
Q1191714,col bleu,comptable,b.a.-t.a.-f.o.-',0.19,True
Q12713481,ouvrier,ouvrier,m.a.-l.a.-f.o.-',1.0,False
Q8187769,activité économique,activiste,b.a.-k.a.-f.o.-',0.54,False
Q22981496,conchyliculteur,cultivateur / éleveur,f.a.-f.a.-f.o.-',0.23,True
Q15253558,militant ou militante,consultant,f.a.-s.a.-f.o.-',0.24,True
Q15253558,militant ou militante,consultant,f.a.-s.a.-f.o.-',0.24,True
Q483501,artiste,archiviste,t.a.-l.a.-f.o.-',0.36,True
Q26848923,bioingénieur ou bioingénieure,témoin,d.a.-n.a.-f.o.-',0.19,True
Q225586,danse en Inde,enseignant,d.a.-f.a.-f.o.-',0.14,True
Q131512,agriculteur ou agricultrice,cultivateur / éleveur,f.a.-f.a.-f.o.-',0.27,True
Q250867,prêtre catholique,relation publique,l.a.-b.a.-f.o.-',0.32,True
Q112074151,head of a diocese,officier,l.a.-k.a.-f.o.-',0.17,True
Q358832,administrateur,médiateur,m.a.-s.a.-f.o.-',0.31,True
Q189290,officier,officier,l.a.-k.a.-f.o.-',1.0,False
Q854997,moine bouddhiste,témoin,d.a.-n.a.-f.o.-',0.31,True
Q1162163,directeur ou directrice,lecteur,b.a.-s.a.-f.o.-',0.47,False
Q25713832,dirigeant ou dirigeante,enfant,d.a.-m.a.-f.o.-',0.15,True
Q2462658,manager,manager,l.a.-s.a.-f.o.-',1.0,False
Q12326565,ouvrier laitier,ouvrier,m.a.-l.a.-f.o.-',0.94,False
Q1294787,artisan,archiviste,t.a.-l.a.-f.o.-',0.12,True
Q41583,entraîneur sportif,entrepreneur,l.a.-d.a.-f.o.-',0.4,False
Q2374149,botaniste,activiste,b.a.-k.a.-f.o.-',0.33,True
Q512314,socialite,travailleur social,f.a.-n.a.-f.o.-',0.44,False
Q177220,chanteur ou chanteuse,inventeur,d.a.-d.a.-f.o.-',0.43,False
Q753110,auteur-compositeur ou autrice-compositrice,auteur,b.a.-b.a.-f.o.-',0.72,False
Q49757,poète ou poétesse,policier,n.a.-l.a.-f.o.-',0.16,True
Q5422651,professionnel de la vue,agent de,d.a.-l.a.-f.o.-',0.24,True
Q213441,magasin,voisin,m.a.-k.a.-f.o.-',0.37,True
Q108290424,dispensing opticians,politicien,s.a.-k.a.-f.o.-',0.16,True
Q66035178,travailleur du textile,travailleur social,f.a.-n.a.-f.o.-',0.79,False
Q5583669,ambassadeur de bonne volonté,vendeur,k.a.-d.a.-f.o.-',0.24,True
Q1328323,fonctionnaire,fonctionnaire,t.a.-k.a.-f.o.-',1.0,False
Q733786,moine ou moniale,témoin,d.a.-n.a.-f.o.-',0.32,True
Q185351,juriste,secouriste,f.a.-l.a.-f.o.-',0.55,False
Q30903,soprano,philosophe,s.a.-s.a.-f.o.-',0.12,True
Q223166,contreténor,consultant,f.a.-s.a.-f.o.-',0.22,True
Q15296811,dessinateur ou dessinatrice,médiateur,m.a.-s.a.-f.o.-',0.2,True
Q627325,graphiste,cartographe,l.a.-t.a.-f.o.-',0.34,True
Q483501,artiste,archiviste,t.a.-l.a.-f.o.-',0.36,True
Q17291399,membre d'équipe de cinéma,agent de,d.a.-l.a.-f.o.-',0.29,True
Q2462658,manager,manager,l.a.-s.a.-f.o.-',1.0,False
Q182436,bibliothécaire,notaire,m.a.-t.a.-f.o.-',0.43,False
Q82594,informaticien ou informaticienne,informaticien,s.a.-t.a.-f.o.-',0.99,False
Q6430706,critique,relation publique,l.a.-b.a.-f.o.-',0.33,True
Q15296811,dessinateur ou dessinatrice,médiateur,m.a.-s.a.-f.o.-',0.2,True
Q7692317,technical advisor,technicien,f.a.-d.a.-f.o.-',0.72,False
Q15978655,consultant ou consultante,consultant,f.a.-s.a.-f.o.-',0.98,False
Q56604309,personnel informatique,informaticien,s.a.-t.a.-f.o.-',0.67,False
Q201788,historien ou historienne,ouvrier,m.a.-l.a.-f.o.-',0.18,True
Q3621491,archéologue,psychologue,s.a.-f.a.-f.o.-',0.5,False
Q2419397,thérapeute,auteur,b.a.-b.a.-f.o.-',0.2,True
Q15686806,sénateur ou sénatrice,médiateur,m.a.-s.a.-f.o.-',0.36,True
Q187588,classe sociale,travailleur social,f.a.-n.a.-f.o.-',0.43,False
Q185351,juriste,secouriste,f.a.-l.a.-f.o.-',0.55,False
Q1055894,député,défendeur,l.a.-n.a.-f.o.-',0.22,True
Q486839,parlementaire,notaire,m.a.-t.a.-f.o.-',0.44,False
Q106079967,member of United States state lower house,spectateur,k.a.-b.a.-f.o.-',0.28,True
Q911554,magnat des affaires,notaire,m.a.-t.a.-f.o.-',0.2,True
Q13417114,maison noble,comptable,b.a.-t.a.-f.o.-',0.24,True
Q81096,ingénieur ou ingénieure,inventeur,d.a.-d.a.-f.o.-',0.19,True
Q1278335,instrumentiste,activiste,b.a.-k.a.-f.o.-',0.25,True
Q39631,médecin,médecin,n.a.-f.a.-f.o.-',1.0,False
Q212238,fonctionnaire,fonctionnaire,t.a.-k.a.-f.o.-',1.0,False
Q1895303,forestier ou forestière,investisseur,t.a.-d.a.-f.o.-',0.23,True
Q5887266,forestry ranger,manager,l.a.-s.a.-f.o.-',0.24,True
Q212238,fonctionnaire,fonctionnaire,t.a.-k.a.-f.o.-',1.0,False
Q15319501,chercheur ou chercheuse en sciences sociales,travailleur social,f.a.-n.a.-f.o.-',0.4,False
Q600751,procureur ou procureure,procureur,b.a.-n.a.-f.o.-',0.98,False
Q212238,fonctionnaire,fonctionnaire,t.a.-k.a.-f.o.-',1.0,False
Q852857,travailleur ou travailleuse du sexe,travailleur social,f.a.-n.a.-f.o.-',0.8,False
Q39631,médecin,médecin,n.a.-f.a.-f.o.-',1.0,False
Q831474,prêtre chrétien,ancêtre,t.a.-m.a.-f.o.-',0.43,False
Q193364,vicaire,notaire,m.a.-t.a.-f.o.-',0.48,False
Q11063,astronome,assureur,f.a.-t.a.-f.o.-',0.24,True
Q1066186,histoire,notaire,m.a.-t.a.-f.o.-',0.29,True
Q309,histoire,notaire,m.a.-t.a.-f.o.-',0.29,True
Q483394,genre,agent de,d.a.-l.a.-f.o.-',0.22,True
Q1221126,Dienststellung,diplomate,k.a.-s.a.-f.o.-',0.12,True
Q1162163,directeur ou directrice,lecteur,b.a.-s.a.-f.o.-',0.47,False
Q1250916,guerrier,guerrier,l.a.-l.a.-f.o.-',1.0,False
Q45199,marin,manager,l.a.-s.a.-f.o.-',0.18,True
Q1673189,armée irrégulière,père,n.a.-m.a.-f.o.-',0.39,True
Q81096,ingénieur ou ingénieure,inventeur,d.a.-d.a.-f.o.-',0.19,True
Q89000321,management scientist,manager,l.a.-s.a.-f.o.-',0.61,False
Q16727193,scientifique de l'esprit,agent de,d.a.-l.a.-f.o.-',0.26,True
Q15976341,slaviste,activiste,b.a.-k.a.-f.o.-',0.51,False
Q4991371,soldat,avocat,n.a.-t.a.-f.o.-',0.16,True
Q201788,historien ou historienne,ouvrier,m.a.-l.a.-f.o.-',0.18,True
Q14915627,musicologue,musicien,f.a.-b.a.-f.o.-',0.45,False
Q1075651,claviériste,secouriste,f.a.-l.a.-f.o.-',0.48,False
Q5358395,musicien électronique,musicien,f.a.-b.a.-f.o.-',0.77,False
Q19588578,musicien expérimental,musicien,f.a.-b.a.-f.o.-',0.91,False
Q39631,médecin,médecin,n.a.-f.a.-f.o.-',1.0,False
Q24229398,agent,agent de,d.a.-l.a.-f.o.-',0.89,False
Q108290486,telephone switchboard operators,mentor,s.a.-d.a.-f.o.-',0.15,True
Q39631,médecin,médecin,n.a.-f.a.-f.o.-',1.0,False
Q1723340,juge du combat,comptable,b.a.-t.a.-f.o.-',0.27,True
Q340169,média,médiateur,m.a.-s.a.-f.o.-',0.69,False
Q107307154,lieu numérique,relation publique,l.a.-b.a.-f.o.-',0.35,True
Q3332438,médecin spécialiste,médecin,n.a.-f.a.-f.o.-',0.75,False
Q11974939,professionnel ou professionnelle de la santé,procureur,b.a.-n.a.-f.o.-',0.21,True
Q250867,prêtre catholique,relation publique,l.a.-b.a.-f.o.-',0.32,True
Q2566598,religieux catholique,relation publique,l.a.-b.a.-f.o.-',0.46,False
Q373342,musique populaire,musicien,f.a.-b.a.-f.o.-',0.37,True
Q467,femme,acteurs sociaux,M:M:.a.-M:M:.a.-f.o.-',0.0,True
Q5784340,consort,consultant,f.a.-s.a.-f.o.-',0.45,False
Q11974939,professionnel ou professionnelle de la santé,procureur,b.a.-n.a.-f.o.-',0.21,True
Q55071047,auxiliaire de santé,notaire,m.a.-t.a.-f.o.-',0.29,True
Q85861026,repenti,entrepreneur,l.a.-d.a.-f.o.-',0.18,True
Q3985230,témoin de justice,témoin,d.a.-n.a.-f.o.-',0.85,False
Q45722,cardinal,cartographe,l.a.-t.a.-f.o.-',0.25,True
Q242468,tailleur ou tailleuse,travailleur social,f.a.-n.a.-f.o.-',0.52,False
Q66035178,travailleur du textile,travailleur social,f.a.-n.a.-f.o.-',0.79,False
Q816871,travail du bois,travailleur social,f.a.-n.a.-f.o.-',0.57,False
Q1283504,engagement social,travailleur social,f.a.-n.a.-f.o.-',0.49,False
Q356139,relecteur-correcteur,lecteur,b.a.-s.a.-f.o.-',0.77,False
Q1914636,activité,activiste,b.a.-k.a.-f.o.-',0.74,False
Q188844,bénévolat,bénévole,m.a.-n.a.-f.o.-',0.8,False
Q11588306,services sociaux,acteurs sociaux,M:M:.a.-M:M:.a.-f.o.-',0.73,False
Q50412353,administration,relation publique,l.a.-b.a.-f.o.-',0.41,False
Q19862406,activité commerciale,activiste,b.a.-k.a.-f.o.-',0.57,False
Q200253,médecine traditionnelle chinoise,médecin,n.a.-f.a.-f.o.-',0.63,False
Q1885941,personnalité médiatique,médiateur,m.a.-s.a.-f.o.-',0.54,False
Q211236,célébrité,guide spirituel,n.a.-n.a.-f.o.-',0.17,True
Q167382,netizen,musicien,f.a.-b.a.-f.o.-',0.18,True
Q349843,profession paramédicale,médiateur,m.a.-s.a.-f.o.-',0.19,True
Q1251441,responsable,comptable,b.a.-t.a.-f.o.-',0.4,False
Q3826351,référent,réformateur,n.a.-k.a.-f.o.-',0.26,True
Q504514,accompagnement,mentor,s.a.-d.a.-f.o.-',0.25,True
Q155234,chiffrage de mesure,agent de,d.a.-l.a.-f.o.-',0.34,True
Q34379,instrument de musique,musicien,f.a.-b.a.-f.o.-',0.32,True
Q203764,militantisme,familier,m.a.-m.a.-f.o.-',0.23,True
Q214339,rôle social,travailleur social,f.a.-n.a.-f.o.-',0.56,False
Q81096,ingénieur ou ingénieure,inventeur,d.a.-d.a.-f.o.-',0.19,True
Q2500638,créateur ou créatrice,médiateur,m.a.-s.a.-f.o.-',0.25,True
Q18544928,joueur de billard,joueur,m.a.-b.a.-f.o.-',0.87,False
Q47064,militaire,publicitaire,b.a.-d.a.-f.o.-',0.47,False
Q192581,travail,travailleur social,f.a.-n.a.-f.o.-',0.59,False
Q6620231,commandeur,vendeur,k.a.-d.a.-f.o.-',0.49,False
Q1240788,patron,partenaire,m.a.-d.a.-f.o.-',0.15,True
Q864503,biologiste,écologiste,l.a.-f.a.-f.o.-',0.79,False
Q3490626,sonneur,entrepreneur,l.a.-d.a.-f.o.-',0.29,True
Q49757,poète ou poétesse,policier,n.a.-l.a.-f.o.-',0.16,True
Q3455803,réalisateur ou réalisatrice,journaliste,n.a.-b.a.-f.o.-',0.26,True
Q178885,déité,défendeur,l.a.-n.a.-f.o.-',0.22,True
Q4351808,spaceflight participant,partenaire,m.a.-d.a.-f.o.-',0.37,True
Q5633897,touriste,secouriste,f.a.-l.a.-f.o.-',0.72,False
Q2747456,prince,procureur,b.a.-n.a.-f.o.-',0.19,True
Q103163,abbé,acteurs sociaux,M:M:.a.-M:M:.a.-f.o.-',0.0,True
Q114863375,prince ecclésiastique,relation publique,l.a.-b.a.-f.o.-',0.33,True
Q18244,fürst,acteurs sociaux,M:M:.a.-M:M:.a.-f.o.-',0.0,True
Q1411354,prince du Saint-Empire,notaire,m.a.-t.a.-f.o.-',0.23,True
Q1673189,armée irrégulière,père,n.a.-m.a.-f.o.-',0.39,True
Q4175034,législateur ou législatrice,législateur,t.a.-n.a.-f.o.-',0.96,False
Q3055126,entomologiste,écologiste,l.a.-f.a.-f.o.-',0.69,False
Q10659189,cambrioleur,travailleur social,f.a.-n.a.-f.o.-',0.24,True
Q254508,hors-la-loi,acteurs sociaux,M:M:.a.-M:M:.a.-f.o.-',0.0,True
Q2159907,criminel ou criminelle,ouvrier,m.a.-l.a.-f.o.-',0.13,True
Q50995749,personnalité liée au sport,transporteur,b.a.-l.a.-f.o.-',0.29,True
Q1930187,journaliste,journaliste,n.a.-b.a.-f.o.-',1.0,False
Q5352191,technicien ou technicienne,technicien,f.a.-d.a.-f.o.-',0.99,False
Q11862829,discipline académique,relation publique,l.a.-b.a.-f.o.-',0.31,True
Q215627,personne,fonctionnaire,t.a.-k.a.-f.o.-',0.18,True
Q37226,enseignant ou enseignante,enseignant,d.a.-f.a.-f.o.-',0.98,False
Q23835475,assistant,consultant,f.a.-s.a.-f.o.-',0.32,True
Q17176618,contrebandier,consultant,f.a.-s.a.-f.o.-',0.19,True
Q20722777,marchand d'armes,archiviste,t.a.-l.a.-f.o.-',0.28,True
Q84380764,joueur de jeu de plateau,joueur,m.a.-b.a.-f.o.-',0.69,False
Q226008,idole japonaise,bénévole,m.a.-n.a.-f.o.-',0.32,True
Q215536,commerçant,comptable,b.a.-t.a.-f.o.-',0.25,True
Q1900657,marketeur ou marketeuse,acteur,s.a.-b.a.-f.o.-',0.23,True
Q5467169,ressources humaines,relation publique,l.a.-b.a.-f.o.-',0.12,True
Q2159907,criminel ou criminelle,ouvrier,m.a.-l.a.-f.o.-',0.13,True
Q11165895,Geheimer Rat,mere,f.a.-m.a.-f.o.-',0.22,True
Q2095549,aviateur ou aviatrice,médiateur,m.a.-s.a.-f.o.-',0.45,False
Q2747456,prince,procureur,b.a.-n.a.-f.o.-',0.19,True
Q2762318,héritier apparent,client,n.a.-d.a.-f.o.-',0.19,True
Q12773225,esclave,acteurs sociaux,M:M:.a.-M:M:.a.-f.o.-',0.0,True
Q901222,tuteur ou tutrice,auteur,b.a.-b.a.-f.o.-',0.59,False
Q41583,entraîneur sportif,entrepreneur,l.a.-d.a.-f.o.-',0.4,False
Q41583,entraîneur sportif,entrepreneur,l.a.-d.a.-f.o.-',0.4,False
Q1673189,armée irrégulière,père,n.a.-m.a.-f.o.-',0.39,True
Q11499147,militant ou militante politique,politicien,s.a.-k.a.-f.o.-',0.38,True
Q22813352,voyageur ou voyageuse,pourvoyeur,k.a.-f.a.-f.o.-',0.15,True
Q1039099,guide culturel,guide spirituel,n.a.-n.a.-f.o.-',0.47,False
Q108289641,"travel attendants, conductors and guides",guide spirituel,n.a.-n.a.-f.o.-',0.3,True
Q6337803,neurobiologiste,écologiste,l.a.-f.a.-f.o.-',0.74,False
Q864503,biologiste,écologiste,l.a.-f.a.-f.o.-',0.79,False
Q15924224,médecin interniste,médecin,n.a.-f.a.-f.o.-',0.88,False
Q6060450,parachutiste,activiste,b.a.-k.a.-f.o.-',0.29,True
Q98084799,photographe professionnel,cartographe,l.a.-t.a.-f.o.-',0.65,False
Q15983985,archéologue classique,psychologue,s.a.-f.a.-f.o.-',0.43,False
Q16267985,indoeuropéaniste,activiste,b.a.-k.a.-f.o.-',0.38,True
Q17488316,préhistorien,précurseur,s.a.-n.a.-f.o.-',0.22,True
Q219477,missionnaire,fonctionnaire,t.a.-k.a.-f.o.-',0.66,False
Q1474521,fonction,fonctionnaire,t.a.-k.a.-f.o.-',0.67,False
Q27214348,inspecteur,inspecteur,d.a.-k.a.-f.o.-',1.0,False
Q4657217,conseiller,consultant,f.a.-s.a.-f.o.-',0.33,True
Q37226,enseignant ou enseignante,enseignant,d.a.-f.a.-f.o.-',0.98,False
Q11124885,pratiquant d'arts martiaux,acteurs sociaux,M:M:.a.-M:M:.a.-f.o.-',0.29,True
Q4531850,endocrinologue,psychologue,s.a.-f.a.-f.o.-',0.58,False
Q169470,physicien ou physicienne,musicien,f.a.-b.a.-f.o.-',0.62,False
Q57735705,personnalité liée au droit,journaliste,n.a.-b.a.-f.o.-',0.19,True
Q212238,fonctionnaire,fonctionnaire,t.a.-k.a.-f.o.-',1.0,False
Q639669,musicien ou musicienne,musicien,f.a.-b.a.-f.o.-',0.98,False
Q12794619,propriétaire de biens,secrétaire,k.a.-t.a.-f.o.-',0.46,False
Q2500638,créateur ou créatrice,médiateur,m.a.-s.a.-f.o.-',0.25,True
Q3332438,médecin spécialiste,médecin,n.a.-f.a.-f.o.-',0.75,False
Q1278335,instrumentiste,activiste,b.a.-k.a.-f.o.-',0.25,True
Q193391,diplomate,diplomate,k.a.-s.a.-f.o.-',1.0,False
Q4164871,fonction,fonctionnaire,t.a.-k.a.-f.o.-',0.67,False
Q1072363,directeur ou directrice,lecteur,b.a.-s.a.-f.o.-',0.47,False
Q215536,commerçant,comptable,b.a.-t.a.-f.o.-',0.25,True
Q3542795,œnologue,psychologue,s.a.-f.a.-f.o.-',0.62,False
Q47728,hobby,acteurs sociaux,M:M:.a.-M:M:.a.-f.o.-',0.0,True
Q108634029,gathering,acteurs sociaux,M:M:.a.-M:M:.a.-f.o.-',0.0,True
Q1501906,maître général des postes,ancêtre,t.a.-m.a.-f.o.-',0.2,True
Q4164871,fonction,fonctionnaire,t.a.-k.a.-f.o.-',0.67,False
Q7410456,police nationale,policier,n.a.-l.a.-f.o.-',0.5,False
Q40634,philologie,philosophe,s.a.-s.a.-f.o.-',0.45,False
Q80083,lettres,lecteur,b.a.-s.a.-f.o.-',0.22,True
Q1259323,chef de tribu,agent de,d.a.-l.a.-f.o.-',0.41,False
Q201676,rite funéraire,notaire,m.a.-t.a.-f.o.-',0.37,True
Q215627,personne,fonctionnaire,t.a.-k.a.-f.o.-',0.18,True
Q1278335,instrumentiste,activiste,b.a.-k.a.-f.o.-',0.25,True
Q36180,écrivain ou écrivaine,écologiste,l.a.-f.a.-f.o.-',0.11,True
Q43845,personnalité du monde des affaires,fonctionnaire,t.a.-k.a.-f.o.-',0.24,True
Q1331793,entreprise médiatique,médiateur,m.a.-s.a.-f.o.-',0.47,False
Q4830453,firme,infirmier / soignant,b.a.-f.a.-f.o.-',0.27,True
Q2405480,acteur ou actrice de doublage,acteur,s.a.-b.a.-f.o.-',0.8,False
Q755070,narrateur,médiateur,m.a.-s.a.-f.o.-',0.41,False
Q1028181,peintre,ancêtre,t.a.-m.a.-f.o.-',0.27,True
Q15296811,dessinateur ou dessinatrice,médiateur,m.a.-s.a.-f.o.-',0.2,True
Q843601,science de la santé,agent de,d.a.-l.a.-f.o.-',0.35,True
Q201788,historien ou historienne,ouvrier,m.a.-l.a.-f.o.-',0.18,True
Q2468727,érudit classique,relation publique,l.a.-b.a.-f.o.-',0.29,True
Q42603,prêtre,ancêtre,t.a.-m.a.-f.o.-',0.52,False
Q108290376,religious professionals,relation publique,l.a.-b.a.-f.o.-',0.23,True
Q1238570,politologue,psychologue,s.a.-f.a.-f.o.-',0.46,False
Q8473,armée,archiviste,t.a.-l.a.-f.o.-',0.15,True
Q12737077,activité,activiste,b.a.-k.a.-f.o.-',0.74,False
Q105982157,military component,comptable,b.a.-t.a.-f.o.-',0.34,True
Q32178211,organisation musicale,musicien,f.a.-b.a.-f.o.-',0.51,False
Q16334295,groupe d'humains,inspecteur,d.a.-k.a.-f.o.-',0.23,True
Q105815710,groupe des arts du spectacle,spectateur,k.a.-b.a.-f.o.-',0.64,False
Q60557909,collectif d'auteurs,auteur,b.a.-b.a.-f.o.-',0.48,False
Q2207288,métier manuel,manager,l.a.-s.a.-f.o.-',0.28,True
Q755070,narrateur,médiateur,m.a.-s.a.-f.o.-',0.41,False
Q5,être humain,ancêtre,t.a.-m.a.-f.o.-',0.52,False
Q1250916,guerrier,guerrier,l.a.-l.a.-f.o.-',1.0,False
Q1678054,miles christianus,secouriste,f.a.-l.a.-f.o.-',0.23,True
Q16334295,groupe d'humains,inspecteur,d.a.-k.a.-f.o.-',0.23,True
Q18536342,joueur professionnel ou joueuse professionnelle,joueur,m.a.-b.a.-f.o.-',0.75,False
Q10843263,joueur de hockey sur gazon,joueur,m.a.-b.a.-f.o.-',0.84,False
Q83460,général,bénévole,m.a.-n.a.-f.o.-',0.15,True
Q81096,ingénieur ou ingénieure,inventeur,d.a.-d.a.-f.o.-',0.19,True
Q294126,géomètre,ancêtre,t.a.-m.a.-f.o.-',0.36,True
Q42973,architecte,archiviste,t.a.-l.a.-f.o.-',0.53,False
Q2033341,cardinal-prêtre,ancêtre,t.a.-m.a.-f.o.-',0.42,False
Q841628,stratification sociale,travailleur social,f.a.-n.a.-f.o.-',0.35,True
Q23640580,conducteur de véhicule,traducteur,t.a.-s.a.-f.o.-',0.45,False
Q254651,navigateur ou navigatrice,médiateur,m.a.-s.a.-f.o.-',0.36,True
Q373021,aircrew member,mere,f.a.-m.a.-f.o.-',0.17,True
Q29352392,maître spirituel,guide spirituel,n.a.-n.a.-f.o.-',0.77,False
Q15995642,chef religieux,relation publique,l.a.-b.a.-f.o.-',0.24,True
Q1221208,contrat de travail,travailleur social,f.a.-n.a.-f.o.-',0.48,False
Q212071,recteur ou rectrice,lecteur,b.a.-s.a.-f.o.-',0.52,False
Q8175949,historien des médias,médiateur,m.a.-s.a.-f.o.-',0.54,False
Q4220878,théoricien ou théoricienne du cinéma,musicien,f.a.-b.a.-f.o.-',0.48,False
Q87282152,patron de bar,agent de,d.a.-l.a.-f.o.-',0.32,True
Q2366336,seigneur,enseignant,d.a.-f.a.-f.o.-',0.37,True
Q81096,ingénieur ou ingénieure,inventeur,d.a.-d.a.-f.o.-',0.19,True
Q10497074,ingénieur ou ingénieure en aéronautique,relation publique,l.a.-b.a.-f.o.-',0.25,True
Q40348,avocat ou avocate,avocat,n.a.-t.a.-f.o.-',0.95,False
Q131512,agriculteur ou agricultrice,cultivateur / éleveur,f.a.-f.a.-f.o.-',0.27,True
Q15296811,dessinateur ou dessinatrice,médiateur,m.a.-s.a.-f.o.-',0.2,True
Q2055046,physiologiste,écologiste,l.a.-f.a.-f.o.-',0.77,False
Q3391743,artiste visuel ou artiste visuelle,archiviste,t.a.-l.a.-f.o.-',0.36,True
Q844143,architecte hardware,archiviste,t.a.-l.a.-f.o.-',0.5,False
Q81096,ingénieur ou ingénieure,inventeur,d.a.-d.a.-f.o.-',0.19,True
Q81096,ingénieur ou ingénieure,inventeur,d.a.-d.a.-f.o.-',0.19,True
Q81096,ingénieur ou ingénieure,inventeur,d.a.-d.a.-f.o.-',0.19,True
Q3332438,médecin spécialiste,médecin,n.a.-f.a.-f.o.-',0.75,False
Q13638192,obstétricien ou obstétricienne,musicien,f.a.-b.a.-f.o.-',0.51,False
Q2640827,gynécologue,psychologue,s.a.-f.a.-f.o.-',0.5,False
Q94294328,bowed string instrument maker,mentor,s.a.-d.a.-f.o.-',0.24,True
Q16402907,sémioticien ou sémioticienne,politicien,s.a.-k.a.-f.o.-',0.57,False
Q864503,biologiste,écologiste,l.a.-f.a.-f.o.-',0.79,False
Q483501,artiste,archiviste,t.a.-l.a.-f.o.-',0.36,True
Q16258947,fonctionnaire,fonctionnaire,t.a.-k.a.-f.o.-',1.0,False
Q112042224,video game company,comptable,b.a.-t.a.-f.o.-',0.46,False
Q19476593,grade de la police,policier,n.a.-l.a.-f.o.-',0.5,False
Q4164871,fonction,fonctionnaire,t.a.-k.a.-f.o.-',0.67,False
Q384593,policier ou policière,policier,n.a.-l.a.-f.o.-',0.93,False
Q108290289,cadres supérieurs de l’administration publique,relation publique,l.a.-b.a.-f.o.-',0.71,False
Q685433,vendeur ou vendeuse,vendeur,k.a.-d.a.-f.o.-',0.96,False
Q12059906,gardien de troupeau,agent de,d.a.-l.a.-f.o.-',0.34,True
Q5179781,vacher,ouvrier,m.a.-l.a.-f.o.-',0.17,True
Q352388,conducteur,traducteur,t.a.-s.a.-f.o.-',0.54,False
Q937857,footballeur,travailleur social,f.a.-n.a.-f.o.-',0.36,True
Q18536342,joueur professionnel ou joueuse professionnelle,joueur,m.a.-b.a.-f.o.-',0.75,False
Q1162163,directeur ou directrice,lecteur,b.a.-s.a.-f.o.-',0.47,False
Q43845,personnalité du monde des affaires,fonctionnaire,t.a.-k.a.-f.o.-',0.24,True
Q6606110,industriel,ouvrier,m.a.-l.a.-f.o.-',0.14,True
Q1294787,artisan,archiviste,t.a.-l.a.-f.o.-',0.12,True
Q41583,entraîneur sportif,entrepreneur,l.a.-d.a.-f.o.-',0.4,False
Q493898,lieutenant-colonel,partenaire,m.a.-d.a.-f.o.-',0.19,True
Q19100,capitaine,publicitaire,b.a.-d.a.-f.o.-',0.27,True
Q26270618,avironneur,entrepreneur,l.a.-d.a.-f.o.-',0.28,True
Q2873500,aventurier ou aventurière,ouvrier,m.a.-l.a.-f.o.-',0.25,True
Q2066131,athlète,hôte,f.a.-k.a.-f.o.-',0.23,True
Q3738757,faussaire,notaire,m.a.-t.a.-f.o.-',0.43,False
Q702269,professionnel ou professionnelle,procureur,b.a.-n.a.-f.o.-',0.22,True
Q1075651,claviériste,secouriste,f.a.-l.a.-f.o.-',0.48,False
Q486748,pianiste,activiste,b.a.-k.a.-f.o.-',0.37,True
Q315247,étudiant ou étudiante à l'université,étudiant,d.a.-s.a.-f.o.-',0.97,False
Q703534,salarié,allié,l.a.-m.a.-f.o.-',0.29,True
Q600751,procureur ou procureure,procureur,b.a.-n.a.-f.o.-',0.98,False
Q3333377,mésoaméricaniste,activiste,b.a.-k.a.-f.o.-',0.38,True
Q177220,chanteur ou chanteuse,inventeur,d.a.-d.a.-f.o.-',0.43,False
Q179294,eunuque,relation publique,l.a.-b.a.-f.o.-',0.27,True
Q2251335,instituteur ou institutrice,inspecteur,d.a.-k.a.-f.o.-',0.31,True
Q2566598,religieux catholique,relation publique,l.a.-b.a.-f.o.-',0.46,False
Q733786,moine ou moniale,témoin,d.a.-n.a.-f.o.-',0.32,True
Q166886,duc,traducteur,t.a.-s.a.-f.o.-',0.21,True
Q22687,banque,banquier,d.a.-t.a.-f.o.-',0.59,False
Q10694573,artiste textile,archiviste,t.a.-l.a.-f.o.-',0.32,True
Q64351975,fabricante de tapisserie,agent de,d.a.-l.a.-f.o.-',0.25,True
Q66035178,travailleur du textile,travailleur social,f.a.-n.a.-f.o.-',0.79,False
Q26387816,carpet weaver,cartographe,l.a.-t.a.-f.o.-',0.3,True
Q41583,entraîneur sportif,entrepreneur,l.a.-d.a.-f.o.-',0.4,False
Q26270618,avironneur,entrepreneur,l.a.-d.a.-f.o.-',0.28,True
Q215627,personne,fonctionnaire,t.a.-k.a.-f.o.-',0.18,True
Q2462658,manager,manager,l.a.-s.a.-f.o.-',1.0,False
Q6817473,professionnel ou professionnelle de la santé mentale,mentor,s.a.-d.a.-f.o.-',0.24,True
Q3332438,médecin spécialiste,médecin,n.a.-f.a.-f.o.-',0.75,False
Q2782279,relation sexuelle,relation publique,l.a.-b.a.-f.o.-',0.66,False
Q36180,écrivain ou écrivaine,écologiste,l.a.-f.a.-f.o.-',0.11,True
Q14605941,spécialiste des épreuves combinées,journaliste,n.a.-b.a.-f.o.-',0.4,False
Q11513337,athlète,hôte,f.a.-k.a.-f.o.-',0.23,True
Q14605941,spécialiste des épreuves combinées,journaliste,n.a.-b.a.-f.o.-',0.4,False
Q467,femme,acteurs sociaux,M:M:.a.-M:M:.a.-f.o.-',0.0,True
Q14605941,spécialiste des épreuves combinées,journaliste,n.a.-b.a.-f.o.-',0.4,False
Q21281706,administrateur académique,relation publique,l.a.-b.a.-f.o.-',0.26,True
Q4164871,fonction,fonctionnaire,t.a.-k.a.-f.o.-',0.67,False
Q838566,forgeron ou forgeronne,manager,l.a.-s.a.-f.o.-',0.13,True
Q2519376,créateur de bijoux,époux,s.a.-m.a.-f.o.-',0.26,True
Q336221,bijoutier,ouvrier,m.a.-l.a.-f.o.-',0.24,True
Q105570105,pharmaceutical scientist,pharmacien,t.a.-f.a.-f.o.-',0.72,False
Q593644,chimiste,archiviste,t.a.-l.a.-f.o.-',0.43,False
Q2055046,physiologiste,écologiste,l.a.-f.a.-f.o.-',0.77,False
Q1294787,artisan,archiviste,t.a.-l.a.-f.o.-',0.12,True
Q350979,zoologiste,écologiste,l.a.-f.a.-f.o.-',0.79,False
Q483501,artiste,archiviste,t.a.-l.a.-f.o.-',0.36,True
Q12774499,naturaliste préparateur,journaliste,n.a.-b.a.-f.o.-',0.45,False
Q115246813,plucked instrument player,mentor,s.a.-d.a.-f.o.-',0.26,True
Q33999,acteur ou actrice,acteur,s.a.-b.a.-f.o.-',0.91,False
Q3391743,artiste visuel ou artiste visuelle,archiviste,t.a.-l.a.-f.o.-',0.36,True
Q482980,auteur ou autrice,auteur,b.a.-b.a.-f.o.-',0.92,False
Q13418253,philologue,psychologue,s.a.-f.a.-f.o.-',0.46,False
Q864503,biologiste,écologiste,l.a.-f.a.-f.o.-',0.79,False
Q108392111,university head,acteurs sociaux,M:M:.a.-M:M:.a.-f.o.-',0.0,True
Q1162163,directeur ou directrice,lecteur,b.a.-s.a.-f.o.-',0.47,False
Q4164871,fonction,fonctionnaire,t.a.-k.a.-f.o.-',0.67,False
Q6430706,critique,relation publique,l.a.-b.a.-f.o.-',0.33,True
Q608,comportement sexuel humain,comptable,b.a.-t.a.-f.o.-',0.27,True
Q3796928,government employee,mentor,s.a.-d.a.-f.o.-',0.28,True
Q572700,bureaucrate,diplomate,k.a.-s.a.-f.o.-',0.24,True
Q599151,haut fonctionnaire ou haute fonctionnaire,fonctionnaire,t.a.-k.a.-f.o.-',0.97,False
Q3455803,réalisateur ou réalisatrice,journaliste,n.a.-b.a.-f.o.-',0.26,True
Q177220,chanteur ou chanteuse,inventeur,d.a.-d.a.-f.o.-',0.43,False
Q901,scientifique,relation publique,l.a.-b.a.-f.o.-',0.3,True
Q12335817,travailleur forestier,travailleur social,f.a.-n.a.-f.o.-',0.74,False
Q2066131,athlète,hôte,f.a.-k.a.-f.o.-',0.23,True
Q48282,étudiant ou étudiante,étudiant,d.a.-s.a.-f.o.-',0.97,False
Q17488316,préhistorien,précurseur,s.a.-n.a.-f.o.-',0.22,True
Q4773904,anthropologue,psychologue,s.a.-f.a.-f.o.-',0.56,False
Q40348,avocat ou avocate,avocat,n.a.-t.a.-f.o.-',0.95,False
Q2405480,acteur ou actrice de doublage,acteur,s.a.-b.a.-f.o.-',0.8,False
Q17135920,expert interdisciplinaire d'une région géographique,cartographe,l.a.-t.a.-f.o.-',0.31,True
Q13418253,philologue,psychologue,s.a.-f.a.-f.o.-',0.46,False
Q2915819,Pink-collar worker,écologiste,l.a.-f.a.-f.o.-',0.17,True
Q599151,haut fonctionnaire ou haute fonctionnaire,fonctionnaire,t.a.-k.a.-f.o.-',0.97,False
Q5428874,personnel académique,relation publique,l.a.-b.a.-f.o.-',0.31,True
Q2920921,management,manager,l.a.-s.a.-f.o.-',0.71,False
Q18714098,peintre de vases grec,agent de,d.a.-l.a.-f.o.-',0.29,True
Q6430706,critique,relation publique,l.a.-b.a.-f.o.-',0.33,True
Q2462658,manager,manager,l.a.-s.a.-f.o.-',1.0,False
Q1414443,cinéaste,activiste,b.a.-k.a.-f.o.-',0.2,True
Q3409374,prêtre romain,ancêtre,t.a.-m.a.-f.o.-',0.46,False
Q4991371,soldat,avocat,n.a.-t.a.-f.o.-',0.16,True
Q1414937,combattant,consultant,f.a.-s.a.-f.o.-',0.39,True
Q1397808,résistant ou résistante,consultant,f.a.-s.a.-f.o.-',0.31,True
Q486839,parlementaire,notaire,m.a.-t.a.-f.o.-',0.44,False
Q4175034,législateur ou législatrice,législateur,t.a.-n.a.-f.o.-',0.96,False
Q108289406,spécialistes des sciences sociales et du clergé,travailleur social,f.a.-n.a.-f.o.-',0.37,True
Q7063944,cheminot,notaire,m.a.-t.a.-f.o.-',0.26,True
Q486839,parlementaire,notaire,m.a.-t.a.-f.o.-',0.44,False
Q1055894,député,défendeur,l.a.-n.a.-f.o.-',0.22,True
Q16060143,élu ou élue,cultivateur / éleveur,f.a.-f.a.-f.o.-',0.13,True
Q17136179,scientifique interdisciplinaire,partenaire,m.a.-d.a.-f.o.-',0.29,True
Q102083,chevalier,familier,m.a.-m.a.-f.o.-',0.43,False
Q5322166,designer,agent de,d.a.-l.a.-f.o.-',0.18,True
Q42973,architecte,archiviste,t.a.-l.a.-f.o.-',0.53,False
Q2994387,conseiller ou conseillère,consultant,f.a.-s.a.-f.o.-',0.35,True
Q758225,avocat,avocat,n.a.-t.a.-f.o.-',1.0,False
Q380075,défenseur,défendeur,l.a.-n.a.-f.o.-',0.55,False
Q182436,bibliothécaire,notaire,m.a.-t.a.-f.o.-',0.43,False
Q201788,historien ou historienne,ouvrier,m.a.-l.a.-f.o.-',0.18,True
Q185351,juriste,secouriste,f.a.-l.a.-f.o.-',0.55,False
Q57735705,personnalité liée au droit,journaliste,n.a.-b.a.-f.o.-',0.19,True
Q2529779,vocal percussion,avocat,n.a.-t.a.-f.o.-',0.28,True
Q185298,a cappella,cartographe,l.a.-t.a.-f.o.-',0.18,True
Q482980,auteur ou autrice,auteur,b.a.-b.a.-f.o.-',0.92,False
Q1363750,chaire universitaire,notaire,m.a.-t.a.-f.o.-',0.54,False
Q105200214,clerc catholique,relation publique,l.a.-b.a.-f.o.-',0.38,True
Q2566598,religieux catholique,relation publique,l.a.-b.a.-f.o.-',0.46,False
Q708492,conseiller municipal,consultant,f.a.-s.a.-f.o.-',0.28,True
Q639669,musicien ou musicienne,musicien,f.a.-b.a.-f.o.-',0.98,False
Q40348,avocat ou avocate,avocat,n.a.-t.a.-f.o.-',0.95,False
Q5663900,alcade,allié,l.a.-m.a.-f.o.-',0.21,True
Q33231,photographe,cartographe,l.a.-t.a.-f.o.-',0.75,False
Q11063,astronome,assureur,f.a.-t.a.-f.o.-',0.24,True
Q705908,agent commercial,agent de,d.a.-l.a.-f.o.-',0.64,False
Q3704253,trader,traducteur,t.a.-s.a.-f.o.-',0.5,False
Q215536,commerçant,comptable,b.a.-t.a.-f.o.-',0.25,True
Q2994387,conseiller ou conseillère,consultant,f.a.-s.a.-f.o.-',0.35,True
Q99536263,retailer,notaire,m.a.-t.a.-f.o.-',0.11,True
Q43845,personnalité du monde des affaires,fonctionnaire,t.a.-k.a.-f.o.-',0.24,True
Q3892689,joueur de balle,joueur,m.a.-b.a.-f.o.-',0.8,False
Q15995642,chef religieux,relation publique,l.a.-b.a.-f.o.-',0.24,True
Q25713832,dirigeant ou dirigeante,enfant,d.a.-m.a.-f.o.-',0.15,True
Q4479442,fondateur,fondateur,t.a.-t.a.-f.o.-',1.0,False
Q193181,observation,relation publique,l.a.-b.a.-f.o.-',0.44,False
Q18390984,monitoring and evaluation,relation publique,l.a.-b.a.-f.o.-',0.39,True
Q118563234,travail de recherche,travailleur social,f.a.-n.a.-f.o.-',0.49,False
Q202648,arbitre sportif ou arbitre sportive,transporteur,b.a.-l.a.-f.o.-',0.35,True
Q81096,ingénieur ou ingénieure,inventeur,d.a.-d.a.-f.o.-',0.19,True
Q977459,flag officer,officier,l.a.-k.a.-f.o.-',0.74,False
Q37226,enseignant ou enseignante,enseignant,d.a.-f.a.-f.o.-',0.98,False
Q1294787,artisan,archiviste,t.a.-l.a.-f.o.-',0.12,True
Q820037,mineur,entrepreneur,l.a.-d.a.-f.o.-',0.35,True
Q483501,artiste,archiviste,t.a.-l.a.-f.o.-',0.36,True
Q16868721,carcinologiste,écologiste,l.a.-f.a.-f.o.-',0.68,False
Q23636253,secrétaire d'État,secrétaire,k.a.-t.a.-f.o.-',0.95,False
Q108614246,zoologiste des invertébrés,écologiste,l.a.-f.a.-f.o.-',0.67,False
Q36180,écrivain ou écrivaine,écologiste,l.a.-f.a.-f.o.-',0.11,True
Q1278335,instrumentiste,activiste,b.a.-k.a.-f.o.-',0.25,True
Q3153559,interprète,inventeur,d.a.-d.a.-f.o.-',0.26,True
Q215627,personne,fonctionnaire,t.a.-k.a.-f.o.-',0.18,True
Q12800682,saxophoniste,activiste,b.a.-k.a.-f.o.-',0.37,True
Q112249284,ancient potters,client,n.a.-d.a.-f.o.-',0.38,True
Q37226,enseignant ou enseignante,enseignant,d.a.-f.a.-f.o.-',0.98,False
Q2920595,sexologue,psychologue,s.a.-f.a.-f.o.-',0.6,False
Q15253558,militant ou militante,consultant,f.a.-s.a.-f.o.-',0.24,True
Q1414937,combattant,consultant,f.a.-s.a.-f.o.-',0.39,True
Q47740,musulman ou musulmane,musicien,f.a.-b.a.-f.o.-',0.32,True
Q12414919,terroriste,secouriste,f.a.-l.a.-f.o.-',0.45,False
Q104080200,extrémiste,activiste,b.a.-k.a.-f.o.-',0.42,False
Q42759,moudjahid,acteurs sociaux,M:M:.a.-M:M:.a.-f.o.-',0.0,True
Q121114732,Islamic extremist,législateur,t.a.-n.a.-f.o.-',0.27,True
Q121113890,Islamic terrorist,législateur,t.a.-n.a.-f.o.-',0.21,True
Q16533,juge,juré,k.a.-n.a.-f.o.-',0.33,True
Q12339722,ministre des Transports,transporteur,b.a.-l.a.-f.o.-',0.78,False
Q488205,auteur-compositeur-interprète ou autrice-compositrice-interprète,auteur,b.a.-b.a.-f.o.-',0.64,False
Q49757,poète ou poétesse,policier,n.a.-l.a.-f.o.-',0.16,True
Q1365155,cavalier,familier,m.a.-m.a.-f.o.-',0.36,True
Q2730732,cavalier,familier,m.a.-m.a.-f.o.-',0.36,True
Q1005490,auto-entrepreneur,entrepreneur,l.a.-d.a.-f.o.-',0.9,False
Q99536263,retailer,notaire,m.a.-t.a.-f.o.-',0.11,True
Q7501153,commerçant,comptable,b.a.-t.a.-f.o.-',0.25,True
Q8441,homme,acteurs sociaux,M:M:.a.-M:M:.a.-f.o.-',0.0,True
Q16883812,Stay-at-home parent,partenaire,m.a.-d.a.-f.o.-',0.25,True
Q188094,économiste,écologiste,l.a.-f.a.-f.o.-',0.48,False
Q4964182,philosophe,philosophe,s.a.-s.a.-f.o.-',1.0,False
Q25616474,musicien d'un instrument de la famille des bois,musicien,f.a.-b.a.-f.o.-',0.63,False
Q2732142,statisticien ou statisticienne,politicien,s.a.-k.a.-f.o.-',0.44,False
Q11569986,graveur ou graveuse d'estampes,cultivateur / éleveur,f.a.-f.a.-f.o.-',0.2,True
Q3391743,artiste visuel ou artiste visuelle,archiviste,t.a.-l.a.-f.o.-',0.36,True
Q1549283,propriétaire terrien,secrétaire,k.a.-t.a.-f.o.-',0.4,False
Q98084799,photographe professionnel,cartographe,l.a.-t.a.-f.o.-',0.65,False
Q43845,personnalité du monde des affaires,fonctionnaire,t.a.-k.a.-f.o.-',0.24,True
Q3704253,trader,traducteur,t.a.-s.a.-f.o.-',0.5,False
Q1415187,agent économique,agent de,d.a.-l.a.-f.o.-',0.64,False
Q138858,personne du monde du divertissement,investisseur,t.a.-d.a.-f.o.-',0.29,True
Q12406482,auteur comique,auteur,b.a.-b.a.-f.o.-',0.74,False
Q2429735,jongleur,travailleur social,f.a.-n.a.-f.o.-',0.27,True
Q483501,artiste,archiviste,t.a.-l.a.-f.o.-',0.36,True
Q22916729,technicien d'animations,technicien,f.a.-d.a.-f.o.-',0.86,False
Q26481809,dirigeant sportif,transporteur,b.a.-l.a.-f.o.-',0.36,True
Q26270618,avironneur,entrepreneur,l.a.-d.a.-f.o.-',0.28,True
Q158852,chef ou cheffe d'orchestre,ancêtre,t.a.-m.a.-f.o.-',0.24,True
Q133485,rabbin,voisin,m.a.-k.a.-f.o.-',0.22,True
Q47532307,Rabbinic literature scholar,psychologue,s.a.-f.a.-f.o.-',0.21,True
Q3409374,prêtre romain,ancêtre,t.a.-m.a.-f.o.-',0.46,False
Q131512,agriculteur ou agricultrice,cultivateur / éleveur,f.a.-f.a.-f.o.-',0.27,True
Q3303330,calligraphe,cartographe,l.a.-t.a.-f.o.-',0.59,False
Q57735705,personnalité liée au droit,journaliste,n.a.-b.a.-f.o.-',0.19,True
Q1938980,contrevenant ou contrevenante,consultant,f.a.-s.a.-f.o.-',0.22,True
Q1028181,peintre,ancêtre,t.a.-m.a.-f.o.-',0.27,True
Q43184282,paysagiste,écologiste,l.a.-f.a.-f.o.-',0.48,False
Q1207505,qualité,politicien,s.a.-k.a.-f.o.-',0.15,True
Q19398863,vocational driver,avocat,n.a.-t.a.-f.o.-',0.4,False
Q40821,chirurgie,archiviste,t.a.-l.a.-f.o.-',0.21,True
Q113129019,sciences cliniques,client,n.a.-d.a.-f.o.-',0.36,True
Q3140857,horticulteur,cultivateur / éleveur,f.a.-f.a.-f.o.-',0.26,True
Q36834,compositeur ou compositrice,comptable,b.a.-t.a.-f.o.-',0.45,False
Q81729632,musicien ou musicienne de musique classique,musicien,f.a.-b.a.-f.o.-',0.84,False
Q21680663,compositeur ou compositrice de musique classique,comptable,b.a.-t.a.-f.o.-',0.3,True
Q21680663,compositeur ou compositrice de musique classique,comptable,b.a.-t.a.-f.o.-',0.3,True
Q59459402,pasteur,acteur,s.a.-b.a.-f.o.-',0.3,True
Q838566,forgeron ou forgeronne,manager,l.a.-s.a.-f.o.-',0.13,True
Q33231,photographe,cartographe,l.a.-t.a.-f.o.-',0.75,False
Q455595,amateur,réformateur,n.a.-k.a.-f.o.-',0.4,False
Q5,être humain,ancêtre,t.a.-m.a.-f.o.-',0.52,False
Q16402907,sémioticien ou sémioticienne,politicien,s.a.-k.a.-f.o.-',0.57,False
Q329455,juge de paix,agent de,d.a.-l.a.-f.o.-',0.35,True
Q16533,juge,juré,k.a.-n.a.-f.o.-',0.33,True
Q4859473,médiateur,médiateur,m.a.-s.a.-f.o.-',1.0,False
Q486839,parlementaire,notaire,m.a.-t.a.-f.o.-',0.44,False
Q1479406,conservation,relation publique,l.a.-b.a.-f.o.-',0.33,True
Q1914636,activité,activiste,b.a.-k.a.-f.o.-',0.74,False
Q2144962,réparation,relation publique,l.a.-b.a.-f.o.-',0.41,False
Q627436,domaine d'activité,activiste,b.a.-k.a.-f.o.-',0.62,False
Q104637332,processus planifié,procureur,b.a.-n.a.-f.o.-',0.45,False
Q1862087,prisonnier ou prisonnière,père,n.a.-m.a.-f.o.-',0.2,True
Q16334295,groupe d'humains,inspecteur,d.a.-k.a.-f.o.-',0.23,True
Q212238,fonctionnaire,fonctionnaire,t.a.-k.a.-f.o.-',1.0,False
Q30185,maire,notaire,m.a.-t.a.-f.o.-',0.43,False
Q8011724,diseur de bonne aventure,agent de,d.a.-l.a.-f.o.-',0.26,True
Q1072363,directeur ou directrice,lecteur,b.a.-s.a.-f.o.-',0.47,False
Q11079476,artiste numérique,archiviste,t.a.-l.a.-f.o.-',0.26,True
Q1251687,chef de mission diplomatique,diplomate,k.a.-s.a.-f.o.-',0.66,False
Q104590991,personnalité liée au vin,journaliste,n.a.-b.a.-f.o.-',0.19,True
Q170790,mathématicien ou mathématicienne,informaticien,s.a.-t.a.-f.o.-',0.62,False
Q2159907,criminel ou criminelle,ouvrier,m.a.-l.a.-f.o.-',0.13,True
Q1673189,armée irrégulière,père,n.a.-m.a.-f.o.-',0.39,True
Q81096,ingénieur ou ingénieure,inventeur,d.a.-d.a.-f.o.-',0.19,True
Q81096,ingénieur ou ingénieure,inventeur,d.a.-d.a.-f.o.-',0.19,True
Q108289369,"manufacturing, mining, construction and distribution managers",manager,l.a.-s.a.-f.o.-',0.55,False
Q1075791,échanson,écologiste,l.a.-f.a.-f.o.-',0.12,True
Q848466,coursier,secouriste,f.a.-l.a.-f.o.-',0.23,True
Q703534,salarié,allié,l.a.-m.a.-f.o.-',0.29,True
Q7234072,postier,policier,n.a.-l.a.-f.o.-',0.31,True
Q1028181,peintre,ancêtre,t.a.-m.a.-f.o.-',0.27,True
Q21178131,portraitiste,activiste,b.a.-k.a.-f.o.-',0.25,True
Q29645880,ambassadeur d'un pays,vendeur,k.a.-d.a.-f.o.-',0.34,True
Q29645886,ambassadeur dans un pays,vendeur,k.a.-d.a.-f.o.-',0.29,True
Q202648,arbitre sportif ou arbitre sportive,transporteur,b.a.-l.a.-f.o.-',0.35,True
Q308194,fille,travailleur social,f.a.-n.a.-f.o.-',0.24,True
Q1278335,instrumentiste,activiste,b.a.-k.a.-f.o.-',0.25,True
Q549322,torero,mentor,s.a.-d.a.-f.o.-',0.26,True
Q17573152,croyant ou croyante,enfant,d.a.-m.a.-f.o.-',0.24,True
Q42857,prophète ou prophétesse,procureur,b.a.-n.a.-f.o.-',0.27,True
Q1734562,Donneur,entrepreneur,l.a.-d.a.-f.o.-',0.31,True
Q11569986,graveur ou graveuse d'estampes,cultivateur / éleveur,f.a.-f.a.-f.o.-',0.2,True
Q4504549,religieux,relation publique,l.a.-b.a.-f.o.-',0.24,True
Q333634,traducteur ou traductrice,traducteur,t.a.-s.a.-f.o.-',0.96,False
Q4830453,firme,infirmier / soignant,b.a.-f.a.-f.o.-',0.27,True
Q6881511,entreprise,entrepreneur,l.a.-d.a.-f.o.-',0.67,False
Q662729,personnalité,journaliste,n.a.-b.a.-f.o.-',0.22,True
Q15253558,militant ou militante,consultant,f.a.-s.a.-f.o.-',0.24,True
Q1402561,chef militaire,publicitaire,b.a.-d.a.-f.o.-',0.47,False
Q1250916,guerrier,guerrier,l.a.-l.a.-f.o.-',1.0,False
Q42603,prêtre,ancêtre,t.a.-m.a.-f.o.-',0.52,False
Q42857,prophète ou prophétesse,procureur,b.a.-n.a.-f.o.-',0.27,True
Q2865798,verrier,guerrier,l.a.-l.a.-f.o.-',0.7,False
Q212238,fonctionnaire,fonctionnaire,t.a.-k.a.-f.o.-',1.0,False
Q601401,commerce,comptable,b.a.-t.a.-f.o.-',0.3,True
Q627436,domaine d'activité,activiste,b.a.-k.a.-f.o.-',0.62,False
Q214917,dramaturge,amant/e,b.a.-m.a.-f.o.-',0.18,True
Q361593,fonctionnaire de police,fonctionnaire,t.a.-k.a.-f.o.-',0.87,False
Q1278335,instrumentiste,activiste,b.a.-k.a.-f.o.-',0.25,True
Q17573152,croyant ou croyante,enfant,d.a.-m.a.-f.o.-',0.24,True
Q901,scientifique,relation publique,l.a.-b.a.-f.o.-',0.3,True
Q1430956,charlatan,pharmacien,t.a.-f.a.-f.o.-',0.12,True
Q12737077,activité,activiste,b.a.-k.a.-f.o.-',0.74,False
Q95993050,Premier Ordre,infirmier / soignant,b.a.-f.a.-f.o.-',0.27,True
Q115641683,custodian,étudiant,d.a.-s.a.-f.o.-',0.33,True
Q41583,entraîneur sportif,entrepreneur,l.a.-d.a.-f.o.-',0.4,False
Q215536,commerçant,comptable,b.a.-t.a.-f.o.-',0.25,True
Q1162163,directeur ou directrice,lecteur,b.a.-s.a.-f.o.-',0.47,False
Q22813352,voyageur ou voyageuse,pourvoyeur,k.a.-f.a.-f.o.-',0.15,True
Q53121,cyclisme,client,n.a.-d.a.-f.o.-',0.19,True
Q349,sport,transporteur,b.a.-l.a.-f.o.-',0.44,False
Q212434,sport olympique,transporteur,b.a.-l.a.-f.o.-',0.32,True
Q838566,forgeron ou forgeronne,manager,l.a.-s.a.-f.o.-',0.13,True
Q1294787,artisan,archiviste,t.a.-l.a.-f.o.-',0.12,True
Q5322166,designer,agent de,d.a.-l.a.-f.o.-',0.18,True
Q11165895,Geheimer Rat,mere,f.a.-m.a.-f.o.-',0.22,True
Q26701778,health administrator,mentor,s.a.-d.a.-f.o.-',0.34,True
Q1208175,cadreur,assureur,f.a.-t.a.-f.o.-',0.36,True
Q483501,artiste,archiviste,t.a.-l.a.-f.o.-',0.36,True
Q1414443,cinéaste,activiste,b.a.-k.a.-f.o.-',0.2,True
Q66035178,travailleur du textile,travailleur social,f.a.-n.a.-f.o.-',0.79,False
Q6147194,teinturier,ouvrier,m.a.-l.a.-f.o.-',0.41,False
Q11338576,boxeur,acteur,s.a.-b.a.-f.o.-',0.28,True
Q2146099,impersonation,relation publique,l.a.-b.a.-f.o.-',0.46,False
Q81096,ingénieur ou ingénieure,inventeur,d.a.-d.a.-f.o.-',0.19,True
Q1607826,éditeur ou éditrice,éditeur,t.a.-b.a.-f.o.-',0.93,False
Q2516866,éditeur ou éditrice,éditeur,t.a.-b.a.-f.o.-',0.93,False
Q202648,arbitre sportif ou arbitre sportive,transporteur,b.a.-l.a.-f.o.-',0.35,True
Q73145133,personnalité du jeu d'échecs,journaliste,n.a.-b.a.-f.o.-',0.22,True
Q618694,pilote de chasse,agent de,d.a.-l.a.-f.o.-',0.31,True
Q211346,psychiatre,psychologue,s.a.-f.a.-f.o.-',0.46,False
Q17143199,médecin légiste,médecin,n.a.-f.a.-f.o.-',0.74,False
Q99543230,early childhood teacher,technicien,f.a.-d.a.-f.o.-',0.11,True
Q54285279,male singing voice,voisin,m.a.-k.a.-f.o.-',0.43,False
Q215627,personne,fonctionnaire,t.a.-k.a.-f.o.-',0.18,True
Q12737077,activité,activiste,b.a.-k.a.-f.o.-',0.74,False
Q202648,arbitre sportif ou arbitre sportive,transporteur,b.a.-l.a.-f.o.-',0.35,True
Q38088701,officiel d'un match de football,officier,l.a.-k.a.-f.o.-',0.71,False
Q116763437,person associated with football,acteurs sociaux,M:M:.a.-M:M:.a.-f.o.-',0.25,True
Q15253558,militant ou militante,consultant,f.a.-s.a.-f.o.-',0.24,True
Q2405480,acteur ou actrice de doublage,acteur,s.a.-b.a.-f.o.-',0.8,False
Q3391743,artiste visuel ou artiste visuelle,archiviste,t.a.-l.a.-f.o.-',0.36,True
Q16533,juge,juré,k.a.-n.a.-f.o.-',0.33,True
Q9203135,décideur,défendeur,l.a.-n.a.-f.o.-',0.4,False
Q6881511,entreprise,entrepreneur,l.a.-d.a.-f.o.-',0.67,False
Q213441,magasin,voisin,m.a.-k.a.-f.o.-',0.37,True
Q327029,mécanicien,technicien,f.a.-d.a.-f.o.-',0.56,False
Q548031,boat builder,avocat,n.a.-t.a.-f.o.-',0.21,True
Q154549,charpentier,ouvrier,m.a.-l.a.-f.o.-',0.21,True
Q20540385,non-fiction littéraire,fonctionnaire,t.a.-k.a.-f.o.-',0.4,False
Q13136,ouvrage de référence,ouvrier,m.a.-l.a.-f.o.-',0.41,False
Q1063801,source tertiaire,notaire,m.a.-t.a.-f.o.-',0.37,True
Q98149704,littérature pédagogique,relation publique,l.a.-b.a.-f.o.-',0.3,True
Q37226,enseignant ou enseignante,enseignant,d.a.-f.a.-f.o.-',0.98,False
Q215536,commerçant,comptable,b.a.-t.a.-f.o.-',0.25,True
Q28864853,parrainage,manager,l.a.-s.a.-f.o.-',0.28,True
Q66363468,non-biological parent,écologiste,l.a.-f.a.-f.o.-',0.31,True
Q5,être humain,ancêtre,t.a.-m.a.-f.o.-',0.52,False
Q5,être humain,ancêtre,t.a.-m.a.-f.o.-',0.52,False
Q28640,profession,procureur,b.a.-n.a.-f.o.-',0.24,True
Q7135769,personnel enseignant paraprofessionnel,enseignant,d.a.-f.a.-f.o.-',0.79,False
Q98084799,photographe professionnel,cartographe,l.a.-t.a.-f.o.-',0.65,False
Q37226,enseignant ou enseignante,enseignant,d.a.-f.a.-f.o.-',0.98,False
Q974144,éducateur ou éducatrice,éditeur,t.a.-b.a.-f.o.-',0.24,True
Q2643890,vocaliste,journaliste,n.a.-b.a.-f.o.-',0.5,False
Q100493654,hip hop musician,musicien,f.a.-b.a.-f.o.-',0.76,False
Q578478,shérif,acteurs sociaux,M:M:.a.-M:M:.a.-f.o.-',0.0,True
Q3242115,révolutionnaire,fonctionnaire,t.a.-k.a.-f.o.-',0.67,False
Q82955,personnalité politique,politicien,s.a.-k.a.-f.o.-',0.51,False
Q33999,acteur ou actrice,acteur,s.a.-b.a.-f.o.-',0.91,False
Q79044120,theatre maker,ancêtre,t.a.-m.a.-f.o.-',0.29,True
Q4504549,religieux,relation publique,l.a.-b.a.-f.o.-',0.24,True
Q28789517,gardien de camp de concentration,agent de,d.a.-l.a.-f.o.-',0.31,True
Q138858,personne du monde du divertissement,investisseur,t.a.-d.a.-f.o.-',0.29,True
Q114890292,idol,acteurs sociaux,M:M:.a.-M:M:.a.-f.o.-',0.0,True
Q102083,chevalier,familier,m.a.-m.a.-f.o.-',0.43,False
Q60754876,grade d'un ordre,traducteur,t.a.-s.a.-f.o.-',0.13,True
Q947873,animateur ou animatrice de télévision,réformateur,n.a.-k.a.-f.o.-',0.29,True
Q350783,transport guidé,transporteur,b.a.-l.a.-f.o.-',0.75,False
Q16608251,système ferroviaire,notaire,m.a.-t.a.-f.o.-',0.38,True
Q2678338,réseau ferré,juré,k.a.-n.a.-f.o.-',0.19,True
Q1028181,peintre,ancêtre,t.a.-m.a.-f.o.-',0.27,True
Q838566,forgeron ou forgeronne,manager,l.a.-s.a.-f.o.-',0.13,True
Q2588761,travailleur qualifié ou travailleuse qualifiée,travailleur social,f.a.-n.a.-f.o.-',0.78,False
Q1053745,officier supérieur,officier,l.a.-k.a.-f.o.-',0.96,False
Q163500,capitaine de vaisseau,agent de,d.a.-l.a.-f.o.-',0.24,True
Q849424,capitaine de navire,publicitaire,b.a.-d.a.-f.o.-',0.29,True
Q81096,ingénieur ou ingénieure,inventeur,d.a.-d.a.-f.o.-',0.19,True
Q1416431,intermédiaire financier,médiateur,m.a.-s.a.-f.o.-',0.33,True
Q730038,établissement de crédit,agent de,d.a.-l.a.-f.o.-',0.28,True
Q6881511,entreprise,entrepreneur,l.a.-d.a.-f.o.-',0.67,False
Q5260792,depository institution,relation publique,l.a.-b.a.-f.o.-',0.24,True
Q650241,institution financière,relation publique,l.a.-b.a.-f.o.-',0.23,True
Q2066131,athlète,hôte,f.a.-k.a.-f.o.-',0.23,True
Q331432,pêcheur ou pêcheuse,ouvrier,m.a.-l.a.-f.o.-',0.2,True
Q331432,pêcheur ou pêcheuse,ouvrier,m.a.-l.a.-f.o.-',0.2,True
Q1866686,plongeur,acteur,s.a.-b.a.-f.o.-',0.17,True
Q5784340,consort,consultant,f.a.-s.a.-f.o.-',0.45,False
Q54128,domestique,relation publique,l.a.-b.a.-f.o.-',0.31,True
Q156839,cuisinier ou cuisinière,voisin,m.a.-k.a.-f.o.-',0.34,True
Q33394058,travailleur manuel,travailleur social,f.a.-n.a.-f.o.-',0.74,False
Q2662430,administration de la république des Deux Nations,relation publique,l.a.-b.a.-f.o.-',0.64,False
Q11499147,militant ou militante politique,politicien,s.a.-k.a.-f.o.-',0.38,True
Q2159907,criminel ou criminelle,ouvrier,m.a.-l.a.-f.o.-',0.13,True
Q47064,militaire,publicitaire,b.a.-d.a.-f.o.-',0.47,False
Q593644,chimiste,archiviste,t.a.-l.a.-f.o.-',0.43,False
Q12794619,propriétaire de biens,secrétaire,k.a.-t.a.-f.o.-',0.46,False
Q43845,personnalité du monde des affaires,fonctionnaire,t.a.-k.a.-f.o.-',0.24,True
Q3391743,artiste visuel ou artiste visuelle,archiviste,t.a.-l.a.-f.o.-',0.36,True
Q917912,modélisme,journaliste,n.a.-b.a.-f.o.-',0.19,True
Q215627,personne,fonctionnaire,t.a.-k.a.-f.o.-',0.18,True
Q8011724,diseur de bonne aventure,agent de,d.a.-l.a.-f.o.-',0.26,True
Q329737,boucher ou bouchère,père,n.a.-m.a.-f.o.-',0.41,False
Q91143339,transportation worker,transporteur,b.a.-l.a.-f.o.-',0.7,False
Q8148,industrie,ouvrier,m.a.-l.a.-f.o.-',0.18,True
Q7063944,cheminot,notaire,m.a.-t.a.-f.o.-',0.26,True
Q82955,personnalité politique,politicien,s.a.-k.a.-f.o.-',0.51,False
Q11467,métallurgie,allié,l.a.-m.a.-f.o.-',0.17,True
Q21201,sociologie,écologiste,l.a.-f.a.-f.o.-',0.35,True
Q117742678,family science,familier,m.a.-m.a.-f.o.-',0.63,False
Q811122,travailleur de la construction,travailleur social,f.a.-n.a.-f.o.-',0.63,False
Q16029547,biathlète,médiateur,m.a.-s.a.-f.o.-',0.2,True
Q5352191,technicien ou technicienne,technicien,f.a.-d.a.-f.o.-',0.99,False
Q17291399,membre d'équipe de cinéma,agent de,d.a.-l.a.-f.o.-',0.29,True
Q6503343,agent de la force publique,agent de,d.a.-l.a.-f.o.-',0.63,False
Q201788,historien ou historienne,ouvrier,m.a.-l.a.-f.o.-',0.18,True
Q3332711,médiéviste,activiste,b.a.-k.a.-f.o.-',0.4,False
Q28989,grave,cartographe,l.a.-t.a.-f.o.-',0.13,True
Q3519259,comte,comptable,b.a.-t.a.-f.o.-',0.32,True
Q15978655,consultant ou consultante,consultant,f.a.-s.a.-f.o.-',0.98,False
Q11974939,professionnel ou professionnelle de la santé,procureur,b.a.-n.a.-f.o.-',0.21,True
Q5352191,technicien ou technicienne,technicien,f.a.-d.a.-f.o.-',0.99,False
Q12097,roi,acteurs sociaux,M:M:.a.-M:M:.a.-f.o.-',0.0,True
Q1250916,guerrier,guerrier,l.a.-l.a.-f.o.-',1.0,False
Q1097498,dirigeant,enfant,d.a.-m.a.-f.o.-',0.22,True
Q3930902,roi des Goths,agent de,d.a.-l.a.-f.o.-',0.27,True
Q1259323,chef de tribu,agent de,d.a.-l.a.-f.o.-',0.41,False
Q1402561,chef militaire,publicitaire,b.a.-d.a.-f.o.-',0.47,False
Q108286044,"Tailors, Dressmakers, Furriers and Hatters",guerrier,l.a.-l.a.-f.o.-',0.33,True
Q66035178,travailleur du textile,travailleur social,f.a.-n.a.-f.o.-',0.79,False
Q5659979,délinquant sexuel,guide spirituel,n.a.-n.a.-f.o.-',0.19,True
Q1423891,ministre du culte,adulte,n.a.-s.a.-f.o.-',0.38,True
Q66889825,surintendant,aidant,m.a.-f.a.-f.o.-',0.38,True
Q2957754,chargé de communication,relation publique,l.a.-b.a.-f.o.-',0.32,True
Q947873,animateur ou animatrice de télévision,réformateur,n.a.-k.a.-f.o.-',0.29,True
Q24705156,journaliste de l'audiovisuel,journaliste,n.a.-b.a.-f.o.-',0.88,False
Q124192,ingénierie automobile,auteur,b.a.-b.a.-f.o.-',0.39,True
Q12097,roi,acteurs sociaux,M:M:.a.-M:M:.a.-f.o.-',0.0,True
Q98084799,photographe professionnel,cartographe,l.a.-t.a.-f.o.-',0.65,False
Q37226,enseignant ou enseignante,enseignant,d.a.-f.a.-f.o.-',0.98,False
Q437512,tisserand,investisseur,t.a.-d.a.-f.o.-',0.42,False
Q1607826,éditeur ou éditrice,éditeur,t.a.-b.a.-f.o.-',0.93,False
Q1148872,imitateur,spectateur,k.a.-b.a.-f.o.-',0.51,False
Q63187345,occupation religieuse,relation publique,l.a.-b.a.-f.o.-',0.54,False
Q1146843,anachorète,manager,l.a.-s.a.-f.o.-',0.13,True
Q5,être humain,ancêtre,t.a.-m.a.-f.o.-',0.52,False
Q26899865,lecteur,lecteur,b.a.-s.a.-f.o.-',1.0,False
Q17378128,spoken word artist,archiviste,t.a.-l.a.-f.o.-',0.14,True
Q16314501,encyclopédiste,activiste,b.a.-k.a.-f.o.-',0.35,True
Q41546637,wikimédien ou wikimédienne,médiateur,m.a.-s.a.-f.o.-',0.33,True
Q131512,agriculteur ou agricultrice,cultivateur / éleveur,f.a.-f.a.-f.o.-',0.27,True
Q131512,agriculteur ou agricultrice,cultivateur / éleveur,f.a.-f.a.-f.o.-',0.27,True
Q5060555,ouvrier agricole,ouvrier,m.a.-l.a.-f.o.-',0.88,False
Q1097498,dirigeant,enfant,d.a.-m.a.-f.o.-',0.22,True
Q18536821,OF-3,officier,l.a.-k.a.-f.o.-',0.24,True
Q837582,lieutenant commander,enseignant,d.a.-f.a.-f.o.-',0.22,True
Q279704,capitaine de corvette,agent de,d.a.-l.a.-f.o.-',0.27,True
Q10669499,officier de marine,officier,l.a.-k.a.-f.o.-',0.91,False
Q849424,capitaine de navire,publicitaire,b.a.-d.a.-f.o.-',0.29,True
Q107283577,officier supérieur (Espagne),officier,l.a.-k.a.-f.o.-',0.96,False
Q3579035,chroniqueur de voyage,joueur,m.a.-b.a.-f.o.-',0.3,True
Q3756713,oberst,acteurs sociaux,M:M:.a.-M:M:.a.-f.o.-',0.0,True
Q13582652,ingénieur civil,inventeur,d.a.-d.a.-f.o.-',0.16,True
Q811122,travailleur de la construction,travailleur social,f.a.-n.a.-f.o.-',0.63,False
Q15319501,chercheur ou chercheuse en sciences sociales,travailleur social,f.a.-n.a.-f.o.-',0.4,False
Q3892689,joueur de balle,joueur,m.a.-b.a.-f.o.-',0.8,False
Q733786,moine ou moniale,témoin,d.a.-n.a.-f.o.-',0.32,True
Q14467526,linguiste,activiste,b.a.-k.a.-f.o.-',0.37,True
Q45199,marin,manager,l.a.-s.a.-f.o.-',0.18,True
Q66035178,travailleur du textile,travailleur social,f.a.-n.a.-f.o.-',0.79,False
Q11900058,explorateur ou exploratrice,médiateur,m.a.-s.a.-f.o.-',0.25,True
Q255274,col blanc,ancêtre,t.a.-m.a.-f.o.-',0.14,True
Q133485,rabbin,voisin,m.a.-k.a.-f.o.-',0.22,True
Q4164871,fonction,fonctionnaire,t.a.-k.a.-f.o.-',0.67,False
Q2066131,athlète,hôte,f.a.-k.a.-f.o.-',0.23,True
Q2125610,cycliste,journaliste,n.a.-b.a.-f.o.-',0.46,False
Q189829,ermite,éditeur,t.a.-b.a.-f.o.-',0.17,True
Q17276189,atmospheric scientist,client,n.a.-d.a.-f.o.-',0.25,True
Q108289376,physical and earth science professionals,musicien,f.a.-b.a.-f.o.-',0.2,True
Q1294787,artisan,archiviste,t.a.-l.a.-f.o.-',0.12,True
Q49757,poète ou poétesse,policier,n.a.-l.a.-f.o.-',0.16,True
Q37226,enseignant ou enseignante,enseignant,d.a.-f.a.-f.o.-',0.98,False
Q121594,professeur,investisseur,t.a.-d.a.-f.o.-',0.39,True
Q4991371,soldat,avocat,n.a.-t.a.-f.o.-',0.16,True
Q2066131,athlète,hôte,f.a.-k.a.-f.o.-',0.23,True
Q54128,domestique,relation publique,l.a.-b.a.-f.o.-',0.31,True
Q4991371,soldat,avocat,n.a.-t.a.-f.o.-',0.16,True
Q1324245,sapeur,acteur,s.a.-b.a.-f.o.-',0.28,True
Q11900058,explorateur ou exploratrice,médiateur,m.a.-s.a.-f.o.-',0.25,True
Q1643514,arrangeur ou arrangeuse musical,musicien,f.a.-b.a.-f.o.-',0.49,False
Q16012028,juriste,secouriste,f.a.-l.a.-f.o.-',0.55,False
Q687810,chancelier de la Confédération,relation publique,l.a.-b.a.-f.o.-',0.3,True
Q599151,haut fonctionnaire ou haute fonctionnaire,fonctionnaire,t.a.-k.a.-f.o.-',0.97,False
Q294414,fonction publique,relation publique,l.a.-b.a.-f.o.-',0.63,False
Q10855616,medical officer,officier,l.a.-k.a.-f.o.-',0.67,False
Q39631,médecin,médecin,n.a.-f.a.-f.o.-',1.0,False
Q402152,ancêtre,ancêtre,t.a.-m.a.-f.o.-',1.0,False
Q639669,musicien ou musicienne,musicien,f.a.-b.a.-f.o.-',0.98,False
Q177220,chanteur ou chanteuse,inventeur,d.a.-d.a.-f.o.-',0.43,False
Q327029,mécanicien,technicien,f.a.-d.a.-f.o.-',0.56,False
Q2066131,athlète,hôte,f.a.-k.a.-f.o.-',0.23,True
Q482980,auteur ou autrice,auteur,b.a.-b.a.-f.o.-',0.92,False
Q6673651,homme de lettres,agent de,d.a.-l.a.-f.o.-',0.36,True
Q10694573,artiste textile,archiviste,t.a.-l.a.-f.o.-',0.32,True
Q3455803,réalisateur ou réalisatrice,journaliste,n.a.-b.a.-f.o.-',0.26,True
Q328325,tailleur de pierre,travailleur social,f.a.-n.a.-f.o.-',0.47,False
Q1294787,artisan,archiviste,t.a.-l.a.-f.o.-',0.12,True
Q18536342,joueur professionnel ou joueuse professionnelle,joueur,m.a.-b.a.-f.o.-',0.75,False
Q2066131,athlète,hôte,f.a.-k.a.-f.o.-',0.23,True
Q688576,conseiller ou conseillère fiscale,consultant,f.a.-s.a.-f.o.-',0.34,True
Q16145150,professeur ou professeure de musique,investisseur,t.a.-d.a.-f.o.-',0.3,True
Q7939609,professeur de chant,investisseur,t.a.-d.a.-f.o.-',0.32,True
Q1294787,artisan,archiviste,t.a.-l.a.-f.o.-',0.12,True
Q22811707,décorateur,médiateur,m.a.-s.a.-f.o.-',0.32,True
Q811122,travailleur de la construction,travailleur social,f.a.-n.a.-f.o.-',0.63,False
Q108289663,building finishers and related trades workers,relation publique,l.a.-b.a.-f.o.-',0.31,True
Q1709010,ingénieur logiciel,écologiste,l.a.-f.a.-f.o.-',0.23,True
Q112598603,data professional,procureur,b.a.-n.a.-f.o.-',0.22,True
Q43115,saint ou sainte,ouvrier,m.a.-l.a.-f.o.-',0.15,True
Q16827718,confesseur,investisseur,t.a.-d.a.-f.o.-',0.38,True
Q2374149,botaniste,activiste,b.a.-k.a.-f.o.-',0.33,True
Q17221,porte-parole,transporteur,b.a.-l.a.-f.o.-',0.35,True
Q4178004,attaché de presse,agent de,d.a.-l.a.-f.o.-',0.33,True
Q28745974,rang civil de l'Empire russe,agent de,d.a.-l.a.-f.o.-',0.25,True
Q28745974,rang civil de l'Empire russe,agent de,d.a.-l.a.-f.o.-',0.25,True
Q17781690,région anatomique,relation publique,l.a.-b.a.-f.o.-',0.38,True
Q112826975,entité anatomique particulière,partenaire,m.a.-d.a.-f.o.-',0.29,True
Q212238,fonctionnaire,fonctionnaire,t.a.-k.a.-f.o.-',1.0,False
Q28745974,rang civil de l'Empire russe,agent de,d.a.-l.a.-f.o.-',0.25,True
Q16744001,noble,comptable,b.a.-t.a.-f.o.-',0.3,True
Q1409420,feudataire,notaire,m.a.-t.a.-f.o.-',0.57,False
Q131512,agriculteur ou agricultrice,cultivateur / éleveur,f.a.-f.a.-f.o.-',0.27,True
Q17573152,croyant ou croyante,enfant,d.a.-m.a.-f.o.-',0.24,True
Q21509814,militant associatif ou militante associative,acteurs sociaux,M:M:.a.-M:M:.a.-f.o.-',0.21,True
Q2462658,manager,manager,l.a.-s.a.-f.o.-',1.0,False
Q1255921,président ou présidente,précurseur,s.a.-n.a.-f.o.-',0.24,True
Q4110598,vlogueur ou vlogueuse,psychologue,s.a.-f.a.-f.o.-',0.38,True
Q17125263,YouTubeur ou YouTubeuse,ouvrier,m.a.-l.a.-f.o.-',0.2,True
Q29352392,maître spirituel,guide spirituel,n.a.-n.a.-f.o.-',0.77,False
Q160117,courtier,secouriste,f.a.-l.a.-f.o.-',0.25,True
Q694748,physiothérapeute,auteur,b.a.-b.a.-f.o.-',0.17,True
Q1231865,pédagogue,psychologue,s.a.-f.a.-f.o.-',0.44,False
Q2066131,athlète,hôte,f.a.-k.a.-f.o.-',0.23,True
Q2055046,physiologiste,écologiste,l.a.-f.a.-f.o.-',0.77,False
Q865588,comité,comptable,b.a.-t.a.-f.o.-',0.35,True
Q864503,biologiste,écologiste,l.a.-f.a.-f.o.-',0.79,False
Q131524,entrepreneur ou entrepreneuse,entrepreneur,l.a.-d.a.-f.o.-',0.98,False
Q2066131,athlète,hôte,f.a.-k.a.-f.o.-',0.23,True
Q18536342,joueur professionnel ou joueuse professionnelle,joueur,m.a.-b.a.-f.o.-',0.75,False
Q1294787,artisan,archiviste,t.a.-l.a.-f.o.-',0.12,True
Q66035178,travailleur du textile,travailleur social,f.a.-n.a.-f.o.-',0.79,False
Q4964182,philosophe,philosophe,s.a.-s.a.-f.o.-',1.0,False
Q185351,juriste,secouriste,f.a.-l.a.-f.o.-',0.55,False
Q549322,torero,mentor,s.a.-d.a.-f.o.-',0.26,True
Q1365155,cavalier,familier,m.a.-m.a.-f.o.-',0.36,True
Q2412523,matador,mentor,s.a.-d.a.-f.o.-',0.16,True
Q41583,entraîneur sportif,entrepreneur,l.a.-d.a.-f.o.-',0.4,False
Q108290289,cadres supérieurs de l’administration publique,relation publique,l.a.-b.a.-f.o.-',0.71,False
Q81710,berger,manager,l.a.-s.a.-f.o.-',0.38,True
Q3332438,médecin spécialiste,médecin,n.a.-f.a.-f.o.-',0.75,False
Q3779582,microbiologiste,écologiste,l.a.-f.a.-f.o.-',0.79,False
Q1622925,court appointment,mentor,s.a.-d.a.-f.o.-',0.23,True
Q520549,géologue,psychologue,s.a.-f.a.-f.o.-',0.62,False
Q23835475,assistant,consultant,f.a.-s.a.-f.o.-',0.32,True
Q43845,personnalité du monde des affaires,fonctionnaire,t.a.-k.a.-f.o.-',0.24,True
Q627436,domaine d'activité,activiste,b.a.-k.a.-f.o.-',0.62,False
Q194105,édition,éditeur,t.a.-b.a.-f.o.-',0.46,False
Q924774,clergé séculier,familier,m.a.-m.a.-f.o.-',0.36,True
Q1104153,chanoine,témoin,d.a.-n.a.-f.o.-',0.26,True
Q52217314,cycliste sur route,journaliste,n.a.-b.a.-f.o.-',0.4,False
Q1779650,ingénieur design,agent de,d.a.-l.a.-f.o.-',0.16,True
Q131512,agriculteur ou agricultrice,cultivateur / éleveur,f.a.-f.a.-f.o.-',0.27,True
Q11424604,géoscientifique,relation publique,l.a.-b.a.-f.o.-',0.3,True
Q864503,biologiste,écologiste,l.a.-f.a.-f.o.-',0.79,False
Q1397808,résistant ou résistante,consultant,f.a.-s.a.-f.o.-',0.31,True
Q327055,travailleur ou travailleuse,travailleur social,f.a.-n.a.-f.o.-',0.8,False
Q56260328,Gehilfe,philosophe,s.a.-s.a.-f.o.-',0.19,True
Q635280,patron de structure,agent de,d.a.-l.a.-f.o.-',0.29,True
Q864503,biologiste,écologiste,l.a.-f.a.-f.o.-',0.79,False
Q2159907,criminel ou criminelle,ouvrier,m.a.-l.a.-f.o.-',0.13,True
Q7623231,homme ou femme forte,transporteur,b.a.-l.a.-f.o.-',0.22,True
Q17307272,artiste de cirque,archiviste,t.a.-l.a.-f.o.-',0.25,True
Q497240,maître de cérémonie,agent de,d.a.-l.a.-f.o.-',0.29,True
Q2066131,athlète,hôte,f.a.-k.a.-f.o.-',0.23,True
Q18536342,joueur professionnel ou joueuse professionnelle,joueur,m.a.-b.a.-f.o.-',0.75,False
Q16947675,gymnaste,activiste,b.a.-k.a.-f.o.-',0.29,True
Q170790,mathématicien ou mathématicienne,informaticien,s.a.-t.a.-f.o.-',0.62,False
Q19829990,bibliste,journaliste,n.a.-b.a.-f.o.-',0.46,False
Q371909,préfet,précurseur,s.a.-n.a.-f.o.-',0.26,True
Q1259917,violoniste,écologiste,l.a.-f.a.-f.o.-',0.42,False
Q15981151,musicien ou musicienne de jazz,musicien,f.a.-b.a.-f.o.-',0.96,False
Q446966,conservateur-restaurateur ou conservatrice-restauratrice,consultant,f.a.-s.a.-f.o.-',0.34,True
Q2145981,restaurateur,médiateur,m.a.-s.a.-f.o.-',0.32,True
Q21771805,viniculteur,cultivateur / éleveur,f.a.-f.a.-f.o.-',0.28,True
Q12794619,propriétaire de biens,secrétaire,k.a.-t.a.-f.o.-',0.46,False
Q96093243,restaurant manager,manager,l.a.-s.a.-f.o.-',0.89,False
Q11124885,pratiquant d'arts martiaux,acteurs sociaux,M:M:.a.-M:M:.a.-f.o.-',0.29,True
Q37226,enseignant ou enseignante,enseignant,d.a.-f.a.-f.o.-',0.98,False
Q5716684,danseur ou danseuse,précurseur,s.a.-n.a.-f.o.-',0.19,True
Q108290352,other arts teachers,technicien,f.a.-d.a.-f.o.-',0.1,True
Q2490358,chorégraphe,cartographe,l.a.-t.a.-f.o.-',0.6,False
Q49757,poète ou poétesse,policier,n.a.-l.a.-f.o.-',0.16,True
Q4964182,philosophe,philosophe,s.a.-s.a.-f.o.-',1.0,False
Q177220,chanteur ou chanteuse,inventeur,d.a.-d.a.-f.o.-',0.43,False
Q47740,musulman ou musulmane,musicien,f.a.-b.a.-f.o.-',0.32,True
Q12737077,activité,activiste,b.a.-k.a.-f.o.-',0.74,False
Q5,être humain,ancêtre,t.a.-m.a.-f.o.-',0.52,False
Q175151,imprimeur,acteur,s.a.-b.a.-f.o.-',0.28,True
Q3332438,médecin spécialiste,médecin,n.a.-f.a.-f.o.-',0.75,False
Q901,scientifique,relation publique,l.a.-b.a.-f.o.-',0.3,True
Q1650915,chercheur ou chercheuse,archiviste,t.a.-l.a.-f.o.-',0.17,True
Q41583,entraîneur sportif,entrepreneur,l.a.-d.a.-f.o.-',0.4,False
Q16947675,gymnaste,activiste,b.a.-k.a.-f.o.-',0.29,True
Q665565,gouvernement cantonal,mentor,s.a.-d.a.-f.o.-',0.31,True
Q108614246,zoologiste des invertébrés,écologiste,l.a.-f.a.-f.o.-',0.67,False
Q14284,solliciteur,éditeur,t.a.-b.a.-f.o.-',0.37,True
Q1051798,commissaire aux comptes,comptable,b.a.-t.a.-f.o.-',0.47,False
Q1108818,expert-comptable,comptable,b.a.-t.a.-f.o.-',0.94,False
Q108290446,government tax and excise officials,officier,l.a.-k.a.-f.o.-',0.63,False
Q33999,acteur ou actrice,acteur,s.a.-b.a.-f.o.-',0.91,False
Q1028181,peintre,ancêtre,t.a.-m.a.-f.o.-',0.27,True
Q855091,guitariste,secouriste,f.a.-l.a.-f.o.-',0.41,False
Q81729632,musicien ou musicienne de musique classique,musicien,f.a.-b.a.-f.o.-',0.84,False
Q477406,régent ou régente,agent de,d.a.-l.a.-f.o.-',0.45,False
Q16511993,reine,relation publique,l.a.-b.a.-f.o.-',0.16,True
Q3077353,formateur,réformateur,n.a.-k.a.-f.o.-',0.75,False
Q189290,officier,officier,l.a.-k.a.-f.o.-',1.0,False
Q45199,marin,manager,l.a.-s.a.-f.o.-',0.18,True
Q549322,torero,mentor,s.a.-d.a.-f.o.-',0.26,True
Q327055,travailleur ou travailleuse,travailleur social,f.a.-n.a.-f.o.-',0.8,False
Q34749,sciences sociales,travailleur social,f.a.-n.a.-f.o.-',0.47,False
Q1294787,artisan,archiviste,t.a.-l.a.-f.o.-',0.12,True
Q552378,couvreur,ouvrier,m.a.-l.a.-f.o.-',0.27,True
Q327245,équipe,banquier,d.a.-t.a.-f.o.-',0.23,True
Q742421,troupe théâtrale,traducteur,t.a.-s.a.-f.o.-',0.22,True
Q16334295,groupe d'humains,inspecteur,d.a.-k.a.-f.o.-',0.23,True
Q13473501,collectif,lecteur,b.a.-s.a.-f.o.-',0.32,True
Q105815710,groupe des arts du spectacle,spectateur,k.a.-b.a.-f.o.-',0.64,False
Q572700,bureaucrate,diplomate,k.a.-s.a.-f.o.-',0.24,True
Q55071047,auxiliaire de santé,notaire,m.a.-t.a.-f.o.-',0.29,True
Q1056391,directeur ou directrice d'école,lecteur,b.a.-s.a.-f.o.-',0.4,False
Q4376769,président d'université,précurseur,s.a.-n.a.-f.o.-',0.24,True
Q3455803,réalisateur ou réalisatrice,journaliste,n.a.-b.a.-f.o.-',0.26,True
Q483501,artiste,archiviste,t.a.-l.a.-f.o.-',0.36,True
Q506702,équipe de cinéma,agent de,d.a.-l.a.-f.o.-',0.32,True
Q1114448,cartooniste,cartographe,l.a.-t.a.-f.o.-',0.47,False
Q12049274,détaillant,secrétaire,k.a.-t.a.-f.o.-',0.2,True
Q215536,commerçant,comptable,b.a.-t.a.-f.o.-',0.25,True
Q53617489,continuateur indépendant,aidant,m.a.-f.a.-f.o.-',0.34,True
Q830077,sujet,acteurs sociaux,M:M:.a.-M:M:.a.-f.o.-',0.0,True
Q2066131,athlète,hôte,f.a.-k.a.-f.o.-',0.23,True
Q18536342,joueur professionnel ou joueuse professionnelle,joueur,m.a.-b.a.-f.o.-',0.75,False
Q2588761,travailleur qualifié ou travailleuse qualifiée,travailleur social,f.a.-n.a.-f.o.-',0.78,False
Q1294787,artisan,archiviste,t.a.-l.a.-f.o.-',0.12,True
Q27943370,personnalité du monde de la mode,agent de,d.a.-l.a.-f.o.-',0.29,True
Q66035178,travailleur du textile,travailleur social,f.a.-n.a.-f.o.-',0.79,False
Q108286044,"Tailors, Dressmakers, Furriers and Hatters",guerrier,l.a.-l.a.-f.o.-',0.33,True
Q48146261,comédien de kabuki,agent de,d.a.-l.a.-f.o.-',0.24,True
Q5188176,Cross-gender acting,activiste,b.a.-k.a.-f.o.-',0.38,True
Q81759238,professeur de musique,musicien,f.a.-b.a.-f.o.-',0.3,True
Q99588331,composition teacher,comptable,b.a.-t.a.-f.o.-',0.32,True
Q3014296,pilote de moto,agent de,d.a.-l.a.-f.o.-',0.37,True
Q333634,traducteur ou traductrice,traducteur,t.a.-s.a.-f.o.-',0.96,False
Q19829990,bibliste,journaliste,n.a.-b.a.-f.o.-',0.46,False
Q36180,écrivain ou écrivaine,écologiste,l.a.-f.a.-f.o.-',0.11,True
Q29352392,maître spirituel,guide spirituel,n.a.-n.a.-f.o.-',0.77,False
Q201788,historien ou historienne,ouvrier,m.a.-l.a.-f.o.-',0.18,True
Q43845,personnalité du monde des affaires,fonctionnaire,t.a.-k.a.-f.o.-',0.24,True
Q2516866,éditeur ou éditrice,éditeur,t.a.-b.a.-f.o.-',0.93,False
Q96050759,personne de la presse écrite,agent de,d.a.-l.a.-f.o.-',0.24,True
Q15627169,syndicaliste,syndiqué,k.a.-l.a.-f.o.-',0.46,False
Q118309201,revolutionary syndicalist,syndiqué,k.a.-l.a.-f.o.-',0.45,False
Q2914170,artiste de rue,archiviste,t.a.-l.a.-f.o.-',0.29,True
Q189290,officier,officier,l.a.-k.a.-f.o.-',1.0,False
Q12049274,détaillant,secrétaire,k.a.-t.a.-f.o.-',0.2,True
Q1708232,médailleur,travailleur social,f.a.-n.a.-f.o.-',0.51,False
Q15296811,dessinateur ou dessinatrice,médiateur,m.a.-s.a.-f.o.-',0.2,True
Q36180,écrivain ou écrivaine,écologiste,l.a.-f.a.-f.o.-',0.11,True
Q1162163,directeur ou directrice,lecteur,b.a.-s.a.-f.o.-',0.47,False
Q98084799,photographe professionnel,cartographe,l.a.-t.a.-f.o.-',0.65,False
Q5352191,technicien ou technicienne,technicien,f.a.-d.a.-f.o.-',0.99,False
Q93922873,audiovisual technician,technicien,f.a.-d.a.-f.o.-',0.76,False
Q4830453,firme,infirmier / soignant,b.a.-f.a.-f.o.-',0.27,True
Q1331793,entreprise médiatique,médiateur,m.a.-s.a.-f.o.-',0.47,False
Q32178211,organisation musicale,musicien,f.a.-b.a.-f.o.-',0.51,False
Q1734662,cartographe,cartographe,l.a.-t.a.-f.o.-',1.0,False
Q41583,entraîneur sportif,entrepreneur,l.a.-d.a.-f.o.-',0.4,False
Q4164871,fonction,fonctionnaire,t.a.-k.a.-f.o.-',0.67,False
Q3332438,médecin spécialiste,médecin,n.a.-f.a.-f.o.-',0.75,False
Q1097498,dirigeant,enfant,d.a.-m.a.-f.o.-',0.22,True
Q477406,régent ou régente,agent de,d.a.-l.a.-f.o.-',0.45,False
Q37226,enseignant ou enseignante,enseignant,d.a.-f.a.-f.o.-',0.98,False
Q4479442,fondateur,fondateur,t.a.-t.a.-f.o.-',1.0,False
Q4164871,fonction,fonctionnaire,t.a.-k.a.-f.o.-',0.67,False
Q33999,acteur ou actrice,acteur,s.a.-b.a.-f.o.-',0.91,False
Q483501,artiste,archiviste,t.a.-l.a.-f.o.-',0.36,True
Q2066131,athlète,hôte,f.a.-k.a.-f.o.-',0.23,True
Q18536342,joueur professionnel ou joueuse professionnelle,joueur,m.a.-b.a.-f.o.-',0.75,False
Q25829748,cuivriste,secouriste,f.a.-l.a.-f.o.-',0.45,False
Q21234364,réalisateur d'émission radiophonique,relation publique,l.a.-b.a.-f.o.-',0.32,True
Q1058617,détective privé,activiste,b.a.-k.a.-f.o.-',0.25,True
Q25713832,dirigeant ou dirigeante,enfant,d.a.-m.a.-f.o.-',0.15,True
Q30339659,motorsports competitor,comptable,b.a.-t.a.-f.o.-',0.28,True
Q254651,navigateur ou navigatrice,médiateur,m.a.-s.a.-f.o.-',0.36,True
Q4504549,religieux,relation publique,l.a.-b.a.-f.o.-',0.24,True
Q105393558,archevêque métropolitain,archiviste,t.a.-l.a.-f.o.-',0.29,True
Q1638918,ordinaire,partenaire,m.a.-d.a.-f.o.-',0.5,False
Q16727193,scientifique de l'esprit,agent de,d.a.-l.a.-f.o.-',0.26,True
Q3400050,potier ou potière,père,n.a.-m.a.-f.o.-',0.29,True
Q1028181,peintre,ancêtre,t.a.-m.a.-f.o.-',0.27,True
Q19101121,artisan manuel,manager,l.a.-s.a.-f.o.-',0.23,True
Q8359428,militant social,travailleur social,f.a.-n.a.-f.o.-',0.44,False
Q15253558,militant ou militante,consultant,f.a.-s.a.-f.o.-',0.24,True
Q11499147,militant ou militante politique,politicien,s.a.-k.a.-f.o.-',0.38,True
Q118162105,factieux,activiste,b.a.-k.a.-f.o.-',0.28,True
Q24705156,journaliste de l'audiovisuel,journaliste,n.a.-b.a.-f.o.-',0.88,False
Q1930187,journaliste,journaliste,n.a.-b.a.-f.o.-',1.0,False
Q327055,travailleur ou travailleuse,travailleur social,f.a.-n.a.-f.o.-',0.8,False
Q7897274,unpaid work,aidant,m.a.-f.a.-f.o.-',0.27,True
Q7940935,voluntarism,voisin,m.a.-k.a.-f.o.-',0.15,True
Q808266,employé de bar,agent de,d.a.-l.a.-f.o.-',0.35,True
Q2462658,manager,manager,l.a.-s.a.-f.o.-',1.0,False
Q5588651,organe de gouvernance,agent de,d.a.-l.a.-f.o.-',0.3,True
Q17018471,governance in higher education,relation publique,l.a.-b.a.-f.o.-',0.35,True
Q4671162,administration académique,relation publique,l.a.-b.a.-f.o.-',0.54,False
Q16335296,profession historique,relation publique,l.a.-b.a.-f.o.-',0.38,True
Q6503343,agent de la force publique,agent de,d.a.-l.a.-f.o.-',0.63,False
Q1097498,dirigeant,enfant,d.a.-m.a.-f.o.-',0.22,True
Q2730732,cavalier,familier,m.a.-m.a.-f.o.-',0.36,True
Q1930187,journaliste,journaliste,n.a.-b.a.-f.o.-',1.0,False
Q83307,ministre,ancêtre,t.a.-m.a.-f.o.-',0.33,True
Q177220,chanteur ou chanteuse,inventeur,d.a.-d.a.-f.o.-',0.43,False
Q81729632,musicien ou musicienne de musique classique,musicien,f.a.-b.a.-f.o.-',0.84,False
Q179294,eunuque,relation publique,l.a.-b.a.-f.o.-',0.27,True
Q618779,distinction,fonctionnaire,t.a.-k.a.-f.o.-',0.4,False
Q2374149,botaniste,activiste,b.a.-k.a.-f.o.-',0.33,True
Q3779582,microbiologiste,écologiste,l.a.-f.a.-f.o.-',0.79,False
Q83460,général,bénévole,m.a.-n.a.-f.o.-',0.15,True
Q6451204,two-star rank,transporteur,b.a.-l.a.-f.o.-',0.19,True
Q12797895,occultiste,cultivateur / éleveur,f.a.-f.a.-f.o.-',0.28,True
Q108290379,danseurs et chorégraphes,cartographe,l.a.-t.a.-f.o.-',0.37,True
Q3455803,réalisateur ou réalisatrice,journaliste,n.a.-b.a.-f.o.-',0.26,True
Q177220,chanteur ou chanteuse,inventeur,d.a.-d.a.-f.o.-',0.43,False
Q6926246,bouddhiste,activiste,b.a.-k.a.-f.o.-',0.42,False
Q191808,religieuse,relation publique,l.a.-b.a.-f.o.-',0.28,True
Q467,femme,acteurs sociaux,M:M:.a.-M:M:.a.-f.o.-',0.0,True
Q47541952,producteur ou productrice artistique,producteur,d.a.-b.a.-f.o.-',0.89,False
Q16335296,profession historique,relation publique,l.a.-b.a.-f.o.-',0.38,True
Q1930187,journaliste,journaliste,n.a.-b.a.-f.o.-',1.0,False
Q753110,auteur-compositeur ou autrice-compositrice,auteur,b.a.-b.a.-f.o.-',0.72,False
Q822146,parolier ou parolière,partenaire,m.a.-d.a.-f.o.-',0.28,True
Q100269042,tango singer,manager,l.a.-s.a.-f.o.-',0.28,True
Q462390,maître ou maîtresse de conférences,agent de,d.a.-l.a.-f.o.-',0.18,True
Q631306,force basque,relation publique,l.a.-b.a.-f.o.-',0.19,True
Q215627,personne,fonctionnaire,t.a.-k.a.-f.o.-',0.18,True
Q4964182,philosophe,philosophe,s.a.-s.a.-f.o.-',1.0,False
Q15994177,théoricien ou théoricienne politique,politicien,s.a.-k.a.-f.o.-',0.73,False
Q110038490,modern philologist,écologiste,l.a.-f.a.-f.o.-',0.5,False
Q49000490,council architect,archiviste,t.a.-l.a.-f.o.-',0.5,False
Q131062,urbaniste,activiste,b.a.-k.a.-f.o.-',0.37,True
Q2504617,romaniste,activiste,b.a.-k.a.-f.o.-',0.34,True
Q831474,prêtre chrétien,ancêtre,t.a.-m.a.-f.o.-',0.43,False
Q105200214,clerc catholique,relation publique,l.a.-b.a.-f.o.-',0.38,True
Q42603,prêtre,ancêtre,t.a.-m.a.-f.o.-',0.52,False
Q17549077,catholique,relation publique,l.a.-b.a.-f.o.-',0.39,True
Q1662561,paléontologue,psychologue,s.a.-f.a.-f.o.-',0.57,False
Q17291399,membre d'équipe de cinéma,agent de,d.a.-l.a.-f.o.-',0.29,True
Q39631,médecin,médecin,n.a.-f.a.-f.o.-',1.0,False
Q4915128,scientifique biomédical,relation publique,l.a.-b.a.-f.o.-',0.26,True
Q17484288,ethnomusicologue,psychologue,s.a.-f.a.-f.o.-',0.46,False
Q1607826,éditeur ou éditrice,éditeur,t.a.-b.a.-f.o.-',0.93,False
Q1420621,patron de presse,agent de,d.a.-l.a.-f.o.-',0.28,True
Q2518182,intermédiaire d’assurance,assureur,f.a.-t.a.-f.o.-',0.33,True
Q285759,courtier d'assurances,assureur,f.a.-t.a.-f.o.-',0.4,False
Q11974939,professionnel ou professionnelle de la santé,procureur,b.a.-n.a.-f.o.-',0.21,True
Q83307,ministre,ancêtre,t.a.-m.a.-f.o.-',0.33,True
Q164204,musicologie,musicien,f.a.-b.a.-f.o.-',0.52,False
Q5322166,designer,agent de,d.a.-l.a.-f.o.-',0.18,True
Q483501,artiste,archiviste,t.a.-l.a.-f.o.-',0.36,True
Q64030843,frère mineur,frère/socur,k.a.-m.a.-f.o.-',0.46,False
Q1975161,provincial,travailleur social,f.a.-n.a.-f.o.-',0.32,True
Q90482618,frère mineur conventuel,frère/socur,k.a.-m.a.-f.o.-',0.32,True
Q90521808,frère mineur capucin,frère/socur,k.a.-m.a.-f.o.-',0.41,False
Q3455803,réalisateur ou réalisatrice,journaliste,n.a.-b.a.-f.o.-',0.26,True
Q3391743,artiste visuel ou artiste visuelle,archiviste,t.a.-l.a.-f.o.-',0.36,True
Q3406858,professionnel du cinéma,procureur,b.a.-n.a.-f.o.-',0.19,True
Q17291399,membre d'équipe de cinéma,agent de,d.a.-l.a.-f.o.-',0.29,True
Q7623231,homme ou femme forte,transporteur,b.a.-l.a.-f.o.-',0.22,True
Q19261760,profession agricole,bénévole,m.a.-n.a.-f.o.-',0.2,True
Q1391083,travailleur qualifié,travailleur social,f.a.-n.a.-f.o.-',0.79,False
Q2588761,travailleur qualifié ou travailleuse qualifiée,travailleur social,f.a.-n.a.-f.o.-',0.78,False
Q488798,culture agricole (?),cultivateur / éleveur,f.a.-f.a.-f.o.-',0.26,True
Q1458465,arboriculture fruitière,père,n.a.-m.a.-f.o.-',0.3,True
Q11862829,discipline académique,relation publique,l.a.-b.a.-f.o.-',0.31,True
Q177220,chanteur ou chanteuse,inventeur,d.a.-d.a.-f.o.-',0.43,False
Q101084010,folk musician,musicien,f.a.-b.a.-f.o.-',0.74,False
Q116,monarque,relation publique,l.a.-b.a.-f.o.-',0.27,True
Q29182,évêque,relation publique,l.a.-b.a.-f.o.-',0.27,True
Q3400985,universitaire,publicitaire,b.a.-d.a.-f.o.-',0.56,False
Q1622272,professeur ou professeure d'université,investisseur,t.a.-d.a.-f.o.-',0.36,True
Q20204892,contributeur,auteur,b.a.-b.a.-f.o.-',0.48,False
Q5,être humain,ancêtre,t.a.-m.a.-f.o.-',0.52,False
Q43229,organisation,relation publique,l.a.-b.a.-f.o.-',0.46,False
Q177634,communauté,comptable,b.a.-t.a.-f.o.-',0.3,True
Q140686,président ou présidente,précurseur,s.a.-n.a.-f.o.-',0.24,True
Q978044,cadre dirigeant ou cadre dirigeante,enfant,d.a.-m.a.-f.o.-',0.13,True
Q11448873,apprenant,enseignant,d.a.-f.a.-f.o.-',0.29,True
Q81096,ingénieur ou ingénieure,inventeur,d.a.-d.a.-f.o.-',0.19,True
Q15081030,constructeur motocycle,traducteur,t.a.-s.a.-f.o.-',0.37,True
Q1162163,directeur ou directrice,lecteur,b.a.-s.a.-f.o.-',0.47,False
Q1210069,manager général,manager,l.a.-s.a.-f.o.-',0.95,False
Q978044,cadre dirigeant ou cadre dirigeante,enfant,d.a.-m.a.-f.o.-',0.13,True
Q15995642,chef religieux,relation publique,l.a.-b.a.-f.o.-',0.24,True
Q185992,mufti,musicien,f.a.-b.a.-f.o.-',0.24,True
Q161944,diacre,diplomate,k.a.-s.a.-f.o.-',0.14,True
Q105200214,clerc catholique,relation publique,l.a.-b.a.-f.o.-',0.38,True
Q63188808,occupation religieuse catholique,relation publique,l.a.-b.a.-f.o.-',0.65,False
Q17549077,catholique,relation publique,l.a.-b.a.-f.o.-',0.39,True
Q16009129,magistrat,écologiste,l.a.-f.a.-f.o.-',0.22,True
Q2066131,athlète,hôte,f.a.-k.a.-f.o.-',0.23,True
Q974144,éducateur ou éducatrice,éditeur,t.a.-b.a.-f.o.-',0.24,True
Q18121791,éclaireur,assureur,f.a.-t.a.-f.o.-',0.3,True
Q1294787,artisan,archiviste,t.a.-l.a.-f.o.-',0.12,True
Q10949665,auditeur,éditeur,t.a.-b.a.-f.o.-',0.67,False
Q758780,jardinier,ouvrier,m.a.-l.a.-f.o.-',0.3,True
Q212238,fonctionnaire,fonctionnaire,t.a.-k.a.-f.o.-',1.0,False
Q10384029,trafiquant de drogue,psychologue,s.a.-f.a.-f.o.-',0.29,True
Q1251441,responsable,comptable,b.a.-t.a.-f.o.-',0.4,False
Q63443313,racketeer,ouvrier,m.a.-l.a.-f.o.-',0.17,True
Q4947495,crime boss,acteurs sociaux,M:M:.a.-M:M:.a.-f.o.-',0.0,True
Q114414171,para-athlete,partenaire,m.a.-d.a.-f.o.-',0.33,True
Q27019785,competitor,comptable,b.a.-t.a.-f.o.-',0.38,True
Q58825429,sportif olympique,transporteur,b.a.-l.a.-f.o.-',0.32,True
Q98084799,photographe professionnel,cartographe,l.a.-t.a.-f.o.-',0.65,False
Q21178131,portraitiste,activiste,b.a.-k.a.-f.o.-',0.25,True
Q2159907,criminel ou criminelle,ouvrier,m.a.-l.a.-f.o.-',0.13,True
Q1340643,maître d’œuvre,ancêtre,t.a.-m.a.-f.o.-',0.28,True
Q42973,architecte,archiviste,t.a.-l.a.-f.o.-',0.53,False
Q5184855,membre d'équipage,mere,f.a.-m.a.-f.o.-',0.25,True
Q23640580,conducteur de véhicule,traducteur,t.a.-s.a.-f.o.-',0.45,False
Q1278335,instrumentiste,activiste,b.a.-k.a.-f.o.-',0.25,True
Q177220,chanteur ou chanteuse,inventeur,d.a.-d.a.-f.o.-',0.43,False
Q12957007,auteur de casse-tête,auteur,b.a.-b.a.-f.o.-',0.79,False
Q3630699,concepteur ou conceptrice de jeu,consultant,f.a.-s.a.-f.o.-',0.25,True
Q36180,écrivain ou écrivaine,écologiste,l.a.-f.a.-f.o.-',0.11,True
Q685433,vendeur ou vendeuse,vendeur,k.a.-d.a.-f.o.-',0.96,False
Q333634,traducteur ou traductrice,traducteur,t.a.-s.a.-f.o.-',0.96,False
Q212948,partisan,partenaire,m.a.-d.a.-f.o.-',0.46,False
Q3368718,pathologiste,écologiste,l.a.-f.a.-f.o.-',0.7,False
Q2462658,manager,manager,l.a.-s.a.-f.o.-',1.0,False
Q703534,salarié,allié,l.a.-m.a.-f.o.-',0.29,True
Q2447386,dermatologue,psychologue,s.a.-f.a.-f.o.-',0.54,False
Q13167731,vénérologue,psychologue,s.a.-f.a.-f.o.-',0.59,False
Q2865305,société de négoce,acteurs sociaux,M:M:.a.-M:M:.a.-f.o.-',0.32,True
Q6430706,critique,relation publique,l.a.-b.a.-f.o.-',0.33,True
Q104590991,personnalité liée au vin,journaliste,n.a.-b.a.-f.o.-',0.19,True
Q18340078,dompteur,comptable,b.a.-t.a.-f.o.-',0.29,True
Q2994387,conseiller ou conseillère,consultant,f.a.-s.a.-f.o.-',0.35,True
Q10355417,publicitaire,publicitaire,b.a.-d.a.-f.o.-',1.0,False
Q1294787,artisan,archiviste,t.a.-l.a.-f.o.-',0.12,True
Q901402,géographe,cartographe,l.a.-t.a.-f.o.-',0.7,False
Q1708232,médailleur,travailleur social,f.a.-n.a.-f.o.-',0.51,False
Q1028181,peintre,ancêtre,t.a.-m.a.-f.o.-',0.27,True
Q108100323,marine artist,archiviste,t.a.-l.a.-f.o.-',0.16,True
Q1391083,travailleur qualifié,travailleur social,f.a.-n.a.-f.o.-',0.79,False
Q811122,travailleur de la construction,travailleur social,f.a.-n.a.-f.o.-',0.63,False
Q13235160,producteur,producteur,d.a.-b.a.-f.o.-',1.0,False
Q16334295,groupe d'humains,inspecteur,d.a.-k.a.-f.o.-',0.23,True
Q11603279,managerial staff,manager,l.a.-s.a.-f.o.-',0.84,False
Q1416279,analyste financier ou analyste financière,ancêtre,t.a.-m.a.-f.o.-',0.19,True
Q4830453,firme,infirmier / soignant,b.a.-f.a.-f.o.-',0.27,True
Q114836842,religieux,relation publique,l.a.-b.a.-f.o.-',0.24,True
Q733786,moine ou moniale,témoin,d.a.-n.a.-f.o.-',0.32,True
Q1900167,psychothérapeute,psychologue,s.a.-f.a.-f.o.-',0.58,False
Q3332438,médecin spécialiste,médecin,n.a.-f.a.-f.o.-',0.75,False
Q2066131,athlète,hôte,f.a.-k.a.-f.o.-',0.23,True
Q36180,écrivain ou écrivaine,écologiste,l.a.-f.a.-f.o.-',0.11,True
Q49757,poète ou poétesse,policier,n.a.-l.a.-f.o.-',0.16,True
Q12456639,charretier,ouvrier,m.a.-l.a.-f.o.-',0.23,True
Q12773225,esclave,acteurs sociaux,M:M:.a.-M:M:.a.-f.o.-',0.0,True
Q2066131,athlète,hôte,f.a.-k.a.-f.o.-',0.23,True
Q637846,chambre haute,auteur,b.a.-b.a.-f.o.-',0.47,False
Q978044,cadre dirigeant ou cadre dirigeante,enfant,d.a.-m.a.-f.o.-',0.13,True
Q1251441,responsable,comptable,b.a.-t.a.-f.o.-',0.4,False
Q11401,hip-hop,acteurs sociaux,M:M:.a.-M:M:.a.-f.o.-',0.0,True
Q11974939,professionnel ou professionnelle de la santé,procureur,b.a.-n.a.-f.o.-',0.21,True
Q3332438,médecin spécialiste,médecin,n.a.-f.a.-f.o.-',0.75,False
Q3332438,médecin spécialiste,médecin,n.a.-f.a.-f.o.-',0.75,False
Q121856350,geriatric health care professional,cartographe,l.a.-t.a.-f.o.-',0.17,True
Q15924224,médecin interniste,médecin,n.a.-f.a.-f.o.-',0.88,False
Q65472776,family physician,familier,m.a.-m.a.-f.o.-',0.54,False
Q3332438,médecin spécialiste,médecin,n.a.-f.a.-f.o.-',0.75,False
Q97572814,instrumentiste à vent,inventeur,d.a.-d.a.-f.o.-',0.21,True
Q22082749,pseudo-scientifique,relation publique,l.a.-b.a.-f.o.-',0.28,True
Q2462658,manager,manager,l.a.-s.a.-f.o.-',1.0,False
Q41583,entraîneur sportif,entrepreneur,l.a.-d.a.-f.o.-',0.4,False
Q82955,personnalité politique,politicien,s.a.-k.a.-f.o.-',0.51,False
Q599151,haut fonctionnaire ou haute fonctionnaire,fonctionnaire,t.a.-k.a.-f.o.-',0.97,False
Q372436,homme d'État,avocat,n.a.-t.a.-f.o.-',0.15,True
Q13424814,namestnik,investisseur,t.a.-d.a.-f.o.-',0.19,True
Q327055,travailleur ou travailleuse,travailleur social,f.a.-n.a.-f.o.-',0.8,False
Q1391344,spécialiste,journaliste,n.a.-b.a.-f.o.-',0.5,False
Q33394058,travailleur manuel,travailleur social,f.a.-n.a.-f.o.-',0.74,False
Q3704253,trader,traducteur,t.a.-s.a.-f.o.-',0.5,False
Q15253558,militant ou militante,consultant,f.a.-s.a.-f.o.-',0.24,True
Q1072363,directeur ou directrice,lecteur,b.a.-s.a.-f.o.-',0.47,False
Q5157565,professionnel de l'informatique,informaticien,s.a.-t.a.-f.o.-',0.54,False
Q15983985,archéologue classique,psychologue,s.a.-f.a.-f.o.-',0.43,False
Q3621491,archéologue,psychologue,s.a.-f.a.-f.o.-',0.5,False
Q350979,zoologiste,écologiste,l.a.-f.a.-f.o.-',0.79,False
Q17126809,sauveteur,acteur,s.a.-b.a.-f.o.-',0.43,False
Q2066131,athlète,hôte,f.a.-k.a.-f.o.-',0.23,True
Q1622272,professeur ou professeure d'université,investisseur,t.a.-d.a.-f.o.-',0.36,True
Q8246794,blogueur ou blogueuse,psychologue,s.a.-f.a.-f.o.-',0.38,True
Q703534,salarié,allié,l.a.-m.a.-f.o.-',0.29,True
Q3778211,personnalité juridique,juré,k.a.-n.a.-f.o.-',0.23,True
Q54128,domestique,relation publique,l.a.-b.a.-f.o.-',0.31,True
Q87714331,hospitality worker,politicien,s.a.-k.a.-f.o.-',0.1,True
Q713200,artiste interprète,archiviste,t.a.-l.a.-f.o.-',0.33,True
Q33999,acteur ou actrice,acteur,s.a.-b.a.-f.o.-',0.91,False
Q110038383,Germanic philologist,écologiste,l.a.-f.a.-f.o.-',0.46,False
Q37226,enseignant ou enseignante,enseignant,d.a.-f.a.-f.o.-',0.98,False
Q15253558,militant ou militante,consultant,f.a.-s.a.-f.o.-',0.24,True
Q47217,désobéissance civile,citoyen,k.a.-k.a.-f.o.-',0.1,True
Q2066131,athlète,hôte,f.a.-k.a.-f.o.-',0.23,True
Q2095549,aviateur ou aviatrice,médiateur,m.a.-s.a.-f.o.-',0.45,False
Q13418253,philologue,psychologue,s.a.-f.a.-f.o.-',0.46,False
Q3332711,médiéviste,activiste,b.a.-k.a.-f.o.-',0.4,False
Q3621491,archéologue,psychologue,s.a.-f.a.-f.o.-',0.5,False
Q17135920,expert interdisciplinaire d'une région géographique,cartographe,l.a.-t.a.-f.o.-',0.31,True
Q41583,entraîneur sportif,entrepreneur,l.a.-d.a.-f.o.-',0.4,False
Q17291399,membre d'équipe de cinéma,agent de,d.a.-l.a.-f.o.-',0.29,True
Q3332438,médecin spécialiste,médecin,n.a.-f.a.-f.o.-',0.75,False
Q36180,écrivain ou écrivaine,écologiste,l.a.-f.a.-f.o.-',0.11,True
Q3250324,adjoint,adulte,n.a.-s.a.-f.o.-',0.17,True
Q1607826,éditeur ou éditrice,éditeur,t.a.-b.a.-f.o.-',0.93,False
Q713200,artiste interprète,archiviste,t.a.-l.a.-f.o.-',0.33,True
Q11513337,athlète,hôte,f.a.-k.a.-f.o.-',0.23,True
Q11486702,historien ou historienne de l'architecture,archiviste,t.a.-l.a.-f.o.-',0.29,True
Q1493121,historien ou historienne militaire,publicitaire,b.a.-d.a.-f.o.-',0.32,True
Q2066131,athlète,hôte,f.a.-k.a.-f.o.-',0.23,True
Q4197743,joueur ou joueuse,joueur,m.a.-b.a.-f.o.-',0.95,False
Q11486702,historien ou historienne de l'architecture,archiviste,t.a.-l.a.-f.o.-',0.29,True
Q3621491,archéologue,psychologue,s.a.-f.a.-f.o.-',0.5,False
Q42973,architecte,archiviste,t.a.-l.a.-f.o.-',0.53,False
Q49757,poète ou poétesse,policier,n.a.-l.a.-f.o.-',0.16,True
Q13415036,joueur de rugby,joueur,m.a.-b.a.-f.o.-',0.9,False
Q20826540,érudit,éditeur,t.a.-b.a.-f.o.-',0.19,True
Q851436,garde du corps,agent de,d.a.-l.a.-f.o.-',0.18,True
Q188094,économiste,écologiste,l.a.-f.a.-f.o.-',0.48,False
Q1781198,agronome,agent de,d.a.-l.a.-f.o.-',0.27,True
Q9200127,membre,mere,f.a.-m.a.-f.o.-',0.4,False
Q414528,académicien ou académicienne,musicien,f.a.-b.a.-f.o.-',0.47,False
Q15980158,auteur ou autrice de non-fiction,auteur,b.a.-b.a.-f.o.-',0.72,False
Q3621491,archéologue,psychologue,s.a.-f.a.-f.o.-',0.5,False
Q1792450,historien ou historienne de l'art,agent de,d.a.-l.a.-f.o.-',0.18,True
Q10800557,acteur ou actrice de cinéma,acteur,s.a.-b.a.-f.o.-',0.8,False
Q33999,acteur ou actrice,acteur,s.a.-b.a.-f.o.-',0.91,False
Q22962951,violeur,travailleur social,f.a.-n.a.-f.o.-',0.26,True
Q108290300,agricultural and forestry production managers,manager,l.a.-s.a.-f.o.-',0.52,False
Q12335817,travailleur forestier,travailleur social,f.a.-n.a.-f.o.-',0.74,False
Q254508,hors-la-loi,acteurs sociaux,M:M:.a.-M:M:.a.-f.o.-',0.0,True
Q2500638,créateur ou créatrice,médiateur,m.a.-s.a.-f.o.-',0.25,True
Q73145133,personnalité du jeu d'échecs,journaliste,n.a.-b.a.-f.o.-',0.22,True
Q4618975,docteur,acteur,s.a.-b.a.-f.o.-',0.63,False
Q2259451,acteur ou actrice de théâtre,acteur,s.a.-b.a.-f.o.-',0.79,False
Q105275968,clerc musulman,musicien,f.a.-b.a.-f.o.-',0.3,True
Q27978698,lutteur,acteur,s.a.-b.a.-f.o.-',0.43,False
Q83307,ministre,ancêtre,t.a.-m.a.-f.o.-',0.33,True
Q1885941,personnalité médiatique,médiateur,m.a.-s.a.-f.o.-',0.54,False
Q131572,réfugié,réformateur,n.a.-k.a.-f.o.-',0.32,True
Q2730732,cavalier,familier,m.a.-m.a.-f.o.-',0.36,True
Q437512,tisserand,investisseur,t.a.-d.a.-f.o.-',0.42,False
Q3332438,médecin spécialiste,médecin,n.a.-f.a.-f.o.-',0.75,False
Q64760769,oriental archaeologist,écologiste,l.a.-f.a.-f.o.-',0.49,False
Q110042402,ancient Near Eastern scholar,client,n.a.-d.a.-f.o.-',0.35,True
Q17488316,préhistorien,précurseur,s.a.-n.a.-f.o.-',0.22,True
Q16267985,indoeuropéaniste,activiste,b.a.-k.a.-f.o.-',0.38,True
Q3621491,archéologue,psychologue,s.a.-f.a.-f.o.-',0.5,False
Q212238,fonctionnaire,fonctionnaire,t.a.-k.a.-f.o.-',1.0,False
Q212238,fonctionnaire,fonctionnaire,t.a.-k.a.-f.o.-',1.0,False
Q639669,musicien ou musicienne,musicien,f.a.-b.a.-f.o.-',0.98,False
Q3490626,sonneur,entrepreneur,l.a.-d.a.-f.o.-',0.29,True
Q50995749,personnalité liée au sport,transporteur,b.a.-l.a.-f.o.-',0.29,True
Q2462658,manager,manager,l.a.-s.a.-f.o.-',1.0,False
Q2548031,mobile salesperson,inspecteur,d.a.-k.a.-f.o.-',0.12,True
Q2518689,guérisseur,investisseur,t.a.-d.a.-f.o.-',0.51,False
Q45787133,motard,notaire,m.a.-t.a.-f.o.-',0.26,True
Q392651,agent de renseignement,agent de,d.a.-l.a.-f.o.-',0.71,False
Q2015874,officiant,officier,l.a.-k.a.-f.o.-',0.67,False
Q599151,haut fonctionnaire ou haute fonctionnaire,fonctionnaire,t.a.-k.a.-f.o.-',0.97,False
Q53178539,travail en atelier,travailleur social,f.a.-n.a.-f.o.-',0.5,False
Q703534,salarié,allié,l.a.-m.a.-f.o.-',0.29,True
Q185351,juriste,secouriste,f.a.-l.a.-f.o.-',0.55,False
Q40348,avocat ou avocate,avocat,n.a.-t.a.-f.o.-',0.95,False
Q15978655,consultant ou consultante,consultant,f.a.-s.a.-f.o.-',0.98,False
Q2994387,conseiller ou conseillère,consultant,f.a.-s.a.-f.o.-',0.35,True
Q483501,artiste,archiviste,t.a.-l.a.-f.o.-',0.36,True
Q1925963,artiste graphique,cartographe,l.a.-t.a.-f.o.-',0.29,True
Q17291399,membre d'équipe de cinéma,agent de,d.a.-l.a.-f.o.-',0.29,True
Q2518689,guérisseur,investisseur,t.a.-d.a.-f.o.-',0.51,False
Q15995642,chef religieux,relation publique,l.a.-b.a.-f.o.-',0.24,True
Q1483433,technicien ou technicienne de laboratoire,technicien,f.a.-d.a.-f.o.-',0.96,False
Q5663900,alcade,allié,l.a.-m.a.-f.o.-',0.21,True
Q5663900,alcade,allié,l.a.-m.a.-f.o.-',0.21,True
Q5663900,alcade,allié,l.a.-m.a.-f.o.-',0.21,True
Q1251441,responsable,comptable,b.a.-t.a.-f.o.-',0.4,False
Q110038383,Germanic philologist,écologiste,l.a.-f.a.-f.o.-',0.46,False
Q16532929,administrateur,médiateur,m.a.-s.a.-f.o.-',0.31,True
Q11974939,professionnel ou professionnelle de la santé,procureur,b.a.-n.a.-f.o.-',0.21,True
Q1294787,artisan,archiviste,t.a.-l.a.-f.o.-',0.12,True
Q41583,entraîneur sportif,entrepreneur,l.a.-d.a.-f.o.-',0.4,False
Q16727193,scientifique de l'esprit,agent de,d.a.-l.a.-f.o.-',0.26,True
Q47064,militaire,publicitaire,b.a.-d.a.-f.o.-',0.47,False
Q154549,charpentier,ouvrier,m.a.-l.a.-f.o.-',0.21,True
Q1156796,officier subalterne,officier,l.a.-k.a.-f.o.-',0.97,False
Q108285020,Other Teaching Professional,procureur,b.a.-n.a.-f.o.-',0.2,True
Q2306091,sociologue,psychologue,s.a.-f.a.-f.o.-',0.52,False
Q1265807,chercheur ou chercheuse en science de l'information,informaticien,s.a.-t.a.-f.o.-',0.57,False
Q1650915,chercheur ou chercheuse,archiviste,t.a.-l.a.-f.o.-',0.17,True
Q484876,directeur général ou directrice générale,lecteur,b.a.-s.a.-f.o.-',0.4,False
Q2824523,administrateur ou administratrice de société,travailleur social,f.a.-n.a.-f.o.-',0.24,True
Q16532929,administrateur,médiateur,m.a.-s.a.-f.o.-',0.31,True
Q12794619,propriétaire de biens,secrétaire,k.a.-t.a.-f.o.-',0.46,False
Q43845,personnalité du monde des affaires,fonctionnaire,t.a.-k.a.-f.o.-',0.24,True
Q1735732,catéchiste,archiviste,t.a.-l.a.-f.o.-',0.36,True
Q1278335,instrumentiste,activiste,b.a.-k.a.-f.o.-',0.25,True
Q16947675,gymnaste,activiste,b.a.-k.a.-f.o.-',0.29,True
Q16532929,administrateur,médiateur,m.a.-s.a.-f.o.-',0.31,True
Q11974939,professionnel ou professionnelle de la santé,procureur,b.a.-n.a.-f.o.-',0.21,True
Q110038490,modern philologist,écologiste,l.a.-f.a.-f.o.-',0.5,False
Q12794619,propriétaire de biens,secrétaire,k.a.-t.a.-f.o.-',0.46,False
Q50995749,personnalité liée au sport,transporteur,b.a.-l.a.-f.o.-',0.29,True
Q7725634,œuvre littéraire,notaire,m.a.-t.a.-f.o.-',0.39,True
Q81096,ingénieur ou ingénieure,inventeur,d.a.-d.a.-f.o.-',0.19,True
Q864503,biologiste,écologiste,l.a.-f.a.-f.o.-',0.79,False
Q212238,fonctionnaire,fonctionnaire,t.a.-k.a.-f.o.-',1.0,False
Q1511216,courtisan,secouriste,f.a.-l.a.-f.o.-',0.26,True
Q4270517,skieur ou skieuse,ouvrier,m.a.-l.a.-f.o.-',0.2,True
Q27019785,competitor,comptable,b.a.-t.a.-f.o.-',0.38,True
Q18544928,joueur de billard,joueur,m.a.-b.a.-f.o.-',0.87,False
Q917562,billard français,transporteur,b.a.-l.a.-f.o.-',0.11,True
Q50259293,patineur inline,entrepreneur,l.a.-d.a.-f.o.-',0.27,True
Q24229398,agent,agent de,d.a.-l.a.-f.o.-',0.89,False
Q3104508,gestionnaire culturel,fonctionnaire,t.a.-k.a.-f.o.-',0.57,False
Q108614246,zoologiste des invertébrés,écologiste,l.a.-f.a.-f.o.-',0.67,False
Q105899379,biologiste aquatique,écologiste,l.a.-f.a.-f.o.-',0.66,False
Q18714098,peintre de vases grec,agent de,d.a.-l.a.-f.o.-',0.29,True
Q18714098,peintre de vases grec,agent de,d.a.-l.a.-f.o.-',0.29,True
Q611644,évêque catholique,relation publique,l.a.-b.a.-f.o.-',0.4,False
Q1144278,évêque diocésain,relation publique,l.a.-b.a.-f.o.-',0.21,True
Q13426709,suffragant,enfant,d.a.-m.a.-f.o.-',0.34,True
Q1638918,ordinaire,partenaire,m.a.-d.a.-f.o.-',0.5,False
Q121594,professeur,investisseur,t.a.-d.a.-f.o.-',0.39,True
Q1622272,professeur ou professeure d'université,investisseur,t.a.-d.a.-f.o.-',0.36,True
Q48930480,professeur de philosophie,philosophe,s.a.-s.a.-f.o.-',0.72,False
Q121594,professeur,investisseur,t.a.-d.a.-f.o.-',0.39,True
Q212980,psychologue,psychologue,s.a.-f.a.-f.o.-',1.0,False
Q1622272,professeur ou professeure d'université,investisseur,t.a.-d.a.-f.o.-',0.36,True
Q108161452,psychology teacher,psychologue,s.a.-f.a.-f.o.-',0.81,False
Q42178,vice-président,client,n.a.-d.a.-f.o.-',0.26,True
Q3391743,artiste visuel ou artiste visuelle,archiviste,t.a.-l.a.-f.o.-',0.36,True
Q108290579,precision-instrument makers and repairers,mentor,s.a.-d.a.-f.o.-',0.16,True
Q5849,rugby à XV,acteurs sociaux,M:M:.a.-M:M:.a.-f.o.-',0.0,True
Q212434,sport olympique,transporteur,b.a.-l.a.-f.o.-',0.32,True
Q58968,intellectuel ou intellectuelle,lecteur,b.a.-s.a.-f.o.-',0.25,True
Q47541952,producteur ou productrice artistique,producteur,d.a.-b.a.-f.o.-',0.89,False
Q947873,animateur ou animatrice de télévision,réformateur,n.a.-k.a.-f.o.-',0.29,True
Q1809541,staff,acteurs sociaux,M:M:.a.-M:M:.a.-f.o.-',0.0,True
Q216353,titre de civilité,agent de,d.a.-l.a.-f.o.-',0.26,True
Q25339110,professeur titulaire,investisseur,t.a.-d.a.-f.o.-',0.32,True
Q5669847,professeur adjoint,investisseur,t.a.-d.a.-f.o.-',0.34,True
Q5,être humain,ancêtre,t.a.-m.a.-f.o.-',0.52,False
Q1899943,public entertainer,publicitaire,b.a.-d.a.-f.o.-',0.53,False
Q44508716,personnalité de l'audiovisuel,agent de,d.a.-l.a.-f.o.-',0.2,True
Q29933786,exploitant,consultant,f.a.-s.a.-f.o.-',0.35,True
Q2462658,manager,manager,l.a.-s.a.-f.o.-',1.0,False
Q15976341,slaviste,activiste,b.a.-k.a.-f.o.-',0.51,False
Q2066131,athlète,hôte,f.a.-k.a.-f.o.-',0.23,True
Q18536342,joueur professionnel ou joueuse professionnelle,joueur,m.a.-b.a.-f.o.-',0.75,False
Q2066131,athlète,hôte,f.a.-k.a.-f.o.-',0.23,True
Q18536342,joueur professionnel ou joueuse professionnelle,joueur,m.a.-b.a.-f.o.-',0.75,False
Q2066131,athlète,hôte,f.a.-k.a.-f.o.-',0.23,True
Q18536342,joueur professionnel ou joueuse professionnelle,joueur,m.a.-b.a.-f.o.-',0.75,False
Q2248045,moissonneur,entrepreneur,l.a.-d.a.-f.o.-',0.24,True
Q19507792,illustrateur ou illustratrice scientifique,relation publique,l.a.-b.a.-f.o.-',0.2,True
Q5322166,designer,agent de,d.a.-l.a.-f.o.-',0.18,True
Q22811707,décorateur,médiateur,m.a.-s.a.-f.o.-',0.32,True
Q15839299,métier du théâtre,ancêtre,t.a.-m.a.-f.o.-',0.26,True
Q54967928,freight handler,enseignant,d.a.-f.a.-f.o.-',0.13,True
Q593644,chimiste,archiviste,t.a.-l.a.-f.o.-',0.43,False
Q28973077,observateur,innovateur,s.a.-l.a.-f.o.-',0.52,False
Q4991371,soldat,avocat,n.a.-t.a.-f.o.-',0.16,True
Q11424604,géoscientifique,relation publique,l.a.-b.a.-f.o.-',0.3,True
Q81096,ingénieur ou ingénieure,inventeur,d.a.-d.a.-f.o.-',0.19,True
Q112791061,recordist,secouriste,f.a.-l.a.-f.o.-',0.2,True
Q25339110,professeur titulaire,investisseur,t.a.-d.a.-f.o.-',0.32,True
Q1650915,chercheur ou chercheuse,archiviste,t.a.-l.a.-f.o.-',0.17,True
Q1196129,conjoint,consultant,f.a.-s.a.-f.o.-',0.32,True
Q467,femme,acteurs sociaux,M:M:.a.-M:M:.a.-f.o.-',0.0,True
Q5784340,consort,consultant,f.a.-s.a.-f.o.-',0.45,False
Q188830,épouse,époux,s.a.-m.a.-f.o.-',0.71,False
Q599151,haut fonctionnaire ou haute fonctionnaire,fonctionnaire,t.a.-k.a.-f.o.-',0.97,False
Q13590141,animateur ou animatrice,réformateur,n.a.-k.a.-f.o.-',0.37,True
Q1885941,personnalité médiatique,médiateur,m.a.-s.a.-f.o.-',0.54,False
Q1371925,speaker,spectateur,k.a.-b.a.-f.o.-',0.34,True
Q2095,nourriture,guide spirituel,n.a.-n.a.-f.o.-',0.19,True
Q43450,gymnastique,relation publique,l.a.-b.a.-f.o.-',0.35,True
Q219067,fitness,acteurs sociaux,M:M:.a.-M:M:.a.-f.o.-',0.0,True
Q83267,crime,acteurs sociaux,M:M:.a.-M:M:.a.-f.o.-',0.0,True
Q110458263,prise,secouriste,f.a.-l.a.-f.o.-',0.16,True
Q12369333,lutteur,acteur,s.a.-b.a.-f.o.-',0.43,False
Q11124885,pratiquant d'arts martiaux,acteurs sociaux,M:M:.a.-M:M:.a.-f.o.-',0.29,True
Q2066131,athlète,hôte,f.a.-k.a.-f.o.-',0.23,True
Q109442873,écuyer,précurseur,s.a.-n.a.-f.o.-',0.13,True
Q1402561,chef militaire,publicitaire,b.a.-d.a.-f.o.-',0.47,False
Q3964238,Soldiers of fortune,officier,l.a.-k.a.-f.o.-',0.15,True
Q2504617,romaniste,activiste,b.a.-k.a.-f.o.-',0.34,True
Q170790,mathématicien ou mathématicienne,informaticien,s.a.-t.a.-f.o.-',0.62,False
Q215627,personne,fonctionnaire,t.a.-k.a.-f.o.-',0.18,True
Q6337803,neurobiologiste,écologiste,l.a.-f.a.-f.o.-',0.74,False
Q774306,chirurgien ou chirurgienne,musicien,f.a.-b.a.-f.o.-',0.19,True
Q3332438,médecin spécialiste,médecin,n.a.-f.a.-f.o.-',0.75,False
Q16061291,stomatologue,psychologue,s.a.-f.a.-f.o.-',0.55,False
Q108289390,other health professionals,procureur,b.a.-n.a.-f.o.-',0.25,True
Q39631,médecin,médecin,n.a.-f.a.-f.o.-',1.0,False
Q102040941,évêque protestant,consultant,f.a.-s.a.-f.o.-',0.27,True
Q4438117,industrie du sport,transporteur,b.a.-l.a.-f.o.-',0.4,False
Q549322,torero,mentor,s.a.-d.a.-f.o.-',0.26,True
Q78070424,subordinate,diplomate,k.a.-s.a.-f.o.-',0.29,True
Q1208175,cadreur,assureur,f.a.-t.a.-f.o.-',0.36,True
Q93922873,audiovisual technician,technicien,f.a.-d.a.-f.o.-',0.76,False
Q7048877,non-consultant hospital doctor,consultant,f.a.-s.a.-f.o.-',0.82,False
Q11500768,auteur ou autrice culinaire,auteur,b.a.-b.a.-f.o.-',0.77,False
Q1607826,éditeur ou éditrice,éditeur,t.a.-b.a.-f.o.-',0.93,False
Q1251441,responsable,comptable,b.a.-t.a.-f.o.-',0.4,False
Q685433,vendeur ou vendeuse,vendeur,k.a.-d.a.-f.o.-',0.96,False
Q79529,substance chimique,relation publique,l.a.-b.a.-f.o.-',0.31,True
Q18714098,peintre de vases grec,agent de,d.a.-l.a.-f.o.-',0.29,True
Q644687,illustrateur ou illustratrice,médiateur,m.a.-s.a.-f.o.-',0.21,True
Q627325,graphiste,cartographe,l.a.-t.a.-f.o.-',0.34,True
Q2478141,aristocrate,secouriste,f.a.-l.a.-f.o.-',0.27,True
Q12773412,parasitologue,psychologue,s.a.-f.a.-f.o.-',0.53,False
Q108614246,zoologiste des invertébrés,écologiste,l.a.-f.a.-f.o.-',0.67,False
Q2066131,athlète,hôte,f.a.-k.a.-f.o.-',0.23,True
Q4991371,soldat,avocat,n.a.-t.a.-f.o.-',0.16,True
Q599151,haut fonctionnaire ou haute fonctionnaire,fonctionnaire,t.a.-k.a.-f.o.-',0.97,False
Q1250916,guerrier,guerrier,l.a.-l.a.-f.o.-',1.0,False
Q12737077,activité,activiste,b.a.-k.a.-f.o.-',0.74,False
Q22932,comte palatin,comptable,b.a.-t.a.-f.o.-',0.21,True
Q931938,Mwami,familier,m.a.-m.a.-f.o.-',0.23,True
Q1788992,organisation criminelle,relation publique,l.a.-b.a.-f.o.-',0.42,False
Q201788,historien ou historienne,ouvrier,m.a.-l.a.-f.o.-',0.18,True
Q455595,amateur,réformateur,n.a.-k.a.-f.o.-',0.4,False
Q28692502,militant ou militante pour les droits des femmes,consultant,f.a.-s.a.-f.o.-',0.22,True
Q106758751,militant pour le droit de vote,pourvoyeur,k.a.-f.a.-f.o.-',0.25,True
Q202648,arbitre sportif ou arbitre sportive,transporteur,b.a.-l.a.-f.o.-',0.35,True
Q26270618,avironneur,entrepreneur,l.a.-d.a.-f.o.-',0.28,True
Q1625427,fabricant d'instrument à vent,client,n.a.-d.a.-f.o.-',0.27,True
Q1734493,plucked string instrument maker,mentor,s.a.-d.a.-f.o.-',0.24,True
Q11494960,infectiologue,psychologue,s.a.-f.a.-f.o.-',0.51,False
Q1190554,occurrence,entrepreneur,l.a.-d.a.-f.o.-',0.14,True
Q16868721,carcinologiste,écologiste,l.a.-f.a.-f.o.-',0.68,False
Q3055126,entomologiste,écologiste,l.a.-f.a.-f.o.-',0.69,False
Q88106580,paléozoologiste,écologiste,l.a.-f.a.-f.o.-',0.76,False
Q15980804,professionnel des médias,médiateur,m.a.-s.a.-f.o.-',0.5,False
Q5165152,compétiteur,éditeur,t.a.-b.a.-f.o.-',0.38,True
Q44508716,personnalité de l'audiovisuel,agent de,d.a.-l.a.-f.o.-',0.2,True
Q618536,candidate ou candidat,fondateur,t.a.-t.a.-f.o.-',0.18,True
Q27703203,comtesse consort,consultant,f.a.-s.a.-f.o.-',0.38,True
Q39631,médecin,médecin,n.a.-f.a.-f.o.-',1.0,False
Q2095549,aviateur ou aviatrice,médiateur,m.a.-s.a.-f.o.-',0.45,False
Q23640580,conducteur de véhicule,traducteur,t.a.-s.a.-f.o.-',0.45,False
Q7063944,cheminot,notaire,m.a.-t.a.-f.o.-',0.26,True
Q4205432,ichtyologiste,écologiste,l.a.-f.a.-f.o.-',0.79,False
Q1662561,paléontologue,psychologue,s.a.-f.a.-f.o.-',0.57,False
Q2961574,chauffeur-livreur,assureur,f.a.-t.a.-f.o.-',0.41,False
Q16831394,mammalogiste,écologiste,l.a.-f.a.-f.o.-',0.69,False
Q49773,mouvement social,travailleur social,f.a.-n.a.-f.o.-',0.49,False
Q48961201,engine driver,enfant,d.a.-m.a.-f.o.-',0.18,True
Q22082749,pseudo-scientifique,relation publique,l.a.-b.a.-f.o.-',0.28,True
Q110858578,weather forecaster,ouvrier,m.a.-l.a.-f.o.-',0.11,True
Q2526255,réalisateur ou réalisatrice,journaliste,n.a.-b.a.-f.o.-',0.26,True
Q483501,artiste,archiviste,t.a.-l.a.-f.o.-',0.36,True
Q19507792,illustrateur ou illustratrice scientifique,relation publique,l.a.-b.a.-f.o.-',0.2,True
Q160117,courtier,secouriste,f.a.-l.a.-f.o.-',0.25,True
Q1344174,agent artistique,agent de,d.a.-l.a.-f.o.-',0.64,False
Q5758653,enseignant ou enseignante du secondaire,enseignant,d.a.-f.a.-f.o.-',0.91,False
Q19631939,court rank,secouriste,f.a.-l.a.-f.o.-',0.26,True
Q26903663,arts administrator,mentor,s.a.-d.a.-f.o.-',0.3,True
Q20826540,érudit,éditeur,t.a.-b.a.-f.o.-',0.19,True
Q108614246,zoologiste des invertébrés,écologiste,l.a.-f.a.-f.o.-',0.67,False
Q685433,vendeur ou vendeuse,vendeur,k.a.-d.a.-f.o.-',0.96,False
Q23072521,parémiologue,psychologue,s.a.-f.a.-f.o.-',0.55,False
Q108614246,zoologiste des invertébrés,écologiste,l.a.-f.a.-f.o.-',0.67,False
Q2500638,créateur ou créatrice,médiateur,m.a.-s.a.-f.o.-',0.25,True
Q28640,profession,procureur,b.a.-n.a.-f.o.-',0.24,True
Q644687,illustrateur ou illustratrice,médiateur,m.a.-s.a.-f.o.-',0.21,True
Q27943370,personnalité du monde de la mode,agent de,d.a.-l.a.-f.o.-',0.29,True
Q5891,philosophie,philosophe,s.a.-s.a.-f.o.-',0.87,False
Q21002332,ingénieur matériaux,acteurs sociaux,M:M:.a.-M:M:.a.-f.o.-',0.38,True
Q18576582,métallurgiste,écologiste,l.a.-f.a.-f.o.-',0.43,False
Q1714828,chasseur ou chasseresse,investisseur,t.a.-d.a.-f.o.-',0.34,True
Q2066131,athlète,hôte,f.a.-k.a.-f.o.-',0.23,True
Q11124885,pratiquant d'arts martiaux,acteurs sociaux,M:M:.a.-M:M:.a.-f.o.-',0.29,True
Q1487,hacker,ouvrier,m.a.-l.a.-f.o.-',0.17,True
Q1714828,chasseur ou chasseresse,investisseur,t.a.-d.a.-f.o.-',0.34,True
Q8011071,dresseur,investisseur,t.a.-d.a.-f.o.-',0.46,False
Q1368409,éleveur,cultivateur / éleveur,f.a.-f.a.-f.o.-',0.64,False
Q437512,tisserand,investisseur,t.a.-d.a.-f.o.-',0.42,False
Q15995642,chef religieux,relation publique,l.a.-b.a.-f.o.-',0.24,True
Q1706722,enseignant-chercheur ou enseignante-chercheuse,enseignant,d.a.-f.a.-f.o.-',0.93,False
Q121594,professeur,investisseur,t.a.-d.a.-f.o.-',0.39,True
Q1622272,professeur ou professeure d'université,investisseur,t.a.-d.a.-f.o.-',0.36,True
Q8246794,blogueur ou blogueuse,psychologue,s.a.-f.a.-f.o.-',0.38,True
Q27943370,personnalité du monde de la mode,agent de,d.a.-l.a.-f.o.-',0.29,True
Q17167049,spécialiste de la littérature,journaliste,n.a.-b.a.-f.o.-',0.43,False
Q4070283,artilleur,travailleur social,f.a.-n.a.-f.o.-',0.45,False
Q1995643,service class people,client,n.a.-d.a.-f.o.-',0.14,True
Q4964182,philosophe,philosophe,s.a.-s.a.-f.o.-',1.0,False
Q2961975,chef ou cheffe d'entreprise,entrepreneur,l.a.-d.a.-f.o.-',0.57,False
Q108800680,media executive,mere,f.a.-m.a.-f.o.-',0.18,True
Q674426,conservateur ou conservatrice de musée,consultant,f.a.-s.a.-f.o.-',0.36,True
Q758780,jardinier,ouvrier,m.a.-l.a.-f.o.-',0.3,True
Q978044,cadre dirigeant ou cadre dirigeante,enfant,d.a.-m.a.-f.o.-',0.13,True
Q19746576,joueur de pelote basque,joueur,m.a.-b.a.-f.o.-',0.79,False
Q26903663,arts administrator,mentor,s.a.-d.a.-f.o.-',0.3,True
Q3387717,metteur ou metteuse en scène,acteur,s.a.-b.a.-f.o.-',0.22,True
Q15980158,auteur ou autrice de non-fiction,auteur,b.a.-b.a.-f.o.-',0.72,False
Q49757,poète ou poétesse,policier,n.a.-l.a.-f.o.-',0.16,True
Q82604,design,agent de,d.a.-l.a.-f.o.-',0.2,True
Q483501,artiste,archiviste,t.a.-l.a.-f.o.-',0.36,True
Q483501,artiste,archiviste,t.a.-l.a.-f.o.-',0.36,True
Q17291399,membre d'équipe de cinéma,agent de,d.a.-l.a.-f.o.-',0.29,True
Q266569,animateur ou animatrice,réformateur,n.a.-k.a.-f.o.-',0.37,True
Q266569,animateur ou animatrice,réformateur,n.a.-k.a.-f.o.-',0.37,True
Q21560152,responsable d'effets spéciaux,acteurs sociaux,M:M:.a.-M:M:.a.-f.o.-',0.38,True
Q2490358,chorégraphe,cartographe,l.a.-t.a.-f.o.-',0.6,False
Q2833480,coordinateur des cascades,médiateur,m.a.-s.a.-f.o.-',0.29,True
Q2462658,manager,manager,l.a.-s.a.-f.o.-',1.0,False
Q189125,personne trans,transporteur,b.a.-l.a.-f.o.-',0.52,False
Q852857,travailleur ou travailleuse du sexe,travailleur social,f.a.-n.a.-f.o.-',0.8,False
Q1104185,coaching,archiviste,t.a.-l.a.-f.o.-',0.15,True
Q48282,étudiant ou étudiante,étudiant,d.a.-s.a.-f.o.-',0.97,False
Q211346,psychiatre,psychologue,s.a.-f.a.-f.o.-',0.46,False
Q1919436,pédiatre,médiateur,m.a.-s.a.-f.o.-',0.49,False
Q41583,entraîneur sportif,entrepreneur,l.a.-d.a.-f.o.-',0.4,False
Q1444,orgue,psychologue,s.a.-f.a.-f.o.-',0.3,True
Q55738684,sets of open flutes with internal duct without fingerholes,journaliste,n.a.-b.a.-f.o.-',0.15,True
Q55738864,sets of oboes with conical bore,consultant,f.a.-s.a.-f.o.-',0.21,True
Q11712894,instrument de musique à vent à clavier,agent de,d.a.-l.a.-f.o.-',0.31,True
Q191808,religieuse,relation publique,l.a.-b.a.-f.o.-',0.28,True
Q2566598,religieux catholique,relation publique,l.a.-b.a.-f.o.-',0.46,False
Q42973,architecte,archiviste,t.a.-l.a.-f.o.-',0.53,False
Q5322166,designer,agent de,d.a.-l.a.-f.o.-',0.18,True
Q108289383,"architects, planners, surveyors and designers",archiviste,t.a.-l.a.-f.o.-',0.41,False
Q11124885,pratiquant d'arts martiaux,acteurs sociaux,M:M:.a.-M:M:.a.-f.o.-',0.29,True
Q1294787,artisan,archiviste,t.a.-l.a.-f.o.-',0.12,True
Q3305213,peinture,assureur,f.a.-t.a.-f.o.-',0.17,True
Q6575414,miniature art,partenaire,m.a.-d.a.-f.o.-',0.13,True
Q108710667,speculative/fantastic fiction author,relation publique,l.a.-b.a.-f.o.-',0.25,True
Q381136,actionnaire,fonctionnaire,t.a.-k.a.-f.o.-',0.73,False
Q16532929,administrateur,médiateur,m.a.-s.a.-f.o.-',0.31,True
Q4164871,fonction,fonctionnaire,t.a.-k.a.-f.o.-',0.67,False
Q2135588,Auxiliaire de justice,notaire,m.a.-t.a.-f.o.-',0.26,True
Q16532929,administrateur,médiateur,m.a.-s.a.-f.o.-',0.31,True
Q8985067,government official,officier,l.a.-k.a.-f.o.-',0.6,False
Q31728,administration publique,relation publique,l.a.-b.a.-f.o.-',0.8,False
Q13418253,philologue,psychologue,s.a.-f.a.-f.o.-',0.46,False
Q1391346,safety officer,officier,l.a.-k.a.-f.o.-',0.74,False
Q56039812,fire protection engineer,fonctionnaire,t.a.-k.a.-f.o.-',0.31,True
Q3391743,artiste visuel ou artiste visuelle,archiviste,t.a.-l.a.-f.o.-',0.36,True
Q3374326,peintre muraliste,journaliste,n.a.-b.a.-f.o.-',0.48,False
Q12713481,ouvrier,ouvrier,m.a.-l.a.-f.o.-',1.0,False
Q15980591,monteur d'acier,inventeur,d.a.-d.a.-f.o.-',0.33,True
Q2374149,botaniste,activiste,b.a.-k.a.-f.o.-',0.33,True
Q3140857,horticulteur,cultivateur / éleveur,f.a.-f.a.-f.o.-',0.26,True
Q465501,cascadeur ou cascadeuse,vendeur,k.a.-d.a.-f.o.-',0.32,True
Q15978655,consultant ou consultante,consultant,f.a.-s.a.-f.o.-',0.98,False
Q28344461,security consultant,consultant,f.a.-s.a.-f.o.-',0.91,False
Q187939,activités de fabrication,activiste,b.a.-k.a.-f.o.-',0.5,False
Q12370538,scientifique des sols,relation publique,l.a.-b.a.-f.o.-',0.28,True
Q3332438,médecin spécialiste,médecin,n.a.-f.a.-f.o.-',0.75,False
Q12119633,immunologiste,écologiste,l.a.-f.a.-f.o.-',0.79,False
Q36180,écrivain ou écrivaine,écologiste,l.a.-f.a.-f.o.-',0.11,True
Q1714828,chasseur ou chasseresse,investisseur,t.a.-d.a.-f.o.-',0.34,True
Q331432,pêcheur ou pêcheuse,ouvrier,m.a.-l.a.-f.o.-',0.2,True
Q1714828,chasseur ou chasseresse,investisseur,t.a.-d.a.-f.o.-',0.34,True
Q45199,marin,manager,l.a.-s.a.-f.o.-',0.18,True
Q42973,architecte,archiviste,t.a.-l.a.-f.o.-',0.53,False
Q11974939,professionnel ou professionnelle de la santé,procureur,b.a.-n.a.-f.o.-',0.21,True
Q849424,capitaine de navire,publicitaire,b.a.-d.a.-f.o.-',0.29,True
Q37226,enseignant ou enseignante,enseignant,d.a.-f.a.-f.o.-',0.98,False
Q7922,pédagogie,écologiste,l.a.-f.a.-f.o.-',0.21,True
Q266569,animateur ou animatrice,réformateur,n.a.-k.a.-f.o.-',0.37,True
Q255274,col blanc,ancêtre,t.a.-m.a.-f.o.-',0.14,True
Q1139055,receveur des finances,cultivateur / éleveur,f.a.-f.a.-f.o.-',0.35,True
Q250867,prêtre catholique,relation publique,l.a.-b.a.-f.o.-',0.32,True
Q548320,frère,frère/socur,k.a.-m.a.-f.o.-',0.52,False
Q733786,moine ou moniale,témoin,d.a.-n.a.-f.o.-',0.32,True
Q7140620,partisan,partenaire,m.a.-d.a.-f.o.-',0.46,False
Q11499147,militant ou militante politique,politicien,s.a.-k.a.-f.o.-',0.38,True
Q11388835,membre de parti politique,politicien,s.a.-k.a.-f.o.-',0.46,False
Q120286705,antisioniste,activiste,b.a.-k.a.-f.o.-',0.28,True
Q120324952,anti-capitalist,journaliste,n.a.-b.a.-f.o.-',0.38,True
Q121092921,extrémiste de gauche,activiste,b.a.-k.a.-f.o.-',0.29,True
Q83460,général,bénévole,m.a.-n.a.-f.o.-',0.15,True
Q3151043,corps des ingénieurs de l'armement,agent de,d.a.-l.a.-f.o.-',0.38,True
Q44595,cannibalisme,journaliste,n.a.-b.a.-f.o.-',0.29,True
Q83267,crime,acteurs sociaux,M:M:.a.-M:M:.a.-f.o.-',0.0,True
Q1419997,responsable événementiel,comptable,b.a.-t.a.-f.o.-',0.34,True
Q15253558,militant ou militante,consultant,f.a.-s.a.-f.o.-',0.24,True
Q3332438,médecin spécialiste,médecin,n.a.-f.a.-f.o.-',0.75,False
Q42603,prêtre,ancêtre,t.a.-m.a.-f.o.-',0.52,False
Q3391743,artiste visuel ou artiste visuelle,archiviste,t.a.-l.a.-f.o.-',0.36,True
Q17291399,membre d'équipe de cinéma,agent de,d.a.-l.a.-f.o.-',0.29,True
Q1028181,peintre,ancêtre,t.a.-m.a.-f.o.-',0.27,True
Q384593,policier ou policière,policier,n.a.-l.a.-f.o.-',0.93,False
Q25713832,dirigeant ou dirigeante,enfant,d.a.-m.a.-f.o.-',0.15,True
Q3332438,médecin spécialiste,médecin,n.a.-f.a.-f.o.-',0.75,False
Q160117,courtier,secouriste,f.a.-l.a.-f.o.-',0.25,True
Q1866686,plongeur,acteur,s.a.-b.a.-f.o.-',0.17,True
Q202648,arbitre sportif ou arbitre sportive,transporteur,b.a.-l.a.-f.o.-',0.35,True
Q38088701,officiel d'un match de football,officier,l.a.-k.a.-f.o.-',0.71,False
Q1757103,officiel,officier,l.a.-k.a.-f.o.-',0.85,False
Q202648,arbitre sportif ou arbitre sportive,transporteur,b.a.-l.a.-f.o.-',0.35,True
Q202648,arbitre sportif ou arbitre sportive,transporteur,b.a.-l.a.-f.o.-',0.35,True
Q42973,architecte,archiviste,t.a.-l.a.-f.o.-',0.53,False
Q42973,architecte,archiviste,t.a.-l.a.-f.o.-',0.53,False
Q212238,fonctionnaire,fonctionnaire,t.a.-k.a.-f.o.-',1.0,False
Q42973,architecte,archiviste,t.a.-l.a.-f.o.-',0.53,False
Q112598603,data professional,procureur,b.a.-n.a.-f.o.-',0.22,True
Q1779650,ingénieur design,agent de,d.a.-l.a.-f.o.-',0.16,True
Q42973,architecte,archiviste,t.a.-l.a.-f.o.-',0.53,False
Q131062,urbaniste,activiste,b.a.-k.a.-f.o.-',0.37,True
Q2095549,aviateur ou aviatrice,médiateur,m.a.-s.a.-f.o.-',0.45,False
Q635734,archiviste,archiviste,t.a.-l.a.-f.o.-',1.0,False
Q17132038,paléographe,cartographe,l.a.-t.a.-f.o.-',0.68,False
Q3391743,artiste visuel ou artiste visuelle,archiviste,t.a.-l.a.-f.o.-',0.36,True
Q664283,vitrier,ouvrier,m.a.-l.a.-f.o.-',0.5,False
Q177220,chanteur ou chanteuse,inventeur,d.a.-d.a.-f.o.-',0.43,False
Q81729632,musicien ou musicienne de musique classique,musicien,f.a.-b.a.-f.o.-',0.84,False
Q24841721,chanteur classique,inventeur,d.a.-d.a.-f.o.-',0.3,True
Q106039,chrétien ou chrétienne,musicien,f.a.-b.a.-f.o.-',0.19,True
Q17291399,membre d'équipe de cinéma,agent de,d.a.-l.a.-f.o.-',0.29,True
Q34074720,féministe,activiste,b.a.-k.a.-f.o.-',0.42,False
Q13382981,lugeur,acteur,s.a.-b.a.-f.o.-',0.28,True
Q11631,astronaute,auteur,b.a.-b.a.-f.o.-',0.44,False
Q1476215,défenseur des droits de l'Homme,défendeur,l.a.-n.a.-f.o.-',0.47,False
Q94084,professeur invité,investisseur,t.a.-d.a.-f.o.-',0.47,False
Q4610556,mannequin,manager,l.a.-s.a.-f.o.-',0.32,True
Q212238,fonctionnaire,fonctionnaire,t.a.-k.a.-f.o.-',1.0,False
Q201788,historien ou historienne,ouvrier,m.a.-l.a.-f.o.-',0.18,True
Q349843,profession paramédicale,médiateur,m.a.-s.a.-f.o.-',0.19,True
Q213441,magasin,voisin,m.a.-k.a.-f.o.-',0.37,True
Q333634,traducteur ou traductrice,traducteur,t.a.-s.a.-f.o.-',0.96,False
Q333634,traducteur ou traductrice,traducteur,t.a.-s.a.-f.o.-',0.96,False
Q82955,personnalité politique,politicien,s.a.-k.a.-f.o.-',0.51,False
Q1544133,auteur ou autrice de jeux de société,auteur,b.a.-b.a.-f.o.-',0.68,False
Q482980,auteur ou autrice,auteur,b.a.-b.a.-f.o.-',0.92,False
Q5155473,garde malade,agent de,d.a.-l.a.-f.o.-',0.22,True
Q11900058,explorateur ou exploratrice,médiateur,m.a.-s.a.-f.o.-',0.25,True
Q1895303,forestier ou forestière,investisseur,t.a.-d.a.-f.o.-',0.23,True
Q1524582,éleveur,cultivateur / éleveur,f.a.-f.a.-f.o.-',0.64,False
Q1368409,éleveur,cultivateur / éleveur,f.a.-f.a.-f.o.-',0.64,False
Q40348,avocat ou avocate,avocat,n.a.-t.a.-f.o.-',0.95,False
Q36834,compositeur ou compositrice,comptable,b.a.-t.a.-f.o.-',0.45,False
Q3243461,collectionneur ou collectionneuse,fonctionnaire,t.a.-k.a.-f.o.-',0.37,True
Q81096,ingénieur ou ingénieure,inventeur,d.a.-d.a.-f.o.-',0.19,True
Q311396,gardien de prison,agent de,d.a.-l.a.-f.o.-',0.29,True
Q215627,personne,fonctionnaire,t.a.-k.a.-f.o.-',0.18,True
Q1231865,pédagogue,psychologue,s.a.-f.a.-f.o.-',0.44,False
Q918824,aumônier militaire,publicitaire,b.a.-d.a.-f.o.-',0.43,False
Q28107590,artiste de concept,archiviste,t.a.-l.a.-f.o.-',0.25,True
Q28110454,artiste de layout,archiviste,t.a.-l.a.-f.o.-',0.3,True
Q266569,animateur ou animatrice,réformateur,n.a.-k.a.-f.o.-',0.37,True
Q856887,agent de sécurité,agent de,d.a.-l.a.-f.o.-',0.86,False
Q5589126,agent du gouvernement,agent de,d.a.-l.a.-f.o.-',0.78,False
Q483501,artiste,archiviste,t.a.-l.a.-f.o.-',0.36,True
Q17291399,membre d'équipe de cinéma,agent de,d.a.-l.a.-f.o.-',0.29,True
Q214609,matériau,manager,l.a.-s.a.-f.o.-',0.15,True
Q8205328,objet artificiel physique,officier,l.a.-k.a.-f.o.-',0.29,True
Q28877,bien,musicien,f.a.-b.a.-f.o.-',0.31,True
Q16686448,entité artificielle,officier,l.a.-k.a.-f.o.-',0.33,True
Q2424752,produit,producteur,d.a.-b.a.-f.o.-',0.66,False
Q806798,banquier,banquier,d.a.-t.a.-f.o.-',1.0,False
Q11079476,artiste numérique,archiviste,t.a.-l.a.-f.o.-',0.26,True
Q266569,animateur ou animatrice,réformateur,n.a.-k.a.-f.o.-',0.37,True
Q17516936,curleur,travailleur social,f.a.-n.a.-f.o.-',0.25,True
Q114414171,para-athlete,partenaire,m.a.-d.a.-f.o.-',0.33,True
Q3332438,médecin spécialiste,médecin,n.a.-f.a.-f.o.-',0.75,False
Q1402561,chef militaire,publicitaire,b.a.-d.a.-f.o.-',0.47,False
Q1259323,chef de tribu,agent de,d.a.-l.a.-f.o.-',0.41,False
Q5716684,danseur ou danseuse,précurseur,s.a.-n.a.-f.o.-',0.19,True
Q157195,serveur,cultivateur / éleveur,f.a.-f.a.-f.o.-',0.31,True
Q255274,col blanc,ancêtre,t.a.-m.a.-f.o.-',0.14,True
Q1607826,éditeur ou éditrice,éditeur,t.a.-b.a.-f.o.-',0.93,False
Q41546637,wikimédien ou wikimédienne,médiateur,m.a.-s.a.-f.o.-',0.33,True
Q115667419,Wikidata registered user,écologiste,l.a.-f.a.-f.o.-',0.31,True
Q1162163,directeur ou directrice,lecteur,b.a.-s.a.-f.o.-',0.47,False
Q483501,artiste,archiviste,t.a.-l.a.-f.o.-',0.36,True
Q783906,neurologue,psychologue,s.a.-f.a.-f.o.-',0.57,False
Q4531850,endocrinologue,psychologue,s.a.-f.a.-f.o.-',0.58,False
Q108305399,painters and related workers,relation publique,l.a.-b.a.-f.o.-',0.34,True
Q811122,travailleur de la construction,travailleur social,f.a.-n.a.-f.o.-',0.63,False
Q2588761,travailleur qualifié ou travailleuse qualifiée,travailleur social,f.a.-n.a.-f.o.-',0.78,False
Q81096,ingénieur ou ingénieure,inventeur,d.a.-d.a.-f.o.-',0.19,True
Q520549,géologue,psychologue,s.a.-f.a.-f.o.-',0.62,False
Q3422561,recteur d'académie,lecteur,b.a.-s.a.-f.o.-',0.59,False
Q45199,marin,manager,l.a.-s.a.-f.o.-',0.18,True
Q2588761,travailleur qualifié ou travailleuse qualifiée,travailleur social,f.a.-n.a.-f.o.-',0.78,False
Q9603,soufisme,acteurs sociaux,M:M:.a.-M:M:.a.-f.o.-',0.16,True
Q17573152,croyant ou croyante,enfant,d.a.-m.a.-f.o.-',0.24,True
Q26726369,lender,vendeur,k.a.-d.a.-f.o.-',0.34,True
Q627325,graphiste,cartographe,l.a.-t.a.-f.o.-',0.34,True
Q2500638,créateur ou créatrice,médiateur,m.a.-s.a.-f.o.-',0.25,True
Q1391083,travailleur qualifié,travailleur social,f.a.-n.a.-f.o.-',0.79,False
Q196721,machiniste,archiviste,t.a.-l.a.-f.o.-',0.36,True
Q327029,mécanicien,technicien,f.a.-d.a.-f.o.-',0.56,False
Q108290568,metal working machine tool setters and operators,mentor,s.a.-d.a.-f.o.-',0.14,True
Q3422561,recteur d'académie,lecteur,b.a.-s.a.-f.o.-',0.59,False
Q191808,religieuse,relation publique,l.a.-b.a.-f.o.-',0.28,True
Q1028181,peintre,ancêtre,t.a.-m.a.-f.o.-',0.27,True
Q47494964,miniaturiste,secouriste,f.a.-l.a.-f.o.-',0.6,False
Q27943370,personnalité du monde de la mode,agent de,d.a.-l.a.-f.o.-',0.29,True
Q13235160,producteur,producteur,d.a.-b.a.-f.o.-',1.0,False
Q1344174,agent artistique,agent de,d.a.-l.a.-f.o.-',0.64,False
Q27943370,personnalité du monde de la mode,agent de,d.a.-l.a.-f.o.-',0.29,True
Q1792450,historien ou historienne de l'art,agent de,d.a.-l.a.-f.o.-',0.18,True
Q27943370,personnalité du monde de la mode,agent de,d.a.-l.a.-f.o.-',0.29,True
Q2393361,maître à danser,ancêtre,t.a.-m.a.-f.o.-',0.21,True
Q43845,personnalité du monde des affaires,fonctionnaire,t.a.-k.a.-f.o.-',0.24,True
Q63755054,entrepreneur en bâtiment,entrepreneur,l.a.-d.a.-f.o.-',0.93,False
Q10694573,artiste textile,archiviste,t.a.-l.a.-f.o.-',0.32,True
Q66035178,travailleur du textile,travailleur social,f.a.-n.a.-f.o.-',0.79,False
Q2588761,travailleur qualifié ou travailleuse qualifiée,travailleur social,f.a.-n.a.-f.o.-',0.78,False
Q2066131,athlète,hôte,f.a.-k.a.-f.o.-',0.23,True
Q3519259,comte,comptable,b.a.-t.a.-f.o.-',0.32,True
Q134737,noblesse,notaire,m.a.-t.a.-f.o.-',0.15,True
Q111608397,practitioner,fonctionnaire,t.a.-k.a.-f.o.-',0.22,True
Q13418253,philologue,psychologue,s.a.-f.a.-f.o.-',0.46,False
Q1607826,éditeur ou éditrice,éditeur,t.a.-b.a.-f.o.-',0.93,False
Q639669,musicien ou musicienne,musicien,f.a.-b.a.-f.o.-',0.98,False
Q6606110,industriel,ouvrier,m.a.-l.a.-f.o.-',0.14,True
Q15709480,biologiste computationnel ou biologiste computationnelle,écologiste,l.a.-f.a.-f.o.-',0.54,False
Q82594,informaticien ou informaticienne,informaticien,s.a.-t.a.-f.o.-',0.99,False
Q3332438,médecin spécialiste,médecin,n.a.-f.a.-f.o.-',0.75,False
Q864503,biologiste,écologiste,l.a.-f.a.-f.o.-',0.79,False
Q215536,commerçant,comptable,b.a.-t.a.-f.o.-',0.25,True
Q17307272,artiste de cirque,archiviste,t.a.-l.a.-f.o.-',0.25,True
Q9352089,espion ou espionne,fonctionnaire,t.a.-k.a.-f.o.-',0.19,True
Q2045208,célébrité d'internet,inventeur,d.a.-d.a.-f.o.-',0.17,True
Q1900657,marketeur ou marketeuse,acteur,s.a.-b.a.-f.o.-',0.23,True
Q5,être humain,ancêtre,t.a.-m.a.-f.o.-',0.52,False
Q731997,promagistrat,procureur,b.a.-n.a.-f.o.-',0.2,True
Q3391743,artiste visuel ou artiste visuelle,archiviste,t.a.-l.a.-f.o.-',0.36,True
Q713200,artiste interprète,archiviste,t.a.-l.a.-f.o.-',0.33,True
Q27214348,inspecteur,inspecteur,d.a.-k.a.-f.o.-',1.0,False
Q1278335,instrumentiste,activiste,b.a.-k.a.-f.o.-',0.25,True
Q1650915,chercheur ou chercheuse,archiviste,t.a.-l.a.-f.o.-',0.17,True
Q2732142,statisticien ou statisticienne,politicien,s.a.-k.a.-f.o.-',0.44,False
Q112598603,data professional,procureur,b.a.-n.a.-f.o.-',0.22,True
Q942569,analyste,journaliste,n.a.-b.a.-f.o.-',0.24,True
Q4793045,combat arm,comptable,b.a.-t.a.-f.o.-',0.24,True
Q57735705,personnalité liée au droit,journaliste,n.a.-b.a.-f.o.-',0.19,True
Q12737077,activité,activiste,b.a.-k.a.-f.o.-',0.74,False
Q12797895,occultiste,cultivateur / éleveur,f.a.-f.a.-f.o.-',0.28,True
Q1423891,ministre du culte,adulte,n.a.-s.a.-f.o.-',0.38,True
Q831474,prêtre chrétien,ancêtre,t.a.-m.a.-f.o.-',0.43,False
Q4164871,fonction,fonctionnaire,t.a.-k.a.-f.o.-',0.67,False
Q1638918,ordinaire,partenaire,m.a.-d.a.-f.o.-',0.5,False
Q112074151,head of a diocese,officier,l.a.-k.a.-f.o.-',0.17,True
Q352507,pasteur,acteur,s.a.-b.a.-f.o.-',0.3,True
Q3589178,Épiscope,époux,s.a.-m.a.-f.o.-',0.29,True
Q37226,enseignant ou enseignante,enseignant,d.a.-f.a.-f.o.-',0.98,False
Q170790,mathématicien ou mathématicienne,informaticien,s.a.-t.a.-f.o.-',0.62,False
Q5352191,technicien ou technicienne,technicien,f.a.-d.a.-f.o.-',0.99,False
Q54128,domestique,relation publique,l.a.-b.a.-f.o.-',0.31,True
Q864503,biologiste,écologiste,l.a.-f.a.-f.o.-',0.79,False
Q593644,chimiste,archiviste,t.a.-l.a.-f.o.-',0.43,False
Q17136179,scientifique interdisciplinaire,partenaire,m.a.-d.a.-f.o.-',0.29,True
Q327055,travailleur ou travailleuse,travailleur social,f.a.-n.a.-f.o.-',0.8,False
Q108290816,professions élémentaires non classées ailleurs,travailleur social,f.a.-n.a.-f.o.-',0.31,True
Q212980,psychologue,psychologue,s.a.-f.a.-f.o.-',1.0,False
Q39631,médecin,médecin,n.a.-f.a.-f.o.-',1.0,False
Q5716684,danseur ou danseuse,précurseur,s.a.-n.a.-f.o.-',0.19,True
Q338754,contrôle,consultant,f.a.-s.a.-f.o.-',0.26,True
Q29017603,maîtrise,manager,l.a.-s.a.-f.o.-',0.17,True
Q1783823,coordination,relation publique,l.a.-b.a.-f.o.-',0.44,False
Q18576582,métallurgiste,écologiste,l.a.-f.a.-f.o.-',0.43,False
Q1281618,sculpteur ou sculptrice,cultivateur / éleveur,f.a.-f.a.-f.o.-',0.25,True
Q838566,forgeron ou forgeronne,manager,l.a.-s.a.-f.o.-',0.13,True
Q12031226,fondeur ou fondeuse,fondateur,t.a.-t.a.-f.o.-',0.46,False
Q1683295,peinture japonaise,partenaire,m.a.-d.a.-f.o.-',0.18,True
Q1142000,Peinture de lettrés,agent de,d.a.-l.a.-f.o.-',0.34,True
Q1281618,sculpteur ou sculptrice,cultivateur / éleveur,f.a.-f.a.-f.o.-',0.25,True
Q107560891,religious artist,relation publique,l.a.-b.a.-f.o.-',0.19,True
Q12737077,activité,activiste,b.a.-k.a.-f.o.-',0.74,False
Q19358049,refus,relation publique,l.a.-b.a.-f.o.-',0.16,True
Q37226,enseignant ou enseignante,enseignant,d.a.-f.a.-f.o.-',0.98,False
Q864503,biologiste,écologiste,l.a.-f.a.-f.o.-',0.79,False
Q10404150,acousticien ou acousticienne,politicien,s.a.-k.a.-f.o.-',0.47,False
Q437512,tisserand,investisseur,t.a.-d.a.-f.o.-',0.42,False
Q12713481,ouvrier,ouvrier,m.a.-l.a.-f.o.-',1.0,False
Q17765219,administrateur colonial ou administratrice coloniale,écologiste,l.a.-f.a.-f.o.-',0.24,True
Q4164871,fonction,fonctionnaire,t.a.-k.a.-f.o.-',0.67,False
Q82955,personnalité politique,politicien,s.a.-k.a.-f.o.-',0.51,False
Q5322166,designer,agent de,d.a.-l.a.-f.o.-',0.18,True
Q1231865,pédagogue,psychologue,s.a.-f.a.-f.o.-',0.44,False
Q12737077,activité,activiste,b.a.-k.a.-f.o.-',0.74,False
Q28640,profession,procureur,b.a.-n.a.-f.o.-',0.24,True
Q11424604,géoscientifique,relation publique,l.a.-b.a.-f.o.-',0.3,True
Q5352191,technicien ou technicienne,technicien,f.a.-d.a.-f.o.-',0.99,False
Q215627,personne,fonctionnaire,t.a.-k.a.-f.o.-',0.18,True
Q1190554,occurrence,entrepreneur,l.a.-d.a.-f.o.-',0.14,True
Q639669,musicien ou musicienne,musicien,f.a.-b.a.-f.o.-',0.98,False
Q329439,graveur ou graveuse sur métal,cultivateur / éleveur,f.a.-f.a.-f.o.-',0.2,True
Q2066131,athlète,hôte,f.a.-k.a.-f.o.-',0.23,True
Q18536342,joueur professionnel ou joueuse professionnelle,joueur,m.a.-b.a.-f.o.-',0.75,False
Q2066131,athlète,hôte,f.a.-k.a.-f.o.-',0.23,True
Q18536342,joueur professionnel ou joueuse professionnelle,joueur,m.a.-b.a.-f.o.-',0.75,False
Q852061,champion,relation publique,l.a.-b.a.-f.o.-',0.27,True
Q2500638,créateur ou créatrice,médiateur,m.a.-s.a.-f.o.-',0.25,True
Q43229,organisation,relation publique,l.a.-b.a.-f.o.-',0.46,False
Q27939,chant,enfant,d.a.-m.a.-f.o.-',0.34,True
Q2462658,manager,manager,l.a.-s.a.-f.o.-',1.0,False
Q2066131,athlète,hôte,f.a.-k.a.-f.o.-',0.23,True
Q621613,chasseur de primes,investisseur,t.a.-d.a.-f.o.-',0.35,True
Q561457,transporteur,transporteur,b.a.-l.a.-f.o.-',1.0,False
Q19398863,vocational driver,avocat,n.a.-t.a.-f.o.-',0.4,False
Q128124,ingénieur du son,inventeur,d.a.-d.a.-f.o.-',0.16,True
Q978044,cadre dirigeant ou cadre dirigeante,enfant,d.a.-m.a.-f.o.-',0.13,True
Q107100767,dirigeant de société,agent de,d.a.-l.a.-f.o.-',0.27,True
Q2350126,répétiteur vocal,éditeur,t.a.-b.a.-f.o.-',0.38,True
Q7063944,cheminot,notaire,m.a.-t.a.-f.o.-',0.26,True
Q11668201,station staff,relation publique,l.a.-b.a.-f.o.-',0.43,False
Q228422,Contrôleur des transports,transporteur,b.a.-l.a.-f.o.-',0.74,False
Q7063944,cheminot,notaire,m.a.-t.a.-f.o.-',0.26,True
Q5121444,officier de renseignement,officier,l.a.-k.a.-f.o.-',0.68,False
Q1162163,directeur ou directrice,lecteur,b.a.-s.a.-f.o.-',0.47,False
Q193391,diplomate,diplomate,k.a.-s.a.-f.o.-',1.0,False
Q5322166,designer,agent de,d.a.-l.a.-f.o.-',0.18,True
Q22811707,décorateur,médiateur,m.a.-s.a.-f.o.-',0.32,True
Q706364,directeur ou directrice artistique,lecteur,b.a.-s.a.-f.o.-',0.37,True
Q1414443,cinéaste,activiste,b.a.-k.a.-f.o.-',0.2,True
Q2419397,thérapeute,auteur,b.a.-b.a.-f.o.-',0.2,True
Q55071047,auxiliaire de santé,notaire,m.a.-t.a.-f.o.-',0.29,True
Q29881694,thérapeute alternatif,adulte,n.a.-s.a.-f.o.-',0.16,True
Q40821,chirurgie,archiviste,t.a.-l.a.-f.o.-',0.21,True
Q1221899,gynécologie,écologiste,l.a.-f.a.-f.o.-',0.7,False
Q121998,ambassadeur ou ambassadrice,vendeur,k.a.-d.a.-f.o.-',0.24,True
Q116182667,diplomate attaché à un territoire,diplomate,k.a.-s.a.-f.o.-',0.86,False
Q3267878,lutherie,ouvrier,m.a.-l.a.-f.o.-',0.23,True
Q154773,yechiva,archiviste,t.a.-l.a.-f.o.-',0.28,True
Q2238884,accompagnateur professionnel,producteur,d.a.-b.a.-f.o.-',0.24,True
Q26481809,dirigeant sportif,transporteur,b.a.-l.a.-f.o.-',0.36,True
Q1818899,colon,écologiste,l.a.-f.a.-f.o.-',0.27,True
Q22813352,voyageur ou voyageuse,pourvoyeur,k.a.-f.a.-f.o.-',0.15,True
Q12547146,immigrant,enfant,d.a.-m.a.-f.o.-',0.22,True
Q846570,Américains,amant/e,b.a.-m.a.-f.o.-',0.17,True
Q937283,pionnier,fonctionnaire,t.a.-k.a.-f.o.-',0.24,True
Q40348,avocat ou avocate,avocat,n.a.-t.a.-f.o.-',0.95,False
Q43455,ethnologie,écologiste,l.a.-f.a.-f.o.-',0.48,False
Q11124885,pratiquant d'arts martiaux,acteurs sociaux,M:M:.a.-M:M:.a.-f.o.-',0.29,True
Q13219447,journaliste sportif ou journaliste sportive,journaliste,n.a.-b.a.-f.o.-',0.89,False
Q1642960,polémiste,activiste,b.a.-k.a.-f.o.-',0.32,True
Q947873,animateur ou animatrice de télévision,réformateur,n.a.-k.a.-f.o.-',0.29,True
Q1371925,speaker,spectateur,k.a.-b.a.-f.o.-',0.34,True
Q50995749,personnalité liée au sport,transporteur,b.a.-l.a.-f.o.-',0.29,True
Q2101758,commissaire de police,policier,n.a.-l.a.-f.o.-',0.46,False
Q294414,fonction publique,relation publique,l.a.-b.a.-f.o.-',0.63,False
Q11974939,professionnel ou professionnelle de la santé,procureur,b.a.-n.a.-f.o.-',0.21,True
Q1468920,charlatanisme,pharmacien,t.a.-f.a.-f.o.-',0.12,True
Q2518689,guérisseur,investisseur,t.a.-d.a.-f.o.-',0.51,False
Q15253558,militant ou militante,consultant,f.a.-s.a.-f.o.-',0.24,True
Q783794,compagnie,comptable,b.a.-t.a.-f.o.-',0.5,False
Q6881511,entreprise,entrepreneur,l.a.-d.a.-f.o.-',0.67,False
Q169470,physicien ou physicienne,musicien,f.a.-b.a.-f.o.-',0.62,False
Q2994387,conseiller ou conseillère,consultant,f.a.-s.a.-f.o.-',0.35,True
Q1294787,artisan,archiviste,t.a.-l.a.-f.o.-',0.12,True
Q108290615,"bakers, pastry-cooks and confectionery makers",fonctionnaire,t.a.-k.a.-f.o.-',0.25,True
Q17279032,charge élective,lecteur,b.a.-s.a.-f.o.-',0.26,True
Q24229398,agent,agent de,d.a.-l.a.-f.o.-',0.89,False
Q122745795,counseling psychologist,psychologue,s.a.-f.a.-f.o.-',0.67,False
Q15978655,consultant ou consultante,consultant,f.a.-s.a.-f.o.-',0.98,False
Q212238,fonctionnaire,fonctionnaire,t.a.-k.a.-f.o.-',1.0,False
Q182436,bibliothécaire,notaire,m.a.-t.a.-f.o.-',0.43,False
Q17135920,expert interdisciplinaire d'une région géographique,cartographe,l.a.-t.a.-f.o.-',0.31,True
Q201788,historien ou historienne,ouvrier,m.a.-l.a.-f.o.-',0.18,True
Q11063,astronome,assureur,f.a.-t.a.-f.o.-',0.24,True
Q2374149,botaniste,activiste,b.a.-k.a.-f.o.-',0.33,True
Q186360,infirmière ou infirmier,infirmier / soignant,b.a.-f.a.-f.o.-',0.69,False
Q5184855,membre d'équipage,mere,f.a.-m.a.-f.o.-',0.25,True
Q12964993,ingénieur des transports,transporteur,b.a.-l.a.-f.o.-',0.84,False
Q752129,astrophysicien ou astrophysicienne,musicien,f.a.-b.a.-f.o.-',0.58,False
Q37226,enseignant ou enseignante,enseignant,d.a.-f.a.-f.o.-',0.98,False
Q901,scientifique,relation publique,l.a.-b.a.-f.o.-',0.3,True
Q14290559,guide,guide spirituel,n.a.-n.a.-f.o.-',0.57,False
Q102039658,évêque catholique romain,relation publique,l.a.-b.a.-f.o.-',0.38,True
Q1144278,évêque diocésain,relation publique,l.a.-b.a.-f.o.-',0.21,True
Q1638918,ordinaire,partenaire,m.a.-d.a.-f.o.-',0.5,False
Q2374149,botaniste,activiste,b.a.-k.a.-f.o.-',0.33,True
Q16037036,paléobiologiste,écologiste,l.a.-f.a.-f.o.-',0.76,False
Q17573152,croyant ou croyante,enfant,d.a.-m.a.-f.o.-',0.24,True
Q1468920,charlatanisme,pharmacien,t.a.-f.a.-f.o.-',0.12,True
Q15253558,militant ou militante,consultant,f.a.-s.a.-f.o.-',0.24,True
Q15319501,chercheur ou chercheuse en sciences sociales,travailleur social,f.a.-n.a.-f.o.-',0.4,False
Q82955,personnalité politique,politicien,s.a.-k.a.-f.o.-',0.51,False
Q15401884,chercheur médical,médiateur,m.a.-s.a.-f.o.-',0.51,False
Q1650915,chercheur ou chercheuse,archiviste,t.a.-l.a.-f.o.-',0.17,True
Q1706722,enseignant-chercheur ou enseignante-chercheuse,enseignant,d.a.-f.a.-f.o.-',0.93,False
Q1914017,travailleur ou travailleuse de la connaissance,travailleur social,f.a.-n.a.-f.o.-',0.75,False
Q4164871,fonction,fonctionnaire,t.a.-k.a.-f.o.-',0.67,False
Q3250324,adjoint,adulte,n.a.-s.a.-f.o.-',0.17,True
Q27830328,conseiller régional,consultant,f.a.-s.a.-f.o.-',0.28,True
Q66387537,prédicateur à la télévision,médiateur,m.a.-s.a.-f.o.-',0.25,True
Q19280221,gastro-entérologue,psychologue,s.a.-f.a.-f.o.-',0.6,False
Q55071047,auxiliaire de santé,notaire,m.a.-t.a.-f.o.-',0.29,True
Q3332438,médecin spécialiste,médecin,n.a.-f.a.-f.o.-',0.75,False
Q774306,chirurgien ou chirurgienne,musicien,f.a.-b.a.-f.o.-',0.19,True
Q774306,chirurgien ou chirurgienne,musicien,f.a.-b.a.-f.o.-',0.19,True
Q774306,chirurgien ou chirurgienne,musicien,f.a.-b.a.-f.o.-',0.19,True
Q4991371,soldat,avocat,n.a.-t.a.-f.o.-',0.16,True
Q715222,dame de compagnie,comptable,b.a.-t.a.-f.o.-',0.41,False
Q4773904,anthropologue,psychologue,s.a.-f.a.-f.o.-',0.56,False
Q19829999,culturologue,psychologue,s.a.-f.a.-f.o.-',0.5,False
Q3332438,médecin spécialiste,médecin,n.a.-f.a.-f.o.-',0.75,False
Q327029,mécanicien,technicien,f.a.-d.a.-f.o.-',0.56,False
Q378622,pilote,philosophe,s.a.-s.a.-f.o.-',0.16,True
Q45787133,motard,notaire,m.a.-t.a.-f.o.-',0.26,True
Q19828933,équilibriste,secouriste,f.a.-l.a.-f.o.-',0.45,False
Q177220,chanteur ou chanteuse,inventeur,d.a.-d.a.-f.o.-',0.43,False
Q10873124,joueur ou joueuse d'échecs,joueur,m.a.-b.a.-f.o.-',0.95,False
Q174834,autorité,auteur,b.a.-b.a.-f.o.-',0.41,False
Q294414,fonction publique,relation publique,l.a.-b.a.-f.o.-',0.63,False
Q10547393,personnalité politique locale,politicien,s.a.-k.a.-f.o.-',0.49,False
Q17279032,charge élective,lecteur,b.a.-s.a.-f.o.-',0.26,True
Q2285706,chef de gouvernement,agent de,d.a.-l.a.-f.o.-',0.46,False
Q116783387,head of a city,citoyen,k.a.-k.a.-f.o.-',0.35,True
Q3320963,moniteur-éducateur ou monitrice-éducatrice,éditeur,t.a.-b.a.-f.o.-',0.35,True
Q4270517,skieur ou skieuse,ouvrier,m.a.-l.a.-f.o.-',0.2,True
Q41583,entraîneur sportif,entrepreneur,l.a.-d.a.-f.o.-',0.4,False
Q685433,vendeur ou vendeuse,vendeur,k.a.-d.a.-f.o.-',0.96,False
Q10384029,trafiquant de drogue,psychologue,s.a.-f.a.-f.o.-',0.29,True
Q23754015,manufacturier du textile,ouvrier,m.a.-l.a.-f.o.-',0.31,True
Q1294787,artisan,archiviste,t.a.-l.a.-f.o.-',0.12,True
Q66035178,travailleur du textile,travailleur social,f.a.-n.a.-f.o.-',0.79,False
Q1125062,rebelle,bénévole,m.a.-n.a.-f.o.-',0.11,True
Q5322166,designer,agent de,d.a.-l.a.-f.o.-',0.18,True
Q1114448,cartooniste,cartographe,l.a.-t.a.-f.o.-',0.47,False
Q1930187,journaliste,journaliste,n.a.-b.a.-f.o.-',1.0,False
Q29645880,ambassadeur d'un pays,vendeur,k.a.-d.a.-f.o.-',0.34,True
Q28389,scénariste,secouriste,f.a.-l.a.-f.o.-',0.52,False
Q631306,force basque,relation publique,l.a.-b.a.-f.o.-',0.19,True
Q544178,attaché,acteurs sociaux,M:M:.a.-M:M:.a.-f.o.-',0.0,True
Q1221126,Dienststellung,diplomate,k.a.-s.a.-f.o.-',0.12,True
Q189290,officier,officier,l.a.-k.a.-f.o.-',1.0,False
Q3455803,réalisateur ou réalisatrice,journaliste,n.a.-b.a.-f.o.-',0.26,True
Q1162163,directeur ou directrice,lecteur,b.a.-s.a.-f.o.-',0.47,False
Q69943983,health facility administrator,mentor,s.a.-d.a.-f.o.-',0.26,True
Q15839299,métier du théâtre,ancêtre,t.a.-m.a.-f.o.-',0.26,True
Q1162163,directeur ou directrice,lecteur,b.a.-s.a.-f.o.-',0.47,False
Q37226,enseignant ou enseignante,enseignant,d.a.-f.a.-f.o.-',0.98,False
Q1056391,directeur ou directrice d'école,lecteur,b.a.-s.a.-f.o.-',0.4,False
Q18121578,directeur ou directrice de recherche,lecteur,b.a.-s.a.-f.o.-',0.39,True
Q816432,chef de projet,agent de,d.a.-l.a.-f.o.-',0.34,True
Q1162163,directeur ou directrice,lecteur,b.a.-s.a.-f.o.-',0.47,False
Q685433,vendeur ou vendeuse,vendeur,k.a.-d.a.-f.o.-',0.96,False
Q4618975,docteur,acteur,s.a.-b.a.-f.o.-',0.63,False
Q849697,doctorat,mentor,s.a.-d.a.-f.o.-',0.19,True
Q4115013,diplôme en droit,diplomate,k.a.-s.a.-f.o.-',0.47,False
Q2628227,docteur ès sciences,acteur,s.a.-b.a.-f.o.-',0.51,False
Q203184,première dame,père,n.a.-m.a.-f.o.-',0.4,False
Q2066131,athlète,hôte,f.a.-k.a.-f.o.-',0.23,True
Q1294787,artisan,archiviste,t.a.-l.a.-f.o.-',0.12,True
Q10694573,artiste textile,archiviste,t.a.-l.a.-f.o.-',0.32,True
Q66035178,travailleur du textile,travailleur social,f.a.-n.a.-f.o.-',0.79,False
Q2588761,travailleur qualifié ou travailleuse qualifiée,travailleur social,f.a.-n.a.-f.o.-',0.78,False
Q212238,fonctionnaire,fonctionnaire,t.a.-k.a.-f.o.-',1.0,False
Q42603,prêtre,ancêtre,t.a.-m.a.-f.o.-',0.52,False
Q82955,personnalité politique,politicien,s.a.-k.a.-f.o.-',0.51,False
Q48352,chef d'État,avocat,n.a.-t.a.-f.o.-',0.15,True
Q294414,fonction publique,relation publique,l.a.-b.a.-f.o.-',0.63,False
Q2992505,confiseur,précurseur,s.a.-n.a.-f.o.-',0.24,True
Q663395,magistrature romaine,écologiste,l.a.-f.a.-f.o.-',0.2,True
Q10833314,joueur ou joueuse de tennis,joueur,m.a.-b.a.-f.o.-',0.9,False
Q3778211,personnalité juridique,juré,k.a.-n.a.-f.o.-',0.23,True
Q131524,entrepreneur ou entrepreneuse,entrepreneur,l.a.-d.a.-f.o.-',0.98,False
Q37226,enseignant ou enseignante,enseignant,d.a.-f.a.-f.o.-',0.98,False
Q108614246,zoologiste des invertébrés,écologiste,l.a.-f.a.-f.o.-',0.67,False
Q6104047,registrar,écologiste,l.a.-f.a.-f.o.-',0.24,True
Q4164871,fonction,fonctionnaire,t.a.-k.a.-f.o.-',0.67,False
Q1622272,professeur ou professeure d'université,investisseur,t.a.-d.a.-f.o.-',0.36,True
Q357813,chargé de cours,agent de,d.a.-l.a.-f.o.-',0.24,True
Q33394058,travailleur manuel,travailleur social,f.a.-n.a.-f.o.-',0.74,False
Q1796839,kitchen assistant,consultant,f.a.-s.a.-f.o.-',0.31,True
Q382887,élu au service public,publicitaire,b.a.-d.a.-f.o.-',0.55,False
Q212238,fonctionnaire,fonctionnaire,t.a.-k.a.-f.o.-',1.0,False
Q864503,biologiste,écologiste,l.a.-f.a.-f.o.-',0.79,False
Q11063,astronome,assureur,f.a.-t.a.-f.o.-',0.24,True
Q131512,agriculteur ou agricultrice,cultivateur / éleveur,f.a.-f.a.-f.o.-',0.27,True
Q2961975,chef ou cheffe d'entreprise,entrepreneur,l.a.-d.a.-f.o.-',0.57,False
Q36180,écrivain ou écrivaine,écologiste,l.a.-f.a.-f.o.-',0.11,True
Q4164871,fonction,fonctionnaire,t.a.-k.a.-f.o.-',0.67,False
Q15987302,profession juridique,relation publique,l.a.-b.a.-f.o.-',0.33,True
Q112598603,data professional,procureur,b.a.-n.a.-f.o.-',0.22,True
Q373085,chancelier,familier,m.a.-m.a.-f.o.-',0.43,False
Q20826540,érudit,éditeur,t.a.-b.a.-f.o.-',0.19,True
Q512314,socialite,travailleur social,f.a.-n.a.-f.o.-',0.44,False
Q15472169,mécène,médiateur,m.a.-s.a.-f.o.-',0.22,True
Q1294787,artisan,archiviste,t.a.-l.a.-f.o.-',0.12,True
Q15980591,monteur d'acier,inventeur,d.a.-d.a.-f.o.-',0.33,True
Q318296,enlèvement,mentor,s.a.-d.a.-f.o.-',0.32,True
Q2873500,aventurier ou aventurière,ouvrier,m.a.-l.a.-f.o.-',0.25,True
Q10729326,pirate,diplomate,k.a.-s.a.-f.o.-',0.24,True
Q178197,mercenaire,partenaire,m.a.-d.a.-f.o.-',0.54,False
Q2994440,corps des conservateurs du patrimoine,consultant,f.a.-s.a.-f.o.-',0.27,True
Q25616474,musicien d'un instrument de la famille des bois,musicien,f.a.-b.a.-f.o.-',0.63,False
Q30131998,anthropologiste culturel,écologiste,l.a.-f.a.-f.o.-',0.6,False
Q212238,fonctionnaire,fonctionnaire,t.a.-k.a.-f.o.-',1.0,False
Q21012419,soin animalier,familier,m.a.-m.a.-f.o.-',0.29,True
Q6235,nationalisme,journaliste,n.a.-b.a.-f.o.-',0.35,True
Q99543230,early childhood teacher,technicien,f.a.-d.a.-f.o.-',0.11,True
Q2251335,instituteur ou institutrice,inspecteur,d.a.-k.a.-f.o.-',0.31,True
Q78812499,schoolmistress,ancêtre,t.a.-m.a.-f.o.-',0.13,True
Q239526,progéniture,procureur,b.a.-n.a.-f.o.-',0.34,True
Q84048852,être humain féminin,ancêtre,t.a.-m.a.-f.o.-',0.44,False
Q29514218,enfant,enfant,d.a.-m.a.-f.o.-',1.0,False
Q2378505,promoteur,producteur,d.a.-b.a.-f.o.-',0.45,False
Q13235160,producteur,producteur,d.a.-b.a.-f.o.-',1.0,False
Q4330518,objet de la recherche,agent de,d.a.-l.a.-f.o.-',0.3,True
Q5067949,chaîne d'évènements,mentor,s.a.-d.a.-f.o.-',0.42,False
Q10659189,cambrioleur,travailleur social,f.a.-n.a.-f.o.-',0.24,True
Q4688043,trapéziste,activiste,b.a.-k.a.-f.o.-',0.3,True
Q19828933,équilibriste,secouriste,f.a.-l.a.-f.o.-',0.45,False
Q27943370,personnalité du monde de la mode,agent de,d.a.-l.a.-f.o.-',0.29,True
Q57735705,personnalité liée au droit,journaliste,n.a.-b.a.-f.o.-',0.19,True
Q384593,policier ou policière,policier,n.a.-l.a.-f.o.-',0.93,False
Q1930187,journaliste,journaliste,n.a.-b.a.-f.o.-',1.0,False
Q16532929,administrateur,médiateur,m.a.-s.a.-f.o.-',0.31,True
Q17221,porte-parole,transporteur,b.a.-l.a.-f.o.-',0.35,True
Q21505859,potier grec de l'Antiquité,agent de,d.a.-l.a.-f.o.-',0.28,True
Q19101121,artisan manuel,manager,l.a.-s.a.-f.o.-',0.23,True
Q329439,graveur ou graveuse sur métal,cultivateur / éleveur,f.a.-f.a.-f.o.-',0.2,True
Q211423,orfèvre,père,n.a.-m.a.-f.o.-',0.24,True
Q1283397,gemcutter,ouvrier,m.a.-l.a.-f.o.-',0.17,True
Q1664338,inquisiteur,éditeur,t.a.-b.a.-f.o.-',0.41,False
Q1549367,inquisiteur général,éditeur,t.a.-b.a.-f.o.-',0.37,True
Q57735705,personnalité liée au droit,journaliste,n.a.-b.a.-f.o.-',0.19,True
Q384593,policier ou policière,policier,n.a.-l.a.-f.o.-',0.93,False
Q327333,agence publique,relation publique,l.a.-b.a.-f.o.-',0.61,False
Q42603,prêtre,ancêtre,t.a.-m.a.-f.o.-',0.52,False
Q15995642,chef religieux,relation publique,l.a.-b.a.-f.o.-',0.24,True
Q255274,col blanc,ancêtre,t.a.-m.a.-f.o.-',0.14,True
Q7406919,service,secrétaire,k.a.-t.a.-f.o.-',0.19,True
Q2421951,care,cartographe,l.a.-t.a.-f.o.-',0.3,True
Q2328828,stagehand,agent de,d.a.-l.a.-f.o.-',0.25,True
Q864503,biologiste,écologiste,l.a.-f.a.-f.o.-',0.79,False
Q115246813,plucked instrument player,mentor,s.a.-d.a.-f.o.-',0.26,True
Q1328323,fonctionnaire,fonctionnaire,t.a.-k.a.-f.o.-',1.0,False
Q4991371,soldat,avocat,n.a.-t.a.-f.o.-',0.16,True
Q15983773,Infanteriste,enfant,d.a.-m.a.-f.o.-',0.39,True
Q2518689,guérisseur,investisseur,t.a.-d.a.-f.o.-',0.51,False
Q1511216,courtisan,secouriste,f.a.-l.a.-f.o.-',0.26,True
Q1196276,Kuge,acteurs sociaux,M:M:.a.-M:M:.a.-f.o.-',0.0,True
Q901,scientifique,relation publique,l.a.-b.a.-f.o.-',0.3,True
Q1781198,agronome,agent de,d.a.-l.a.-f.o.-',0.27,True
Q131512,agriculteur ou agricultrice,cultivateur / éleveur,f.a.-f.a.-f.o.-',0.27,True
Q11974939,professionnel ou professionnelle de la santé,procureur,b.a.-n.a.-f.o.-',0.21,True
Q167563,police en Allemagne,policier,n.a.-l.a.-f.o.-',0.54,False
Q323081,polyglotte,policier,n.a.-l.a.-f.o.-',0.35,True
Q3332438,médecin spécialiste,médecin,n.a.-f.a.-f.o.-',0.75,False
Q15924224,médecin interniste,médecin,n.a.-f.a.-f.o.-',0.88,False
Q2259532,clerc,client,n.a.-d.a.-f.o.-',0.27,True
Q1638918,ordinaire,partenaire,m.a.-d.a.-f.o.-',0.5,False
Q19507792,illustrateur ou illustratrice scientifique,relation publique,l.a.-b.a.-f.o.-',0.2,True
Q175151,imprimeur,acteur,s.a.-b.a.-f.o.-',0.28,True
Q713200,artiste interprète,archiviste,t.a.-l.a.-f.o.-',0.33,True
Q5482740,programmeur ou programmeuse,procureur,b.a.-n.a.-f.o.-',0.25,True
Q42973,architecte,archiviste,t.a.-l.a.-f.o.-',0.53,False
Q81096,ingénieur ou ingénieure,inventeur,d.a.-d.a.-f.o.-',0.19,True
Q81096,ingénieur ou ingénieure,inventeur,d.a.-d.a.-f.o.-',0.19,True
Q901,scientifique,relation publique,l.a.-b.a.-f.o.-',0.3,True
Q81096,ingénieur ou ingénieure,inventeur,d.a.-d.a.-f.o.-',0.19,True
Q81096,ingénieur ou ingénieure,inventeur,d.a.-d.a.-f.o.-',0.19,True
Q63755375,fonctionnaire de catégorie A,fonctionnaire,t.a.-k.a.-f.o.-',0.92,False
Q81096,ingénieur ou ingénieure,inventeur,d.a.-d.a.-f.o.-',0.19,True
Q189290,officier,officier,l.a.-k.a.-f.o.-',1.0,False
Q81096,ingénieur ou ingénieure,inventeur,d.a.-d.a.-f.o.-',0.19,True
Q212238,fonctionnaire,fonctionnaire,t.a.-k.a.-f.o.-',1.0,False
Q212238,fonctionnaire,fonctionnaire,t.a.-k.a.-f.o.-',1.0,False
Q48282,étudiant ou étudiante,étudiant,d.a.-s.a.-f.o.-',0.97,False
Q82955,personnalité politique,politicien,s.a.-k.a.-f.o.-',0.51,False
Q212238,fonctionnaire,fonctionnaire,t.a.-k.a.-f.o.-',1.0,False
Q11085831,interprète,inventeur,d.a.-d.a.-f.o.-',0.26,True
Q639669,musicien ou musicienne,musicien,f.a.-b.a.-f.o.-',0.98,False
Q713200,artiste interprète,archiviste,t.a.-l.a.-f.o.-',0.33,True
Q266569,animateur ou animatrice,réformateur,n.a.-k.a.-f.o.-',0.37,True
Q28798045,animateur assistant,réformateur,n.a.-k.a.-f.o.-',0.31,True
Q701632,conseil municipal,consultant,f.a.-s.a.-f.o.-',0.32,True
Q56061,entité territoriale administrative,guerrier,l.a.-l.a.-f.o.-',0.18,True
Q1731155,orientaliste,journaliste,n.a.-b.a.-f.o.-',0.52,False
Q19829980,scientifique des religions,relation publique,l.a.-b.a.-f.o.-',0.39,True
Q64503961,funeral service professional,procureur,b.a.-n.a.-f.o.-',0.18,True
Q329741,aspirant,guide spirituel,n.a.-n.a.-f.o.-',0.2,True
Q3754526,administration,relation publique,l.a.-b.a.-f.o.-',0.41,False
Q717040,tradition de Noël,traducteur,t.a.-s.a.-f.o.-',0.29,True
Q838948,œuvre d’art,partenaire,m.a.-d.a.-f.o.-',0.18,True
Q207697,diorama,amant/e,b.a.-m.a.-f.o.-',0.17,True
Q7802,pain,partenaire,m.a.-d.a.-f.o.-',0.16,True
Q2095,nourriture,guide spirituel,n.a.-n.a.-f.o.-',0.19,True
Q33999,acteur ou actrice,acteur,s.a.-b.a.-f.o.-',0.91,False
Q5716684,danseur ou danseuse,précurseur,s.a.-n.a.-f.o.-',0.19,True
Q177220,chanteur ou chanteuse,inventeur,d.a.-d.a.-f.o.-',0.43,False
Q15214752,artiste de cabaret,archiviste,t.a.-l.a.-f.o.-',0.29,True
Q128124,ingénieur du son,inventeur,d.a.-d.a.-f.o.-',0.16,True
Q12039558,joueur de go,joueur,m.a.-b.a.-f.o.-',0.9,False
Q55736868,juge de la Cour suprême,agent de,d.a.-l.a.-f.o.-',0.28,True
Q16474031,président de tribunal,agent de,d.a.-l.a.-f.o.-',0.38,True
Q25713832,dirigeant ou dirigeante,enfant,d.a.-m.a.-f.o.-',0.15,True
Q37226,enseignant ou enseignante,enseignant,d.a.-f.a.-f.o.-',0.98,False
Q183039,forme d'État,réformateur,n.a.-k.a.-f.o.-',0.21,True
Q16533,juge,juré,k.a.-n.a.-f.o.-',0.33,True
Q483501,artiste,archiviste,t.a.-l.a.-f.o.-',0.36,True
Q61022630,officer,officier,l.a.-k.a.-f.o.-',0.74,False
Q11998775,rider,guide spirituel,n.a.-n.a.-f.o.-',0.14,True
Q5,être humain,ancêtre,t.a.-m.a.-f.o.-',0.52,False
Q639669,musicien ou musicienne,musicien,f.a.-b.a.-f.o.-',0.98,False
Q10843872,procédé,procureur,b.a.-n.a.-f.o.-',0.53,False
Q48803,horticulture,cultivateur / éleveur,f.a.-f.a.-f.o.-',0.18,True
Q3769299,comportement humain,comptable,b.a.-t.a.-f.o.-',0.3,True
Q24034076,mode de vie,agent de,d.a.-l.a.-f.o.-',0.43,False
Q131512,agriculteur ou agricultrice,cultivateur / éleveur,f.a.-f.a.-f.o.-',0.27,True
Q6149036,décoration,relation publique,l.a.-b.a.-f.o.-',0.41,False
Q467,femme,acteurs sociaux,M:M:.a.-M:M:.a.-f.o.-',0.0,True
Q27532437,suffragiste,écologiste,l.a.-f.a.-f.o.-',0.51,False
Q11499147,militant ou militante politique,politicien,s.a.-k.a.-f.o.-',0.38,True
Q350979,zoologiste,écologiste,l.a.-f.a.-f.o.-',0.79,False
Q16657634,locuteur,auteur,b.a.-b.a.-f.o.-',0.6,False
Q333634,traducteur ou traductrice,traducteur,t.a.-s.a.-f.o.-',0.96,False
Q215536,commerçant,comptable,b.a.-t.a.-f.o.-',0.25,True
Q3610436,styliste,journaliste,n.a.-b.a.-f.o.-',0.49,False
Q11499147,militant ou militante politique,politicien,s.a.-k.a.-f.o.-',0.38,True
Q118162105,factieux,activiste,b.a.-k.a.-f.o.-',0.28,True
Q19476593,grade de la police,policier,n.a.-l.a.-f.o.-',0.5,False
Q65720209,hobbyist,activiste,b.a.-k.a.-f.o.-',0.17,True
Q28502983,electronic design,lecteur,b.a.-s.a.-f.o.-',0.34,True
Q1387659,école de pensée,écologiste,l.a.-f.a.-f.o.-',0.35,True
Q1047113,spécialité,travailleur social,f.a.-n.a.-f.o.-',0.19,True
Q41583,entraîneur sportif,entrepreneur,l.a.-d.a.-f.o.-',0.4,False
Q194253,évangélisme,journaliste,n.a.-b.a.-f.o.-',0.19,True
Q3425524,Christianisme charismatique,relation publique,l.a.-b.a.-f.o.-',0.25,True
Q599151,haut fonctionnaire ou haute fonctionnaire,fonctionnaire,t.a.-k.a.-f.o.-',0.97,False
Q19398863,vocational driver,avocat,n.a.-t.a.-f.o.-',0.4,False
Q681842,emergency services personnel,mere,f.a.-m.a.-f.o.-',0.16,True
Q3486937,personnel médical,médiateur,m.a.-s.a.-f.o.-',0.45,False
Q7135767,paraprofessional,partenaire,m.a.-d.a.-f.o.-',0.22,True
Q494756,donnée,fonctionnaire,t.a.-k.a.-f.o.-',0.18,True
Q132050,gouverneur,entrepreneur,l.a.-d.a.-f.o.-',0.31,True
Q294414,fonction publique,relation publique,l.a.-b.a.-f.o.-',0.63,False
Q2374149,botaniste,activiste,b.a.-k.a.-f.o.-',0.33,True
Q1371378,ethnologue,psychologue,s.a.-f.a.-f.o.-',0.62,False
Q215627,personne,fonctionnaire,t.a.-k.a.-f.o.-',0.18,True
Q39631,médecin,médecin,n.a.-f.a.-f.o.-',1.0,False
Q1360697,Wundarzt (allemand),allié,l.a.-m.a.-f.o.-',0.15,True
Q10669499,officier de marine,officier,l.a.-k.a.-f.o.-',0.91,False
Q8434,éducation,relation publique,l.a.-b.a.-f.o.-',0.4,False
Q28146366,religieuse chrétienne,relation publique,l.a.-b.a.-f.o.-',0.22,True
Q1520404,vierge consacrée,consultant,f.a.-s.a.-f.o.-',0.43,False
Q29182,évêque,relation publique,l.a.-b.a.-f.o.-',0.27,True
Q618779,distinction,fonctionnaire,t.a.-k.a.-f.o.-',0.4,False
Q15977971,travailleur du bois,travailleur social,f.a.-n.a.-f.o.-',0.8,False
Q15924224,médecin interniste,médecin,n.a.-f.a.-f.o.-',0.88,False
Q108286983,métier de la finance,agent de,d.a.-l.a.-f.o.-',0.29,True
Q163740,organisation à but non lucratif,relation publique,l.a.-b.a.-f.o.-',0.42,False
Q33394058,travailleur manuel,travailleur social,f.a.-n.a.-f.o.-',0.74,False
Q215627,personne,fonctionnaire,t.a.-k.a.-f.o.-',0.18,True
Q838089,lutte,hôte,f.a.-k.a.-f.o.-',0.23,True
Q24833212,consort of monarch,consultant,f.a.-s.a.-f.o.-',0.35,True
Q811122,travailleur de la construction,travailleur social,f.a.-n.a.-f.o.-',0.63,False
Q5157565,professionnel de l'informatique,informaticien,s.a.-t.a.-f.o.-',0.54,False
Q108289402,database and network professionals,procureur,b.a.-n.a.-f.o.-',0.2,True
Q2094191,résistance dans l'Europe occupée par les nazis,partenaire,m.a.-d.a.-f.o.-',0.2,True
Q82955,personnalité politique,politicien,s.a.-k.a.-f.o.-',0.51,False
Q11744698,cercle parlementaire,notaire,m.a.-t.a.-f.o.-',0.42,False
Q486839,parlementaire,notaire,m.a.-t.a.-f.o.-',0.44,False
Q2986228,commentateur sportif,spectateur,k.a.-b.a.-f.o.-',0.36,True
Q15978655,consultant ou consultante,consultant,f.a.-s.a.-f.o.-',0.98,False
Q114868492,énergéticien ou énergéticienne,politicien,s.a.-k.a.-f.o.-',0.57,False
Q9378427,actionnaire,fonctionnaire,t.a.-k.a.-f.o.-',0.73,False
Q47541952,producteur ou productrice artistique,producteur,d.a.-b.a.-f.o.-',0.89,False
Q34388953,film people,bénévole,m.a.-n.a.-f.o.-',0.2,True
Q108290556,"stonemasons, stone cutters, splitters and carvers",cartographe,l.a.-t.a.-f.o.-',0.16,True
Q811122,travailleur de la construction,travailleur social,f.a.-n.a.-f.o.-',0.63,False
Q315247,étudiant ou étudiante à l'université,étudiant,d.a.-s.a.-f.o.-',0.97,False
Q80687,secrétaire,secrétaire,k.a.-t.a.-f.o.-',1.0,False
Q23835475,assistant,consultant,f.a.-s.a.-f.o.-',0.32,True
Q2462658,manager,manager,l.a.-s.a.-f.o.-',1.0,False
Q185351,juriste,secouriste,f.a.-l.a.-f.o.-',0.55,False
Q3778211,personnalité juridique,juré,k.a.-n.a.-f.o.-',0.23,True
Q715301,auteur ou autrice de bande dessinée,auteur,b.a.-b.a.-f.o.-',0.72,False
Q715301,auteur ou autrice de bande dessinée,auteur,b.a.-b.a.-f.o.-',0.72,False
Q1630100,modèle,bénévole,m.a.-n.a.-f.o.-',0.2,True
Q852857,travailleur ou travailleuse du sexe,travailleur social,f.a.-n.a.-f.o.-',0.8,False
Q4610556,mannequin,manager,l.a.-s.a.-f.o.-',0.32,True
Q7569,enfant,enfant,d.a.-m.a.-f.o.-',1.0,False
Q4610556,mannequin,manager,l.a.-s.a.-f.o.-',0.32,True
Q215536,commerçant,comptable,b.a.-t.a.-f.o.-',0.25,True
Q4164871,fonction,fonctionnaire,t.a.-k.a.-f.o.-',0.67,False
Q1914636,activité,activiste,b.a.-k.a.-f.o.-',0.74,False
Q12737077,activité,activiste,b.a.-k.a.-f.o.-',0.74,False
Q211423,orfèvre,père,n.a.-m.a.-f.o.-',0.24,True
Q177220,chanteur ou chanteuse,inventeur,d.a.-d.a.-f.o.-',0.43,False
Q6302990,officier judiciaire,officier,l.a.-k.a.-f.o.-',0.86,False
Q1162163,directeur ou directrice,lecteur,b.a.-s.a.-f.o.-',0.47,False
Q2588761,travailleur qualifié ou travailleuse qualifiée,travailleur social,f.a.-n.a.-f.o.-',0.78,False
Q17488363,historien ou historienne de l'économie,agent de,d.a.-l.a.-f.o.-',0.17,True
Q1414937,combattant,consultant,f.a.-s.a.-f.o.-',0.39,True
Q2588761,travailleur qualifié ou travailleuse qualifiée,travailleur social,f.a.-n.a.-f.o.-',0.78,False
Q108286217,"Butchers, Fishmongers and Related Food Preparers",relation publique,l.a.-b.a.-f.o.-',0.31,True
Q483501,artiste,archiviste,t.a.-l.a.-f.o.-',0.36,True
Q713200,artiste interprète,archiviste,t.a.-l.a.-f.o.-',0.33,True
Q9200127,membre,mere,f.a.-m.a.-f.o.-',0.4,False
Q1278335,instrumentiste,activiste,b.a.-k.a.-f.o.-',0.25,True
Q25829748,cuivriste,secouriste,f.a.-l.a.-f.o.-',0.45,False
Q37226,enseignant ou enseignante,enseignant,d.a.-f.a.-f.o.-',0.98,False
Q3486937,personnel médical,médiateur,m.a.-s.a.-f.o.-',0.45,False
Q7135767,paraprofessional,partenaire,m.a.-d.a.-f.o.-',0.22,True
Q681842,emergency services personnel,mere,f.a.-m.a.-f.o.-',0.16,True
Q19693316,intervenant d'urgence,enseignant,d.a.-f.a.-f.o.-',0.28,True
Q349843,profession paramédicale,médiateur,m.a.-s.a.-f.o.-',0.19,True
Q3400985,universitaire,publicitaire,b.a.-d.a.-f.o.-',0.56,False
Q9344260,professeur associé,investisseur,t.a.-d.a.-f.o.-',0.29,True
Q131524,entrepreneur ou entrepreneuse,entrepreneur,l.a.-d.a.-f.o.-',0.98,False
Q18576582,métallurgiste,écologiste,l.a.-f.a.-f.o.-',0.43,False
Q483501,artiste,archiviste,t.a.-l.a.-f.o.-',0.36,True
Q1156796,officier subalterne,officier,l.a.-k.a.-f.o.-',0.97,False
Q816432,chef de projet,agent de,d.a.-l.a.-f.o.-',0.34,True
Q19382184,ébéniste,activiste,b.a.-k.a.-f.o.-',0.37,True
Q30906402,cantor,mentor,s.a.-d.a.-f.o.-',0.58,False
Q1028181,peintre,ancêtre,t.a.-m.a.-f.o.-',0.27,True
Q11606851,絵師,acteurs sociaux,M:M:.a.-M:M:.a.-f.o.-',0.0,True
Q15319501,chercheur ou chercheuse en sciences sociales,travailleur social,f.a.-n.a.-f.o.-',0.4,False
Q19829999,culturologue,psychologue,s.a.-f.a.-f.o.-',0.5,False
Q14467526,linguiste,activiste,b.a.-k.a.-f.o.-',0.37,True
Q3499072,chef cuisinier ou chef cuisinière,voisin,m.a.-k.a.-f.o.-',0.34,True
Q211236,célébrité,guide spirituel,n.a.-n.a.-f.o.-',0.17,True
Q182436,bibliothécaire,notaire,m.a.-t.a.-f.o.-',0.43,False
Q22813352,voyageur ou voyageuse,pourvoyeur,k.a.-f.a.-f.o.-',0.15,True
Q2374149,botaniste,activiste,b.a.-k.a.-f.o.-',0.33,True
Q483501,artiste,archiviste,t.a.-l.a.-f.o.-',0.36,True
Q1028181,peintre,ancêtre,t.a.-m.a.-f.o.-',0.27,True
Q2066131,athlète,hôte,f.a.-k.a.-f.o.-',0.23,True
Q33394058,travailleur manuel,travailleur social,f.a.-n.a.-f.o.-',0.74,False
Q2259532,clerc,client,n.a.-d.a.-f.o.-',0.27,True
Q1281618,sculpteur ou sculptrice,cultivateur / éleveur,f.a.-f.a.-f.o.-',0.25,True
Q777952,instructeur,inspecteur,d.a.-k.a.-f.o.-',0.45,False
Q1866686,plongeur,acteur,s.a.-b.a.-f.o.-',0.17,True
Q6430706,critique,relation publique,l.a.-b.a.-f.o.-',0.33,True
Q17176618,contrebandier,consultant,f.a.-s.a.-f.o.-',0.19,True
Q3391743,artiste visuel ou artiste visuelle,archiviste,t.a.-l.a.-f.o.-',0.36,True
Q108289430,"artistic, cultural and culinary associate professionals",cultivateur / éleveur,f.a.-f.a.-f.o.-',0.23,True
Q5352191,technicien ou technicienne,technicien,f.a.-d.a.-f.o.-',0.99,False
Q17537576,œuvre créative,secrétaire,k.a.-t.a.-f.o.-',0.15,True
Q5707594,article de presse,agent de,d.a.-l.a.-f.o.-',0.26,True
Q87285943,ouvrier,ouvrier,m.a.-l.a.-f.o.-',1.0,False
Q15980158,auteur ou autrice de non-fiction,auteur,b.a.-b.a.-f.o.-',0.72,False
Q2588761,travailleur qualifié ou travailleuse qualifiée,travailleur social,f.a.-n.a.-f.o.-',0.78,False
Q201788,historien ou historienne,ouvrier,m.a.-l.a.-f.o.-',0.18,True
Q36180,écrivain ou écrivaine,écologiste,l.a.-f.a.-f.o.-',0.11,True
Q131524,entrepreneur ou entrepreneuse,entrepreneur,l.a.-d.a.-f.o.-',0.98,False
Q39631,médecin,médecin,n.a.-f.a.-f.o.-',1.0,False
Q3368718,pathologiste,écologiste,l.a.-f.a.-f.o.-',0.7,False
Q39631,médecin,médecin,n.a.-f.a.-f.o.-',1.0,False
Q201788,historien ou historienne,ouvrier,m.a.-l.a.-f.o.-',0.18,True
Q16334430,spécialiste de l'amérique latine,journaliste,n.a.-b.a.-f.o.-',0.37,True
Q1790480,traducteur-interprète,traducteur,t.a.-s.a.-f.o.-',0.94,False
Q36180,écrivain ou écrivaine,écologiste,l.a.-f.a.-f.o.-',0.11,True
Q254651,navigateur ou navigatrice,médiateur,m.a.-s.a.-f.o.-',0.36,True
Q1265807,chercheur ou chercheuse en science de l'information,informaticien,s.a.-t.a.-f.o.-',0.57,False
Q12713481,ouvrier,ouvrier,m.a.-l.a.-f.o.-',1.0,False
Q1162163,directeur ou directrice,lecteur,b.a.-s.a.-f.o.-',0.47,False
Q4164871,fonction,fonctionnaire,t.a.-k.a.-f.o.-',0.67,False
Q10669499,officier de marine,officier,l.a.-k.a.-f.o.-',0.91,False
Q19476593,grade de la police,policier,n.a.-l.a.-f.o.-',0.5,False
Q214609,matériau,manager,l.a.-s.a.-f.o.-',0.15,True
Q1366370,littérature islamique,relation publique,l.a.-b.a.-f.o.-',0.26,True
Q244783,exégèse,acteurs sociaux,M:M:.a.-M:M:.a.-f.o.-',0.0,True
Q2370897,sciences coraniques,relation publique,l.a.-b.a.-f.o.-',0.18,True
Q19509099,dissidence,diplomate,k.a.-s.a.-f.o.-',0.12,True
Q5422651,professionnel de la vue,agent de,d.a.-l.a.-f.o.-',0.24,True
Q3918,université,acteurs sociaux,M:M:.a.-M:M:.a.-f.o.-',0.0,True
Q1643514,arrangeur ou arrangeuse musical,musicien,f.a.-b.a.-f.o.-',0.49,False
Q12344332,économe,écologiste,l.a.-f.a.-f.o.-',0.31,True
Q88190406,party official,officier,l.a.-k.a.-f.o.-',0.57,False
Q4610556,mannequin,manager,l.a.-s.a.-f.o.-',0.32,True
Q4594605,magistrat ou magistrate,écologiste,l.a.-f.a.-f.o.-',0.24,True
Q215536,commerçant,comptable,b.a.-t.a.-f.o.-',0.25,True
Q2588761,travailleur qualifié ou travailleuse qualifiée,travailleur social,f.a.-n.a.-f.o.-',0.78,False
Q685433,vendeur ou vendeuse,vendeur,k.a.-d.a.-f.o.-',0.96,False
Q108285851,jewellery and precious metal worker,travailleur social,f.a.-n.a.-f.o.-',0.12,True
Q1294787,artisan,archiviste,t.a.-l.a.-f.o.-',0.12,True
Q13235160,producteur,producteur,d.a.-b.a.-f.o.-',1.0,False
Q95143896,faiseur,précurseur,s.a.-n.a.-f.o.-',0.32,True
Q22082749,pseudo-scientifique,relation publique,l.a.-b.a.-f.o.-',0.28,True
Q708492,conseiller municipal,consultant,f.a.-s.a.-f.o.-',0.28,True
Q1757970,elder,ouvrier,m.a.-l.a.-f.o.-',0.17,True
Q46961,gangster,activiste,b.a.-k.a.-f.o.-',0.13,True
Q5001927,relation commerciale,relation publique,l.a.-b.a.-f.o.-',0.61,False
Q3332438,médecin spécialiste,médecin,n.a.-f.a.-f.o.-',0.75,False
Q681842,emergency services personnel,mere,f.a.-m.a.-f.o.-',0.16,True
Q600751,procureur ou procureure,procureur,b.a.-n.a.-f.o.-',0.98,False
Q3332438,médecin spécialiste,médecin,n.a.-f.a.-f.o.-',0.75,False
Q10774753,performeur,réformateur,n.a.-k.a.-f.o.-',0.37,True
Q10384150,transformiste,transporteur,b.a.-l.a.-f.o.-',0.4,False
Q1028181,peintre,ancêtre,t.a.-m.a.-f.o.-',0.27,True
Q105186,pharmacien,pharmacien,t.a.-f.a.-f.o.-',1.0,False
Q105186,pharmacien,pharmacien,t.a.-f.a.-f.o.-',1.0,False
Q4319062,homme du rang,transporteur,b.a.-l.a.-f.o.-',0.19,True
Q4164871,fonction,fonctionnaire,t.a.-k.a.-f.o.-',0.67,False
Q33231,photographe,cartographe,l.a.-t.a.-f.o.-',0.75,False
Q98084799,photographe professionnel,cartographe,l.a.-t.a.-f.o.-',0.65,False
Q82955,personnalité politique,politicien,s.a.-k.a.-f.o.-',0.51,False
Q371909,préfet,précurseur,s.a.-n.a.-f.o.-',0.26,True
Q4164871,fonction,fonctionnaire,t.a.-k.a.-f.o.-',0.67,False
Q2493023,vil métier,ouvrier,m.a.-l.a.-f.o.-',0.24,True
Q1551626,dinandier,ouvrier,m.a.-l.a.-f.o.-',0.18,True
Q5767753,prédicat honorifique,relation publique,l.a.-b.a.-f.o.-',0.26,True
Q1622272,professeur ou professeure d'université,investisseur,t.a.-d.a.-f.o.-',0.36,True
Q3455803,réalisateur ou réalisatrice,journaliste,n.a.-b.a.-f.o.-',0.26,True
Q79044120,theatre maker,ancêtre,t.a.-m.a.-f.o.-',0.29,True
Q483501,artiste,archiviste,t.a.-l.a.-f.o.-',0.36,True
Q108289408,artistes créateurs ou créatrices et exécutants ou exécutantes,acteurs sociaux,M:M:.a.-M:M:.a.-f.o.-',0.21,True
Q47064,militaire,publicitaire,b.a.-d.a.-f.o.-',0.47,False
Q1866686,plongeur,acteur,s.a.-b.a.-f.o.-',0.17,True
Q3332438,médecin spécialiste,médecin,n.a.-f.a.-f.o.-',0.75,False
Q128124,ingénieur du son,inventeur,d.a.-d.a.-f.o.-',0.16,True
Q1139055,receveur des finances,cultivateur / éleveur,f.a.-f.a.-f.o.-',0.35,True
Q6503343,agent de la force publique,agent de,d.a.-l.a.-f.o.-',0.63,False
Q294414,fonction publique,relation publique,l.a.-b.a.-f.o.-',0.63,False
Q212238,fonctionnaire,fonctionnaire,t.a.-k.a.-f.o.-',1.0,False
Q17221,porte-parole,transporteur,b.a.-l.a.-f.o.-',0.35,True
Q713200,artiste interprète,archiviste,t.a.-l.a.-f.o.-',0.33,True
Q108289408,artistes créateurs ou créatrices et exécutants ou exécutantes,acteurs sociaux,M:M:.a.-M:M:.a.-f.o.-',0.21,True
Q7541856,céramiste,activiste,b.a.-k.a.-f.o.-',0.37,True
Q1294787,artisan,archiviste,t.a.-l.a.-f.o.-',0.12,True
Q3391743,artiste visuel ou artiste visuelle,archiviste,t.a.-l.a.-f.o.-',0.36,True
Q5194294,cunning folk,fondateur,t.a.-t.a.-f.o.-',0.15,True
Q37226,enseignant ou enseignante,enseignant,d.a.-f.a.-f.o.-',0.98,False
Q2248623,étudiant,étudiant,d.a.-s.a.-f.o.-',1.0,False
Q3140963,personnel hospitalier,familier,m.a.-m.a.-f.o.-',0.32,True
Q39631,médecin,médecin,n.a.-f.a.-f.o.-',1.0,False
Q12774177,moyen pour une fin,pourvoyeur,k.a.-f.a.-f.o.-',0.38,True
Q104450446,data carrier,guerrier,l.a.-l.a.-f.o.-',0.49,False
Q1930187,journaliste,journaliste,n.a.-b.a.-f.o.-',1.0,False
Q3368517,procureur général,procureur,b.a.-n.a.-f.o.-',0.95,False
Q600751,procureur ou procureure,procureur,b.a.-n.a.-f.o.-',0.98,False
Q47541952,producteur ou productrice artistique,producteur,d.a.-b.a.-f.o.-',0.89,False
Q5758653,enseignant ou enseignante du secondaire,enseignant,d.a.-f.a.-f.o.-',0.91,False
Q5758653,enseignant ou enseignante du secondaire,enseignant,d.a.-f.a.-f.o.-',0.91,False
Q2251335,instituteur ou institutrice,inspecteur,d.a.-k.a.-f.o.-',0.31,True
Q10509151,maître d'école élémentaire,notaire,m.a.-t.a.-f.o.-',0.36,True
Q1622272,professeur ou professeure d'université,investisseur,t.a.-d.a.-f.o.-',0.36,True
Q3401402,praticien hospitalier ou praticienne hospitalière,informaticien,s.a.-t.a.-f.o.-',0.46,False
Q20820172,sympathizer,syndiqué,k.a.-l.a.-f.o.-',0.18,True
Q2366336,seigneur,enseignant,d.a.-f.a.-f.o.-',0.37,True
Q4164871,fonction,fonctionnaire,t.a.-k.a.-f.o.-',0.67,False
Q432386,prédicateur,médiateur,m.a.-s.a.-f.o.-',0.33,True
Q24716636,bénévole,bénévole,m.a.-n.a.-f.o.-',1.0,False
Q19752385,state official in Indonesia,officier,l.a.-k.a.-f.o.-',0.56,False
Q371909,préfet,précurseur,s.a.-n.a.-f.o.-',0.26,True
Q371909,préfet,précurseur,s.a.-n.a.-f.o.-',0.26,True
Q42603,prêtre,ancêtre,t.a.-m.a.-f.o.-',0.52,False
Q104050289,prêtre occidental,ancêtre,t.a.-m.a.-f.o.-',0.43,False
Q1423891,ministre du culte,adulte,n.a.-s.a.-f.o.-',0.38,True
Q105200498,Anglican clergyman,client,n.a.-d.a.-f.o.-',0.14,True
Q3409374,prêtre romain,ancêtre,t.a.-m.a.-f.o.-',0.46,False
Q212980,psychologue,psychologue,s.a.-f.a.-f.o.-',1.0,False
Q1900167,psychothérapeute,psychologue,s.a.-f.a.-f.o.-',0.58,False
Q36908,alpinisme,allié,l.a.-m.a.-f.o.-',0.29,True
Q11862829,discipline académique,relation publique,l.a.-b.a.-f.o.-',0.31,True
Q549322,torero,mentor,s.a.-d.a.-f.o.-',0.26,True
Q188830,épouse,époux,s.a.-m.a.-f.o.-',0.71,False
Q599151,haut fonctionnaire ou haute fonctionnaire,fonctionnaire,t.a.-k.a.-f.o.-',0.97,False
Q131524,entrepreneur ou entrepreneuse,entrepreneur,l.a.-d.a.-f.o.-',0.98,False
Q96093243,restaurant manager,manager,l.a.-s.a.-f.o.-',0.89,False
Q37260,écriture,guide spirituel,n.a.-n.a.-f.o.-',0.22,True
Q103163,abbé,acteurs sociaux,M:M:.a.-M:M:.a.-f.o.-',0.0,True
Q16532929,administrateur,médiateur,m.a.-s.a.-f.o.-',0.31,True
Q82955,personnalité politique,politicien,s.a.-k.a.-f.o.-',0.51,False
Q1251441,responsable,comptable,b.a.-t.a.-f.o.-',0.4,False
Q783906,neurologue,psychologue,s.a.-f.a.-f.o.-',0.57,False
Q5352191,technicien ou technicienne,technicien,f.a.-d.a.-f.o.-',0.99,False
Q1650915,chercheur ou chercheuse,archiviste,t.a.-l.a.-f.o.-',0.17,True
Q15301511,peintre de vases,agent de,d.a.-l.a.-f.o.-',0.29,True
Q593644,chimiste,archiviste,t.a.-l.a.-f.o.-',0.43,False
Q420,biologie,écologiste,l.a.-f.a.-f.o.-',0.48,False
Q3307505,évolution de la socialité,travailleur social,f.a.-n.a.-f.o.-',0.33,True
Q483501,artiste,archiviste,t.a.-l.a.-f.o.-',0.36,True
Q2462658,manager,manager,l.a.-s.a.-f.o.-',1.0,False
Q2500638,créateur ou créatrice,médiateur,m.a.-s.a.-f.o.-',0.25,True
Q13391392,profession libérale,procureur,b.a.-n.a.-f.o.-',0.22,True
Q779458,ascète,assureur,f.a.-t.a.-f.o.-',0.2,True
Q14467526,linguiste,activiste,b.a.-k.a.-f.o.-',0.37,True
Q28389,scénariste,secouriste,f.a.-l.a.-f.o.-',0.52,False
Q58287519,développeur de jeux vidéo,agent de,d.a.-l.a.-f.o.-',0.34,True
Q1930187,journaliste,journaliste,n.a.-b.a.-f.o.-',1.0,False
Q356139,relecteur-correcteur,lecteur,b.a.-s.a.-f.o.-',0.77,False
Q7374818,secrétaire royal,secrétaire,k.a.-t.a.-f.o.-',0.98,False
Q5784340,consort,consultant,f.a.-s.a.-f.o.-',0.45,False
Q719039,reine consort,consultant,f.a.-s.a.-f.o.-',0.42,False
Q188830,épouse,époux,s.a.-m.a.-f.o.-',0.71,False
Q108290567,toolmakers and related workers,relation publique,l.a.-b.a.-f.o.-',0.36,True
Q2588761,travailleur qualifié ou travailleuse qualifiée,travailleur social,f.a.-n.a.-f.o.-',0.78,False
Q3114821,grand prêtre,ancêtre,t.a.-m.a.-f.o.-',0.45,False
Q713200,artiste interprète,archiviste,t.a.-l.a.-f.o.-',0.33,True
Q11974939,professionnel ou professionnelle de la santé,procureur,b.a.-n.a.-f.o.-',0.21,True
Q109555060,Agent,agent de,d.a.-l.a.-f.o.-',0.89,False
Q319341,notary's assistant,notaire,m.a.-t.a.-f.o.-',0.42,False
Q639669,musicien ou musicienne,musicien,f.a.-b.a.-f.o.-',0.98,False
Q45199,marin,manager,l.a.-s.a.-f.o.-',0.18,True
Q2500638,créateur ou créatrice,médiateur,m.a.-s.a.-f.o.-',0.25,True
Q106281877,Kage,agent de,d.a.-l.a.-f.o.-',0.25,True
Q193364,vicaire,notaire,m.a.-t.a.-f.o.-',0.48,False
Q250867,prêtre catholique,relation publique,l.a.-b.a.-f.o.-',0.32,True
Q1650915,chercheur ou chercheuse,archiviste,t.a.-l.a.-f.o.-',0.17,True
Q381160,expert,acteurs sociaux,M:M:.a.-M:M:.a.-f.o.-',0.0,True
Q2500638,créateur ou créatrice,médiateur,m.a.-s.a.-f.o.-',0.25,True
Q2462658,manager,manager,l.a.-s.a.-f.o.-',1.0,False
Q156839,cuisinier ou cuisinière,voisin,m.a.-k.a.-f.o.-',0.34,True
Q5322166,designer,agent de,d.a.-l.a.-f.o.-',0.18,True
Q27943370,personnalité du monde de la mode,agent de,d.a.-l.a.-f.o.-',0.29,True
Q39809,marketing,manager,l.a.-s.a.-f.o.-',0.24,True
Q255274,col blanc,ancêtre,t.a.-m.a.-f.o.-',0.14,True
Q2662430,administration de la république des Deux Nations,relation publique,l.a.-b.a.-f.o.-',0.64,False
Q202648,arbitre sportif ou arbitre sportive,transporteur,b.a.-l.a.-f.o.-',0.35,True
Q864503,biologiste,écologiste,l.a.-f.a.-f.o.-',0.79,False
Q2526135,sûreté,acteurs sociaux,M:M:.a.-M:M:.a.-f.o.-',0.0,True
Q189900,sécurité de l'information,informaticien,s.a.-t.a.-f.o.-',0.53,False
Q2518689,guérisseur,investisseur,t.a.-d.a.-f.o.-',0.51,False
Q5352191,technicien ou technicienne,technicien,f.a.-d.a.-f.o.-',0.99,False
Q1550557,seigneurie,enseignant,d.a.-f.a.-f.o.-',0.37,True
Q188063,fief,acteurs sociaux,M:M:.a.-M:M:.a.-f.o.-',0.0,True
Q467033,vendetta,vendeur,k.a.-d.a.-f.o.-',0.77,False
Q5737899,titre héréditaire,publicitaire,b.a.-d.a.-f.o.-',0.45,False
Q16744001,noble,comptable,b.a.-t.a.-f.o.-',0.3,True
Q23640580,conducteur de véhicule,traducteur,t.a.-s.a.-f.o.-',0.45,False
Q42603,prêtre,ancêtre,t.a.-m.a.-f.o.-',0.52,False
Q5230427,membre de l'Assemblée législative,législateur,t.a.-n.a.-f.o.-',0.71,False
Q4350200,information transfer,informaticien,s.a.-t.a.-f.o.-',0.58,False
Q61788126,educational activity,activiste,b.a.-k.a.-f.o.-',0.55,False
Q3249551,processus,procureur,b.a.-n.a.-f.o.-',0.48,False
Q4351403,percussionniste,activiste,b.a.-k.a.-f.o.-',0.31,True
Q47064,militaire,publicitaire,b.a.-d.a.-f.o.-',0.47,False
Q18630201,Tireur,assureur,f.a.-t.a.-f.o.-',0.38,True
Q2518689,guérisseur,investisseur,t.a.-d.a.-f.o.-',0.51,False
Q59283400,travailleur de la santé,travailleur social,f.a.-n.a.-f.o.-',0.77,False
Q11424604,géoscientifique,relation publique,l.a.-b.a.-f.o.-',0.3,True
Q3644587,hydrologue,psychologue,s.a.-f.a.-f.o.-',0.62,False
Q520549,géologue,psychologue,s.a.-f.a.-f.o.-',0.62,False
Q627325,graphiste,cartographe,l.a.-t.a.-f.o.-',0.34,True
Q99603787,muletier,ouvrier,m.a.-l.a.-f.o.-',0.23,True
Q12615130,advanced practice nurse,précurseur,s.a.-n.a.-f.o.-',0.25,True
Q2849224,anesthésiste,activiste,b.a.-k.a.-f.o.-',0.33,True
Q104590991,personnalité liée au vin,journaliste,n.a.-b.a.-f.o.-',0.19,True
Q381160,expert,acteurs sociaux,M:M:.a.-M:M:.a.-f.o.-',0.0,True
Q11424604,géoscientifique,relation publique,l.a.-b.a.-f.o.-',0.3,True
Q131524,entrepreneur ou entrepreneuse,entrepreneur,l.a.-d.a.-f.o.-',0.98,False
Q732717,organisme chargé de l'application de la loi,agent de,d.a.-l.a.-f.o.-',0.32,True
Q639669,musicien ou musicienne,musicien,f.a.-b.a.-f.o.-',0.98,False
Q685433,vendeur ou vendeuse,vendeur,k.a.-d.a.-f.o.-',0.96,False
Q11333691,spécialiste de littérature française,journaliste,n.a.-b.a.-f.o.-',0.41,False
Q1259917,violoniste,écologiste,l.a.-f.a.-f.o.-',0.42,False
Q639669,musicien ou musicienne,musicien,f.a.-b.a.-f.o.-',0.98,False
Q1268911,spelman,spectateur,k.a.-b.a.-f.o.-',0.32,True
Q1607826,éditeur ou éditrice,éditeur,t.a.-b.a.-f.o.-',0.93,False
Q2159907,criminel ou criminelle,ouvrier,m.a.-l.a.-f.o.-',0.13,True
Q202883,vétérinaire,partenaire,m.a.-d.a.-f.o.-',0.5,False
Q1454940,soldat volontaire,notaire,m.a.-t.a.-f.o.-',0.44,False
Q352388,conducteur,traducteur,t.a.-s.a.-f.o.-',0.54,False
Q2775569,conducteur de train,traducteur,t.a.-s.a.-f.o.-',0.56,False
Q12737077,activité,activiste,b.a.-k.a.-f.o.-',0.74,False
Q16533,juge,juré,k.a.-n.a.-f.o.-',0.33,True
Q1622272,professeur ou professeure d'université,investisseur,t.a.-d.a.-f.o.-',0.36,True
Q3400985,universitaire,publicitaire,b.a.-d.a.-f.o.-',0.56,False
Q15253558,militant ou militante,consultant,f.a.-s.a.-f.o.-',0.24,True
Q36180,écrivain ou écrivaine,écologiste,l.a.-f.a.-f.o.-',0.11,True
Q15980158,auteur ou autrice de non-fiction,auteur,b.a.-b.a.-f.o.-',0.72,False
Q22813352,voyageur ou voyageuse,pourvoyeur,k.a.-f.a.-f.o.-',0.15,True
Q2085381,maison d'édition,relation publique,l.a.-b.a.-f.o.-',0.28,True
Q43229,organisation,relation publique,l.a.-b.a.-f.o.-',0.46,False
Q2085381,maison d'édition,relation publique,l.a.-b.a.-f.o.-',0.28,True
Q4830453,firme,infirmier / soignant,b.a.-f.a.-f.o.-',0.27,True
Q12737077,activité,activiste,b.a.-k.a.-f.o.-',0.74,False
Q1607826,éditeur ou éditrice,éditeur,t.a.-b.a.-f.o.-',0.93,False
Q876864,conseiller ou conseillère de rédaction,consultant,f.a.-s.a.-f.o.-',0.3,True
Q974144,éducateur ou éducatrice,éditeur,t.a.-b.a.-f.o.-',0.24,True
Q974144,éducateur ou éducatrice,éditeur,t.a.-b.a.-f.o.-',0.24,True
Q488205,auteur-compositeur-interprète ou autrice-compositrice-interprète,auteur,b.a.-b.a.-f.o.-',0.64,False
Q15995642,chef religieux,relation publique,l.a.-b.a.-f.o.-',0.24,True
Q352507,pasteur,acteur,s.a.-b.a.-f.o.-',0.3,True
Q29182,évêque,relation publique,l.a.-b.a.-f.o.-',0.27,True
Q36180,écrivain ou écrivaine,écologiste,l.a.-f.a.-f.o.-',0.11,True
Q381353,femme de lettres,agent de,d.a.-l.a.-f.o.-',0.36,True
Q133485,rabbin,voisin,m.a.-k.a.-f.o.-',0.22,True
Q140686,président ou présidente,précurseur,s.a.-n.a.-f.o.-',0.24,True
Q23037330,récitateur,spectateur,k.a.-b.a.-f.o.-',0.41,False
Q34005,langues samoyèdes,guerrier,l.a.-l.a.-f.o.-',0.21,True
Q15980158,auteur ou autrice de non-fiction,auteur,b.a.-b.a.-f.o.-',0.72,False
Q327055,travailleur ou travailleuse,travailleur social,f.a.-n.a.-f.o.-',0.8,False
Q2215841,sport cycliste,journaliste,n.a.-b.a.-f.o.-',0.33,True
Q3493900,sport de plein air,transporteur,b.a.-l.a.-f.o.-',0.33,True
Q7339484,cyclisme sur route,auteur,b.a.-b.a.-f.o.-',0.17,True
Q27943370,personnalité du monde de la mode,agent de,d.a.-l.a.-f.o.-',0.29,True
Q3368718,pathologiste,écologiste,l.a.-f.a.-f.o.-',0.7,False
Q10872101,anatomiste,activiste,b.a.-k.a.-f.o.-',0.33,True
Q212238,fonctionnaire,fonctionnaire,t.a.-k.a.-f.o.-',1.0,False
Q384593,policier ou policière,policier,n.a.-l.a.-f.o.-',0.93,False
Q108289042,protective services workers,activiste,b.a.-k.a.-f.o.-',0.21,True
Q482980,auteur ou autrice,auteur,b.a.-b.a.-f.o.-',0.92,False
Q483501,artiste,archiviste,t.a.-l.a.-f.o.-',0.36,True
Q108762424,penman,manager,l.a.-s.a.-f.o.-',0.22,True
Q974144,éducateur ou éducatrice,éditeur,t.a.-b.a.-f.o.-',0.24,True
Q12859263,orateur ou oratrice,médiateur,m.a.-s.a.-f.o.-',0.36,True
Q19631939,court rank,secouriste,f.a.-l.a.-f.o.-',0.26,True
Q202648,arbitre sportif ou arbitre sportive,transporteur,b.a.-l.a.-f.o.-',0.35,True
Q19829999,culturologue,psychologue,s.a.-f.a.-f.o.-',0.5,False
Q4991371,soldat,avocat,n.a.-t.a.-f.o.-',0.16,True
Q16533,juge,juré,k.a.-n.a.-f.o.-',0.33,True
Q4657217,conseiller,consultant,f.a.-s.a.-f.o.-',0.33,True
Q2500638,créateur ou créatrice,médiateur,m.a.-s.a.-f.o.-',0.25,True
Q5322166,designer,agent de,d.a.-l.a.-f.o.-',0.18,True
Q205375,inventeur,inventeur,d.a.-d.a.-f.o.-',1.0,False
Q12027957,canoniste,activiste,b.a.-k.a.-f.o.-',0.37,True
Q40348,avocat ou avocate,avocat,n.a.-t.a.-f.o.-',0.95,False
Q2901587,yogi,écologiste,l.a.-f.a.-f.o.-',0.21,True
Q101405849,thesis advisor,adulte,n.a.-s.a.-f.o.-',0.16,True
Q11417,art martial,travailleur social,f.a.-n.a.-f.o.-',0.16,True
Q212434,sport olympique,transporteur,b.a.-l.a.-f.o.-',0.32,True
Q11710359,hydrobiologiste,écologiste,l.a.-f.a.-f.o.-',0.79,False
Q105899379,biologiste aquatique,écologiste,l.a.-f.a.-f.o.-',0.66,False
Q11424604,géoscientifique,relation publique,l.a.-b.a.-f.o.-',0.3,True
Q1404030,mobster,activiste,b.a.-k.a.-f.o.-',0.13,True
Q2588761,travailleur qualifié ou travailleuse qualifiée,travailleur social,f.a.-n.a.-f.o.-',0.78,False
Q108290640,"pelt dressers, tanners and fellmongers",acteurs sociaux,M:M:.a.-M:M:.a.-f.o.-',0.13,True
Q656365,emploi,diplomate,k.a.-s.a.-f.o.-',0.21,True
Q2994387,conseiller ou conseillère,consultant,f.a.-s.a.-f.o.-',0.35,True
Q95074,personnage de fiction,fonctionnaire,t.a.-k.a.-f.o.-',0.35,True
Q15296811,dessinateur ou dessinatrice,médiateur,m.a.-s.a.-f.o.-',0.2,True
Q122968217,humorous cartoonist,cartographe,l.a.-t.a.-f.o.-',0.53,False
Q1072363,directeur ou directrice,lecteur,b.a.-s.a.-f.o.-',0.47,False
Q49176591,responsable des relations publiques,relation publique,l.a.-b.a.-f.o.-',0.79,False
Q735,art,archiviste,t.a.-l.a.-f.o.-',0.15,True
Q838948,œuvre d’art,partenaire,m.a.-d.a.-f.o.-',0.18,True
Q3621491,archéologue,psychologue,s.a.-f.a.-f.o.-',0.5,False
Q2066131,athlète,hôte,f.a.-k.a.-f.o.-',0.23,True
Q18536342,joueur professionnel ou joueuse professionnelle,joueur,m.a.-b.a.-f.o.-',0.75,False
Q1331793,entreprise médiatique,médiateur,m.a.-s.a.-f.o.-',0.47,False
Q104649845,organisation cinématographique,relation publique,l.a.-b.a.-f.o.-',0.41,False
Q639669,musicien ou musicienne,musicien,f.a.-b.a.-f.o.-',0.98,False
Q482980,auteur ou autrice,auteur,b.a.-b.a.-f.o.-',0.92,False
Q1402561,chef militaire,publicitaire,b.a.-d.a.-f.o.-',0.47,False
Q3885739,organe monocratique,relation publique,l.a.-b.a.-f.o.-',0.41,False
Q524778,commissaire,notaire,m.a.-t.a.-f.o.-',0.33,True
Q14212,Premier ou Première ministre,père,n.a.-m.a.-f.o.-',0.22,True
Q80687,secrétaire,secrétaire,k.a.-t.a.-f.o.-',1.0,False
Q852661,adjudant,aidant,m.a.-f.a.-f.o.-',0.52,False
Q23835475,assistant,consultant,f.a.-s.a.-f.o.-',0.32,True
Q4991371,soldat,avocat,n.a.-t.a.-f.o.-',0.16,True
Q43845,personnalité du monde des affaires,fonctionnaire,t.a.-k.a.-f.o.-',0.24,True
Q15143191,vulgarisateur ou vulgarisatrice scientifique,relation publique,l.a.-b.a.-f.o.-',0.22,True
Q6949149,humanoïde mythique,relation publique,l.a.-b.a.-f.o.-',0.33,True
Q3249551,processus,procureur,b.a.-n.a.-f.o.-',0.48,False
Q4116214,comptabilité,comptable,b.a.-t.a.-f.o.-',0.74,False
Q1097498,dirigeant,enfant,d.a.-m.a.-f.o.-',0.22,True
Q116,monarque,relation publique,l.a.-b.a.-f.o.-',0.27,True
Q2730732,cavalier,familier,m.a.-m.a.-f.o.-',0.36,True
Q82955,personnalité politique,politicien,s.a.-k.a.-f.o.-',0.51,False
Q212238,fonctionnaire,fonctionnaire,t.a.-k.a.-f.o.-',1.0,False
Q1917775,éditeur musical,éditeur,t.a.-b.a.-f.o.-',0.76,False
Q974144,éducateur ou éducatrice,éditeur,t.a.-b.a.-f.o.-',0.24,True
Q212238,fonctionnaire,fonctionnaire,t.a.-k.a.-f.o.-',1.0,False
Q82955,personnalité politique,politicien,s.a.-k.a.-f.o.-',0.51,False
Q170790,mathématicien ou mathématicienne,informaticien,s.a.-t.a.-f.o.-',0.62,False
Q599151,haut fonctionnaire ou haute fonctionnaire,fonctionnaire,t.a.-k.a.-f.o.-',0.97,False
Q82955,personnalité politique,politicien,s.a.-k.a.-f.o.-',0.51,False
Q978044,cadre dirigeant ou cadre dirigeante,enfant,d.a.-m.a.-f.o.-',0.13,True
Q201788,historien ou historienne,ouvrier,m.a.-l.a.-f.o.-',0.18,True
Q3332438,médecin spécialiste,médecin,n.a.-f.a.-f.o.-',0.75,False
Q207978,consul,consultant,f.a.-s.a.-f.o.-',0.69,False
Q3406858,professionnel du cinéma,procureur,b.a.-n.a.-f.o.-',0.19,True
Q23835475,assistant,consultant,f.a.-s.a.-f.o.-',0.32,True
Q11986654,lobbyiste,activiste,b.a.-k.a.-f.o.-',0.42,False
Q2159907,criminel ou criminelle,ouvrier,m.a.-l.a.-f.o.-',0.13,True
Q101935,huguenots,notaire,m.a.-t.a.-f.o.-',0.19,True
Q29017603,maîtrise,manager,l.a.-s.a.-f.o.-',0.17,True
Q1323191,costumier ou costumière,père,n.a.-m.a.-f.o.-',0.24,True
Q15980158,auteur ou autrice de non-fiction,auteur,b.a.-b.a.-f.o.-',0.72,False
Q15143191,vulgarisateur ou vulgarisatrice scientifique,relation publique,l.a.-b.a.-f.o.-',0.22,True
Q36180,écrivain ou écrivaine,écologiste,l.a.-f.a.-f.o.-',0.11,True
Q2374149,botaniste,activiste,b.a.-k.a.-f.o.-',0.33,True
Q3368718,pathologiste,écologiste,l.a.-f.a.-f.o.-',0.7,False
Q36180,écrivain ou écrivaine,écologiste,l.a.-f.a.-f.o.-',0.11,True
Q121594,professeur,investisseur,t.a.-d.a.-f.o.-',0.39,True
Q11024,communication,relation publique,l.a.-b.a.-f.o.-',0.37,True
Q1930187,journaliste,journaliste,n.a.-b.a.-f.o.-',1.0,False
Q6051619,publiciste,publicitaire,b.a.-d.a.-f.o.-',0.61,False
Q852857,travailleur ou travailleuse du sexe,travailleur social,f.a.-n.a.-f.o.-',0.8,False
Q156839,cuisinier ou cuisinière,voisin,m.a.-k.a.-f.o.-',0.34,True
Q327029,mécanicien,technicien,f.a.-d.a.-f.o.-',0.56,False
Q864503,biologiste,écologiste,l.a.-f.a.-f.o.-',0.79,False
Q486839,parlementaire,notaire,m.a.-t.a.-f.o.-',0.44,False
Q5583669,ambassadeur de bonne volonté,vendeur,k.a.-d.a.-f.o.-',0.24,True
Q30339659,motorsports competitor,comptable,b.a.-t.a.-f.o.-',0.28,True
Q23640580,conducteur de véhicule,traducteur,t.a.-s.a.-f.o.-',0.45,False
Q15980158,auteur ou autrice de non-fiction,auteur,b.a.-b.a.-f.o.-',0.72,False
Q931260,meurtrier ou meurtrière,ouvrier,m.a.-l.a.-f.o.-',0.37,True
Q5157565,professionnel de l'informatique,informaticien,s.a.-t.a.-f.o.-',0.54,False
Q102083,chevalier,familier,m.a.-m.a.-f.o.-',0.43,False
Q2095549,aviateur ou aviatrice,médiateur,m.a.-s.a.-f.o.-',0.45,False
Q777952,instructeur,inspecteur,d.a.-k.a.-f.o.-',0.45,False
Q6060450,parachutiste,activiste,b.a.-k.a.-f.o.-',0.29,True
Q113298146,pompier forestier,policier,n.a.-l.a.-f.o.-',0.26,True
Q107711,pompier ou pompière,père,n.a.-m.a.-f.o.-',0.23,True
Q703534,salarié,allié,l.a.-m.a.-f.o.-',0.29,True
Q1190554,occurrence,entrepreneur,l.a.-d.a.-f.o.-',0.14,True
Q837556,migration forcée,relation publique,l.a.-b.a.-f.o.-',0.4,False
Q186361,châtiment,mentor,s.a.-d.a.-f.o.-',0.35,True
Q131512,agriculteur ou agricultrice,cultivateur / éleveur,f.a.-f.a.-f.o.-',0.27,True
Q186360,infirmière ou infirmier,infirmier / soignant,b.a.-f.a.-f.o.-',0.69,False
Q47064,militaire,publicitaire,b.a.-d.a.-f.o.-',0.47,False
Q2374149,botaniste,activiste,b.a.-k.a.-f.o.-',0.33,True
Q15839134,écologue,écologiste,l.a.-f.a.-f.o.-',0.53,False
Q40348,avocat ou avocate,avocat,n.a.-t.a.-f.o.-',0.95,False
Q11424604,géoscientifique,relation publique,l.a.-b.a.-f.o.-',0.3,True
Q189290,officier,officier,l.a.-k.a.-f.o.-',1.0,False
Q2054507,commandant,aidant,m.a.-f.a.-f.o.-',0.4,False
Q2066131,athlète,hôte,f.a.-k.a.-f.o.-',0.23,True
Q18536342,joueur professionnel ou joueuse professionnelle,joueur,m.a.-b.a.-f.o.-',0.75,False
Q482980,auteur ou autrice,auteur,b.a.-b.a.-f.o.-',0.92,False
Q41546637,wikimédien ou wikimédienne,médiateur,m.a.-s.a.-f.o.-',0.33,True
Q15980804,professionnel des médias,médiateur,m.a.-s.a.-f.o.-',0.5,False
Q12794619,propriétaire de biens,secrétaire,k.a.-t.a.-f.o.-',0.46,False
Q852998,partie prenante,partenaire,m.a.-d.a.-f.o.-',0.37,True
Q4164871,fonction,fonctionnaire,t.a.-k.a.-f.o.-',0.67,False
Q215627,personne,fonctionnaire,t.a.-k.a.-f.o.-',0.18,True
Q1934684,personne au foyer,fonctionnaire,t.a.-k.a.-f.o.-',0.16,True
Q16883812,Stay-at-home parent,partenaire,m.a.-d.a.-f.o.-',0.25,True
Q36180,écrivain ou écrivaine,écologiste,l.a.-f.a.-f.o.-',0.11,True
Q3796928,government employee,mentor,s.a.-d.a.-f.o.-',0.28,True
Q1757970,elder,ouvrier,m.a.-l.a.-f.o.-',0.17,True
Q1250916,guerrier,guerrier,l.a.-l.a.-f.o.-',1.0,False
Q189290,officier,officier,l.a.-k.a.-f.o.-',1.0,False
Q787557,saxhorn,acteurs sociaux,M:M:.a.-M:M:.a.-f.o.-',0.0,True
Q30185,maire,notaire,m.a.-t.a.-f.o.-',0.43,False
Q132050,gouverneur,entrepreneur,l.a.-d.a.-f.o.-',0.31,True
Q599151,haut fonctionnaire ou haute fonctionnaire,fonctionnaire,t.a.-k.a.-f.o.-',0.97,False
Q177220,chanteur ou chanteuse,inventeur,d.a.-d.a.-f.o.-',0.43,False
Q16029547,biathlète,médiateur,m.a.-s.a.-f.o.-',0.2,True
Q47064,militaire,publicitaire,b.a.-d.a.-f.o.-',0.47,False
Q19801627,skieur ou skieuse alpiniste,activiste,b.a.-k.a.-f.o.-',0.32,True
Q188094,économiste,écologiste,l.a.-f.a.-f.o.-',0.48,False
Q876864,conseiller ou conseillère de rédaction,consultant,f.a.-s.a.-f.o.-',0.3,True
Q27349,dentiste,activiste,b.a.-k.a.-f.o.-',0.32,True
Q1622925,court appointment,mentor,s.a.-d.a.-f.o.-',0.23,True
Q6503343,agent de la force publique,agent de,d.a.-l.a.-f.o.-',0.63,False
Q8187769,activité économique,activiste,b.a.-k.a.-f.o.-',0.54,False
Q48282,étudiant ou étudiante,étudiant,d.a.-s.a.-f.o.-',0.97,False
Q56314891,historiographe,cartographe,l.a.-t.a.-f.o.-',0.67,False
Q599151,haut fonctionnaire ou haute fonctionnaire,fonctionnaire,t.a.-k.a.-f.o.-',0.97,False
Q18670161,mascotte,manager,l.a.-s.a.-f.o.-',0.2,True
Q1792372,personnage,manager,l.a.-s.a.-f.o.-',0.28,True
Q106586219,Japanese folk music,musicien,f.a.-b.a.-f.o.-',0.7,False
Q685884,musique vocale,musicien,f.a.-b.a.-f.o.-',0.36,True
Q4351403,percussionniste,activiste,b.a.-k.a.-f.o.-',0.31,True
Q108614246,zoologiste des invertébrés,écologiste,l.a.-f.a.-f.o.-',0.67,False
Q350979,zoologiste,écologiste,l.a.-f.a.-f.o.-',0.79,False
Q12097,roi,acteurs sociaux,M:M:.a.-M:M:.a.-f.o.-',0.0,True
Q1563199,souverain chinois,voisin,m.a.-k.a.-f.o.-',0.21,True
Q739302,production,producteur,d.a.-b.a.-f.o.-',0.67,False
Q119822504,technical activity,technicien,f.a.-d.a.-f.o.-',0.6,False
Q11398090,création,relation publique,l.a.-b.a.-f.o.-',0.43,False
Q2478141,aristocrate,secouriste,f.a.-l.a.-f.o.-',0.27,True
Q43845,personnalité du monde des affaires,fonctionnaire,t.a.-k.a.-f.o.-',0.24,True
Q1866686,plongeur,acteur,s.a.-b.a.-f.o.-',0.17,True
Q1391083,travailleur qualifié,travailleur social,f.a.-n.a.-f.o.-',0.79,False
Q108289673,other craft and related workers,relation publique,l.a.-b.a.-f.o.-',0.39,True
Q11338576,boxeur,acteur,s.a.-b.a.-f.o.-',0.28,True
Q1294787,artisan,archiviste,t.a.-l.a.-f.o.-',0.12,True
Q2588761,travailleur qualifié ou travailleuse qualifiée,travailleur social,f.a.-n.a.-f.o.-',0.78,False
Q656720,atelier,familier,m.a.-m.a.-f.o.-',0.45,False
Q20852,slam,législateur,t.a.-n.a.-f.o.-',0.21,True
Q476300,compétition,comptable,b.a.-t.a.-f.o.-',0.34,True
Q2066131,athlète,hôte,f.a.-k.a.-f.o.-',0.23,True
Q18536342,joueur professionnel ou joueuse professionnelle,joueur,m.a.-b.a.-f.o.-',0.75,False
Q91143339,transportation worker,transporteur,b.a.-l.a.-f.o.-',0.7,False
Q838089,lutte,hôte,f.a.-k.a.-f.o.-',0.23,True
Q212434,sport olympique,transporteur,b.a.-l.a.-f.o.-',0.32,True
Q1104153,chanoine,témoin,d.a.-n.a.-f.o.-',0.26,True
Q16827718,confesseur,investisseur,t.a.-d.a.-f.o.-',0.38,True
Q5352191,technicien ou technicienne,technicien,f.a.-d.a.-f.o.-',0.99,False
Q5352191,technicien ou technicienne,technicien,f.a.-d.a.-f.o.-',0.99,False
Q116,monarque,relation publique,l.a.-b.a.-f.o.-',0.27,True
Q6491450,intendant,aidant,m.a.-f.a.-f.o.-',0.41,False
Q60687737,intendant ou intendante,aidant,m.a.-f.a.-f.o.-',0.32,True
Q79044120,theatre maker,ancêtre,t.a.-m.a.-f.o.-',0.29,True
Q6491450,intendant,aidant,m.a.-f.a.-f.o.-',0.41,False
Q4504549,religieux,relation publique,l.a.-b.a.-f.o.-',0.24,True
Q1734493,plucked string instrument maker,mentor,s.a.-d.a.-f.o.-',0.24,True
Q94296450,fabricant d'instrument à clavier,client,n.a.-d.a.-f.o.-',0.28,True
Q8187769,activité économique,activiste,b.a.-k.a.-f.o.-',0.54,False
Q9367329,urząd ziemski,acteurs sociaux,M:M:.a.-M:M:.a.-f.o.-',0.0,True
Q189010,notaire,notaire,m.a.-t.a.-f.o.-',1.0,False
Q1072363,directeur ou directrice,lecteur,b.a.-s.a.-f.o.-',0.47,False
Q639669,musicien ou musicienne,musicien,f.a.-b.a.-f.o.-',0.98,False
Q482980,auteur ou autrice,auteur,b.a.-b.a.-f.o.-',0.92,False
Q47541952,producteur ou productrice artistique,producteur,d.a.-b.a.-f.o.-',0.89,False
Q2462658,manager,manager,l.a.-s.a.-f.o.-',1.0,False
Q29182,évêque,relation publique,l.a.-b.a.-f.o.-',0.27,True
Q57735705,personnalité liée au droit,journaliste,n.a.-b.a.-f.o.-',0.19,True
Q9352089,espion ou espionne,fonctionnaire,t.a.-k.a.-f.o.-',0.19,True
Q688576,conseiller ou conseillère fiscale,consultant,f.a.-s.a.-f.o.-',0.34,True
Q16868721,carcinologiste,écologiste,l.a.-f.a.-f.o.-',0.68,False
Q58371759,registraire,notaire,m.a.-t.a.-f.o.-',0.32,True
Q3779582,microbiologiste,écologiste,l.a.-f.a.-f.o.-',0.79,False
Q2374149,botaniste,activiste,b.a.-k.a.-f.o.-',0.33,True
Q3391743,artiste visuel ou artiste visuelle,archiviste,t.a.-l.a.-f.o.-',0.36,True
Q1294787,artisan,archiviste,t.a.-l.a.-f.o.-',0.12,True
Q9149093,alpiniste,activiste,b.a.-k.a.-f.o.-',0.37,True
Q86135347,grimpeur,acteur,s.a.-b.a.-f.o.-',0.28,True
Q156839,cuisinier ou cuisinière,voisin,m.a.-k.a.-f.o.-',0.34,True
Q593644,chimiste,archiviste,t.a.-l.a.-f.o.-',0.43,False
Q546113,politique publique,relation publique,l.a.-b.a.-f.o.-',0.58,False
Q11974939,professionnel ou professionnelle de la santé,procureur,b.a.-n.a.-f.o.-',0.21,True
Q178197,mercenaire,partenaire,m.a.-d.a.-f.o.-',0.54,False
Q1028181,peintre,ancêtre,t.a.-m.a.-f.o.-',0.27,True
Q3375722,personnage de théâtre,agent de,d.a.-l.a.-f.o.-',0.3,True
Q44508716,personnalité de l'audiovisuel,agent de,d.a.-l.a.-f.o.-',0.2,True
Q175151,imprimeur,acteur,s.a.-b.a.-f.o.-',0.28,True
Q5352191,technicien ou technicienne,technicien,f.a.-d.a.-f.o.-',0.99,False
Q12304425,bromatologue,psychologue,s.a.-f.a.-f.o.-',0.55,False
Q12376667,technologue,psychologue,s.a.-f.a.-f.o.-',0.46,False
Q349843,profession paramédicale,médiateur,m.a.-s.a.-f.o.-',0.19,True
Q2031939,orthoprothésiste,activiste,b.a.-k.a.-f.o.-',0.34,True
Q1424605,opérateur de marché,agent de,d.a.-l.a.-f.o.-',0.25,True
Q4688043,trapéziste,activiste,b.a.-k.a.-f.o.-',0.3,True
Q916292,scribe,acteurs sociaux,M:M:.a.-M:M:.a.-f.o.-',0.0,True
Q39631,médecin,médecin,n.a.-f.a.-f.o.-',1.0,False
Q47064,militaire,publicitaire,b.a.-d.a.-f.o.-',0.47,False
Q1274333,valletta,allié,l.a.-m.a.-f.o.-',0.2,True
Q12803959,coureur à pied,assureur,f.a.-t.a.-f.o.-',0.44,False
Q1414443,cinéaste,activiste,b.a.-k.a.-f.o.-',0.2,True
Q1146843,anachorète,manager,l.a.-s.a.-f.o.-',0.13,True
Q12774503,vénérable,comptable,b.a.-t.a.-f.o.-',0.46,False
Q97722084,moine chrétien oriental,témoin,d.a.-n.a.-f.o.-',0.24,True
Q3391743,artiste visuel ou artiste visuelle,archiviste,t.a.-l.a.-f.o.-',0.36,True
Q109120482,aviculturist,secouriste,f.a.-l.a.-f.o.-',0.38,True
Q185351,juriste,secouriste,f.a.-l.a.-f.o.-',0.55,False
Q15987302,profession juridique,relation publique,l.a.-b.a.-f.o.-',0.33,True
Q189533,grade universitaire,publicitaire,b.a.-d.a.-f.o.-',0.49,False
Q1328323,fonctionnaire,fonctionnaire,t.a.-k.a.-f.o.-',1.0,False
Q17504992,historien social,travailleur social,f.a.-n.a.-f.o.-',0.5,False
Q486839,parlementaire,notaire,m.a.-t.a.-f.o.-',0.44,False
Q16060143,élu ou élue,cultivateur / éleveur,f.a.-f.a.-f.o.-',0.13,True
Q1323528,marketing numérique,relation publique,l.a.-b.a.-f.o.-',0.35,True
Q4164871,fonction,fonctionnaire,t.a.-k.a.-f.o.-',0.67,False
Q15978655,consultant ou consultante,consultant,f.a.-s.a.-f.o.-',0.98,False
Q1340643,maître d’œuvre,ancêtre,t.a.-m.a.-f.o.-',0.28,True
Q47064,militaire,publicitaire,b.a.-d.a.-f.o.-',0.47,False
Q805221,danseur ou danseuse classique,relation publique,l.a.-b.a.-f.o.-',0.18,True
Q2393450,dance studies,étudiant,d.a.-s.a.-f.o.-',0.31,True
Q20778343,magistrat romain,écologiste,l.a.-f.a.-f.o.-',0.19,True
Q113129019,sciences cliniques,client,n.a.-d.a.-f.o.-',0.36,True
Q11124885,pratiquant d'arts martiaux,acteurs sociaux,M:M:.a.-M:M:.a.-f.o.-',0.29,True
Q36834,compositeur ou compositrice,comptable,b.a.-t.a.-f.o.-',0.45,False
Q1643514,arrangeur ou arrangeuse musical,musicien,f.a.-b.a.-f.o.-',0.49,False
Q3922505,DJ producer,producteur,d.a.-b.a.-f.o.-',0.74,False
Q175151,imprimeur,acteur,s.a.-b.a.-f.o.-',0.28,True
Q998550,libraire,notaire,m.a.-t.a.-f.o.-',0.48,False
Q47064,militaire,publicitaire,b.a.-d.a.-f.o.-',0.47,False
Q2095549,aviateur ou aviatrice,médiateur,m.a.-s.a.-f.o.-',0.45,False
Q7541856,céramiste,activiste,b.a.-k.a.-f.o.-',0.37,True
Q28640,profession,procureur,b.a.-n.a.-f.o.-',0.24,True
Q15301511,peintre de vases,agent de,d.a.-l.a.-f.o.-',0.29,True
Q18576582,métallurgiste,écologiste,l.a.-f.a.-f.o.-',0.43,False
Q108290599,pre-press technicians,technicien,f.a.-d.a.-f.o.-',0.73,False
Q3766177,,enseignant,d.a.-f.a.-f.o.-',0.19,True
Q8246794,blogueur ou blogueuse,psychologue,s.a.-f.a.-f.o.-',0.38,True
Q18651180,uploader,diplomate,k.a.-s.a.-f.o.-',0.17,True
Q118371929,vidéaste web,activiste,b.a.-k.a.-f.o.-',0.29,True
Q112684029,Services juridiques de l'État,juré,k.a.-n.a.-f.o.-',0.25,True
Q189290,officier,officier,l.a.-k.a.-f.o.-',1.0,False
Q98785806,health officer,officier,l.a.-k.a.-f.o.-',0.74,False
Q11974939,professionnel ou professionnelle de la santé,procureur,b.a.-n.a.-f.o.-',0.21,True
Q203184,première dame,père,n.a.-m.a.-f.o.-',0.4,False
Q599151,haut fonctionnaire ou haute fonctionnaire,fonctionnaire,t.a.-k.a.-f.o.-',0.97,False
Q10547393,personnalité politique locale,politicien,s.a.-k.a.-f.o.-',0.49,False
Q47064,militaire,publicitaire,b.a.-d.a.-f.o.-',0.47,False
Q108290507,building caretakers,cartographe,l.a.-t.a.-f.o.-',0.28,True
Q63187345,occupation religieuse,relation publique,l.a.-b.a.-f.o.-',0.54,False
Q65982613,donneur d'organe,entrepreneur,l.a.-d.a.-f.o.-',0.31,True
Q42603,prêtre,ancêtre,t.a.-m.a.-f.o.-',0.52,False
Q1234713,théologien ou théologienne,écologiste,l.a.-f.a.-f.o.-',0.44,False
Q214339,rôle social,travailleur social,f.a.-n.a.-f.o.-',0.56,False
Q4270517,skieur ou skieuse,ouvrier,m.a.-l.a.-f.o.-',0.2,True
Q1404101,fellow,acteurs sociaux,M:M:.a.-M:M:.a.-f.o.-',0.0,True
Q174834,autorité,auteur,b.a.-b.a.-f.o.-',0.41,False
Q294414,fonction publique,relation publique,l.a.-b.a.-f.o.-',0.63,False
Q10547393,personnalité politique locale,politicien,s.a.-k.a.-f.o.-',0.49,False
Q30185,maire,notaire,m.a.-t.a.-f.o.-',0.43,False
Q30185,maire,notaire,m.a.-t.a.-f.o.-',0.43,False
Q116783387,head of a city,citoyen,k.a.-k.a.-f.o.-',0.35,True
Q15253558,militant ou militante,consultant,f.a.-s.a.-f.o.-',0.24,True
Q775318,internaute,auteur,b.a.-b.a.-f.o.-',0.38,True
Q65720209,hobbyist,activiste,b.a.-k.a.-f.o.-',0.17,True
Q24716636,bénévole,bénévole,m.a.-n.a.-f.o.-',1.0,False
Q115460164,Internet user,inventeur,d.a.-d.a.-f.o.-',0.26,True
Q50995749,personnalité liée au sport,transporteur,b.a.-l.a.-f.o.-',0.29,True
Q1781513,position,relation publique,l.a.-b.a.-f.o.-',0.33,True
Q61747890,joueur de jeu de l'esprit,joueur,m.a.-b.a.-f.o.-',0.7,False
Q7867,psychiatrie,psychologue,s.a.-f.a.-f.o.-',0.48,False
Q9418,psychologie,psychologue,s.a.-f.a.-f.o.-',0.78,False
Q6430706,critique,relation publique,l.a.-b.a.-f.o.-',0.33,True
Q20020377,critique culturel,relation publique,l.a.-b.a.-f.o.-',0.26,True
Q3274496,machiniste,archiviste,t.a.-l.a.-f.o.-',0.36,True
Q1208175,cadreur,assureur,f.a.-t.a.-f.o.-',0.36,True
Q19631939,court rank,secouriste,f.a.-l.a.-f.o.-',0.26,True
Q29325697,personne sans-abri,transporteur,b.a.-l.a.-f.o.-',0.14,True
Q1709010,ingénieur logiciel,écologiste,l.a.-f.a.-f.o.-',0.23,True
Q212071,recteur ou rectrice,lecteur,b.a.-s.a.-f.o.-',0.52,False
Q520549,géologue,psychologue,s.a.-f.a.-f.o.-',0.62,False
Q2418068,diak,diplomate,k.a.-s.a.-f.o.-',0.16,True
Q996839,fraternité,frère/socur,k.a.-m.a.-f.o.-',0.16,True
Q19631939,court rank,secouriste,f.a.-l.a.-f.o.-',0.26,True
Q82955,personnalité politique,politicien,s.a.-k.a.-f.o.-',0.51,False
Q108289363,membres des corps législatifs et cadres supérieurs de l’administration publique,relation publique,l.a.-b.a.-f.o.-',0.6,False
Q1650915,chercheur ou chercheuse,archiviste,t.a.-l.a.-f.o.-',0.17,True
Q15980804,professionnel des médias,médiateur,m.a.-s.a.-f.o.-',0.5,False
Q1423891,ministre du culte,adulte,n.a.-s.a.-f.o.-',0.38,True
Q864503,biologiste,écologiste,l.a.-f.a.-f.o.-',0.79,False
Q1472062,communication à distance,relation publique,l.a.-b.a.-f.o.-',0.32,True
Q43845,personnalité du monde des affaires,fonctionnaire,t.a.-k.a.-f.o.-',0.24,True
Q177220,chanteur ou chanteuse,inventeur,d.a.-d.a.-f.o.-',0.43,False
Q1370540,Akyn,acteurs sociaux,M:M:.a.-M:M:.a.-f.o.-',0.0,True
Q160117,courtier,secouriste,f.a.-l.a.-f.o.-',0.25,True
Q1424605,opérateur de marché,agent de,d.a.-l.a.-f.o.-',0.25,True
Q3400985,universitaire,publicitaire,b.a.-d.a.-f.o.-',0.56,False
Q1569495,chargé ou chargée de cours,agent de,d.a.-l.a.-f.o.-',0.2,True
Q2462658,manager,manager,l.a.-s.a.-f.o.-',1.0,False
Q901,scientifique,relation publique,l.a.-b.a.-f.o.-',0.3,True
Q3400985,universitaire,publicitaire,b.a.-d.a.-f.o.-',0.56,False
Q177220,chanteur ou chanteuse,inventeur,d.a.-d.a.-f.o.-',0.43,False
Q2066131,athlète,hôte,f.a.-k.a.-f.o.-',0.23,True
Q937283,pionnier,fonctionnaire,t.a.-k.a.-f.o.-',0.24,True
Q830077,sujet,acteurs sociaux,M:M:.a.-M:M:.a.-f.o.-',0.0,True
Q215627,personne,fonctionnaire,t.a.-k.a.-f.o.-',0.18,True
Q56027890,political staffer,politicien,s.a.-k.a.-f.o.-',0.76,False
Q483501,artiste,archiviste,t.a.-l.a.-f.o.-',0.36,True
Q7991,science de la nature,agent de,d.a.-l.a.-f.o.-',0.32,True
Q15243077,ordres mineurs,acteurs sociaux,M:M:.a.-M:M:.a.-f.o.-',0.35,True
Q105898711,zoologiste des vertébrés,écologiste,l.a.-f.a.-f.o.-',0.74,False
Q105899379,biologiste aquatique,écologiste,l.a.-f.a.-f.o.-',0.66,False
Q11710359,hydrobiologiste,écologiste,l.a.-f.a.-f.o.-',0.79,False
Q3250324,adjoint,adulte,n.a.-s.a.-f.o.-',0.17,True
Q61022630,officer,officier,l.a.-k.a.-f.o.-',0.74,False
Q599151,haut fonctionnaire ou haute fonctionnaire,fonctionnaire,t.a.-k.a.-f.o.-',0.97,False
Q19831149,théoricien ou théoricienne du complot,musicien,f.a.-b.a.-f.o.-',0.42,False
Q215627,personne,fonctionnaire,t.a.-k.a.-f.o.-',0.18,True
Q1789452,critère,père,n.a.-m.a.-f.o.-',0.44,False
Q6386271,expert médiatique,médiateur,m.a.-s.a.-f.o.-',0.64,False
Q1930187,journaliste,journaliste,n.a.-b.a.-f.o.-',1.0,False
Q6430706,critique,relation publique,l.a.-b.a.-f.o.-',0.33,True
Q1076502,chef ou cheffe de chœur,agent de,d.a.-l.a.-f.o.-',0.38,True
Q2462658,manager,manager,l.a.-s.a.-f.o.-',1.0,False
Q838811,paysan,partenaire,m.a.-d.a.-f.o.-',0.21,True
Q352388,conducteur,traducteur,t.a.-s.a.-f.o.-',0.54,False
Q2374149,botaniste,activiste,b.a.-k.a.-f.o.-',0.33,True
Q329439,graveur ou graveuse sur métal,cultivateur / éleveur,f.a.-f.a.-f.o.-',0.2,True
Q315247,étudiant ou étudiante à l'université,étudiant,d.a.-s.a.-f.o.-',0.97,False
Q12859263,orateur ou oratrice,médiateur,m.a.-s.a.-f.o.-',0.36,True
Q100742049,conférencier,policier,n.a.-l.a.-f.o.-',0.33,True
Q36180,écrivain ou écrivaine,écologiste,l.a.-f.a.-f.o.-',0.11,True
Q1930187,journaliste,journaliste,n.a.-b.a.-f.o.-',1.0,False
Q36834,compositeur ou compositrice,comptable,b.a.-t.a.-f.o.-',0.45,False
Q639669,musicien ou musicienne,musicien,f.a.-b.a.-f.o.-',0.98,False
Q674426,conservateur ou conservatrice de musée,consultant,f.a.-s.a.-f.o.-',0.36,True
Q47090899,professionnel des musées,musicien,f.a.-b.a.-f.o.-',0.23,True
Q43115,saint ou sainte,ouvrier,m.a.-l.a.-f.o.-',0.15,True
Q201788,historien ou historienne,ouvrier,m.a.-l.a.-f.o.-',0.18,True
Q41583,entraîneur sportif,entrepreneur,l.a.-d.a.-f.o.-',0.4,False
Q41583,entraîneur sportif,entrepreneur,l.a.-d.a.-f.o.-',0.4,False
Q15980158,auteur ou autrice de non-fiction,auteur,b.a.-b.a.-f.o.-',0.72,False
Q12806039,théoricien ou théoricienne militaire,musicien,f.a.-b.a.-f.o.-',0.38,True
Q974144,éducateur ou éducatrice,éditeur,t.a.-b.a.-f.o.-',0.24,True
Q41583,entraîneur sportif,entrepreneur,l.a.-d.a.-f.o.-',0.4,False
Q2312637,professeur d'éducation physique et sportive,relation publique,l.a.-b.a.-f.o.-',0.39,True
Q82955,personnalité politique,politicien,s.a.-k.a.-f.o.-',0.51,False
Q12059906,gardien de troupeau,agent de,d.a.-l.a.-f.o.-',0.34,True
Q2588761,travailleur qualifié ou travailleuse qualifiée,travailleur social,f.a.-n.a.-f.o.-',0.78,False
Q337979,sport de puissance,transporteur,b.a.-l.a.-f.o.-',0.32,True
Q7128792,sport de combat,transporteur,b.a.-l.a.-f.o.-',0.31,True
Q15041854,combat rapproché,procureur,b.a.-n.a.-f.o.-',0.23,True
Q212434,sport olympique,transporteur,b.a.-l.a.-f.o.-',0.32,True
Q1650915,chercheur ou chercheuse,archiviste,t.a.-l.a.-f.o.-',0.17,True
Q8008,sciences de la Terre,agent de,d.a.-l.a.-f.o.-',0.29,True
Q1071,géographie,cartographe,l.a.-t.a.-f.o.-',0.53,False
Q11661,technologie de l'information,informaticien,s.a.-t.a.-f.o.-',0.47,False
Q65757353,transformation,informaticien,s.a.-t.a.-f.o.-',0.37,True
Q57814795,mammifère domestique,relation publique,l.a.-b.a.-f.o.-',0.26,True
Q2259532,clerc,client,n.a.-d.a.-f.o.-',0.27,True
Q6430706,critique,relation publique,l.a.-b.a.-f.o.-',0.33,True
Q17167049,spécialiste de la littérature,journaliste,n.a.-b.a.-f.o.-',0.43,False
Q10650082,chroniqueur,joueur,m.a.-b.a.-f.o.-',0.41,False
Q29881694,thérapeute alternatif,adulte,n.a.-s.a.-f.o.-',0.16,True
Q2518689,guérisseur,investisseur,t.a.-d.a.-f.o.-',0.51,False
Q20965770,pratiquant de sports d'hiver,transporteur,b.a.-l.a.-f.o.-',0.3,True
Q2066131,athlète,hôte,f.a.-k.a.-f.o.-',0.23,True
Q24334685,entité mythique,relation publique,l.a.-b.a.-f.o.-',0.32,True
Q115537581,personnage imaginaire,fonctionnaire,t.a.-k.a.-f.o.-',0.46,False
Q21070598,personnage peut-être fictionnel,fonctionnaire,t.a.-k.a.-f.o.-',0.43,False
Q212238,fonctionnaire,fonctionnaire,t.a.-k.a.-f.o.-',1.0,False
Q1414937,combattant,consultant,f.a.-s.a.-f.o.-',0.39,True
Q47740,musulman ou musulmane,musicien,f.a.-b.a.-f.o.-',0.32,True
Q2159907,criminel ou criminelle,ouvrier,m.a.-l.a.-f.o.-',0.13,True
Q931260,meurtrier ou meurtrière,ouvrier,m.a.-l.a.-f.o.-',0.37,True
Q1255921,président ou présidente,précurseur,s.a.-n.a.-f.o.-',0.24,True
Q484876,directeur général ou directrice générale,lecteur,b.a.-s.a.-f.o.-',0.4,False
Q50995749,personnalité liée au sport,transporteur,b.a.-l.a.-f.o.-',0.29,True
Q108290302,manufacturing manager,manager,l.a.-s.a.-f.o.-',0.92,False
Q17573152,croyant ou croyante,enfant,d.a.-m.a.-f.o.-',0.24,True
Q723682,doyen,citoyen,k.a.-k.a.-f.o.-',0.56,False
Q11499147,militant ou militante politique,politicien,s.a.-k.a.-f.o.-',0.38,True
Q8359428,militant social,travailleur social,f.a.-n.a.-f.o.-',0.44,False
Q37226,enseignant ou enseignante,enseignant,d.a.-f.a.-f.o.-',0.98,False
Q1930187,journaliste,journaliste,n.a.-b.a.-f.o.-',1.0,False
Q132050,gouverneur,entrepreneur,l.a.-d.a.-f.o.-',0.31,True
Q17765219,administrateur colonial ou administratrice coloniale,écologiste,l.a.-f.a.-f.o.-',0.24,True
Q5322166,designer,agent de,d.a.-l.a.-f.o.-',0.18,True
Q255274,col blanc,ancêtre,t.a.-m.a.-f.o.-',0.14,True
Q11072804,ensemble musical composé uniquement d'instruments,musicien,f.a.-b.a.-f.o.-',0.35,True
Q32178211,organisation musicale,musicien,f.a.-b.a.-f.o.-',0.51,False
Q16271261,malacologiste,écologiste,l.a.-f.a.-f.o.-',0.84,False
Q420,biologie,écologiste,l.a.-f.a.-f.o.-',0.48,False
Q1066186,histoire,notaire,m.a.-t.a.-f.o.-',0.29,True
Q758780,jardinier,ouvrier,m.a.-l.a.-f.o.-',0.3,True
Q483501,artiste,archiviste,t.a.-l.a.-f.o.-',0.36,True
Q47064,militaire,publicitaire,b.a.-d.a.-f.o.-',0.47,False
Q4504549,religieux,relation publique,l.a.-b.a.-f.o.-',0.24,True
Q12859263,orateur ou oratrice,médiateur,m.a.-s.a.-f.o.-',0.36,True
Q81096,ingénieur ou ingénieure,inventeur,d.a.-d.a.-f.o.-',0.19,True
Q1072363,directeur ou directrice,lecteur,b.a.-s.a.-f.o.-',0.47,False
Q112598603,data professional,procureur,b.a.-n.a.-f.o.-',0.22,True
Q2304859,souverain,ouvrier,m.a.-l.a.-f.o.-',0.16,True
Q1250916,guerrier,guerrier,l.a.-l.a.-f.o.-',1.0,False
Q384593,policier ou policière,policier,n.a.-l.a.-f.o.-',0.93,False
Q1423891,ministre du culte,adulte,n.a.-s.a.-f.o.-',0.38,True
Q20643955,personnage humain de la Bible,agent de,d.a.-l.a.-f.o.-',0.29,True
Q116112084,follower,fondateur,t.a.-t.a.-f.o.-',0.18,True
Q27752,études autochtones,étudiant,d.a.-s.a.-f.o.-',0.45,False
Q1979607,financier,policier,n.a.-l.a.-f.o.-',0.39,True
Q82955,personnalité politique,politicien,s.a.-k.a.-f.o.-',0.51,False
Q806798,banquier,banquier,d.a.-t.a.-f.o.-',1.0,False
Q29182,évêque,relation publique,l.a.-b.a.-f.o.-',0.27,True
Q611644,évêque catholique,relation publique,l.a.-b.a.-f.o.-',0.4,False
Q108800700,évêque démissionnaire,fonctionnaire,t.a.-k.a.-f.o.-',0.59,False
Q1278335,instrumentiste,activiste,b.a.-k.a.-f.o.-',0.25,True
Q2066131,athlète,hôte,f.a.-k.a.-f.o.-',0.23,True
Q18536342,joueur professionnel ou joueuse professionnelle,joueur,m.a.-b.a.-f.o.-',0.75,False
Q28640,profession,procureur,b.a.-n.a.-f.o.-',0.24,True
Q43845,personnalité du monde des affaires,fonctionnaire,t.a.-k.a.-f.o.-',0.24,True
Q16334295,groupe d'humains,inspecteur,d.a.-k.a.-f.o.-',0.23,True
Q43229,organisation,relation publique,l.a.-b.a.-f.o.-',0.46,False
Q895526,organe,acteurs sociaux,M:M:.a.-M:M:.a.-f.o.-',0.0,True
Q16334295,groupe d'humains,inspecteur,d.a.-k.a.-f.o.-',0.23,True
Q43845,personnalité du monde des affaires,fonctionnaire,t.a.-k.a.-f.o.-',0.24,True
Q28640,profession,procureur,b.a.-n.a.-f.o.-',0.24,True
Q1136974,modèle,bénévole,m.a.-n.a.-f.o.-',0.2,True
Q593644,chimiste,archiviste,t.a.-l.a.-f.o.-',0.43,False
Q12328016,mystique,relation publique,l.a.-b.a.-f.o.-',0.35,True
Q106039,chrétien ou chrétienne,musicien,f.a.-b.a.-f.o.-',0.19,True
Q108283784,numerical clerk,mere,f.a.-m.a.-f.o.-',0.2,True
Q1078096,aide-soignant,infirmier / soignant,b.a.-f.a.-f.o.-',0.54,False
Q112129323,care worker,cartographe,l.a.-t.a.-f.o.-',0.28,True
Q108290690,weaving and knitting machine operators,mentor,s.a.-d.a.-f.o.-',0.11,True
Q2588761,travailleur qualifié ou travailleuse qualifiée,travailleur social,f.a.-n.a.-f.o.-',0.78,False
Q66035178,travailleur du textile,travailleur social,f.a.-n.a.-f.o.-',0.79,False
Q11488158,titre d'entreprise,entrepreneur,l.a.-d.a.-f.o.-',0.56,False
Q21281706,administrateur académique,relation publique,l.a.-b.a.-f.o.-',0.26,True
Q1255921,président ou présidente,précurseur,s.a.-n.a.-f.o.-',0.24,True
Q828803,titre professionnel,fonctionnaire,t.a.-k.a.-f.o.-',0.2,True
Q108399377,university chief executive,archiviste,t.a.-l.a.-f.o.-',0.15,True
Q43115,saint ou sainte,ouvrier,m.a.-l.a.-f.o.-',0.15,True
Q105186,pharmacien,pharmacien,t.a.-f.a.-f.o.-',1.0,False
Q5276395,gamer,mere,f.a.-m.a.-f.o.-',0.29,True
Q820037,mineur,entrepreneur,l.a.-d.a.-f.o.-',0.35,True
Q108286992,business and administration professionals,relation publique,l.a.-b.a.-f.o.-',0.33,True
Q21166956,luthiste,activiste,b.a.-k.a.-f.o.-',0.42,False
Q4926655,blind musician,musicien,f.a.-b.a.-f.o.-',0.74,False
Q854997,moine bouddhiste,témoin,d.a.-n.a.-f.o.-',0.31,True
Q15686806,sénateur ou sénatrice,médiateur,m.a.-s.a.-f.o.-',0.36,True
Q17279032,charge élective,lecteur,b.a.-s.a.-f.o.-',0.26,True
Q37226,enseignant ou enseignante,enseignant,d.a.-f.a.-f.o.-',0.98,False
Q36180,écrivain ou écrivaine,écologiste,l.a.-f.a.-f.o.-',0.11,True
Q250867,prêtre catholique,relation publique,l.a.-b.a.-f.o.-',0.32,True
Q16533,juge,juré,k.a.-n.a.-f.o.-',0.33,True
Q193364,vicaire,notaire,m.a.-t.a.-f.o.-',0.48,False
Q69945363,conseiller,consultant,f.a.-s.a.-f.o.-',0.33,True
Q48352,chef d'État,avocat,n.a.-t.a.-f.o.-',0.15,True
Q116,monarque,relation publique,l.a.-b.a.-f.o.-',0.27,True
Q12803959,coureur à pied,assureur,f.a.-t.a.-f.o.-',0.44,False
Q1292119,style,bénévole,m.a.-n.a.-f.o.-',0.2,True
Q1792644,style artistique,relation publique,l.a.-b.a.-f.o.-',0.27,True
Q1511216,courtisan,secouriste,f.a.-l.a.-f.o.-',0.26,True
Q10726370,procureur d'État,procureur,b.a.-n.a.-f.o.-',0.93,False
Q40348,avocat ou avocate,avocat,n.a.-t.a.-f.o.-',0.95,False
Q755070,narrateur,médiateur,m.a.-s.a.-f.o.-',0.41,False
Q28640,profession,procureur,b.a.-n.a.-f.o.-',0.24,True
Q1885941,personnalité médiatique,médiateur,m.a.-s.a.-f.o.-',0.54,False
Q106261231,personnalité liée à cet événement,mentor,s.a.-d.a.-f.o.-',0.2,True
Q114919269,Fernsehschaffender,défendeur,l.a.-n.a.-f.o.-',0.47,False
Q47064,militaire,publicitaire,b.a.-d.a.-f.o.-',0.47,False
Q5184855,membre d'équipage,mere,f.a.-m.a.-f.o.-',0.25,True
Q593644,chimiste,archiviste,t.a.-l.a.-f.o.-',0.43,False
Q3332438,médecin spécialiste,médecin,n.a.-f.a.-f.o.-',0.75,False
Q105570105,pharmaceutical scientist,pharmacien,t.a.-f.a.-f.o.-',0.72,False
Q352388,conducteur,traducteur,t.a.-s.a.-f.o.-',0.54,False
Q2993098,maréchal de la noblesse,agent de,d.a.-l.a.-f.o.-',0.26,True
Q17279032,charge élective,lecteur,b.a.-s.a.-f.o.-',0.26,True
Q674426,conservateur ou conservatrice de musée,consultant,f.a.-s.a.-f.o.-',0.36,True
Q175151,imprimeur,acteur,s.a.-b.a.-f.o.-',0.28,True
Q2500638,créateur ou créatrice,médiateur,m.a.-s.a.-f.o.-',0.25,True
Q294414,fonction publique,relation publique,l.a.-b.a.-f.o.-',0.63,False
Q483501,artiste,archiviste,t.a.-l.a.-f.o.-',0.36,True
Q1028181,peintre,ancêtre,t.a.-m.a.-f.o.-',0.27,True
Q6138343,sculpteur sur bois,acteur,s.a.-b.a.-f.o.-',0.26,True
Q211423,orfèvre,père,n.a.-m.a.-f.o.-',0.24,True
Q1281618,sculpteur ou sculptrice,cultivateur / éleveur,f.a.-f.a.-f.o.-',0.25,True
Q7541856,céramiste,activiste,b.a.-k.a.-f.o.-',0.37,True
Q47458415,imager,manager,l.a.-s.a.-f.o.-',0.56,False
Q2399383,science technician,technicien,f.a.-d.a.-f.o.-',0.87,False
Q639669,musicien ou musicienne,musicien,f.a.-b.a.-f.o.-',0.98,False
Q47064,militaire,publicitaire,b.a.-d.a.-f.o.-',0.47,False
Q5322166,designer,agent de,d.a.-l.a.-f.o.-',0.18,True
Q1208175,cadreur,assureur,f.a.-t.a.-f.o.-',0.36,True
Q1414443,cinéaste,activiste,b.a.-k.a.-f.o.-',0.2,True
Q4991371,soldat,avocat,n.a.-t.a.-f.o.-',0.16,True
Q133485,rabbin,voisin,m.a.-k.a.-f.o.-',0.22,True
Q762707,luthier,ouvrier,m.a.-l.a.-f.o.-',0.3,True
Q193057,forgeage,agent de,d.a.-l.a.-f.o.-',0.14,True
Q631931,arts décoratifs,défendeur,l.a.-n.a.-f.o.-',0.1,True
Q11204681,forge,fondateur,t.a.-t.a.-f.o.-',0.15,True
Q2138822,clerc régulier,familier,m.a.-m.a.-f.o.-',0.39,True
Q974144,éducateur ou éducatrice,éditeur,t.a.-b.a.-f.o.-',0.24,True
Q105200154,clerc catholique romain,relation publique,l.a.-b.a.-f.o.-',0.35,True
Q548320,frère,frère/socur,k.a.-m.a.-f.o.-',0.52,False
Q17573152,croyant ou croyante,enfant,d.a.-m.a.-f.o.-',0.24,True
Q781132,arme,archiviste,t.a.-l.a.-f.o.-',0.15,True
Q20749395,naval unit,travailleur social,f.a.-n.a.-f.o.-',0.22,True
Q37226,enseignant ou enseignante,enseignant,d.a.-f.a.-f.o.-',0.98,False
Q15991187,grammairien,musicien,f.a.-b.a.-f.o.-',0.18,True
Q201788,historien ou historienne,ouvrier,m.a.-l.a.-f.o.-',0.18,True
Q7497908,équipage,agent de,d.a.-l.a.-f.o.-',0.17,True
Q16402890,joueur de dames,joueur,m.a.-b.a.-f.o.-',0.9,False
Q33231,photographe,cartographe,l.a.-t.a.-f.o.-',0.75,False
Q2045208,célébrité d'internet,inventeur,d.a.-d.a.-f.o.-',0.17,True
Q8246794,blogueur ou blogueuse,psychologue,s.a.-f.a.-f.o.-',0.38,True
Q110990999,instagrammeur ou instagrammeuse,inspecteur,d.a.-k.a.-f.o.-',0.33,True
Q250867,prêtre catholique,relation publique,l.a.-b.a.-f.o.-',0.32,True
Q110042402,ancient Near Eastern scholar,client,n.a.-d.a.-f.o.-',0.35,True
Q39809,marketing,manager,l.a.-s.a.-f.o.-',0.24,True
Q2920921,management,manager,l.a.-s.a.-f.o.-',0.71,False
Q3332438,médecin spécialiste,médecin,n.a.-f.a.-f.o.-',0.75,False
Q864503,biologiste,écologiste,l.a.-f.a.-f.o.-',0.79,False
Q15924224,médecin interniste,médecin,n.a.-f.a.-f.o.-',0.88,False
Q3665646,basketteur,acteur,s.a.-b.a.-f.o.-',0.33,True
Q114414171,para-athlete,partenaire,m.a.-d.a.-f.o.-',0.33,True
Q37226,enseignant ou enseignante,enseignant,d.a.-f.a.-f.o.-',0.98,False
Q49757,poète ou poétesse,policier,n.a.-l.a.-f.o.-',0.16,True
Q36180,écrivain ou écrivaine,écologiste,l.a.-f.a.-f.o.-',0.11,True
Q1933595,hijacking,acteurs sociaux,M:M:.a.-M:M:.a.-f.o.-',0.0,True
Q1097498,dirigeant,enfant,d.a.-m.a.-f.o.-',0.22,True
Q193291,esprit,guide spirituel,n.a.-n.a.-f.o.-',0.17,True
Q239872,mort-vivant,enfant,d.a.-m.a.-f.o.-',0.22,True
Q28855038,créature surnaturelle,assureur,f.a.-t.a.-f.o.-',0.19,True
Q215627,personne,fonctionnaire,t.a.-k.a.-f.o.-',0.18,True
Q132050,gouverneur,entrepreneur,l.a.-d.a.-f.o.-',0.31,True
Q11438,matière solide,père,n.a.-m.a.-f.o.-',0.25,True
Q2424752,produit,producteur,d.a.-b.a.-f.o.-',0.66,False
Q214609,matériau,manager,l.a.-s.a.-f.o.-',0.15,True
Q2695280,technique,technicien,f.a.-d.a.-f.o.-',0.59,False
Q12552047,Lord,acteurs sociaux,M:M:.a.-M:M:.a.-f.o.-',0.0,True
Q2994387,conseiller ou conseillère,consultant,f.a.-s.a.-f.o.-',0.35,True
Q6817463,mental health counselor,mentor,s.a.-d.a.-f.o.-',0.53,False
Q208762,chapelain,voisin,m.a.-k.a.-f.o.-',0.14,True
Q1259323,chef de tribu,agent de,d.a.-l.a.-f.o.-',0.41,False
Q5449702,crime financier,policier,n.a.-l.a.-f.o.-',0.39,True
Q28813,fraude,agent de,d.a.-l.a.-f.o.-',0.17,True
Q1772449,Vermögensdelikt,agent de,d.a.-l.a.-f.o.-',0.16,True
Q2292993,méthode de dessin,agent de,d.a.-l.a.-f.o.-',0.37,True
Q15253558,militant ou militante,consultant,f.a.-s.a.-f.o.-',0.24,True
Q897317,viticulteur,cultivateur / éleveur,f.a.-f.a.-f.o.-',0.25,True
Q21771805,viniculteur,cultivateur / éleveur,f.a.-f.a.-f.o.-',0.28,True
Q7140693,associé,assureur,f.a.-t.a.-f.o.-',0.28,True
Q2462658,manager,manager,l.a.-s.a.-f.o.-',1.0,False
Q806718,système bancaire,notaire,m.a.-t.a.-f.o.-',0.31,True
Q352388,conducteur,traducteur,t.a.-s.a.-f.o.-',0.54,False
Q1255921,président ou présidente,précurseur,s.a.-n.a.-f.o.-',0.24,True
Q15978655,consultant ou consultante,consultant,f.a.-s.a.-f.o.-',0.98,False
Q4479442,fondateur,fondateur,t.a.-t.a.-f.o.-',1.0,False
Q978044,cadre dirigeant ou cadre dirigeante,enfant,d.a.-m.a.-f.o.-',0.13,True
Q9208267,subjective wellbeing,activiste,b.a.-k.a.-f.o.-',0.33,True
Q185351,juriste,secouriste,f.a.-l.a.-f.o.-',0.55,False
Q110242307,councillor,mentor,s.a.-d.a.-f.o.-',0.13,True
Q1066186,histoire,notaire,m.a.-t.a.-f.o.-',0.29,True
Q5,être humain,ancêtre,t.a.-m.a.-f.o.-',0.52,False
Q4897819,rôle,bénévole,m.a.-n.a.-f.o.-',0.2,True
Q39631,médecin,médecin,n.a.-f.a.-f.o.-',1.0,False
Q713540,femme de réconfort,agent de,d.a.-l.a.-f.o.-',0.24,True
Q46076028,victime de crime de guerre,guerrier,l.a.-l.a.-f.o.-',0.44,False
Q13615267,informer collaborator,informaticien,s.a.-t.a.-f.o.-',0.48,False
Q27943370,personnalité du monde de la mode,agent de,d.a.-l.a.-f.o.-',0.29,True
Q14467526,linguiste,activiste,b.a.-k.a.-f.o.-',0.37,True
Q810447,basse,assureur,f.a.-t.a.-f.o.-',0.14,True
Q6607,guitare,guide spirituel,n.a.-n.a.-f.o.-',0.23,True
Q189533,grade universitaire,publicitaire,b.a.-d.a.-f.o.-',0.49,False
Q206887,civil,citoyen,k.a.-k.a.-f.o.-',0.18,True
Q974144,éducateur ou éducatrice,éditeur,t.a.-b.a.-f.o.-',0.24,True
Q1144278,évêque diocésain,relation publique,l.a.-b.a.-f.o.-',0.21,True
Q93479414,évêque anglican,relation publique,l.a.-b.a.-f.o.-',0.21,True
Q62662439,déclaration,relation publique,l.a.-b.a.-f.o.-',0.43,False
Q1194951,équipe nationale,relation publique,l.a.-b.a.-f.o.-',0.3,True
Q13393265,équipe de basket-ball,agent de,d.a.-l.a.-f.o.-',0.32,True
Q45045,simulation de phénomènes,relation publique,l.a.-b.a.-f.o.-',0.46,False
Q7309098,musique régionale mexicaine,musicien,f.a.-b.a.-f.o.-',0.35,True
Q327055,travailleur ou travailleuse,travailleur social,f.a.-n.a.-f.o.-',0.8,False
Q978044,cadre dirigeant ou cadre dirigeante,enfant,d.a.-m.a.-f.o.-',0.13,True
Q713200,artiste interprète,archiviste,t.a.-l.a.-f.o.-',0.33,True
Q33999,acteur ou actrice,acteur,s.a.-b.a.-f.o.-',0.91,False
Q599151,haut fonctionnaire ou haute fonctionnaire,fonctionnaire,t.a.-k.a.-f.o.-',0.97,False
Q3455803,réalisateur ou réalisatrice,journaliste,n.a.-b.a.-f.o.-',0.26,True
Q14915751,prostitué ou prostituée,procureur,b.a.-n.a.-f.o.-',0.25,True
Q2159907,criminel ou criminelle,ouvrier,m.a.-l.a.-f.o.-',0.13,True
Q41583,entraîneur sportif,entrepreneur,l.a.-d.a.-f.o.-',0.4,False
Q8011071,dresseur,investisseur,t.a.-d.a.-f.o.-',0.46,False
Q738142,commis,comptable,b.a.-t.a.-f.o.-',0.35,True
Q5062052,administration centrale,relation publique,l.a.-b.a.-f.o.-',0.33,True
Q861455,administration de l'éducation,relation publique,l.a.-b.a.-f.o.-',0.42,False
Q12737077,activité,activiste,b.a.-k.a.-f.o.-',0.74,False
Q2449921,professeur d'art dramatique,investisseur,t.a.-d.a.-f.o.-',0.26,True
Q33999,acteur ou actrice,acteur,s.a.-b.a.-f.o.-',0.91,False
Q1776724,manager de théâtre,manager,l.a.-s.a.-f.o.-',0.88,False
Q4773904,anthropologue,psychologue,s.a.-f.a.-f.o.-',0.56,False
Q255274,col blanc,ancêtre,t.a.-m.a.-f.o.-',0.14,True
Q11348,fonction,fonctionnaire,t.a.-k.a.-f.o.-',0.67,False
Q24571167,litigant,politicien,s.a.-k.a.-f.o.-',0.31,True
Q11957145,acrobate,diplomate,k.a.-s.a.-f.o.-',0.25,True
Q17307272,artiste de cirque,archiviste,t.a.-l.a.-f.o.-',0.25,True
Q12754227,criminalité,journaliste,n.a.-b.a.-f.o.-',0.29,True
Q15911314,association,relation publique,l.a.-b.a.-f.o.-',0.32,True
Q4430243,organisation sociale,travailleur social,f.a.-n.a.-f.o.-',0.37,True
Q1788992,organisation criminelle,relation publique,l.a.-b.a.-f.o.-',0.42,False
Q2159907,criminel ou criminelle,ouvrier,m.a.-l.a.-f.o.-',0.13,True
Q1552832,budoka,acteurs sociaux,M:M:.a.-M:M:.a.-f.o.-',0.0,True
Q1875615,aircraft operator,mentor,s.a.-d.a.-f.o.-',0.37,True
Q373021,aircrew member,mere,f.a.-m.a.-f.o.-',0.17,True
Q10694573,artiste textile,archiviste,t.a.-l.a.-f.o.-',0.32,True
Q1294787,artisan,archiviste,t.a.-l.a.-f.o.-',0.12,True
Q6138343,sculpteur sur bois,acteur,s.a.-b.a.-f.o.-',0.26,True
Q1840507,sculpteur sur bois ou autre matériau  naturel,auteur,b.a.-b.a.-f.o.-',0.35,True
Q1281618,sculpteur ou sculptrice,cultivateur / éleveur,f.a.-f.a.-f.o.-',0.25,True
Q479867,adel,adulte,n.a.-s.a.-f.o.-',0.19,True
Q16004492,ésotériste,secouriste,f.a.-l.a.-f.o.-',0.52,False
Q16004471,kayakiste,activiste,b.a.-k.a.-f.o.-',0.42,False
Q1294787,artisan,archiviste,t.a.-l.a.-f.o.-',0.12,True
Q11569986,graveur ou graveuse d'estampes,cultivateur / éleveur,f.a.-f.a.-f.o.-',0.2,True
Q653368,procureur de district,procureur,b.a.-n.a.-f.o.-',0.9,False
Q1250916,guerrier,guerrier,l.a.-l.a.-f.o.-',1.0,False
Q703534,salarié,allié,l.a.-m.a.-f.o.-',0.29,True
Q1791716,domaine militaire,publicitaire,b.a.-d.a.-f.o.-',0.45,False
Q2815948,architecte paysagiste,archiviste,t.a.-l.a.-f.o.-',0.57,False
Q15432439,concepteur de jardins,agent de,d.a.-l.a.-f.o.-',0.25,True
Q63755505,employé des entreprises publiques,relation publique,l.a.-b.a.-f.o.-',0.45,False
Q854201,maire d'arrondissement,notaire,m.a.-t.a.-f.o.-',0.24,True
Q5716684,danseur ou danseuse,précurseur,s.a.-n.a.-f.o.-',0.19,True
Q874405,groupe social,travailleur social,f.a.-n.a.-f.o.-',0.58,False
Q110558466,interface,inventeur,d.a.-d.a.-f.o.-',0.3,True
Q386724,œuvre,ouvrier,m.a.-l.a.-f.o.-',0.21,True
Q1650915,chercheur ou chercheuse,archiviste,t.a.-l.a.-f.o.-',0.17,True
Q3516872,techniques de biologie moléculaire,technicien,f.a.-d.a.-f.o.-',0.47,False
Q4751159,technique analytique,technicien,f.a.-d.a.-f.o.-',0.41,False
Q1938980,contrevenant ou contrevenante,consultant,f.a.-s.a.-f.o.-',0.22,True
Q11499147,militant ou militante politique,politicien,s.a.-k.a.-f.o.-',0.38,True
Q47064,militaire,publicitaire,b.a.-d.a.-f.o.-',0.47,False
Q2342494,objet de collection,fonctionnaire,t.a.-k.a.-f.o.-',0.23,True
Q2424752,produit,producteur,d.a.-b.a.-f.o.-',0.66,False
Q43412,apôtre,ancêtre,t.a.-m.a.-f.o.-',0.36,True
Q54128,domestique,relation publique,l.a.-b.a.-f.o.-',0.31,True
Q108759290,non-biological mother,écologiste,l.a.-f.a.-f.o.-',0.4,False
Q66363648,mère biologique,écologiste,l.a.-f.a.-f.o.-',0.31,True
Q4793045,combat arm,comptable,b.a.-t.a.-f.o.-',0.24,True
Q5352191,technicien ou technicienne,technicien,f.a.-d.a.-f.o.-',0.99,False
Q181600,patient,client,n.a.-d.a.-f.o.-',0.49,False
Q181600,patient,client,n.a.-d.a.-f.o.-',0.49,False
Q6817461,patient psychiatrique,psychologue,s.a.-f.a.-f.o.-',0.38,True
Q3286043,mannequin de charme,agent de,d.a.-l.a.-f.o.-',0.24,True
Q4610556,mannequin,manager,l.a.-s.a.-f.o.-',0.32,True
Q133485,rabbin,voisin,m.a.-k.a.-f.o.-',0.22,True
Q1278335,instrumentiste,activiste,b.a.-k.a.-f.o.-',0.25,True
Q4459228,production de biens et de services,producteur,d.a.-b.a.-f.o.-',0.53,False
Q94297215,percussion instrument maker,mentor,s.a.-d.a.-f.o.-',0.21,True
Q12031226,fondeur ou fondeuse,fondateur,t.a.-t.a.-f.o.-',0.46,False
Q838566,forgeron ou forgeronne,manager,l.a.-s.a.-f.o.-',0.13,True
Q656720,atelier,familier,m.a.-m.a.-f.o.-',0.45,False
Q27658988,participant à une émission de téléréalité,partenaire,m.a.-d.a.-f.o.-',0.27,True
Q5403434,éthicien ou éthicienne,musicien,f.a.-b.a.-f.o.-',0.45,False
Q21166956,luthiste,activiste,b.a.-k.a.-f.o.-',0.42,False
Q1281618,sculpteur ou sculptrice,cultivateur / éleveur,f.a.-f.a.-f.o.-',0.25,True
Q44828747,liturgical artist,archiviste,t.a.-l.a.-f.o.-',0.13,True
Q6138343,sculpteur sur bois,acteur,s.a.-b.a.-f.o.-',0.26,True
Q2462658,manager,manager,l.a.-s.a.-f.o.-',1.0,False
Q736559,secrétaire d'État,secrétaire,k.a.-t.a.-f.o.-',0.95,False
Q1255921,président ou présidente,précurseur,s.a.-n.a.-f.o.-',0.24,True
Q20873384,historien ou historienne de l'Antiquité classique,relation publique,l.a.-b.a.-f.o.-',0.19,True
Q3621491,archéologue,psychologue,s.a.-f.a.-f.o.-',0.5,False
Q2374149,botaniste,activiste,b.a.-k.a.-f.o.-',0.33,True
Q41583,entraîneur sportif,entrepreneur,l.a.-d.a.-f.o.-',0.4,False
Q212238,fonctionnaire,fonctionnaire,t.a.-k.a.-f.o.-',1.0,False
Q19829990,bibliste,journaliste,n.a.-b.a.-f.o.-',0.46,False
Q15962340,théoricien ou théoricienne de la littérature,musicien,f.a.-b.a.-f.o.-',0.44,False
Q14467526,linguiste,activiste,b.a.-k.a.-f.o.-',0.37,True
Q36180,écrivain ou écrivaine,écologiste,l.a.-f.a.-f.o.-',0.11,True
Q3391743,artiste visuel ou artiste visuelle,archiviste,t.a.-l.a.-f.o.-',0.36,True
Q114900488,build tool,acteurs sociaux,M:M:.a.-M:M:.a.-f.o.-',0.0,True
Q4117406,implémentation d'un langage de programmation,relation publique,l.a.-b.a.-f.o.-',0.38,True
Q1114478,postulant,enfant,d.a.-m.a.-f.o.-',0.28,True
Q1068293,Upāsaka,acteurs sociaux,M:M:.a.-M:M:.a.-f.o.-',0.0,True
Q34074720,féministe,activiste,b.a.-k.a.-f.o.-',0.42,False
Q12961474,anarchiste,archiviste,t.a.-l.a.-f.o.-',0.58,False
Q16021386,ingénieur forestier,investisseur,t.a.-d.a.-f.o.-',0.29,True
Q201788,historien ou historienne,ouvrier,m.a.-l.a.-f.o.-',0.18,True
Q13418253,philologue,psychologue,s.a.-f.a.-f.o.-',0.46,False
Q1731155,orientaliste,journaliste,n.a.-b.a.-f.o.-',0.52,False
Q5121550,érudit du judaïsme,juré,k.a.-n.a.-f.o.-',0.19,True
Q116236620,Torah researcher,archiviste,t.a.-l.a.-f.o.-',0.27,True
Q15980804,professionnel des médias,médiateur,m.a.-s.a.-f.o.-',0.5,False
Q131524,entrepreneur ou entrepreneuse,entrepreneur,l.a.-d.a.-f.o.-',0.98,False
Q45199,marin,manager,l.a.-s.a.-f.o.-',0.18,True
Q254651,navigateur ou navigatrice,médiateur,m.a.-s.a.-f.o.-',0.36,True
Q2961975,chef ou cheffe d'entreprise,entrepreneur,l.a.-d.a.-f.o.-',0.57,False
Q81096,ingénieur ou ingénieure,inventeur,d.a.-d.a.-f.o.-',0.19,True
Q2066131,athlète,hôte,f.a.-k.a.-f.o.-',0.23,True
Q45199,marin,manager,l.a.-s.a.-f.o.-',0.18,True
Q7923730,veterinary specialist,spectateur,k.a.-b.a.-f.o.-',0.3,True
Q15319501,chercheur ou chercheuse en sciences sociales,travailleur social,f.a.-n.a.-f.o.-',0.4,False
Q3071477,fidèle,bénévole,m.a.-n.a.-f.o.-',0.2,True
Q99521706,théiste,activiste,b.a.-k.a.-f.o.-',0.42,False
Q48352,chef d'État,avocat,n.a.-t.a.-f.o.-',0.15,True
Q1097498,dirigeant,enfant,d.a.-m.a.-f.o.-',0.22,True
Q1238570,politologue,psychologue,s.a.-f.a.-f.o.-',0.46,False
Q15253558,militant ou militante,consultant,f.a.-s.a.-f.o.-',0.24,True
Q51954785,biogéographe,cartographe,l.a.-t.a.-f.o.-',0.7,False
Q2374149,botaniste,activiste,b.a.-k.a.-f.o.-',0.33,True
Q34074720,féministe,activiste,b.a.-k.a.-f.o.-',0.42,False
Q3578589,écologiste,écologiste,l.a.-f.a.-f.o.-',1.0,False
Q200538,fête,hôte,f.a.-k.a.-f.o.-',0.23,True
Q633730,archidiacre,archiviste,t.a.-l.a.-f.o.-',0.58,False
Q5322166,designer,agent de,d.a.-l.a.-f.o.-',0.18,True
Q939616,service secret,secrétaire,k.a.-t.a.-f.o.-',0.47,False
Q121548474,intelligence organization,relation publique,l.a.-b.a.-f.o.-',0.39,True
Q2416217,troupe de théâtre,agent de,d.a.-l.a.-f.o.-',0.32,True
Q105815710,groupe des arts du spectacle,spectateur,k.a.-b.a.-f.o.-',0.64,False
Q82955,personnalité politique,politicien,s.a.-k.a.-f.o.-',0.51,False
Q7247847,équipe de production,producteur,d.a.-b.a.-f.o.-',0.62,False
Q253567,apprenti ou apprentie,entrepreneur,l.a.-d.a.-f.o.-',0.34,True
Q1797162,directeur ou directrice artistique,lecteur,b.a.-s.a.-f.o.-',0.37,True
Q39631,médecin,médecin,n.a.-f.a.-f.o.-',1.0,False
Q212238,fonctionnaire,fonctionnaire,t.a.-k.a.-f.o.-',1.0,False
Q188094,économiste,écologiste,l.a.-f.a.-f.o.-',0.48,False
Q18931911,théoricien ou théoricienne,musicien,f.a.-b.a.-f.o.-',0.51,False
Q96926345,business scholar,psychologue,s.a.-f.a.-f.o.-',0.25,True
Q83307,ministre,ancêtre,t.a.-m.a.-f.o.-',0.33,True
Q2462658,manager,manager,l.a.-s.a.-f.o.-',1.0,False
Q16533,juge,juré,k.a.-n.a.-f.o.-',0.33,True
Q40348,avocat ou avocate,avocat,n.a.-t.a.-f.o.-',0.95,False
Q212238,fonctionnaire,fonctionnaire,t.a.-k.a.-f.o.-',1.0,False
Q202883,vétérinaire,partenaire,m.a.-d.a.-f.o.-',0.5,False
Q3796928,government employee,mentor,s.a.-d.a.-f.o.-',0.28,True
Q1162163,directeur ou directrice,lecteur,b.a.-s.a.-f.o.-',0.47,False
Q2055046,physiologiste,écologiste,l.a.-f.a.-f.o.-',0.77,False
Q2259451,acteur ou actrice de théâtre,acteur,s.a.-b.a.-f.o.-',0.79,False
Q7725634,œuvre littéraire,notaire,m.a.-t.a.-f.o.-',0.39,True
Q706835,mécanicien automobile,technicien,f.a.-d.a.-f.o.-',0.47,False
Q11448873,apprenant,enseignant,d.a.-f.a.-f.o.-',0.29,True
Q2500638,créateur ou créatrice,médiateur,m.a.-s.a.-f.o.-',0.25,True
Q1414937,combattant,consultant,f.a.-s.a.-f.o.-',0.39,True
Q12569864,entité économique,relation publique,l.a.-b.a.-f.o.-',0.26,True
Q155076,personne morale,bénévole,m.a.-n.a.-f.o.-',0.14,True
Q43229,organisation,relation publique,l.a.-b.a.-f.o.-',0.46,False
Q2500638,créateur ou créatrice,médiateur,m.a.-s.a.-f.o.-',0.25,True
Q81096,ingénieur ou ingénieure,inventeur,d.a.-d.a.-f.o.-',0.19,True
Q2267418,ingénieur industriel,inventeur,d.a.-d.a.-f.o.-',0.19,True
Q81096,ingénieur ou ingénieure,inventeur,d.a.-d.a.-f.o.-',0.19,True
Q372436,homme d'État,avocat,n.a.-t.a.-f.o.-',0.15,True
Q294414,fonction publique,relation publique,l.a.-b.a.-f.o.-',0.63,False
Q1251441,responsable,comptable,b.a.-t.a.-f.o.-',0.4,False
Q112598603,data professional,procureur,b.a.-n.a.-f.o.-',0.22,True
Q1930187,journaliste,journaliste,n.a.-b.a.-f.o.-',1.0,False
Q483501,artiste,archiviste,t.a.-l.a.-f.o.-',0.36,True
Q17291399,membre d'équipe de cinéma,agent de,d.a.-l.a.-f.o.-',0.29,True
Q194253,évangélisme,journaliste,n.a.-b.a.-f.o.-',0.19,True
Q3425524,Christianisme charismatique,relation publique,l.a.-b.a.-f.o.-',0.25,True
Q54967928,freight handler,enseignant,d.a.-f.a.-f.o.-',0.13,True
Q121903869,baggage handler,banquier,d.a.-t.a.-f.o.-',0.22,True
Q931260,meurtrier ou meurtrière,ouvrier,m.a.-l.a.-f.o.-',0.37,True
Q29352392,maître spirituel,guide spirituel,n.a.-n.a.-f.o.-',0.77,False
Q15995642,chef religieux,relation publique,l.a.-b.a.-f.o.-',0.24,True
Q3501317,modéliste,journaliste,n.a.-b.a.-f.o.-',0.49,False
Q2034021,couturier ou couturière,ouvrier,m.a.-l.a.-f.o.-',0.29,True
Q66491138,fogde,agent de,d.a.-l.a.-f.o.-',0.18,True
Q6503343,agent de la force publique,agent de,d.a.-l.a.-f.o.-',0.63,False
Q294414,fonction publique,relation publique,l.a.-b.a.-f.o.-',0.63,False
Q1072363,directeur ou directrice,lecteur,b.a.-s.a.-f.o.-',0.47,False
Q25713832,dirigeant ou dirigeante,enfant,d.a.-m.a.-f.o.-',0.15,True
Q203184,première dame,père,n.a.-m.a.-f.o.-',0.4,False
Q702269,professionnel ou professionnelle,procureur,b.a.-n.a.-f.o.-',0.22,True
Q36180,écrivain ou écrivaine,écologiste,l.a.-f.a.-f.o.-',0.11,True
Q215627,personne,fonctionnaire,t.a.-k.a.-f.o.-',0.18,True
Q639669,musicien ou musicienne,musicien,f.a.-b.a.-f.o.-',0.98,False
Q115246813,plucked instrument player,mentor,s.a.-d.a.-f.o.-',0.26,True
Q1234713,théologien ou théologienne,écologiste,l.a.-f.a.-f.o.-',0.44,False
Q849424,capitaine de navire,publicitaire,b.a.-d.a.-f.o.-',0.29,True
Q2234405,adjudicator,mentor,s.a.-d.a.-f.o.-',0.32,True
Q21028040,Instrument aratoire,mentor,s.a.-d.a.-f.o.-',0.23,True
Q41583,entraîneur sportif,entrepreneur,l.a.-d.a.-f.o.-',0.4,False
Q611644,évêque catholique,relation publique,l.a.-b.a.-f.o.-',0.4,False
Q49476,archevêque,archiviste,t.a.-l.a.-f.o.-',0.42,False
Q1075651,claviériste,secouriste,f.a.-l.a.-f.o.-',0.48,False
Q4175034,législateur ou législatrice,législateur,t.a.-n.a.-f.o.-',0.96,False
Q9200127,membre,mere,f.a.-m.a.-f.o.-',0.4,False
Q8359428,militant social,travailleur social,f.a.-n.a.-f.o.-',0.44,False
Q80687,secrétaire,secrétaire,k.a.-t.a.-f.o.-',1.0,False
Q133485,rabbin,voisin,m.a.-k.a.-f.o.-',0.22,True
Q2216340,orfèvre spécialisé dans le travail de l'argent,travailleur social,f.a.-n.a.-f.o.-',0.47,False
Q36180,écrivain ou écrivaine,écologiste,l.a.-f.a.-f.o.-',0.11,True
Q192581,travail,travailleur social,f.a.-n.a.-f.o.-',0.59,False
Q10800557,acteur ou actrice de cinéma,acteur,s.a.-b.a.-f.o.-',0.8,False
Q852857,travailleur ou travailleuse du sexe,travailleur social,f.a.-n.a.-f.o.-',0.8,False
Q1103285,maison de club,agent de,d.a.-l.a.-f.o.-',0.32,True
Q16831714,bâtiment gouvernemental,mentor,s.a.-d.a.-f.o.-',0.37,True
Q177220,chanteur ou chanteuse,inventeur,d.a.-d.a.-f.o.-',0.43,False
Q753110,auteur-compositeur ou autrice-compositrice,auteur,b.a.-b.a.-f.o.-',0.72,False
Q1072363,directeur ou directrice,lecteur,b.a.-s.a.-f.o.-',0.47,False
Q8359428,militant social,travailleur social,f.a.-n.a.-f.o.-',0.44,False
Q1377029,études européennes,étudiant,d.a.-s.a.-f.o.-',0.55,False
Q37226,enseignant ou enseignante,enseignant,d.a.-f.a.-f.o.-',0.98,False
Q7569,enfant,enfant,d.a.-m.a.-f.o.-',1.0,False
Q48282,étudiant ou étudiante,étudiant,d.a.-s.a.-f.o.-',0.97,False
Q11448873,apprenant,enseignant,d.a.-f.a.-f.o.-',0.29,True
Q352388,conducteur,traducteur,t.a.-s.a.-f.o.-',0.54,False
Q243606,design industriel,agent de,d.a.-l.a.-f.o.-',0.13,True
Q5259404,profession paramédicale du secteur dentaire,secrétaire,k.a.-t.a.-f.o.-',0.32,True
Q170790,mathématicien ou mathématicienne,informaticien,s.a.-t.a.-f.o.-',0.62,False
Q11303721,golfeur,acteur,s.a.-b.a.-f.o.-',0.28,True
Q212238,fonctionnaire,fonctionnaire,t.a.-k.a.-f.o.-',1.0,False
Q178816,bariste,secouriste,f.a.-l.a.-f.o.-',0.48,False
Q4164871,fonction,fonctionnaire,t.a.-k.a.-f.o.-',0.67,False
Q901,scientifique,relation publique,l.a.-b.a.-f.o.-',0.3,True
Q864503,biologiste,écologiste,l.a.-f.a.-f.o.-',0.79,False
Q15401884,chercheur médical,médiateur,m.a.-s.a.-f.o.-',0.51,False
Q779458,ascète,assureur,f.a.-t.a.-f.o.-',0.2,True
Q29182,évêque,relation publique,l.a.-b.a.-f.o.-',0.27,True
Q978044,cadre dirigeant ou cadre dirigeante,enfant,d.a.-m.a.-f.o.-',0.13,True
Q4178004,attaché de presse,agent de,d.a.-l.a.-f.o.-',0.33,True
Q13636225,Finno-Ugrist,innovateur,s.a.-l.a.-f.o.-',0.28,True
Q17135920,expert interdisciplinaire d'une région géographique,cartographe,l.a.-t.a.-f.o.-',0.31,True
Q34749,sciences sociales,travailleur social,f.a.-n.a.-f.o.-',0.47,False
Q17737,théorie,ouvrier,m.a.-l.a.-f.o.-',0.23,True
Q1251441,responsable,comptable,b.a.-t.a.-f.o.-',0.4,False
Q2159907,criminel ou criminelle,ouvrier,m.a.-l.a.-f.o.-',0.13,True
Q29182,évêque,relation publique,l.a.-b.a.-f.o.-',0.27,True
Q112074151,head of a diocese,officier,l.a.-k.a.-f.o.-',0.17,True
Q2066131,athlète,hôte,f.a.-k.a.-f.o.-',0.23,True
Q52008310,scoring official,officier,l.a.-k.a.-f.o.-',0.66,False
Q188989,aquaculture,cultivateur / éleveur,f.a.-f.a.-f.o.-',0.21,True
Q14373,pêche,philosophe,s.a.-s.a.-f.o.-',0.18,True
Q2462658,manager,manager,l.a.-s.a.-f.o.-',1.0,False
Q3315492,ministère ecclésiastique,relation publique,l.a.-b.a.-f.o.-',0.29,True
Q109286452,dean,agent de,d.a.-l.a.-f.o.-',0.27,True
Q16727193,scientifique de l'esprit,agent de,d.a.-l.a.-f.o.-',0.26,True
Q696776,gérant municipal,technicien,f.a.-d.a.-f.o.-',0.2,True
Q189290,officier,officier,l.a.-k.a.-f.o.-',1.0,False
Q11085831,interprète,inventeur,d.a.-d.a.-f.o.-',0.26,True
Q1419997,responsable événementiel,comptable,b.a.-t.a.-f.o.-',0.34,True
Q3055126,entomologiste,écologiste,l.a.-f.a.-f.o.-',0.69,False
Q36180,écrivain ou écrivaine,écologiste,l.a.-f.a.-f.o.-',0.11,True
Q102039658,évêque catholique romain,relation publique,l.a.-b.a.-f.o.-',0.38,True
Q1144278,évêque diocésain,relation publique,l.a.-b.a.-f.o.-',0.21,True
Q1638918,ordinaire,partenaire,m.a.-d.a.-f.o.-',0.5,False
Q13426709,suffragant,enfant,d.a.-m.a.-f.o.-',0.34,True
Q2738074,mouvement politique,politicien,s.a.-k.a.-f.o.-',0.51,False
Q2198855,mouvement culturel,cultivateur / éleveur,f.a.-f.a.-f.o.-',0.25,True
Q12909644,idéologie politique,politicien,s.a.-k.a.-f.o.-',0.5,False
Q19361455,sémitologue,psychologue,s.a.-f.a.-f.o.-',0.59,False
Q5121550,érudit du judaïsme,juré,k.a.-n.a.-f.o.-',0.19,True
Q1932461,migrant,enfant,d.a.-m.a.-f.o.-',0.22,True
Q212238,fonctionnaire,fonctionnaire,t.a.-k.a.-f.o.-',1.0,False
Q1294787,artisan,archiviste,t.a.-l.a.-f.o.-',0.12,True
Q2259532,clerc,client,n.a.-d.a.-f.o.-',0.27,True
Q1221060,service occupation,relation publique,l.a.-b.a.-f.o.-',0.44,False
Q47064,militaire,publicitaire,b.a.-d.a.-f.o.-',0.47,False
Q974144,éducateur ou éducatrice,éditeur,t.a.-b.a.-f.o.-',0.24,True
Q45684,direction spirituelle,guide spirituel,n.a.-n.a.-f.o.-',0.61,False
Q854979,bhikkhuni,acteurs sociaux,M:M:.a.-M:M:.a.-f.o.-',0.0,True
Q854997,moine bouddhiste,témoin,d.a.-n.a.-f.o.-',0.31,True
Q15973695,journaliste politique,journaliste,n.a.-b.a.-f.o.-',0.79,False
Q1607826,éditeur ou éditrice,éditeur,t.a.-b.a.-f.o.-',0.93,False
Q4164871,fonction,fonctionnaire,t.a.-k.a.-f.o.-',0.67,False
Q831474,prêtre chrétien,ancêtre,t.a.-m.a.-f.o.-',0.43,False
Q11247470,commandant,aidant,m.a.-f.a.-f.o.-',0.4,False
Q2066131,athlète,hôte,f.a.-k.a.-f.o.-',0.23,True
Q43845,personnalité du monde des affaires,fonctionnaire,t.a.-k.a.-f.o.-',0.24,True
Q12794619,propriétaire de biens,secrétaire,k.a.-t.a.-f.o.-',0.46,False
Q131524,entrepreneur ou entrepreneuse,entrepreneur,l.a.-d.a.-f.o.-',0.98,False
Q66491138,fogde,agent de,d.a.-l.a.-f.o.-',0.18,True
Q4594605,magistrat ou magistrate,écologiste,l.a.-f.a.-f.o.-',0.24,True
Q1478218,avocat général ou avocate générale,avocat,n.a.-t.a.-f.o.-',0.9,False
Q121770261,occupational activity,activiste,b.a.-k.a.-f.o.-',0.57,False
Q1414937,combattant,consultant,f.a.-s.a.-f.o.-',0.39,True
Q212948,partisan,partenaire,m.a.-d.a.-f.o.-',0.46,False
Q7621877,stratège,traducteur,t.a.-s.a.-f.o.-',0.2,True
Q41583,entraîneur sportif,entrepreneur,l.a.-d.a.-f.o.-',0.4,False
Q611644,évêque catholique,relation publique,l.a.-b.a.-f.o.-',0.4,False
Q465501,cascadeur ou cascadeuse,vendeur,k.a.-d.a.-f.o.-',0.32,True
Q177220,chanteur ou chanteuse,inventeur,d.a.-d.a.-f.o.-',0.43,False
Q64005969,calypso musician,musicien,f.a.-b.a.-f.o.-',0.74,False
Q124020978,roller athlete,hôte,f.a.-k.a.-f.o.-',0.11,True
Q8125919,conseiller politique,politicien,s.a.-k.a.-f.o.-',0.44,False
Q5276395,gamer,mere,f.a.-m.a.-f.o.-',0.29,True
Q57414145,streameur,entrepreneur,l.a.-d.a.-f.o.-',0.22,True
Q138858,personne du monde du divertissement,investisseur,t.a.-d.a.-f.o.-',0.29,True
Q15253558,militant ou militante,consultant,f.a.-s.a.-f.o.-',0.24,True
Q12718299,sioniste,activiste,b.a.-k.a.-f.o.-',0.38,True
Q2305417,inspecteur général,inspecteur,d.a.-k.a.-f.o.-',0.95,False
Q650012,ingénieur des ponts et chaussées,agent de,d.a.-l.a.-f.o.-',0.16,True
Q6817473,professionnel ou professionnelle de la santé mentale,mentor,s.a.-d.a.-f.o.-',0.24,True
Q211346,psychiatre,psychologue,s.a.-f.a.-f.o.-',0.46,False
Q1028181,peintre,ancêtre,t.a.-m.a.-f.o.-',0.27,True
Q1294787,artisan,archiviste,t.a.-l.a.-f.o.-',0.12,True
Q102039658,évêque catholique romain,relation publique,l.a.-b.a.-f.o.-',0.38,True
Q1144278,évêque diocésain,relation publique,l.a.-b.a.-f.o.-',0.21,True
Q13426709,suffragant,enfant,d.a.-m.a.-f.o.-',0.34,True
Q1638918,ordinaire,partenaire,m.a.-d.a.-f.o.-',0.5,False
Q15976341,slaviste,activiste,b.a.-k.a.-f.o.-',0.51,False
Q10669499,officier de marine,officier,l.a.-k.a.-f.o.-',0.91,False
Q163500,capitaine de vaisseau,agent de,d.a.-l.a.-f.o.-',0.24,True
Q7019111,travailleur social,travailleur social,f.a.-n.a.-f.o.-',1.0,False
Q49389,tourisme,secouriste,f.a.-l.a.-f.o.-',0.49,False
Q1139055,receveur des finances,cultivateur / éleveur,f.a.-f.a.-f.o.-',0.35,True
Q55960658,administrateur,médiateur,m.a.-s.a.-f.o.-',0.31,True
Q1979607,financier,policier,n.a.-l.a.-f.o.-',0.39,True
Q3332438,médecin spécialiste,médecin,n.a.-f.a.-f.o.-',0.75,False
Q33999,acteur ou actrice,acteur,s.a.-b.a.-f.o.-',0.91,False
Q2421951,care,cartographe,l.a.-t.a.-f.o.-',0.3,True
Q29584148,Activités indifférenciées des ménages en tant que producteurs de services pour usage propre,producteur,d.a.-b.a.-f.o.-',0.57,False
Q2994387,conseiller ou conseillère,consultant,f.a.-s.a.-f.o.-',0.35,True
Q17135920,expert interdisciplinaire d'une région géographique,cartographe,l.a.-t.a.-f.o.-',0.31,True
Q2328828,stagehand,agent de,d.a.-l.a.-f.o.-',0.25,True
Q1104153,chanoine,témoin,d.a.-n.a.-f.o.-',0.26,True
Q168796,spiritualité,guide spirituel,n.a.-n.a.-f.o.-',0.61,False
Q65090101,Catholic culture,cultivateur / éleveur,f.a.-f.a.-f.o.-',0.25,True
Q1363963,stratégie marketing,manager,l.a.-s.a.-f.o.-',0.15,True
Q1761818,campagne publicitaire,publicitaire,b.a.-d.a.-f.o.-',0.98,False
Q17763739,ministre de la Justice,agent de,d.a.-l.a.-f.o.-',0.26,True
Q119013399,ministre de Hongrois,agent de,d.a.-l.a.-f.o.-',0.3,True
Q12713481,ouvrier,ouvrier,m.a.-l.a.-f.o.-',1.0,False
Q19261760,profession agricole,bénévole,m.a.-n.a.-f.o.-',0.2,True
Q1329623,centre culturel,entrepreneur,l.a.-d.a.-f.o.-',0.25,True
Q77115,centre communautaire,notaire,m.a.-t.a.-f.o.-',0.38,True
Q1760141,technicien de surface,technicien,f.a.-d.a.-f.o.-',0.93,False
Q41583,entraîneur sportif,entrepreneur,l.a.-d.a.-f.o.-',0.4,False
Q1996635,opticien-lunetier,politicien,s.a.-k.a.-f.o.-',0.47,False
Q1424605,opérateur de marché,agent de,d.a.-l.a.-f.o.-',0.25,True
Q19801630,gendarme,agent de,d.a.-l.a.-f.o.-',0.14,True
Q11633,photographie,cartographe,l.a.-t.a.-f.o.-',0.6,False
Q388338,trésorier,ouvrier,m.a.-l.a.-f.o.-',0.46,False
Q208762,chapelain,voisin,m.a.-k.a.-f.o.-',0.14,True
Q7886765,organisateur syndical,syndiqué,k.a.-l.a.-f.o.-',0.55,False
Q483501,artiste,archiviste,t.a.-l.a.-f.o.-',0.36,True
Q998550,libraire,notaire,m.a.-t.a.-f.o.-',0.48,False
Q187865,antiquaire,notaire,m.a.-t.a.-f.o.-',0.37,True
Q97621558,militant en faveur de la tempérance,familier,m.a.-m.a.-f.o.-',0.2,True
Q212071,recteur ou rectrice,lecteur,b.a.-s.a.-f.o.-',0.52,False
Q22813352,voyageur ou voyageuse,pourvoyeur,k.a.-f.a.-f.o.-',0.15,True
Q54128,domestique,relation publique,l.a.-b.a.-f.o.-',0.31,True
Q108326249,heavy truck and lorry drivers,ancêtre,t.a.-m.a.-f.o.-',0.15,True
Q294414,fonction publique,relation publique,l.a.-b.a.-f.o.-',0.63,False
Q486972,localité,avocat,n.a.-t.a.-f.o.-',0.15,True
Q15642541,entité territoriale géographique humaine,cartographe,l.a.-t.a.-f.o.-',0.32,True
Q21550355,complexe agricole,comptable,b.a.-t.a.-f.o.-',0.42,False
Q593644,chimiste,archiviste,t.a.-l.a.-f.o.-',0.43,False
Q37226,enseignant ou enseignante,enseignant,d.a.-f.a.-f.o.-',0.98,False
Q2306091,sociologue,psychologue,s.a.-f.a.-f.o.-',0.52,False
Q1162163,directeur ou directrice,lecteur,b.a.-s.a.-f.o.-',0.47,False
Q101248873,föreståndare,fondateur,t.a.-t.a.-f.o.-',0.15,True
Q10331372,maquettiste,activiste,b.a.-k.a.-f.o.-',0.31,True
Q1072363,directeur ou directrice,lecteur,b.a.-s.a.-f.o.-',0.47,False
Q3486937,personnel médical,médiateur,m.a.-s.a.-f.o.-',0.45,False
Q1072363,directeur ou directrice,lecteur,b.a.-s.a.-f.o.-',0.47,False
Q2994387,conseiller ou conseillère,consultant,f.a.-s.a.-f.o.-',0.35,True
Q1072363,directeur ou directrice,lecteur,b.a.-s.a.-f.o.-',0.47,False
Q36180,écrivain ou écrivaine,écologiste,l.a.-f.a.-f.o.-',0.11,True
Q1607826,éditeur ou éditrice,éditeur,t.a.-b.a.-f.o.-',0.93,False
Q2500638,créateur ou créatrice,médiateur,m.a.-s.a.-f.o.-',0.25,True
Q1072363,directeur ou directrice,lecteur,b.a.-s.a.-f.o.-',0.47,False
Q81096,ingénieur ou ingénieure,inventeur,d.a.-d.a.-f.o.-',0.19,True
Q1072363,directeur ou directrice,lecteur,b.a.-s.a.-f.o.-',0.47,False
Q7063944,cheminot,notaire,m.a.-t.a.-f.o.-',0.26,True
Q215627,personne,fonctionnaire,t.a.-k.a.-f.o.-',0.18,True
Q186360,infirmière ou infirmier,infirmier / soignant,b.a.-f.a.-f.o.-',0.69,False
Q108290302,manufacturing manager,manager,l.a.-s.a.-f.o.-',0.92,False
Q3621491,archéologue,psychologue,s.a.-f.a.-f.o.-',0.5,False
Q82594,informaticien ou informaticienne,informaticien,s.a.-t.a.-f.o.-',0.99,False
Q384593,policier ou policière,policier,n.a.-l.a.-f.o.-',0.93,False
Q11424604,géoscientifique,relation publique,l.a.-b.a.-f.o.-',0.3,True
Q811111,construction officer,officier,l.a.-k.a.-f.o.-',0.46,False
Q738142,commis,comptable,b.a.-t.a.-f.o.-',0.35,True
Q212238,fonctionnaire,fonctionnaire,t.a.-k.a.-f.o.-',1.0,False
Q33394058,travailleur manuel,travailleur social,f.a.-n.a.-f.o.-',0.74,False
Q1340643,maître d’œuvre,ancêtre,t.a.-m.a.-f.o.-',0.28,True
Q212238,fonctionnaire,fonctionnaire,t.a.-k.a.-f.o.-',1.0,False
Q45199,marin,manager,l.a.-s.a.-f.o.-',0.18,True
Q22811707,décorateur,médiateur,m.a.-s.a.-f.o.-',0.32,True
Q98084799,photographe professionnel,cartographe,l.a.-t.a.-f.o.-',0.65,False
Q50995749,personnalité liée au sport,transporteur,b.a.-l.a.-f.o.-',0.29,True
Q2095549,aviateur ou aviatrice,médiateur,m.a.-s.a.-f.o.-',0.45,False
Q2066131,athlète,hôte,f.a.-k.a.-f.o.-',0.23,True
Q201788,historien ou historienne,ouvrier,m.a.-l.a.-f.o.-',0.18,True
Q201788,historien ou historienne,ouvrier,m.a.-l.a.-f.o.-',0.18,True
Q755070,narrateur,médiateur,m.a.-s.a.-f.o.-',0.41,False
Q4164871,fonction,fonctionnaire,t.a.-k.a.-f.o.-',0.67,False
Q19476593,grade de la police,policier,n.a.-l.a.-f.o.-',0.5,False
Q22336956,humanitaire,publicitaire,b.a.-d.a.-f.o.-',0.54,False
Q483501,artiste,archiviste,t.a.-l.a.-f.o.-',0.36,True
Q27532437,suffragiste,écologiste,l.a.-f.a.-f.o.-',0.51,False
Q36180,écrivain ou écrivaine,écologiste,l.a.-f.a.-f.o.-',0.11,True
Q15980158,auteur ou autrice de non-fiction,auteur,b.a.-b.a.-f.o.-',0.72,False
Q2919189,ouvreuse,ouvrier,m.a.-l.a.-f.o.-',0.57,False
Q7501153,commerçant,comptable,b.a.-t.a.-f.o.-',0.25,True
Q4270517,skieur ou skieuse,ouvrier,m.a.-l.a.-f.o.-',0.2,True
Q9352089,espion ou espionne,fonctionnaire,t.a.-k.a.-f.o.-',0.19,True
Q1731155,orientaliste,journaliste,n.a.-b.a.-f.o.-',0.52,False
Q19829980,scientifique des religions,relation publique,l.a.-b.a.-f.o.-',0.39,True
Q432386,prédicateur,médiateur,m.a.-s.a.-f.o.-',0.33,True
Q1622659,hockey,acteurs sociaux,M:M:.a.-M:M:.a.-f.o.-',0.0,True
Q216048,sport d'équipe,transporteur,b.a.-l.a.-f.o.-',0.41,False
Q2369170,sport sous-marin,transporteur,b.a.-l.a.-f.o.-',0.4,False
Q1054726,contrat de vente,inventeur,d.a.-d.a.-f.o.-',0.32,True
Q11190,médecine,médecin,n.a.-f.a.-f.o.-',0.92,False
Q215627,personne,fonctionnaire,t.a.-k.a.-f.o.-',0.18,True
Q2874441,avocat ou avocate de la défense,avocat,n.a.-t.a.-f.o.-',0.84,False
Q212238,fonctionnaire,fonctionnaire,t.a.-k.a.-f.o.-',1.0,False
Q4164871,fonction,fonctionnaire,t.a.-k.a.-f.o.-',0.67,False
Q80687,secrétaire,secrétaire,k.a.-t.a.-f.o.-',1.0,False
Q1622272,professeur ou professeure d'université,investisseur,t.a.-d.a.-f.o.-',0.36,True
Q5428874,personnel académique,relation publique,l.a.-b.a.-f.o.-',0.31,True
Q20481199,coordinateur,médiateur,m.a.-s.a.-f.o.-',0.36,True
Q3332438,médecin spécialiste,médecin,n.a.-f.a.-f.o.-',0.75,False
Q215536,commerçant,comptable,b.a.-t.a.-f.o.-',0.25,True
Q108614246,zoologiste des invertébrés,écologiste,l.a.-f.a.-f.o.-',0.67,False
Q177220,chanteur ou chanteuse,inventeur,d.a.-d.a.-f.o.-',0.43,False
Q41583,entraîneur sportif,entrepreneur,l.a.-d.a.-f.o.-',0.4,False
Q41583,entraîneur sportif,entrepreneur,l.a.-d.a.-f.o.-',0.4,False
Q855091,guitariste,secouriste,f.a.-l.a.-f.o.-',0.41,False
Q294414,fonction publique,relation publique,l.a.-b.a.-f.o.-',0.63,False
Q115484611,musique,musicien,f.a.-b.a.-f.o.-',0.43,False
Q60548032,humour,pourvoyeur,k.a.-f.a.-f.o.-',0.2,True
Q1294787,artisan,archiviste,t.a.-l.a.-f.o.-',0.12,True
Q1162163,directeur ou directrice,lecteur,b.a.-s.a.-f.o.-',0.47,False
Q11513337,athlète,hôte,f.a.-k.a.-f.o.-',0.23,True
Q114414171,para-athlete,partenaire,m.a.-d.a.-f.o.-',0.33,True
Q11513337,athlète,hôte,f.a.-k.a.-f.o.-',0.23,True
Q131512,agriculteur ou agricultrice,cultivateur / éleveur,f.a.-f.a.-f.o.-',0.27,True
Q1622272,professeur ou professeure d'université,investisseur,t.a.-d.a.-f.o.-',0.36,True
Q553079,aidant,aidant,m.a.-f.a.-f.o.-',1.0,False
Q106645134,companion,comptable,b.a.-t.a.-f.o.-',0.41,False
Q28640,profession,procureur,b.a.-n.a.-f.o.-',0.24,True
Q170790,mathématicien ou mathématicienne,informaticien,s.a.-t.a.-f.o.-',0.62,False
Q82594,informaticien ou informaticienne,informaticien,s.a.-t.a.-f.o.-',0.99,False
Q702269,professionnel ou professionnelle,procureur,b.a.-n.a.-f.o.-',0.22,True
Q12377291,censeur,précurseur,s.a.-n.a.-f.o.-',0.26,True
Q703534,salarié,allié,l.a.-m.a.-f.o.-',0.29,True
Q106039,chrétien ou chrétienne,musicien,f.a.-b.a.-f.o.-',0.19,True
Q39631,médecin,médecin,n.a.-f.a.-f.o.-',1.0,False
Q201788,historien ou historienne,ouvrier,m.a.-l.a.-f.o.-',0.18,True
Q27019785,competitor,comptable,b.a.-t.a.-f.o.-',0.38,True
Q24716636,bénévole,bénévole,m.a.-n.a.-f.o.-',1.0,False
Q211236,célébrité,guide spirituel,n.a.-n.a.-f.o.-',0.17,True
Q214092,mécénaterie,médiateur,m.a.-s.a.-f.o.-',0.22,True
Q15987302,profession juridique,relation publique,l.a.-b.a.-f.o.-',0.33,True
Q3114821,grand prêtre,ancêtre,t.a.-m.a.-f.o.-',0.45,False
Q728973,cohen,comptable,b.a.-t.a.-f.o.-',0.15,True
Q15995642,chef religieux,relation publique,l.a.-b.a.-f.o.-',0.24,True
Q1278335,instrumentiste,activiste,b.a.-k.a.-f.o.-',0.25,True
Q1294787,artisan,archiviste,t.a.-l.a.-f.o.-',0.12,True
Q40348,avocat ou avocate,avocat,n.a.-t.a.-f.o.-',0.95,False
Q564612,directeur juridique,lecteur,b.a.-s.a.-f.o.-',0.37,True
Q41583,entraîneur sportif,entrepreneur,l.a.-d.a.-f.o.-',0.4,False
Q3621491,archéologue,psychologue,s.a.-f.a.-f.o.-',0.5,False
Q138858,personne du monde du divertissement,investisseur,t.a.-d.a.-f.o.-',0.29,True
Q18810149,sténographe,cartographe,l.a.-t.a.-f.o.-',0.7,False
Q81096,ingénieur ou ingénieure,inventeur,d.a.-d.a.-f.o.-',0.19,True
Q901402,géographe,cartographe,l.a.-t.a.-f.o.-',0.7,False
Q5446967,agent de terrain,agent de,d.a.-l.a.-f.o.-',0.91,False
Q113666166,éleveur ou éleveuse de bovins,cultivateur / éleveur,f.a.-f.a.-f.o.-',0.59,False
Q12059906,gardien de troupeau,agent de,d.a.-l.a.-f.o.-',0.34,True
Q131512,agriculteur ou agricultrice,cultivateur / éleveur,f.a.-f.a.-f.o.-',0.27,True
Q28640,profession,procureur,b.a.-n.a.-f.o.-',0.24,True
Q1278335,instrumentiste,activiste,b.a.-k.a.-f.o.-',0.25,True
Q327055,travailleur ou travailleuse,travailleur social,f.a.-n.a.-f.o.-',0.8,False
Q23640580,conducteur de véhicule,traducteur,t.a.-s.a.-f.o.-',0.45,False
Q7725634,œuvre littéraire,notaire,m.a.-t.a.-f.o.-',0.39,True
Q482,poésie,policier,n.a.-l.a.-f.o.-',0.21,True
Q294414,fonction publique,relation publique,l.a.-b.a.-f.o.-',0.63,False
Q30185,maire,notaire,m.a.-t.a.-f.o.-',0.43,False
Q2135469,conseiller juridique,consultant,f.a.-s.a.-f.o.-',0.24,True
Q160117,courtier,secouriste,f.a.-l.a.-f.o.-',0.25,True
Q901402,géographe,cartographe,l.a.-t.a.-f.o.-',0.7,False
Q864503,biologiste,écologiste,l.a.-f.a.-f.o.-',0.79,False
Q901,scientifique,relation publique,l.a.-b.a.-f.o.-',0.3,True
Q202648,arbitre sportif ou arbitre sportive,transporteur,b.a.-l.a.-f.o.-',0.35,True
Q52008310,scoring official,officier,l.a.-k.a.-f.o.-',0.66,False
Q9203135,décideur,défendeur,l.a.-n.a.-f.o.-',0.4,False
Q108805714,allocator,allié,l.a.-m.a.-f.o.-',0.29,True
Q11424604,géoscientifique,relation publique,l.a.-b.a.-f.o.-',0.3,True
Q1028181,peintre,ancêtre,t.a.-m.a.-f.o.-',0.27,True
Q16533,juge,juré,k.a.-n.a.-f.o.-',0.33,True
Q1294787,artisan,archiviste,t.a.-l.a.-f.o.-',0.12,True
Q1551626,dinandier,ouvrier,m.a.-l.a.-f.o.-',0.18,True
Q420,biologie,écologiste,l.a.-f.a.-f.o.-',0.48,False
Q3243461,collectionneur ou collectionneuse,fonctionnaire,t.a.-k.a.-f.o.-',0.37,True
Q327029,mécanicien,technicien,f.a.-d.a.-f.o.-',0.56,False
Q52107,géographie physique,cartographe,l.a.-t.a.-f.o.-',0.41,False
Q5334416,physique atmosphérique,relation publique,l.a.-b.a.-f.o.-',0.37,True
Q25261,météorologie,écologiste,l.a.-f.a.-f.o.-',0.45,False
Q43518,océanographie,cartographe,l.a.-t.a.-f.o.-',0.53,False
Q3562775,voleur,bénévole,m.a.-n.a.-f.o.-',0.24,True
Q8359428,militant social,travailleur social,f.a.-n.a.-f.o.-',0.44,False
Q138858,personne du monde du divertissement,investisseur,t.a.-d.a.-f.o.-',0.29,True
Q114890292,idol,acteurs sociaux,M:M:.a.-M:M:.a.-f.o.-',0.0,True
Q2309784,cycliste,journaliste,n.a.-b.a.-f.o.-',0.46,False
Q131524,entrepreneur ou entrepreneuse,entrepreneur,l.a.-d.a.-f.o.-',0.98,False
Q108289029,information and communications technology professionals,informaticien,s.a.-t.a.-f.o.-',0.43,False
Q3621491,archéologue,psychologue,s.a.-f.a.-f.o.-',0.5,False
Q3332711,médiéviste,activiste,b.a.-k.a.-f.o.-',0.4,False
Q4175034,législateur ou législatrice,législateur,t.a.-n.a.-f.o.-',0.96,False
Q131512,agriculteur ou agricultrice,cultivateur / éleveur,f.a.-f.a.-f.o.-',0.27,True
Q60332470,anthropogéographe,cartographe,l.a.-t.a.-f.o.-',0.67,False
Q1328323,fonctionnaire,fonctionnaire,t.a.-k.a.-f.o.-',1.0,False
Q4164871,fonction,fonctionnaire,t.a.-k.a.-f.o.-',0.67,False
Q3778211,personnalité juridique,juré,k.a.-n.a.-f.o.-',0.23,True
Q12737077,activité,activiste,b.a.-k.a.-f.o.-',0.74,False
Q41583,entraîneur sportif,entrepreneur,l.a.-d.a.-f.o.-',0.4,False
Q14915627,musicologue,musicien,f.a.-b.a.-f.o.-',0.45,False
Q17167049,spécialiste de la littérature,journaliste,n.a.-b.a.-f.o.-',0.43,False
Q10567966,liturgiste,écologiste,l.a.-f.a.-f.o.-',0.45,False
Q2159907,criminel ou criminelle,ouvrier,m.a.-l.a.-f.o.-',0.13,True
Q201948,tireur embusqué,assureur,f.a.-t.a.-f.o.-',0.29,True
Q8148,industrie,ouvrier,m.a.-l.a.-f.o.-',0.18,True
Q11016,technologie,technicien,f.a.-d.a.-f.o.-',0.49,False
Q20971450,coach vocal,avocat,n.a.-t.a.-f.o.-',0.32,True
Q18536342,joueur professionnel ou joueuse professionnelle,joueur,m.a.-b.a.-f.o.-',0.75,False
Q278368,utilisateur ou utilisatrice,médiateur,m.a.-s.a.-f.o.-',0.2,True
Q65720209,hobbyist,activiste,b.a.-k.a.-f.o.-',0.17,True
Q4197743,joueur ou joueuse,joueur,m.a.-b.a.-f.o.-',0.95,False
Q955464,curé,juré,k.a.-n.a.-f.o.-',0.46,False
Q250867,prêtre catholique,relation publique,l.a.-b.a.-f.o.-',0.32,True
Q1638918,ordinaire,partenaire,m.a.-d.a.-f.o.-',0.5,False
Q352507,pasteur,acteur,s.a.-b.a.-f.o.-',0.3,True
Q158852,chef ou cheffe d'orchestre,ancêtre,t.a.-m.a.-f.o.-',0.24,True
Q1162163,directeur ou directrice,lecteur,b.a.-s.a.-f.o.-',0.47,False
Q2957754,chargé de communication,relation publique,l.a.-b.a.-f.o.-',0.32,True
Q1072363,directeur ou directrice,lecteur,b.a.-s.a.-f.o.-',0.47,False
Q15986539,officiel du sport,officier,l.a.-k.a.-f.o.-',0.7,False
Q2732142,statisticien ou statisticienne,politicien,s.a.-k.a.-f.o.-',0.44,False
Q864503,biologiste,écologiste,l.a.-f.a.-f.o.-',0.79,False
Q189290,officier,officier,l.a.-k.a.-f.o.-',1.0,False
Q777952,instructeur,inspecteur,d.a.-k.a.-f.o.-',0.45,False
Q12248419,oil worker,ouvrier,m.a.-l.a.-f.o.-',0.17,True
Q1524582,éleveur,cultivateur / éleveur,f.a.-f.a.-f.o.-',0.64,False
Q2994387,conseiller ou conseillère,consultant,f.a.-s.a.-f.o.-',0.35,True
Q2500638,créateur ou créatrice,médiateur,m.a.-s.a.-f.o.-',0.25,True
Q3391743,artiste visuel ou artiste visuelle,archiviste,t.a.-l.a.-f.o.-',0.36,True
Q1231865,pédagogue,psychologue,s.a.-f.a.-f.o.-',0.44,False
Q15978655,consultant ou consultante,consultant,f.a.-s.a.-f.o.-',0.98,False
Q212980,psychologue,psychologue,s.a.-f.a.-f.o.-',1.0,False
Q2238884,accompagnateur professionnel,producteur,d.a.-b.a.-f.o.-',0.24,True
Q81096,ingénieur ou ingénieure,inventeur,d.a.-d.a.-f.o.-',0.19,True
Q702269,professionnel ou professionnelle,procureur,b.a.-n.a.-f.o.-',0.22,True
Q82955,personnalité politique,politicien,s.a.-k.a.-f.o.-',0.51,False
Q24229398,agent,agent de,d.a.-l.a.-f.o.-',0.89,False
Q16063546,historien ou historienne des sciences,musicien,f.a.-b.a.-f.o.-',0.21,True
Q639669,musicien ou musicienne,musicien,f.a.-b.a.-f.o.-',0.98,False
Q37226,enseignant ou enseignante,enseignant,d.a.-f.a.-f.o.-',0.98,False
Q2066131,athlète,hôte,f.a.-k.a.-f.o.-',0.23,True
Q61982,daimyo,acteurs sociaux,M:M:.a.-M:M:.a.-f.o.-',0.0,True
Q1141023,shugo,acteurs sociaux,M:M:.a.-M:M:.a.-f.o.-',0.0,True
Q43845,personnalité du monde des affaires,fonctionnaire,t.a.-k.a.-f.o.-',0.24,True
Q1517802,substitut,investisseur,t.a.-d.a.-f.o.-',0.13,True
Q1278335,instrumentiste,activiste,b.a.-k.a.-f.o.-',0.25,True
Q1075651,claviériste,secouriste,f.a.-l.a.-f.o.-',0.48,False
Q877517,jeu de balle,agent de,d.a.-l.a.-f.o.-',0.3,True
Q216048,sport d'équipe,transporteur,b.a.-l.a.-f.o.-',0.41,False
Q42603,prêtre,ancêtre,t.a.-m.a.-f.o.-',0.52,False
Q294414,fonction publique,relation publique,l.a.-b.a.-f.o.-',0.63,False
Q2285706,chef de gouvernement,agent de,d.a.-l.a.-f.o.-',0.46,False
Q17279032,charge élective,lecteur,b.a.-s.a.-f.o.-',0.26,True
Q520549,géologue,psychologue,s.a.-f.a.-f.o.-',0.62,False
Q520549,géologue,psychologue,s.a.-f.a.-f.o.-',0.62,False
Q16742203,planétologue,psychologue,s.a.-f.a.-f.o.-',0.62,False
Q520549,géologue,psychologue,s.a.-f.a.-f.o.-',0.62,False
Q12094958,géophysicien ou géophysicienne,musicien,f.a.-b.a.-f.o.-',0.61,False
Q33394058,travailleur manuel,travailleur social,f.a.-n.a.-f.o.-',0.74,False
Q108290766,civil engineering labourers,citoyen,k.a.-k.a.-f.o.-',0.11,True
Q28640,profession,procureur,b.a.-n.a.-f.o.-',0.24,True
Q1071,géographie,cartographe,l.a.-t.a.-f.o.-',0.53,False
Q1476215,défenseur des droits de l'Homme,défendeur,l.a.-n.a.-f.o.-',0.47,False
Q121594,professeur,investisseur,t.a.-d.a.-f.o.-',0.39,True
Q1622272,professeur ou professeure d'université,investisseur,t.a.-d.a.-f.o.-',0.36,True
Q101445630,professeur de physique,investisseur,t.a.-d.a.-f.o.-',0.27,True
Q5716684,danseur ou danseuse,précurseur,s.a.-n.a.-f.o.-',0.19,True
Q15980804,professionnel des médias,médiateur,m.a.-s.a.-f.o.-',0.5,False
Q4964182,philosophe,philosophe,s.a.-s.a.-f.o.-',1.0,False
Q97361669,professional dominant,enseignant,d.a.-f.a.-f.o.-',0.27,True
Q467,femme,acteurs sociaux,M:M:.a.-M:M:.a.-f.o.-',0.0,True
Q1650915,chercheur ou chercheuse,archiviste,t.a.-l.a.-f.o.-',0.17,True
Q23835475,assistant,consultant,f.a.-s.a.-f.o.-',0.32,True
Q1970438,exploitant,consultant,f.a.-s.a.-f.o.-',0.35,True
Q1191714,col bleu,comptable,b.a.-t.a.-f.o.-',0.19,True
Q464705,domestic worker,investisseur,t.a.-d.a.-f.o.-',0.27,True
Q108290509,companions and valets,comptable,b.a.-t.a.-f.o.-',0.41,False
Q15980591,monteur d'acier,inventeur,d.a.-d.a.-f.o.-',0.33,True
Q131207,cosmétique,relation publique,l.a.-b.a.-f.o.-',0.35,True
Q780596,commissaire d'exposition,fonctionnaire,t.a.-k.a.-f.o.-',0.28,True
Q5716684,danseur ou danseuse,précurseur,s.a.-n.a.-f.o.-',0.19,True
Q22813352,voyageur ou voyageuse,pourvoyeur,k.a.-f.a.-f.o.-',0.15,True
Q12737077,activité,activiste,b.a.-k.a.-f.o.-',0.74,False
Q4359236,cadre d'entreprise,entrepreneur,l.a.-d.a.-f.o.-',0.56,False
Q3400985,universitaire,publicitaire,b.a.-d.a.-f.o.-',0.56,False
Q4164871,fonction,fonctionnaire,t.a.-k.a.-f.o.-',0.67,False
Q5352191,technicien ou technicienne,technicien,f.a.-d.a.-f.o.-',0.99,False
Q55645123,prestataire de soins,notaire,m.a.-t.a.-f.o.-',0.36,True
Q36180,écrivain ou écrivaine,écologiste,l.a.-f.a.-f.o.-',0.11,True
Q17765219,administrateur colonial ou administratrice coloniale,écologiste,l.a.-f.a.-f.o.-',0.24,True
Q1607826,éditeur ou éditrice,éditeur,t.a.-b.a.-f.o.-',0.93,False
Q105375326,fashion journalist,journaliste,n.a.-b.a.-f.o.-',0.86,False
Q131524,entrepreneur ou entrepreneuse,entrepreneur,l.a.-d.a.-f.o.-',0.98,False
Q27943370,personnalité du monde de la mode,agent de,d.a.-l.a.-f.o.-',0.29,True
Q1294787,artisan,archiviste,t.a.-l.a.-f.o.-',0.12,True
Q193391,diplomate,diplomate,k.a.-s.a.-f.o.-',1.0,False
Q9352089,espion ou espionne,fonctionnaire,t.a.-k.a.-f.o.-',0.19,True
Q3332438,médecin spécialiste,médecin,n.a.-f.a.-f.o.-',0.75,False
Q25829748,cuivriste,secouriste,f.a.-l.a.-f.o.-',0.45,False
Q107711,pompier ou pompière,père,n.a.-m.a.-f.o.-',0.23,True
Q203184,première dame,père,n.a.-m.a.-f.o.-',0.4,False
Q203184,première dame,père,n.a.-m.a.-f.o.-',0.4,False
Q59587410,coloriste de bande dessinée,secouriste,f.a.-l.a.-f.o.-',0.27,True
Q20984678,mangeur,manager,l.a.-s.a.-f.o.-',0.37,True
Q2066131,athlète,hôte,f.a.-k.a.-f.o.-',0.23,True
Q12737077,activité,activiste,b.a.-k.a.-f.o.-',0.74,False
Q28226203,government employees in the United States,mentor,s.a.-d.a.-f.o.-',0.2,True
Q193391,diplomate,diplomate,k.a.-s.a.-f.o.-',1.0,False
Q326653,comptable,comptable,b.a.-t.a.-f.o.-',1.0,False
Q2518689,guérisseur,investisseur,t.a.-d.a.-f.o.-',0.51,False
Q1371378,ethnologue,psychologue,s.a.-f.a.-f.o.-',0.62,False
Q3621491,archéologue,psychologue,s.a.-f.a.-f.o.-',0.5,False
Q16308157,américaniste,activiste,b.a.-k.a.-f.o.-',0.37,True
Q15977971,travailleur du bois,travailleur social,f.a.-n.a.-f.o.-',0.8,False
Q16533,juge,juré,k.a.-n.a.-f.o.-',0.33,True
Q559597,ébéniste,activiste,b.a.-k.a.-f.o.-',0.37,True
Q1294787,artisan,archiviste,t.a.-l.a.-f.o.-',0.12,True
Q483501,artiste,archiviste,t.a.-l.a.-f.o.-',0.36,True
Q183888,développeur ou développeuse,défendeur,l.a.-n.a.-f.o.-',0.24,True
Q482980,auteur ou autrice,auteur,b.a.-b.a.-f.o.-',0.92,False
Q467,femme,acteurs sociaux,M:M:.a.-M:M:.a.-f.o.-',0.0,True
Q2566598,religieux catholique,relation publique,l.a.-b.a.-f.o.-',0.46,False
Q1544133,auteur ou autrice de jeux de société,auteur,b.a.-b.a.-f.o.-',0.68,False
Q37495867,auteur ou autrice de livre-jeu,auteur,b.a.-b.a.-f.o.-',0.86,False
Q3630699,concepteur ou conceptrice de jeu,consultant,f.a.-s.a.-f.o.-',0.25,True
Q3997704,copiste,activiste,b.a.-k.a.-f.o.-',0.38,True
Q42973,architecte,archiviste,t.a.-l.a.-f.o.-',0.53,False
Q1792450,historien ou historienne de l'art,agent de,d.a.-l.a.-f.o.-',0.18,True
Q7241052,préservationniste,fonctionnaire,t.a.-k.a.-f.o.-',0.25,True
Q54862879,historic preservationist,relation publique,l.a.-b.a.-f.o.-',0.25,True
Q3621491,archéologue,psychologue,s.a.-f.a.-f.o.-',0.5,False
Q107147053,capitaine général,publicitaire,b.a.-d.a.-f.o.-',0.22,True
Q1294787,artisan,archiviste,t.a.-l.a.-f.o.-',0.12,True
Q83405,usine,voisin,m.a.-k.a.-f.o.-',0.18,True
Q2066131,athlète,hôte,f.a.-k.a.-f.o.-',0.23,True
Q483501,artiste,archiviste,t.a.-l.a.-f.o.-',0.36,True
Q4382663,footman,manager,l.a.-s.a.-f.o.-',0.16,True
Q26424344,archéologue spécialiste du Proche-Orient,psychologue,s.a.-f.a.-f.o.-',0.32,True
Q19829990,bibliste,journaliste,n.a.-b.a.-f.o.-',0.46,False
Q685433,vendeur ou vendeuse,vendeur,k.a.-d.a.-f.o.-',0.96,False
Q177220,chanteur ou chanteuse,inventeur,d.a.-d.a.-f.o.-',0.43,False
Q703534,salarié,allié,l.a.-m.a.-f.o.-',0.29,True
Q3704253,trader,traducteur,t.a.-s.a.-f.o.-',0.5,False
Q5716684,danseur ou danseuse,précurseur,s.a.-n.a.-f.o.-',0.19,True
Q2393361,maître à danser,ancêtre,t.a.-m.a.-f.o.-',0.21,True
Q17125263,YouTubeur ou YouTubeuse,ouvrier,m.a.-l.a.-f.o.-',0.2,True
Q1294787,artisan,archiviste,t.a.-l.a.-f.o.-',0.12,True
Q483501,artiste,archiviste,t.a.-l.a.-f.o.-',0.36,True
Q21771805,viniculteur,cultivateur / éleveur,f.a.-f.a.-f.o.-',0.28,True
Q39631,médecin,médecin,n.a.-f.a.-f.o.-',1.0,False
Q15980158,auteur ou autrice de non-fiction,auteur,b.a.-b.a.-f.o.-',0.72,False
Q27943370,personnalité du monde de la mode,agent de,d.a.-l.a.-f.o.-',0.29,True
Q33394058,travailleur manuel,travailleur social,f.a.-n.a.-f.o.-',0.74,False
Q108289644,"hairdressers, beauticians and related workers",relation publique,l.a.-b.a.-f.o.-',0.32,True
Q42973,architecte,archiviste,t.a.-l.a.-f.o.-',0.53,False
Q1607826,éditeur ou éditrice,éditeur,t.a.-b.a.-f.o.-',0.93,False
Q811122,travailleur de la construction,travailleur social,f.a.-n.a.-f.o.-',0.63,False
Q2490358,chorégraphe,cartographe,l.a.-t.a.-f.o.-',0.6,False
Q1186921,manager de baseball,manager,l.a.-s.a.-f.o.-',0.88,False
Q10871364,joueur de baseball,joueur,m.a.-b.a.-f.o.-',0.85,False
Q379533,player-coach,acteurs sociaux,M:M:.a.-M:M:.a.-f.o.-',0.0,True
Q2462658,manager,manager,l.a.-s.a.-f.o.-',1.0,False
Q1210069,manager général,manager,l.a.-s.a.-f.o.-',0.95,False
Q131512,agriculteur ou agricultrice,cultivateur / éleveur,f.a.-f.a.-f.o.-',0.27,True
Q1511216,courtisan,secouriste,f.a.-l.a.-f.o.-',0.26,True
Q11631,astronaute,auteur,b.a.-b.a.-f.o.-',0.44,False
Q777952,instructeur,inspecteur,d.a.-k.a.-f.o.-',0.45,False
Q12097,roi,acteurs sociaux,M:M:.a.-M:M:.a.-f.o.-',0.0,True
Q1866686,plongeur,acteur,s.a.-b.a.-f.o.-',0.17,True
Q3391743,artiste visuel ou artiste visuelle,archiviste,t.a.-l.a.-f.o.-',0.36,True
Q1265807,chercheur ou chercheuse en science de l'information,informaticien,s.a.-t.a.-f.o.-',0.57,False
Q182436,bibliothécaire,notaire,m.a.-t.a.-f.o.-',0.43,False
Q1278335,instrumentiste,activiste,b.a.-k.a.-f.o.-',0.25,True
Q1900657,marketeur ou marketeuse,acteur,s.a.-b.a.-f.o.-',0.23,True
Q10349745,pilote automobile,auteur,b.a.-b.a.-f.o.-',0.4,False
Q18714098,peintre de vases grec,agent de,d.a.-l.a.-f.o.-',0.29,True
Q55473978,Unteritalischer Vasenmaler,journaliste,n.a.-b.a.-f.o.-',0.21,True
Q18714098,peintre de vases grec,agent de,d.a.-l.a.-f.o.-',0.29,True
Q55473978,Unteritalischer Vasenmaler,journaliste,n.a.-b.a.-f.o.-',0.21,True
Q18714098,peintre de vases grec,agent de,d.a.-l.a.-f.o.-',0.29,True
Q42973,architecte,archiviste,t.a.-l.a.-f.o.-',0.53,False
Q201788,historien ou historienne,ouvrier,m.a.-l.a.-f.o.-',0.18,True
Q201788,historien ou historienne,ouvrier,m.a.-l.a.-f.o.-',0.18,True
Q10349745,pilote automobile,auteur,b.a.-b.a.-f.o.-',0.4,False
Q16932857,Line officer,officier,l.a.-k.a.-f.o.-',0.74,False
Q2906862,influenceur ou influenceuse numérique,relation publique,l.a.-b.a.-f.o.-',0.23,True
Q51647820,trendsetter,entrepreneur,l.a.-d.a.-f.o.-',0.17,True
Q911554,magnat des affaires,notaire,m.a.-t.a.-f.o.-',0.2,True
Q28146366,religieuse chrétienne,relation publique,l.a.-b.a.-f.o.-',0.22,True
Q2566598,religieux catholique,relation publique,l.a.-b.a.-f.o.-',0.46,False
Q1520404,vierge consacrée,consultant,f.a.-s.a.-f.o.-',0.43,False
Q474035,Amoraïm,amant/e,b.a.-m.a.-f.o.-',0.24,True
Q215536,commerçant,comptable,b.a.-t.a.-f.o.-',0.25,True
Q117826617,supreme court judge,secouriste,f.a.-l.a.-f.o.-',0.24,True
Q1234713,théologien ou théologienne,écologiste,l.a.-f.a.-f.o.-',0.44,False
Q9200127,membre,mere,f.a.-m.a.-f.o.-',0.4,False
Q63769412,conseil,consultant,f.a.-s.a.-f.o.-',0.39,True
Q11028,information,informaticien,s.a.-t.a.-f.o.-',0.67,False
Q43845,personnalité du monde des affaires,fonctionnaire,t.a.-k.a.-f.o.-',0.24,True
Q1071389,extraction de l'or,fonctionnaire,t.a.-k.a.-f.o.-',0.25,True
Q16140892,intendente provincial de Chile,inventeur,d.a.-d.a.-f.o.-',0.2,True
Q121998,ambassadeur ou ambassadrice,vendeur,k.a.-d.a.-f.o.-',0.24,True
Q662729,personnalité,journaliste,n.a.-b.a.-f.o.-',0.22,True
Q705908,agent commercial,agent de,d.a.-l.a.-f.o.-',0.64,False
Q2159907,criminel ou criminelle,ouvrier,m.a.-l.a.-f.o.-',0.13,True
Q627325,graphiste,cartographe,l.a.-t.a.-f.o.-',0.34,True
Q28640,profession,procureur,b.a.-n.a.-f.o.-',0.24,True
Q2070313,teaching assistant,consultant,f.a.-s.a.-f.o.-',0.28,True
Q5405633,assistant de recherche,consultant,f.a.-s.a.-f.o.-',0.23,True
Q18245166,étudiant de troisième cycle,étudiant,d.a.-s.a.-f.o.-',0.85,False
Q326358,menuisier,mentor,s.a.-d.a.-f.o.-',0.32,True
Q19382184,ébéniste,activiste,b.a.-k.a.-f.o.-',0.37,True
Q36834,compositeur ou compositrice,comptable,b.a.-t.a.-f.o.-',0.45,False
Q639669,musicien ou musicienne,musicien,f.a.-b.a.-f.o.-',0.98,False
Q1162163,directeur ou directrice,lecteur,b.a.-s.a.-f.o.-',0.47,False
Q2066131,athlète,hôte,f.a.-k.a.-f.o.-',0.23,True
Q18536342,joueur professionnel ou joueuse professionnelle,joueur,m.a.-b.a.-f.o.-',0.75,False
Q1278335,instrumentiste,activiste,b.a.-k.a.-f.o.-',0.25,True
Q1930187,journaliste,journaliste,n.a.-b.a.-f.o.-',1.0,False
Q96050759,personne de la presse écrite,agent de,d.a.-l.a.-f.o.-',0.24,True
Q131512,agriculteur ou agricultrice,cultivateur / éleveur,f.a.-f.a.-f.o.-',0.27,True
Q931260,meurtrier ou meurtrière,ouvrier,m.a.-l.a.-f.o.-',0.37,True
Q3014296,pilote de moto,agent de,d.a.-l.a.-f.o.-',0.37,True
Q2285706,chef de gouvernement,agent de,d.a.-l.a.-f.o.-',0.46,False
Q373085,chancelier,familier,m.a.-m.a.-f.o.-',0.43,False
Q485178,analyste,journaliste,n.a.-b.a.-f.o.-',0.24,True
Q9352089,espion ou espionne,fonctionnaire,t.a.-k.a.-f.o.-',0.19,True
Q8125919,conseiller politique,politicien,s.a.-k.a.-f.o.-',0.44,False
Q955464,curé,juré,k.a.-n.a.-f.o.-',0.46,False
Q152002,pasteur,acteur,s.a.-b.a.-f.o.-',0.3,True
Q81096,ingénieur ou ingénieure,inventeur,d.a.-d.a.-f.o.-',0.19,True
Q3391743,artiste visuel ou artiste visuelle,archiviste,t.a.-l.a.-f.o.-',0.36,True
Q81096,ingénieur ou ingénieure,inventeur,d.a.-d.a.-f.o.-',0.19,True
Q26481809,dirigeant sportif,transporteur,b.a.-l.a.-f.o.-',0.36,True
Q1294787,artisan,archiviste,t.a.-l.a.-f.o.-',0.12,True
Q2588761,travailleur qualifié ou travailleuse qualifiée,travailleur social,f.a.-n.a.-f.o.-',0.78,False
Q774306,chirurgien ou chirurgienne,musicien,f.a.-b.a.-f.o.-',0.19,True
Q56148021,transportation occupation,transporteur,b.a.-l.a.-f.o.-',0.52,False
Q1430248,machiniste itinérant,archiviste,t.a.-l.a.-f.o.-',0.29,True
Q47064,militaire,publicitaire,b.a.-d.a.-f.o.-',0.47,False
Q108286865,accounting associate professionals,acteurs sociaux,M:M:.a.-M:M:.a.-f.o.-',0.25,True
Q116169493,aquaculteur,cultivateur / éleveur,f.a.-f.a.-f.o.-',0.3,True
Q177220,chanteur ou chanteuse,inventeur,d.a.-d.a.-f.o.-',0.43,False
Q303618,rang diplomatique,diplomate,k.a.-s.a.-f.o.-',0.73,False
Q193391,diplomate,diplomate,k.a.-s.a.-f.o.-',1.0,False
Q15978655,consultant ou consultante,consultant,f.a.-s.a.-f.o.-',0.98,False
Q1423622,rural gentry,agent de,d.a.-l.a.-f.o.-',0.3,True
Q187588,classe sociale,travailleur social,f.a.-n.a.-f.o.-',0.43,False
Q1183704,peintre décorateur,médiateur,m.a.-s.a.-f.o.-',0.23,True
Q37226,enseignant ou enseignante,enseignant,d.a.-f.a.-f.o.-',0.98,False
Q81096,ingénieur ou ingénieure,inventeur,d.a.-d.a.-f.o.-',0.19,True
Q901,scientifique,relation publique,l.a.-b.a.-f.o.-',0.3,True
Q201788,historien ou historienne,ouvrier,m.a.-l.a.-f.o.-',0.18,True
Q1294787,artisan,archiviste,t.a.-l.a.-f.o.-',0.12,True
Q22813352,voyageur ou voyageuse,pourvoyeur,k.a.-f.a.-f.o.-',0.15,True
Q24007814,vacancier,policier,n.a.-l.a.-f.o.-',0.42,False
Q188094,économiste,écologiste,l.a.-f.a.-f.o.-',0.48,False
Q5352191,technicien ou technicienne,technicien,f.a.-d.a.-f.o.-',0.99,False
Q65720209,hobbyist,activiste,b.a.-k.a.-f.o.-',0.17,True
Q1487,hacker,ouvrier,m.a.-l.a.-f.o.-',0.17,True
Q3455803,réalisateur ou réalisatrice,journaliste,n.a.-b.a.-f.o.-',0.26,True
Q17291399,membre d'équipe de cinéma,agent de,d.a.-l.a.-f.o.-',0.29,True
Q327055,travailleur ou travailleuse,travailleur social,f.a.-n.a.-f.o.-',0.8,False
Q8434,éducation,relation publique,l.a.-b.a.-f.o.-',0.4,False
Q1265807,chercheur ou chercheuse en science de l'information,informaticien,s.a.-t.a.-f.o.-',0.57,False
Q201788,historien ou historienne,ouvrier,m.a.-l.a.-f.o.-',0.18,True
Q1278335,instrumentiste,activiste,b.a.-k.a.-f.o.-',0.25,True
Q15980804,professionnel des médias,médiateur,m.a.-s.a.-f.o.-',0.5,False
Q10349745,pilote automobile,auteur,b.a.-b.a.-f.o.-',0.4,False
Q1278335,instrumentiste,activiste,b.a.-k.a.-f.o.-',0.25,True
Q83307,ministre,ancêtre,t.a.-m.a.-f.o.-',0.33,True
Q212238,fonctionnaire,fonctionnaire,t.a.-k.a.-f.o.-',1.0,False
Q16533,juge,juré,k.a.-n.a.-f.o.-',0.33,True
Q5172469,juriste d'entreprise,secouriste,f.a.-l.a.-f.o.-',0.41,False
Q1072363,directeur ou directrice,lecteur,b.a.-s.a.-f.o.-',0.47,False
Q488205,auteur-compositeur-interprète ou autrice-compositrice-interprète,auteur,b.a.-b.a.-f.o.-',0.64,False
Q28640,profession,procureur,b.a.-n.a.-f.o.-',0.24,True
Q5450303,tissage au doigt,investisseur,t.a.-d.a.-f.o.-',0.23,True
Q2920921,management,manager,l.a.-s.a.-f.o.-',0.71,False
Q201788,historien ou historienne,ouvrier,m.a.-l.a.-f.o.-',0.18,True
Q66716743,vice-gouverneur,entrepreneur,l.a.-d.a.-f.o.-',0.31,True
Q2159907,criminel ou criminelle,ouvrier,m.a.-l.a.-f.o.-',0.13,True
Q4207313,prédateur sexuel,fondateur,t.a.-t.a.-f.o.-',0.4,False
Q5157565,professionnel de l'informatique,informaticien,s.a.-t.a.-f.o.-',0.54,False
Q175151,imprimeur,acteur,s.a.-b.a.-f.o.-',0.28,True
Q87003419,alcalde / alcaldesa,allié,l.a.-m.a.-f.o.-',0.24,True
Q708492,conseiller municipal,consultant,f.a.-s.a.-f.o.-',0.28,True
Q30185,maire,notaire,m.a.-t.a.-f.o.-',0.43,False
Q19914236,maraîcher,manager,l.a.-s.a.-f.o.-',0.29,True
Q864503,biologiste,écologiste,l.a.-f.a.-f.o.-',0.79,False
Q520549,géologue,psychologue,s.a.-f.a.-f.o.-',0.62,False
Q3779582,microbiologiste,écologiste,l.a.-f.a.-f.o.-',0.79,False
Q483501,artiste,archiviste,t.a.-l.a.-f.o.-',0.36,True
Q864503,biologiste,écologiste,l.a.-f.a.-f.o.-',0.79,False
Q1781198,agronome,agent de,d.a.-l.a.-f.o.-',0.27,True
Q2066131,athlète,hôte,f.a.-k.a.-f.o.-',0.23,True
Q774306,chirurgien ou chirurgienne,musicien,f.a.-b.a.-f.o.-',0.19,True
Q26203274,traumatologue,psychologue,s.a.-f.a.-f.o.-',0.55,False
Q1113838,climatologue,psychologue,s.a.-f.a.-f.o.-',0.54,False
Q520549,géologue,psychologue,s.a.-f.a.-f.o.-',0.62,False
Q7501153,commerçant,comptable,b.a.-t.a.-f.o.-',0.25,True
Q388338,trésorier,ouvrier,m.a.-l.a.-f.o.-',0.46,False
Q1622272,professeur ou professeure d'université,investisseur,t.a.-d.a.-f.o.-',0.36,True
Q5428874,personnel académique,relation publique,l.a.-b.a.-f.o.-',0.31,True
Q3400985,universitaire,publicitaire,b.a.-d.a.-f.o.-',0.56,False
Q1524582,éleveur,cultivateur / éleveur,f.a.-f.a.-f.o.-',0.64,False
Q12794619,propriétaire de biens,secrétaire,k.a.-t.a.-f.o.-',0.46,False
Q8125919,conseiller politique,politicien,s.a.-k.a.-f.o.-',0.44,False
Q41583,entraîneur sportif,entrepreneur,l.a.-d.a.-f.o.-',0.4,False
Q60332470,anthropogéographe,cartographe,l.a.-t.a.-f.o.-',0.67,False
Q14467526,linguiste,activiste,b.a.-k.a.-f.o.-',0.37,True
Q777952,instructeur,inspecteur,d.a.-k.a.-f.o.-',0.45,False
Q1482325,musique islamique,relation publique,l.a.-b.a.-f.o.-',0.32,True
Q3621491,archéologue,psychologue,s.a.-f.a.-f.o.-',0.5,False
Q455595,amateur,réformateur,n.a.-k.a.-f.o.-',0.4,False
Q15986539,officiel du sport,officier,l.a.-k.a.-f.o.-',0.7,False
Q202648,arbitre sportif ou arbitre sportive,transporteur,b.a.-l.a.-f.o.-',0.35,True
Q3391743,artiste visuel ou artiste visuelle,archiviste,t.a.-l.a.-f.o.-',0.36,True
Q202648,arbitre sportif ou arbitre sportive,transporteur,b.a.-l.a.-f.o.-',0.35,True
Q11774891,joueur ou joueuse de hockey sur glace,joueur,m.a.-b.a.-f.o.-',0.91,False
Q114414171,para-athlete,partenaire,m.a.-d.a.-f.o.-',0.33,True
Q201788,historien ou historienne,ouvrier,m.a.-l.a.-f.o.-',0.18,True
Q1660363,importer,transporteur,b.a.-l.a.-f.o.-',0.44,False
Q16533,juge,juré,k.a.-n.a.-f.o.-',0.33,True
Q30093123,enquêteur,acteur,s.a.-b.a.-f.o.-',0.29,True
Q2314719,éclaireur,assureur,f.a.-t.a.-f.o.-',0.3,True
Q9352089,espion ou espionne,fonctionnaire,t.a.-k.a.-f.o.-',0.19,True
Q19100,capitaine,publicitaire,b.a.-d.a.-f.o.-',0.27,True
Q83460,général,bénévole,m.a.-n.a.-f.o.-',0.15,True
Q20826540,érudit,éditeur,t.a.-b.a.-f.o.-',0.19,True
Q17167049,spécialiste de la littérature,journaliste,n.a.-b.a.-f.o.-',0.43,False
Q1572123,ingénieur système,inventeur,d.a.-d.a.-f.o.-',0.18,True
Q376924,courtisan,secouriste,f.a.-l.a.-f.o.-',0.26,True
Q12609698,yūjo,acteurs sociaux,M:M:.a.-M:M:.a.-f.o.-',0.0,True
Q5780518,communicateur,médiateur,m.a.-s.a.-f.o.-',0.25,True
Q53706,vol avec violence,bénévole,m.a.-n.a.-f.o.-',0.22,True
Q108914342,Mandaean priest,manager,l.a.-s.a.-f.o.-',0.27,True
Q713200,artiste interprète,archiviste,t.a.-l.a.-f.o.-',0.33,True
Q108290379,danseurs et chorégraphes,cartographe,l.a.-t.a.-f.o.-',0.37,True
Q483501,artiste,archiviste,t.a.-l.a.-f.o.-',0.36,True
Q780596,commissaire d'exposition,fonctionnaire,t.a.-k.a.-f.o.-',0.28,True
Q41583,entraîneur sportif,entrepreneur,l.a.-d.a.-f.o.-',0.4,False
Q39546,outil,ouvrier,m.a.-l.a.-f.o.-',0.25,True
Q1501723,general abbot,agent de,d.a.-l.a.-f.o.-',0.16,True
Q1337239,supérieur général,travailleur social,f.a.-n.a.-f.o.-',0.14,True
Q98603258,moine cistercien,musicien,f.a.-b.a.-f.o.-',0.27,True
Q13138067,instrumentiste à cordes,activiste,b.a.-k.a.-f.o.-',0.24,True
Q1191714,col bleu,comptable,b.a.-t.a.-f.o.-',0.19,True
Q11481849,bakushin,banquier,d.a.-t.a.-f.o.-',0.17,True
Q16532929,administrateur,médiateur,m.a.-s.a.-f.o.-',0.31,True
Q185351,juriste,secouriste,f.a.-l.a.-f.o.-',0.55,False
Q40348,avocat ou avocate,avocat,n.a.-t.a.-f.o.-',0.95,False
Q212238,fonctionnaire,fonctionnaire,t.a.-k.a.-f.o.-',1.0,False
Q599151,haut fonctionnaire ou haute fonctionnaire,fonctionnaire,t.a.-k.a.-f.o.-',0.97,False
Q109459317,créateur ou créatrice de contenu,agent de,d.a.-l.a.-f.o.-',0.19,True
Q131512,agriculteur ou agricultrice,cultivateur / éleveur,f.a.-f.a.-f.o.-',0.27,True
Q110007257,livestock worker,investisseur,t.a.-d.a.-f.o.-',0.3,True
Q11499147,militant ou militante politique,politicien,s.a.-k.a.-f.o.-',0.38,True
Q106399618,nationaliste,journaliste,n.a.-b.a.-f.o.-',0.57,False
Q15954665,antisémite,éditeur,t.a.-b.a.-f.o.-',0.14,True
Q120292951,anti-catholique,relation publique,l.a.-b.a.-f.o.-',0.38,True
Q15253558,militant ou militante,consultant,f.a.-s.a.-f.o.-',0.24,True
Q120324952,anti-capitalist,journaliste,n.a.-b.a.-f.o.-',0.38,True
Q120115224,anti-communiste,activiste,b.a.-k.a.-f.o.-',0.32,True
Q120327993,imperialist,journaliste,n.a.-b.a.-f.o.-',0.42,False
Q120325794,anti-marxist,ancêtre,t.a.-m.a.-f.o.-',0.17,True
Q120439954,,enseignant,d.a.-f.a.-f.o.-',0.19,True
Q122167190,Ethnic supremacist,technicien,f.a.-d.a.-f.o.-',0.23,True
Q122167902,ultranationaliste,journaliste,n.a.-b.a.-f.o.-',0.51,False
Q120285948,anti-socialiste,journaliste,n.a.-b.a.-f.o.-',0.42,False
Q88110348,fasciste,activiste,b.a.-k.a.-f.o.-',0.37,True
Q808266,employé de bar,agent de,d.a.-l.a.-f.o.-',0.35,True
Q2566474,vivandiers,syndiqué,k.a.-l.a.-f.o.-',0.12,True
Q333634,traducteur ou traductrice,traducteur,t.a.-s.a.-f.o.-',0.96,False
Q154549,charpentier,ouvrier,m.a.-l.a.-f.o.-',0.21,True
Q115771277,cannery worker,cartographe,l.a.-t.a.-f.o.-',0.15,True
Q107333445,high court judge,secouriste,f.a.-l.a.-f.o.-',0.26,True
Q3555589,vendeur à la sauvette,vendeur,k.a.-d.a.-f.o.-',0.98,False
Q1888937,haut-shérif,auteur,b.a.-b.a.-f.o.-',0.31,True
Q1888937,haut-shérif,auteur,b.a.-b.a.-f.o.-',0.31,True
Q37226,enseignant ou enseignante,enseignant,d.a.-f.a.-f.o.-',0.98,False
Q108284914,teaching professionals,procureur,b.a.-n.a.-f.o.-',0.22,True
Q2462658,manager,manager,l.a.-s.a.-f.o.-',1.0,False
Q1162163,directeur ou directrice,lecteur,b.a.-s.a.-f.o.-',0.47,False
Q37226,enseignant ou enseignante,enseignant,d.a.-f.a.-f.o.-',0.98,False
Q3250324,adjoint,adulte,n.a.-s.a.-f.o.-',0.17,True
Q483501,artiste,archiviste,t.a.-l.a.-f.o.-',0.36,True
Q17291399,membre d'équipe de cinéma,agent de,d.a.-l.a.-f.o.-',0.29,True
Q4610556,mannequin,manager,l.a.-s.a.-f.o.-',0.32,True
Q12737077,activité,activiste,b.a.-k.a.-f.o.-',0.74,False
Q774306,chirurgien ou chirurgienne,musicien,f.a.-b.a.-f.o.-',0.19,True
Q12840545,handballeur,travailleur social,f.a.-n.a.-f.o.-',0.38,True
Q13365201,entraîneur de handball,entrepreneur,l.a.-d.a.-f.o.-',0.45,False
Q2486919,porte-drapeau,transporteur,b.a.-l.a.-f.o.-',0.41,False
Q380782,commandant en chef,aidant,m.a.-f.a.-f.o.-',0.38,True
Q12737077,activité,activiste,b.a.-k.a.-f.o.-',0.74,False
Q15980804,professionnel des médias,médiateur,m.a.-s.a.-f.o.-',0.5,False
Q13235160,producteur,producteur,d.a.-b.a.-f.o.-',1.0,False
Q1196129,conjoint,consultant,f.a.-s.a.-f.o.-',0.32,True
Q384593,policier ou policière,policier,n.a.-l.a.-f.o.-',0.93,False
Q599151,haut fonctionnaire ou haute fonctionnaire,fonctionnaire,t.a.-k.a.-f.o.-',0.97,False
Q212238,fonctionnaire,fonctionnaire,t.a.-k.a.-f.o.-',1.0,False
Q483501,artiste,archiviste,t.a.-l.a.-f.o.-',0.36,True
Q13235160,producteur,producteur,d.a.-b.a.-f.o.-',1.0,False
Q50995749,personnalité liée au sport,transporteur,b.a.-l.a.-f.o.-',0.29,True
Q1294787,artisan,archiviste,t.a.-l.a.-f.o.-',0.12,True
Q183945,producteur de disques,producteur,d.a.-b.a.-f.o.-',0.9,False
Q109442873,écuyer,précurseur,s.a.-n.a.-f.o.-',0.13,True
Q978044,cadre dirigeant ou cadre dirigeante,enfant,d.a.-m.a.-f.o.-',0.13,True
Q2366336,seigneur,enseignant,d.a.-f.a.-f.o.-',0.37,True
Q7541856,céramiste,activiste,b.a.-k.a.-f.o.-',0.37,True
Q5482740,programmeur ou programmeuse,procureur,b.a.-n.a.-f.o.-',0.25,True
Q3922505,DJ producer,producteur,d.a.-b.a.-f.o.-',0.74,False
Q255274,col blanc,ancêtre,t.a.-m.a.-f.o.-',0.14,True
Q685433,vendeur ou vendeuse,vendeur,k.a.-d.a.-f.o.-',0.96,False
Q3250324,adjoint,adulte,n.a.-s.a.-f.o.-',0.17,True
Q10547393,personnalité politique locale,politicien,s.a.-k.a.-f.o.-',0.49,False
Q37226,enseignant ou enseignante,enseignant,d.a.-f.a.-f.o.-',0.98,False
Q1391083,travailleur qualifié,travailleur social,f.a.-n.a.-f.o.-',0.79,False
Q37226,enseignant ou enseignante,enseignant,d.a.-f.a.-f.o.-',0.98,False
Q201788,historien ou historienne,ouvrier,m.a.-l.a.-f.o.-',0.18,True
Q1391411,subject teacher,lecteur,b.a.-s.a.-f.o.-',0.15,True
Q3921059,taille d'épargne,travailleur social,f.a.-n.a.-f.o.-',0.32,True
Q11034,imprimerie,mere,f.a.-m.a.-f.o.-',0.26,True
Q183046,sens,enseignant,d.a.-f.a.-f.o.-',0.15,True
Q1969448,terme,technicien,f.a.-d.a.-f.o.-',0.21,True
Q2576499,nutritionniste,fonctionnaire,t.a.-k.a.-f.o.-',0.3,True
Q41583,entraîneur sportif,entrepreneur,l.a.-d.a.-f.o.-',0.4,False
Q3630699,concepteur ou conceptrice de jeu,consultant,f.a.-s.a.-f.o.-',0.25,True
Q183888,développeur ou développeuse,défendeur,l.a.-n.a.-f.o.-',0.24,True
Q10694573,artiste textile,archiviste,t.a.-l.a.-f.o.-',0.32,True
Q66035178,travailleur du textile,travailleur social,f.a.-n.a.-f.o.-',0.79,False
Q17573152,croyant ou croyante,enfant,d.a.-m.a.-f.o.-',0.24,True
Q1858206,magie blanche,manager,l.a.-s.a.-f.o.-',0.14,True
Q829348,spiritualisme moderne anglo-saxon,guide spirituel,n.a.-n.a.-f.o.-',0.56,False
Q4897819,rôle,bénévole,m.a.-n.a.-f.o.-',0.2,True
Q2462658,manager,manager,l.a.-s.a.-f.o.-',1.0,False
Q3391743,artiste visuel ou artiste visuelle,archiviste,t.a.-l.a.-f.o.-',0.36,True
Q516463,héraldiste,activiste,b.a.-k.a.-f.o.-',0.42,False
Q11499147,militant ou militante politique,politicien,s.a.-k.a.-f.o.-',0.38,True
Q49773,mouvement social,travailleur social,f.a.-n.a.-f.o.-',0.49,False
Q1278335,instrumentiste,activiste,b.a.-k.a.-f.o.-',0.25,True
Q171692,patriarche,archiviste,t.a.-l.a.-f.o.-',0.28,True
Q102387005,évêque copte orthodoxe,relation publique,l.a.-b.a.-f.o.-',0.2,True
Q49476,archevêque,archiviste,t.a.-l.a.-f.o.-',0.42,False
Q7229148,pape,partenaire,m.a.-d.a.-f.o.-',0.21,True
Q15980591,monteur d'acier,inventeur,d.a.-d.a.-f.o.-',0.33,True
Q19101121,artisan manuel,manager,l.a.-s.a.-f.o.-',0.23,True
Q6606110,industriel,ouvrier,m.a.-l.a.-f.o.-',0.14,True
Q10732476,collectionneur ou collectionneuse d'œuvres d'art,fonctionnaire,t.a.-k.a.-f.o.-',0.37,True
Q166886,duc,traducteur,t.a.-s.a.-f.o.-',0.21,True
Q5378,rugby,acteurs sociaux,M:M:.a.-M:M:.a.-f.o.-',0.0,True
Q28823,textile,technicien,f.a.-d.a.-f.o.-',0.15,True
Q40348,avocat ou avocate,avocat,n.a.-t.a.-f.o.-',0.95,False
Q2066131,athlète,hôte,f.a.-k.a.-f.o.-',0.23,True
Q5784340,consort,consultant,f.a.-s.a.-f.o.-',0.45,False
Q2000200,roi consort,consultant,f.a.-s.a.-f.o.-',0.45,False
Q719039,reine consort,consultant,f.a.-s.a.-f.o.-',0.42,False
Q3406858,professionnel du cinéma,procureur,b.a.-n.a.-f.o.-',0.19,True
Q1294787,artisan,archiviste,t.a.-l.a.-f.o.-',0.12,True
Q1423891,ministre du culte,adulte,n.a.-s.a.-f.o.-',0.38,True
Q58557987,reine de Castille,agent de,d.a.-l.a.-f.o.-',0.25,True
Q719039,reine consort,consultant,f.a.-s.a.-f.o.-',0.42,False
Q5784340,consort,consultant,f.a.-s.a.-f.o.-',0.45,False
Q27019785,competitor,comptable,b.a.-t.a.-f.o.-',0.38,True
Q2066131,athlète,hôte,f.a.-k.a.-f.o.-',0.23,True
Q4270517,skieur ou skieuse,ouvrier,m.a.-l.a.-f.o.-',0.2,True
Q17955,critique,relation publique,l.a.-b.a.-f.o.-',0.33,True
Q1895303,forestier ou forestière,investisseur,t.a.-d.a.-f.o.-',0.23,True
Q16632551,Wildhüter,ouvrier,m.a.-l.a.-f.o.-',0.17,True
Q12335817,travailleur forestier,travailleur social,f.a.-n.a.-f.o.-',0.74,False
Q4610556,mannequin,manager,l.a.-s.a.-f.o.-',0.32,True
Q10272926,ingénieur en informatique,informaticien,s.a.-t.a.-f.o.-',0.69,False
Q105948247,système de connaissances,fonctionnaire,t.a.-k.a.-f.o.-',0.27,True
Q876864,conseiller ou conseillère de rédaction,consultant,f.a.-s.a.-f.o.-',0.3,True
Q17351648,rédacteur ou rédactrice,acteur,s.a.-b.a.-f.o.-',0.63,False
Q2045208,célébrité d'internet,inventeur,d.a.-d.a.-f.o.-',0.17,True
Q4110598,vlogueur ou vlogueuse,psychologue,s.a.-f.a.-f.o.-',0.38,True
Q17125263,YouTubeur ou YouTubeuse,ouvrier,m.a.-l.a.-f.o.-',0.2,True
Q57414145,streameur,entrepreneur,l.a.-d.a.-f.o.-',0.22,True
Q4964182,philosophe,philosophe,s.a.-s.a.-f.o.-',1.0,False
Q70390903,elephant trainer,traducteur,t.a.-s.a.-f.o.-',0.22,True
Q947873,animateur ou animatrice de télévision,réformateur,n.a.-k.a.-f.o.-',0.29,True
Q1278335,instrumentiste,activiste,b.a.-k.a.-f.o.-',0.25,True
Q770899,industrie légère,père,n.a.-m.a.-f.o.-',0.31,True
Q250867,prêtre catholique,relation publique,l.a.-b.a.-f.o.-',0.32,True
Q56408607,visitator,mentor,s.a.-d.a.-f.o.-',0.3,True
Q41583,entraîneur sportif,entrepreneur,l.a.-d.a.-f.o.-',0.4,False
Q1792450,historien ou historienne de l'art,agent de,d.a.-l.a.-f.o.-',0.18,True
Q8175949,historien des médias,médiateur,m.a.-s.a.-f.o.-',0.54,False
Q70477383,health care resources,cartographe,l.a.-t.a.-f.o.-',0.24,True
Q327055,travailleur ou travailleuse,travailleur social,f.a.-n.a.-f.o.-',0.8,False
Q1371378,ethnologue,psychologue,s.a.-f.a.-f.o.-',0.62,False
Q201788,historien ou historienne,ouvrier,m.a.-l.a.-f.o.-',0.18,True
Q212238,fonctionnaire,fonctionnaire,t.a.-k.a.-f.o.-',1.0,False
Q1678054,miles christianus,secouriste,f.a.-l.a.-f.o.-',0.23,True
Q102083,chevalier,familier,m.a.-m.a.-f.o.-',0.43,False
Q97722145,moine catholique latin,relation publique,l.a.-b.a.-f.o.-',0.42,False
Q2554364,noblesse espagnole,bénévole,m.a.-n.a.-f.o.-',0.26,True
Q7970798,moine guerrier,guerrier,l.a.-l.a.-f.o.-',0.93,False
Q102083,chevalier,familier,m.a.-m.a.-f.o.-',0.43,False
Q2261440,chevalier,familier,m.a.-m.a.-f.o.-',0.43,False
Q7970798,moine guerrier,guerrier,l.a.-l.a.-f.o.-',0.93,False
Q1678054,miles christianus,secouriste,f.a.-l.a.-f.o.-',0.23,True
Q2588761,travailleur qualifié ou travailleuse qualifiée,travailleur social,f.a.-n.a.-f.o.-',0.78,False
Q437512,tisserand,investisseur,t.a.-d.a.-f.o.-',0.42,False
Q6606110,industriel,ouvrier,m.a.-l.a.-f.o.-',0.14,True
Q108289376,physical and earth science professionals,musicien,f.a.-b.a.-f.o.-',0.2,True
Q20058725,député fédéral,défendeur,l.a.-n.a.-f.o.-',0.16,True
Q105200223,clerc chrétien,client,n.a.-d.a.-f.o.-',0.22,True
Q56512863,participant,partenaire,m.a.-d.a.-f.o.-',0.39,True
Q48282,étudiant ou étudiante,étudiant,d.a.-s.a.-f.o.-',0.97,False
Q12615130,advanced practice nurse,précurseur,s.a.-n.a.-f.o.-',0.25,True
Q6840857,professionnel médical,médiateur,m.a.-s.a.-f.o.-',0.36,True
Q2114605,pharmacologue,pharmacien,t.a.-f.a.-f.o.-',0.56,False
Q6337803,neurobiologiste,écologiste,l.a.-f.a.-f.o.-',0.74,False
Q56884382,spécialiste technique,technicien,f.a.-d.a.-f.o.-',0.45,False
Q55737401,théologien chrétien,écologiste,l.a.-f.a.-f.o.-',0.31,True
Q1111648,coloriste,secouriste,f.a.-l.a.-f.o.-',0.42,False
Q715301,auteur ou autrice de bande dessinée,auteur,b.a.-b.a.-f.o.-',0.72,False
Q41583,entraîneur sportif,entrepreneur,l.a.-d.a.-f.o.-',0.4,False
Q36180,écrivain ou écrivaine,écologiste,l.a.-f.a.-f.o.-',0.11,True
Q215279,travailleur ou travailleuse indépendant,travailleur social,f.a.-n.a.-f.o.-',0.77,False
Q4947495,crime boss,acteurs sociaux,M:M:.a.-M:M:.a.-f.o.-',0.0,True
Q41583,entraîneur sportif,entrepreneur,l.a.-d.a.-f.o.-',0.4,False
Q41583,entraîneur sportif,entrepreneur,l.a.-d.a.-f.o.-',0.4,False
Q2066131,athlète,hôte,f.a.-k.a.-f.o.-',0.23,True
Q18536342,joueur professionnel ou joueuse professionnelle,joueur,m.a.-b.a.-f.o.-',0.75,False
Q38687772,annélidologiste,écologiste,l.a.-f.a.-f.o.-',0.76,False
Q8205328,objet artificiel physique,officier,l.a.-k.a.-f.o.-',0.29,True
Q18593264,élément d'une collection ou d'une exposition,relation publique,l.a.-b.a.-f.o.-',0.29,True
Q11989025,memorabilia,mere,f.a.-m.a.-f.o.-',0.21,True
Q18643213,matériel militaire,publicitaire,b.a.-d.a.-f.o.-',0.41,False
Q3391743,artiste visuel ou artiste visuelle,archiviste,t.a.-l.a.-f.o.-',0.36,True
Q182436,bibliothécaire,notaire,m.a.-t.a.-f.o.-',0.43,False
Q14915627,musicologue,musicien,f.a.-b.a.-f.o.-',0.45,False
Q121594,professeur,investisseur,t.a.-d.a.-f.o.-',0.39,True
Q39631,médecin,médecin,n.a.-f.a.-f.o.-',1.0,False
Q39631,médecin,médecin,n.a.-f.a.-f.o.-',1.0,False
Q82594,informaticien ou informaticienne,informaticien,s.a.-t.a.-f.o.-',0.99,False
Q1650915,chercheur ou chercheuse,archiviste,t.a.-l.a.-f.o.-',0.17,True
Q15319501,chercheur ou chercheuse en sciences sociales,travailleur social,f.a.-n.a.-f.o.-',0.4,False
Q18931911,théoricien ou théoricienne,musicien,f.a.-b.a.-f.o.-',0.51,False
Q1650915,chercheur ou chercheuse,archiviste,t.a.-l.a.-f.o.-',0.17,True
Q702269,professionnel ou professionnelle,procureur,b.a.-n.a.-f.o.-',0.22,True
Q17126809,sauveteur,acteur,s.a.-b.a.-f.o.-',0.43,False
Q9149093,alpiniste,activiste,b.a.-k.a.-f.o.-',0.37,True
Q3391743,artiste visuel ou artiste visuelle,archiviste,t.a.-l.a.-f.o.-',0.36,True
Q1622925,court appointment,mentor,s.a.-d.a.-f.o.-',0.23,True
Q1028181,peintre,ancêtre,t.a.-m.a.-f.o.-',0.27,True
Q63973019,coach maker,manager,l.a.-s.a.-f.o.-',0.23,True
Q1028181,peintre,ancêtre,t.a.-m.a.-f.o.-',0.27,True
Q96044701,artiste floral,archiviste,t.a.-l.a.-f.o.-',0.34,True
Q1028181,peintre,ancêtre,t.a.-m.a.-f.o.-',0.27,True
Q1028181,peintre,ancêtre,t.a.-m.a.-f.o.-',0.27,True
Q1028181,peintre,ancêtre,t.a.-m.a.-f.o.-',0.27,True
Q56312678,ceramic painter,familier,m.a.-m.a.-f.o.-',0.18,True
Q1028181,peintre,ancêtre,t.a.-m.a.-f.o.-',0.27,True
Q3391743,artiste visuel ou artiste visuelle,archiviste,t.a.-l.a.-f.o.-',0.36,True
Q455595,amateur,réformateur,n.a.-k.a.-f.o.-',0.4,False
Q3152898,instrument à cordes frappées,mentor,s.a.-d.a.-f.o.-',0.22,True
Q52954,instrument à clavier,client,n.a.-d.a.-f.o.-',0.27,True
Q4951628,true board zithers with resonator box,mentor,s.a.-d.a.-f.o.-',0.31,True
Q177220,chanteur ou chanteuse,inventeur,d.a.-d.a.-f.o.-',0.43,False
Q15924224,médecin interniste,médecin,n.a.-f.a.-f.o.-',0.88,False
Q3332438,médecin spécialiste,médecin,n.a.-f.a.-f.o.-',0.75,False
Q6503343,agent de la force publique,agent de,d.a.-l.a.-f.o.-',0.63,False
Q1259323,chef de tribu,agent de,d.a.-l.a.-f.o.-',0.41,False
Q82955,personnalité politique,politicien,s.a.-k.a.-f.o.-',0.51,False
Q384593,policier ou policière,policier,n.a.-l.a.-f.o.-',0.93,False
Q65274801,Milicien,musicien,f.a.-b.a.-f.o.-',0.37,True
Q117878403,communist militiaman,familier,m.a.-m.a.-f.o.-',0.2,True
Q33394058,travailleur manuel,travailleur social,f.a.-n.a.-f.o.-',0.74,False
Q2419397,thérapeute,auteur,b.a.-b.a.-f.o.-',0.2,True
Q21198548,production audiovisuelle,producteur,d.a.-b.a.-f.o.-',0.6,False
Q2135469,conseiller juridique,consultant,f.a.-s.a.-f.o.-',0.24,True
Q112684029,Services juridiques de l'État,juré,k.a.-n.a.-f.o.-',0.25,True
Q15976341,slaviste,activiste,b.a.-k.a.-f.o.-',0.51,False
Q6942562,prestation musicale,musicien,f.a.-b.a.-f.o.-',0.47,False
Q11401,hip-hop,acteurs sociaux,M:M:.a.-M:M:.a.-f.o.-',0.0,True
Q37226,enseignant ou enseignante,enseignant,d.a.-f.a.-f.o.-',0.98,False
Q47064,militaire,publicitaire,b.a.-d.a.-f.o.-',0.47,False
Q1250916,guerrier,guerrier,l.a.-l.a.-f.o.-',1.0,False
Q102083,chevalier,familier,m.a.-m.a.-f.o.-',0.43,False
Q27658988,participant à une émission de téléréalité,partenaire,m.a.-d.a.-f.o.-',0.27,True
Q52008309,juge de concours,agent de,d.a.-l.a.-f.o.-',0.21,True
Q8187769,activité économique,activiste,b.a.-k.a.-f.o.-',0.54,False
Q758780,jardinier,ouvrier,m.a.-l.a.-f.o.-',0.3,True
Q98446778,landscaping industry,inventeur,d.a.-d.a.-f.o.-',0.18,True
Q285759,courtier d'assurances,assureur,f.a.-t.a.-f.o.-',0.4,False
Q1206110,opérateur,médiateur,m.a.-s.a.-f.o.-',0.41,False
Q28050438,broadcasting executive,activiste,b.a.-k.a.-f.o.-',0.14,True
Q46034607,intervieweur,inventeur,d.a.-d.a.-f.o.-',0.35,True
Q108369443,écologue aquatique,écologiste,l.a.-f.a.-f.o.-',0.44,False
Q15319501,chercheur ou chercheuse en sciences sociales,travailleur social,f.a.-n.a.-f.o.-',0.4,False
Q104053959,prêtre catholique de l'est,relation publique,l.a.-b.a.-f.o.-',0.29,True
Q250867,prêtre catholique,relation publique,l.a.-b.a.-f.o.-',0.32,True
Q117942801,Eastern Catholic,policier,n.a.-l.a.-f.o.-',0.27,True
Q611644,évêque catholique,relation publique,l.a.-b.a.-f.o.-',0.4,False
Q18246606,éparque,relation publique,l.a.-b.a.-f.o.-',0.21,True
Q117942801,Eastern Catholic,policier,n.a.-l.a.-f.o.-',0.27,True
Q201788,historien ou historienne,ouvrier,m.a.-l.a.-f.o.-',0.18,True
Q2055046,physiologiste,écologiste,l.a.-f.a.-f.o.-',0.77,False
Q2374149,botaniste,activiste,b.a.-k.a.-f.o.-',0.33,True
Q3323515,technicien des systèmes d'information,technicien,f.a.-d.a.-f.o.-',0.69,False
Q1391083,travailleur qualifié,travailleur social,f.a.-n.a.-f.o.-',0.79,False
Q5716684,danseur ou danseuse,précurseur,s.a.-n.a.-f.o.-',0.19,True
Q901402,géographe,cartographe,l.a.-t.a.-f.o.-',0.7,False
Q15621286,œuvre intellectuelle,lecteur,b.a.-s.a.-f.o.-',0.22,True
Q4350200,information transfer,informaticien,s.a.-t.a.-f.o.-',0.58,False
Q1656682,événement,mentor,s.a.-d.a.-f.o.-',0.35,True
Q604733,présentation,relation publique,l.a.-b.a.-f.o.-',0.37,True
Q1113899,psychologue clinicien,psychologue,s.a.-f.a.-f.o.-',0.85,False
Q6337803,neurobiologiste,écologiste,l.a.-f.a.-f.o.-',0.74,False
Q774306,chirurgien ou chirurgienne,musicien,f.a.-b.a.-f.o.-',0.19,True
Q27349,dentiste,activiste,b.a.-k.a.-f.o.-',0.32,True
Q7201672,plantsman,amant/e,b.a.-m.a.-f.o.-',0.28,True
Q3140857,horticulteur,cultivateur / éleveur,f.a.-f.a.-f.o.-',0.26,True
Q1476215,défenseur des droits de l'Homme,défendeur,l.a.-n.a.-f.o.-',0.47,False
Q726710,laïc,acteurs sociaux,M:M:.a.-M:M:.a.-f.o.-',0.0,True
Q81096,ingénieur ou ingénieure,inventeur,d.a.-d.a.-f.o.-',0.19,True
Q1914017,travailleur ou travailleuse de la connaissance,travailleur social,f.a.-n.a.-f.o.-',0.75,False
Q82594,informaticien ou informaticienne,informaticien,s.a.-t.a.-f.o.-',0.99,False
Q182436,bibliothécaire,notaire,m.a.-t.a.-f.o.-',0.43,False
Q901,scientifique,relation publique,l.a.-b.a.-f.o.-',0.3,True
Q1642960,polémiste,activiste,b.a.-k.a.-f.o.-',0.32,True
Q1930187,journaliste,journaliste,n.a.-b.a.-f.o.-',1.0,False
Q1368409,éleveur,cultivateur / éleveur,f.a.-f.a.-f.o.-',0.64,False
Q42603,prêtre,ancêtre,t.a.-m.a.-f.o.-',0.52,False
Q7239,organisme,acteurs sociaux,M:M:.a.-M:M:.a.-f.o.-',0.0,True
Q81875,carnivore,cartographe,l.a.-t.a.-f.o.-',0.3,True
Q220314,zoophage,agent de,d.a.-l.a.-f.o.-',0.13,True
Q28640,profession,procureur,b.a.-n.a.-f.o.-',0.24,True
Q15976341,slaviste,activiste,b.a.-k.a.-f.o.-',0.51,False
Q3126128,généticien ou généticienne,politicien,s.a.-k.a.-f.o.-',0.53,False
Q1662561,paléontologue,psychologue,s.a.-f.a.-f.o.-',0.57,False
Q98084799,photographe professionnel,cartographe,l.a.-t.a.-f.o.-',0.65,False
Q644687,illustrateur ou illustratrice,médiateur,m.a.-s.a.-f.o.-',0.21,True
Q2312637,professeur d'éducation physique et sportive,relation publique,l.a.-b.a.-f.o.-',0.39,True
Q2066131,athlète,hôte,f.a.-k.a.-f.o.-',0.23,True
Q2374149,botaniste,activiste,b.a.-k.a.-f.o.-',0.33,True
Q14972848,lexicographe,cartographe,l.a.-t.a.-f.o.-',0.68,False
Q41546637,wikimédien ou wikimédienne,médiateur,m.a.-s.a.-f.o.-',0.33,True
Q115246813,plucked instrument player,mentor,s.a.-d.a.-f.o.-',0.26,True
Q549322,torero,mentor,s.a.-d.a.-f.o.-',0.26,True
Q2462658,manager,manager,l.a.-s.a.-f.o.-',1.0,False
Q1930187,journaliste,journaliste,n.a.-b.a.-f.o.-',1.0,False
Q49476,archevêque,archiviste,t.a.-l.a.-f.o.-',0.42,False
Q171692,patriarche,archiviste,t.a.-l.a.-f.o.-',0.28,True
Q177220,chanteur ou chanteuse,inventeur,d.a.-d.a.-f.o.-',0.43,False
Q102277154,pop musician,musicien,f.a.-b.a.-f.o.-',0.74,False
Q5,être humain,ancêtre,t.a.-m.a.-f.o.-',0.52,False
Q18581305,participant à un concours de beauté,partenaire,m.a.-d.a.-f.o.-',0.25,True
Q19768,machine-outil,manager,l.a.-s.a.-f.o.-',0.14,True
Q1650915,chercheur ou chercheuse,archiviste,t.a.-l.a.-f.o.-',0.17,True
Q3578589,écologiste,écologiste,l.a.-f.a.-f.o.-',1.0,False
Q101067779,environmental defender,défendeur,l.a.-n.a.-f.o.-',0.37,True
Q17291399,membre d'équipe de cinéma,agent de,d.a.-l.a.-f.o.-',0.29,True
Q2490358,chorégraphe,cartographe,l.a.-t.a.-f.o.-',0.6,False
Q2095549,aviateur ou aviatrice,médiateur,m.a.-s.a.-f.o.-',0.45,False
Q901,scientifique,relation publique,l.a.-b.a.-f.o.-',0.3,True
Q37226,enseignant ou enseignante,enseignant,d.a.-f.a.-f.o.-',0.98,False
Q3499072,chef cuisinier ou chef cuisinière,voisin,m.a.-k.a.-f.o.-',0.34,True
Q1294787,artisan,archiviste,t.a.-l.a.-f.o.-',0.12,True
Q212238,fonctionnaire,fonctionnaire,t.a.-k.a.-f.o.-',1.0,False
Q212238,fonctionnaire,fonctionnaire,t.a.-k.a.-f.o.-',1.0,False
Q3455803,réalisateur ou réalisatrice,journaliste,n.a.-b.a.-f.o.-',0.26,True
Q4164871,fonction,fonctionnaire,t.a.-k.a.-f.o.-',0.67,False
Q1251441,responsable,comptable,b.a.-t.a.-f.o.-',0.4,False
Q30339659,motorsports competitor,comptable,b.a.-t.a.-f.o.-',0.28,True
Q36180,écrivain ou écrivaine,écologiste,l.a.-f.a.-f.o.-',0.11,True
Q855091,guitariste,secouriste,f.a.-l.a.-f.o.-',0.41,False
Q52630241,membre du groupe,mere,f.a.-m.a.-f.o.-',0.4,False
Q719039,reine consort,consultant,f.a.-s.a.-f.o.-',0.42,False
Q5784340,consort,consultant,f.a.-s.a.-f.o.-',0.45,False
Q3578589,écologiste,écologiste,l.a.-f.a.-f.o.-',1.0,False
Q1476215,défenseur des droits de l'Homme,défendeur,l.a.-n.a.-f.o.-',0.47,False
Q15253558,militant ou militante,consultant,f.a.-s.a.-f.o.-',0.24,True
Q160131,boulanger ou boulangère,père,n.a.-m.a.-f.o.-',0.33,True
Q108392111,university head,acteurs sociaux,M:M:.a.-M:M:.a.-f.o.-',0.0,True
Q11569986,graveur ou graveuse d'estampes,cultivateur / éleveur,f.a.-f.a.-f.o.-',0.2,True
Q329439,graveur ou graveuse sur métal,cultivateur / éleveur,f.a.-f.a.-f.o.-',0.2,True
Q29182,évêque,relation publique,l.a.-b.a.-f.o.-',0.27,True
Q105200214,clerc catholique,relation publique,l.a.-b.a.-f.o.-',0.38,True
Q352507,pasteur,acteur,s.a.-b.a.-f.o.-',0.3,True
Q42603,prêtre,ancêtre,t.a.-m.a.-f.o.-',0.52,False
Q467,femme,acteurs sociaux,M:M:.a.-M:M:.a.-f.o.-',0.0,True
Q639669,musicien ou musicienne,musicien,f.a.-b.a.-f.o.-',0.98,False
Q24229398,agent,agent de,d.a.-l.a.-f.o.-',0.89,False
Q124020978,roller athlete,hôte,f.a.-k.a.-f.o.-',0.11,True
Q100529537,classe de profession par domaine,agent de,d.a.-l.a.-f.o.-',0.2,True
Q7135767,paraprofessional,partenaire,m.a.-d.a.-f.o.-',0.22,True
Q55071047,auxiliaire de santé,notaire,m.a.-t.a.-f.o.-',0.29,True
Q5482740,programmeur ou programmeuse,procureur,b.a.-n.a.-f.o.-',0.25,True
Q108289400,software and applications developers and analysts,relation publique,l.a.-b.a.-f.o.-',0.18,True
Q1851760,victime,activiste,b.a.-k.a.-f.o.-',0.21,True
Q1294787,artisan,archiviste,t.a.-l.a.-f.o.-',0.12,True
Q1840507,sculpteur sur bois ou autre matériau  naturel,auteur,b.a.-b.a.-f.o.-',0.35,True
Q15977971,travailleur du bois,travailleur social,f.a.-n.a.-f.o.-',0.8,False
Q836575,assurance qualité,assureur,f.a.-t.a.-f.o.-',0.59,False
Q1419997,responsable événementiel,comptable,b.a.-t.a.-f.o.-',0.34,True
Q1294787,artisan,archiviste,t.a.-l.a.-f.o.-',0.12,True
Q329439,graveur ou graveuse sur métal,cultivateur / éleveur,f.a.-f.a.-f.o.-',0.2,True
Q1294787,artisan,archiviste,t.a.-l.a.-f.o.-',0.12,True
Q66035178,travailleur du textile,travailleur social,f.a.-n.a.-f.o.-',0.79,False
Q2380392,думны чын,acteurs sociaux,M:M:.a.-M:M:.a.-f.o.-',0.0,True
Q11633,photographie,cartographe,l.a.-t.a.-f.o.-',0.6,False
Q1932461,migrant,enfant,d.a.-m.a.-f.o.-',0.22,True
Q29182,évêque,relation publique,l.a.-b.a.-f.o.-',0.27,True
Q112074151,head of a diocese,officier,l.a.-k.a.-f.o.-',0.17,True
Q2095549,aviateur ou aviatrice,médiateur,m.a.-s.a.-f.o.-',0.45,False
Q864503,biologiste,écologiste,l.a.-f.a.-f.o.-',0.79,False
Q17176618,contrebandier,consultant,f.a.-s.a.-f.o.-',0.19,True
Q855091,guitariste,secouriste,f.a.-l.a.-f.o.-',0.41,False
Q15981151,musicien ou musicienne de jazz,musicien,f.a.-b.a.-f.o.-',0.96,False
Q22813360,cartomancien,cartographe,l.a.-t.a.-f.o.-',0.42,False
Q15319501,chercheur ou chercheuse en sciences sociales,travailleur social,f.a.-n.a.-f.o.-',0.4,False
Q177220,chanteur ou chanteuse,inventeur,d.a.-d.a.-f.o.-',0.43,False
Q12406482,auteur comique,auteur,b.a.-b.a.-f.o.-',0.74,False
Q15839134,écologue,écologiste,l.a.-f.a.-f.o.-',0.53,False
Q3640160,biologiste marin,écologiste,l.a.-f.a.-f.o.-',0.75,False
Q110974141,aquatic scientist,informaticien,s.a.-t.a.-f.o.-',0.29,True
Q201788,historien ou historienne,ouvrier,m.a.-l.a.-f.o.-',0.18,True
Q4197743,joueur ou joueuse,joueur,m.a.-b.a.-f.o.-',0.95,False
Q20826540,érudit,éditeur,t.a.-b.a.-f.o.-',0.19,True
Q901,scientifique,relation publique,l.a.-b.a.-f.o.-',0.3,True
Q82955,personnalité politique,politicien,s.a.-k.a.-f.o.-',0.51,False
Q26481809,dirigeant sportif,transporteur,b.a.-l.a.-f.o.-',0.36,True
Q2504617,romaniste,activiste,b.a.-k.a.-f.o.-',0.34,True
Q121594,professeur,investisseur,t.a.-d.a.-f.o.-',0.39,True
Q864503,biologiste,écologiste,l.a.-f.a.-f.o.-',0.79,False
Q3455803,réalisateur ou réalisatrice,journaliste,n.a.-b.a.-f.o.-',0.26,True
Q212238,fonctionnaire,fonctionnaire,t.a.-k.a.-f.o.-',1.0,False
Q12794619,propriétaire de biens,secrétaire,k.a.-t.a.-f.o.-',0.46,False
Q13405326,exploitant,consultant,f.a.-s.a.-f.o.-',0.35,True
Q1549283,propriétaire terrien,secrétaire,k.a.-t.a.-f.o.-',0.4,False
Q15839238,lessor,lecteur,b.a.-s.a.-f.o.-',0.21,True
Q830077,sujet,acteurs sociaux,M:M:.a.-M:M:.a.-f.o.-',0.0,True
Q56512863,participant,partenaire,m.a.-d.a.-f.o.-',0.39,True
Q1476215,défenseur des droits de l'Homme,défendeur,l.a.-n.a.-f.o.-',0.47,False
Q7272,socialisme,travailleur social,f.a.-n.a.-f.o.-',0.45,False
Q105550321,aviateur militaire,publicitaire,b.a.-d.a.-f.o.-',0.37,True
Q36180,écrivain ou écrivaine,écologiste,l.a.-f.a.-f.o.-',0.11,True
Q1328323,fonctionnaire,fonctionnaire,t.a.-k.a.-f.o.-',1.0,False
Q781132,arme,archiviste,t.a.-l.a.-f.o.-',0.15,True
Q599151,haut fonctionnaire ou haute fonctionnaire,fonctionnaire,t.a.-k.a.-f.o.-',0.97,False
Q193391,diplomate,diplomate,k.a.-s.a.-f.o.-',1.0,False
Q212238,fonctionnaire,fonctionnaire,t.a.-k.a.-f.o.-',1.0,False
Q158852,chef ou cheffe d'orchestre,ancêtre,t.a.-m.a.-f.o.-',0.24,True
Q1198887,directeur musical ou directrice musicale,musicien,f.a.-b.a.-f.o.-',0.6,False
Q15978655,consultant ou consultante,consultant,f.a.-s.a.-f.o.-',0.98,False
Q16849727,conseiller en affaires,consultant,f.a.-s.a.-f.o.-',0.3,True
Q2305417,inspecteur général,inspecteur,d.a.-k.a.-f.o.-',0.95,False
Q386854,batteur ou batteuse,acteur,s.a.-b.a.-f.o.-',0.23,True
Q15981151,musicien ou musicienne de jazz,musicien,f.a.-b.a.-f.o.-',0.96,False
Q15981151,musicien ou musicienne de jazz,musicien,f.a.-b.a.-f.o.-',0.96,False
Q486748,pianiste,activiste,b.a.-k.a.-f.o.-',0.37,True
Q15981151,musicien ou musicienne de jazz,musicien,f.a.-b.a.-f.o.-',0.96,False
Q12377274,trompettiste,activiste,b.a.-k.a.-f.o.-',0.31,True
Q42909,reporter,transporteur,b.a.-l.a.-f.o.-',0.39,True
Q1208175,cadreur,assureur,f.a.-t.a.-f.o.-',0.36,True
Q1930187,journaliste,journaliste,n.a.-b.a.-f.o.-',1.0,False
Q24262594,écrivain religieux,relation publique,l.a.-b.a.-f.o.-',0.17,True
Q8359428,militant social,travailleur social,f.a.-n.a.-f.o.-',0.44,False
Q4231368,wali,journaliste,n.a.-b.a.-f.o.-',0.19,True
Q12087689,wāli,acteurs sociaux,M:M:.a.-M:M:.a.-f.o.-',0.0,True
Q15991187,grammairien,musicien,f.a.-b.a.-f.o.-',0.18,True
Q18536342,joueur professionnel ou joueuse professionnelle,joueur,m.a.-b.a.-f.o.-',0.75,False
Q12552047,Lord,acteurs sociaux,M:M:.a.-M:M:.a.-f.o.-',0.0,True
Q1975935,bushi,acteurs sociaux,M:M:.a.-M:M:.a.-f.o.-',0.0,True
Q189290,officier,officier,l.a.-k.a.-f.o.-',1.0,False
Q1423891,ministre du culte,adulte,n.a.-s.a.-f.o.-',0.38,True
Q2374149,botaniste,activiste,b.a.-k.a.-f.o.-',0.33,True
Q486748,pianiste,activiste,b.a.-k.a.-f.o.-',0.37,True
Q81729632,musicien ou musicienne de musique classique,musicien,f.a.-b.a.-f.o.-',0.84,False
Q14915627,musicologue,musicien,f.a.-b.a.-f.o.-',0.45,False
Q2341443,fabricant d'instruments,mentor,s.a.-d.a.-f.o.-',0.28,True
Q7135767,paraprofessional,partenaire,m.a.-d.a.-f.o.-',0.22,True
Q3374341,peinture,assureur,f.a.-t.a.-f.o.-',0.17,True
Q11629,peinture,assureur,f.a.-t.a.-f.o.-',0.17,True
Q114414171,para-athlete,partenaire,m.a.-d.a.-f.o.-',0.33,True
Q13415036,joueur de rugby,joueur,m.a.-b.a.-f.o.-',0.9,False
Q13381863,escrimeur,acteur,s.a.-b.a.-f.o.-',0.28,True
Q114414171,para-athlete,partenaire,m.a.-d.a.-f.o.-',0.33,True
Q19361455,sémitologue,psychologue,s.a.-f.a.-f.o.-',0.59,False
Q3621491,archéologue,psychologue,s.a.-f.a.-f.o.-',0.5,False
Q1072363,directeur ou directrice,lecteur,b.a.-s.a.-f.o.-',0.47,False
Q36180,écrivain ou écrivaine,écologiste,l.a.-f.a.-f.o.-',0.11,True
Q15978655,consultant ou consultante,consultant,f.a.-s.a.-f.o.-',0.98,False
Q10355417,publicitaire,publicitaire,b.a.-d.a.-f.o.-',1.0,False
Q201788,historien ou historienne,ouvrier,m.a.-l.a.-f.o.-',0.18,True
Q1664236,maître des requêtes,ancêtre,t.a.-m.a.-f.o.-',0.24,True
Q57735705,personnalité liée au droit,journaliste,n.a.-b.a.-f.o.-',0.19,True
Q30461,président ou présidente,précurseur,s.a.-n.a.-f.o.-',0.24,True
Q1337239,supérieur général,travailleur social,f.a.-n.a.-f.o.-',0.14,True
Q1638918,ordinaire,partenaire,m.a.-d.a.-f.o.-',0.5,False
Q2405480,acteur ou actrice de doublage,acteur,s.a.-b.a.-f.o.-',0.8,False
Q1162163,directeur ou directrice,lecteur,b.a.-s.a.-f.o.-',0.47,False
Q1072363,directeur ou directrice,lecteur,b.a.-s.a.-f.o.-',0.47,False
Q917912,modélisme,journaliste,n.a.-b.a.-f.o.-',0.19,True
Q1072363,directeur ou directrice,lecteur,b.a.-s.a.-f.o.-',0.47,False
Q36180,écrivain ou écrivaine,écologiste,l.a.-f.a.-f.o.-',0.11,True
Q8011724,diseur de bonne aventure,agent de,d.a.-l.a.-f.o.-',0.26,True
Q12909644,idéologie politique,politicien,s.a.-k.a.-f.o.-',0.5,False
Q1132131,loyauté,auteur,b.a.-b.a.-f.o.-',0.31,True
Q876864,conseiller ou conseillère de rédaction,consultant,f.a.-s.a.-f.o.-',0.3,True
Q17351648,rédacteur ou rédactrice,acteur,s.a.-b.a.-f.o.-',0.63,False
Q255274,col blanc,ancêtre,t.a.-m.a.-f.o.-',0.14,True
Q1607826,éditeur ou éditrice,éditeur,t.a.-b.a.-f.o.-',0.93,False
Q1734662,cartographe,cartographe,l.a.-t.a.-f.o.-',1.0,False
Q115460164,Internet user,inventeur,d.a.-d.a.-f.o.-',0.26,True
Q24716636,bénévole,bénévole,m.a.-n.a.-f.o.-',1.0,False
Q65720209,hobbyist,activiste,b.a.-k.a.-f.o.-',0.17,True
Q3595924,qari,acteurs sociaux,M:M:.a.-M:M:.a.-f.o.-',0.0,True
Q2719946,concubine,consultant,f.a.-s.a.-f.o.-',0.29,True
Q5784340,consort,consultant,f.a.-s.a.-f.o.-',0.45,False
Q32090,mode de vie,agent de,d.a.-l.a.-f.o.-',0.43,False
Q29949654,female lover,bénévole,m.a.-n.a.-f.o.-',0.16,True
Q2824523,administrateur ou administratrice de société,travailleur social,f.a.-n.a.-f.o.-',0.24,True
Q17279032,charge élective,lecteur,b.a.-s.a.-f.o.-',0.26,True
Q974144,éducateur ou éducatrice,éditeur,t.a.-b.a.-f.o.-',0.24,True
Q11513337,athlète,hôte,f.a.-k.a.-f.o.-',0.23,True
Q1028181,peintre,ancêtre,t.a.-m.a.-f.o.-',0.27,True
Q1509440,brodeur,vendeur,k.a.-d.a.-f.o.-',0.41,False
Q30185,maire,notaire,m.a.-t.a.-f.o.-',0.43,False
Q15986539,officiel du sport,officier,l.a.-k.a.-f.o.-',0.7,False
Q337979,sport de puissance,transporteur,b.a.-l.a.-f.o.-',0.32,True
Q631306,force basque,relation publique,l.a.-b.a.-f.o.-',0.19,True
Q5322166,designer,agent de,d.a.-l.a.-f.o.-',0.18,True
Q3391743,artiste visuel ou artiste visuelle,archiviste,t.a.-l.a.-f.o.-',0.36,True
Q93184,dessin,voisin,m.a.-k.a.-f.o.-',0.37,True
Q838948,œuvre d’art,partenaire,m.a.-d.a.-f.o.-',0.18,True
Q219477,missionnaire,fonctionnaire,t.a.-k.a.-f.o.-',0.66,False
Q84505214,spécialiste de l'Asie de l'Est,journaliste,n.a.-b.a.-f.o.-',0.36,True
Q41583,entraîneur sportif,entrepreneur,l.a.-d.a.-f.o.-',0.4,False
Q116763437,person associated with football,acteurs sociaux,M:M:.a.-M:M:.a.-f.o.-',0.25,True
Q875686,éthique de l'environnement,agent de,d.a.-l.a.-f.o.-',0.34,True
Q832237,protection de l'environnement,agent de,d.a.-l.a.-f.o.-',0.29,True
Q99766277,maire en Turquie,notaire,m.a.-t.a.-f.o.-',0.3,True
Q1251441,responsable,comptable,b.a.-t.a.-f.o.-',0.4,False
Q1097498,dirigeant,enfant,d.a.-m.a.-f.o.-',0.22,True
Q62933979,leader amérindien,musicien,f.a.-b.a.-f.o.-',0.18,True
Q386854,batteur ou batteuse,acteur,s.a.-b.a.-f.o.-',0.23,True
Q29017403,rockeur,procureur,b.a.-n.a.-f.o.-',0.29,True
Q3126128,généticien ou généticienne,politicien,s.a.-k.a.-f.o.-',0.53,False
Q169470,physicien ou physicienne,musicien,f.a.-b.a.-f.o.-',0.62,False
Q212238,fonctionnaire,fonctionnaire,t.a.-k.a.-f.o.-',1.0,False
Q108290452,legal and related associate professionals,relation publique,l.a.-b.a.-f.o.-',0.28,True
Q6503343,agent de la force publique,agent de,d.a.-l.a.-f.o.-',0.63,False
Q14467526,linguiste,activiste,b.a.-k.a.-f.o.-',0.37,True
Q483501,artiste,archiviste,t.a.-l.a.-f.o.-',0.36,True
Q41583,entraîneur sportif,entrepreneur,l.a.-d.a.-f.o.-',0.4,False
Q61278580,patineur ou patineuse à roulettes,entrepreneur,l.a.-d.a.-f.o.-',0.22,True
Q756215,prévôt,précurseur,s.a.-n.a.-f.o.-',0.34,True
Q11124885,pratiquant d'arts martiaux,acteurs sociaux,M:M:.a.-M:M:.a.-f.o.-',0.29,True
Q177220,chanteur ou chanteuse,inventeur,d.a.-d.a.-f.o.-',0.43,False
Q3780304,conseiller général,consultant,f.a.-s.a.-f.o.-',0.31,True
Q2419397,thérapeute,auteur,b.a.-b.a.-f.o.-',0.2,True
Q6817473,professionnel ou professionnelle de la santé mentale,mentor,s.a.-d.a.-f.o.-',0.24,True
Q349,sport,transporteur,b.a.-l.a.-f.o.-',0.44,False
Q39631,médecin,médecin,n.a.-f.a.-f.o.-',1.0,False
Q3055126,entomologiste,écologiste,l.a.-f.a.-f.o.-',0.69,False
Q24702769,journaliste de radio,journaliste,n.a.-b.a.-f.o.-',0.93,False
Q1086863,chroniqueur ou chroniqueuse,joueur,m.a.-b.a.-f.o.-',0.3,True
Q81096,ingénieur ou ingénieure,inventeur,d.a.-d.a.-f.o.-',0.19,True
Q12304425,bromatologue,psychologue,s.a.-f.a.-f.o.-',0.55,False
Q16533,juge,juré,k.a.-n.a.-f.o.-',0.33,True
Q12737077,activité,activiste,b.a.-k.a.-f.o.-',0.74,False
Q4164871,fonction,fonctionnaire,t.a.-k.a.-f.o.-',0.67,False
Q108290376,religious professionals,relation publique,l.a.-b.a.-f.o.-',0.23,True
Q14915627,musicologue,musicien,f.a.-b.a.-f.o.-',0.45,False
Q639669,musicien ou musicienne,musicien,f.a.-b.a.-f.o.-',0.98,False
Q3014296,pilote de moto,agent de,d.a.-l.a.-f.o.-',0.37,True
Q12414919,terroriste,secouriste,f.a.-l.a.-f.o.-',0.45,False
Q15319501,chercheur ou chercheuse en sciences sociales,travailleur social,f.a.-n.a.-f.o.-',0.4,False
Q21329070,scientifique des matériaux,acteurs sociaux,M:M:.a.-M:M:.a.-f.o.-',0.26,True
Q3391743,artiste visuel ou artiste visuelle,archiviste,t.a.-l.a.-f.o.-',0.36,True
Q10355417,publicitaire,publicitaire,b.a.-d.a.-f.o.-',1.0,False
Q48375857,journaliste de jeu vidéo,journaliste,n.a.-b.a.-f.o.-',0.95,False
Q2986228,commentateur sportif,spectateur,k.a.-b.a.-f.o.-',0.36,True
Q161944,diacre,diplomate,k.a.-s.a.-f.o.-',0.14,True
Q99530891,archdeacon,archiviste,t.a.-l.a.-f.o.-',0.44,False
Q864503,biologiste,écologiste,l.a.-f.a.-f.o.-',0.79,False
Q1162163,directeur ou directrice,lecteur,b.a.-s.a.-f.o.-',0.47,False
Q35309827,Inspection générale des monuments historiques,inspecteur,d.a.-k.a.-f.o.-',0.54,False
Q11974939,professionnel ou professionnelle de la santé,procureur,b.a.-n.a.-f.o.-',0.21,True
Q2305417,inspecteur général,inspecteur,d.a.-k.a.-f.o.-',0.95,False
Q2159907,criminel ou criminelle,ouvrier,m.a.-l.a.-f.o.-',0.13,True
Q43845,personnalité du monde des affaires,fonctionnaire,t.a.-k.a.-f.o.-',0.24,True
Q83307,ministre,ancêtre,t.a.-m.a.-f.o.-',0.33,True
Q895526,organe,acteurs sociaux,M:M:.a.-M:M:.a.-f.o.-',0.0,True
Q1162163,directeur ou directrice,lecteur,b.a.-s.a.-f.o.-',0.47,False
Q27830328,conseiller régional,consultant,f.a.-s.a.-f.o.-',0.28,True
Q36834,compositeur ou compositrice,comptable,b.a.-t.a.-f.o.-',0.45,False
Q3455803,réalisateur ou réalisatrice,journaliste,n.a.-b.a.-f.o.-',0.26,True
Q15981151,musicien ou musicienne de jazz,musicien,f.a.-b.a.-f.o.-',0.96,False
Q544972,tromboniste,activiste,b.a.-k.a.-f.o.-',0.38,True
Q1662485,professionnel de l'information,informaticien,s.a.-t.a.-f.o.-',0.51,False
Q118877673,personnel des archives,archiviste,t.a.-l.a.-f.o.-',0.62,False
Q8359428,militant social,travailleur social,f.a.-n.a.-f.o.-',0.44,False
Q42953119,gouverneur colonial,entrepreneur,l.a.-d.a.-f.o.-',0.2,True
Q56923,capitaine général,publicitaire,b.a.-d.a.-f.o.-',0.22,True
Q177220,chanteur ou chanteuse,inventeur,d.a.-d.a.-f.o.-',0.43,False
Q88821468,fado musician,musicien,f.a.-b.a.-f.o.-',0.74,False
Q16063546,historien ou historienne des sciences,musicien,f.a.-b.a.-f.o.-',0.21,True
Q1231865,pédagogue,psychologue,s.a.-f.a.-f.o.-',0.44,False
Q1622272,professeur ou professeure d'université,investisseur,t.a.-d.a.-f.o.-',0.36,True
Q16012028,juriste,secouriste,f.a.-l.a.-f.o.-',0.55,False
Q12713481,ouvrier,ouvrier,m.a.-l.a.-f.o.-',1.0,False
Q131524,entrepreneur ou entrepreneuse,entrepreneur,l.a.-d.a.-f.o.-',0.98,False
Q15982656,contracteur,acteur,s.a.-b.a.-f.o.-',0.62,False
Q811122,travailleur de la construction,travailleur social,f.a.-n.a.-f.o.-',0.63,False
Q703534,salarié,allié,l.a.-m.a.-f.o.-',0.29,True
Q81096,ingénieur ou ingénieure,inventeur,d.a.-d.a.-f.o.-',0.19,True
Q15978655,consultant ou consultante,consultant,f.a.-s.a.-f.o.-',0.98,False
Q212238,fonctionnaire,fonctionnaire,t.a.-k.a.-f.o.-',1.0,False
Q212238,fonctionnaire,fonctionnaire,t.a.-k.a.-f.o.-',1.0,False
Q212238,fonctionnaire,fonctionnaire,t.a.-k.a.-f.o.-',1.0,False
Q327055,travailleur ou travailleuse,travailleur social,f.a.-n.a.-f.o.-',0.8,False
Q82955,personnalité politique,politicien,s.a.-k.a.-f.o.-',0.51,False
Q593644,chimiste,archiviste,t.a.-l.a.-f.o.-',0.43,False
Q63473,kenin,voisin,m.a.-k.a.-f.o.-',0.22,True
Q8187769,activité économique,activiste,b.a.-k.a.-f.o.-',0.54,False
Q12136,maladie,manager,l.a.-s.a.-f.o.-',0.24,True
Q3368711,Pathologie professionnelle,écologiste,l.a.-f.a.-f.o.-',0.28,True
Q7063944,cheminot,notaire,m.a.-t.a.-f.o.-',0.26,True
Q644687,illustrateur ou illustratrice,médiateur,m.a.-s.a.-f.o.-',0.21,True
Q177220,chanteur ou chanteuse,inventeur,d.a.-d.a.-f.o.-',0.43,False
Q2548031,mobile salesperson,inspecteur,d.a.-k.a.-f.o.-',0.12,True
Q2493023,vil métier,ouvrier,m.a.-l.a.-f.o.-',0.24,True
Q108285720,Other Sales Worker,ouvrier,m.a.-l.a.-f.o.-',0.17,True
Q15296811,dessinateur ou dessinatrice,médiateur,m.a.-s.a.-f.o.-',0.2,True
Q37226,enseignant ou enseignante,enseignant,d.a.-f.a.-f.o.-',0.98,False
Q20826540,érudit,éditeur,t.a.-b.a.-f.o.-',0.19,True
Q15839134,écologue,écologiste,l.a.-f.a.-f.o.-',0.53,False
Q16037036,paléobiologiste,écologiste,l.a.-f.a.-f.o.-',0.76,False
Q483501,artiste,archiviste,t.a.-l.a.-f.o.-',0.36,True
Q1191714,col bleu,comptable,b.a.-t.a.-f.o.-',0.19,True
Q2248623,étudiant,étudiant,d.a.-s.a.-f.o.-',1.0,False
Q901,scientifique,relation publique,l.a.-b.a.-f.o.-',0.3,True
Q109429537,nhạc sĩ,acteurs sociaux,M:M:.a.-M:M:.a.-f.o.-',0.0,True
Q483501,artiste,archiviste,t.a.-l.a.-f.o.-',0.36,True
Q24229398,agent,agent de,d.a.-l.a.-f.o.-',0.89,False
Q1125062,rebelle,bénévole,m.a.-n.a.-f.o.-',0.11,True
Q2159907,criminel ou criminelle,ouvrier,m.a.-l.a.-f.o.-',0.13,True
Q2500638,créateur ou créatrice,médiateur,m.a.-s.a.-f.o.-',0.25,True
Q6116659,prêtresse,ancêtre,t.a.-m.a.-f.o.-',0.32,True
Q60332470,anthropogéographe,cartographe,l.a.-t.a.-f.o.-',0.67,False
Q901,scientifique,relation publique,l.a.-b.a.-f.o.-',0.3,True
Q947873,animateur ou animatrice de télévision,réformateur,n.a.-k.a.-f.o.-',0.29,True
Q1281067,inlay,inventeur,d.a.-d.a.-f.o.-',0.18,True
Q378622,pilote,philosophe,s.a.-s.a.-f.o.-',0.16,True
Q1231865,pédagogue,psychologue,s.a.-f.a.-f.o.-',0.44,False
Q974144,éducateur ou éducatrice,éditeur,t.a.-b.a.-f.o.-',0.24,True
Q1156796,officier subalterne,officier,l.a.-k.a.-f.o.-',0.97,False
Q37226,enseignant ou enseignante,enseignant,d.a.-f.a.-f.o.-',0.98,False
Q22811707,décorateur,médiateur,m.a.-s.a.-f.o.-',0.32,True
Q2135588,Auxiliaire de justice,notaire,m.a.-t.a.-f.o.-',0.26,True
Q215536,commerçant,comptable,b.a.-t.a.-f.o.-',0.25,True
Q17135920,expert interdisciplinaire d'une région géographique,cartographe,l.a.-t.a.-f.o.-',0.31,True
Q2994387,conseiller ou conseillère,consultant,f.a.-s.a.-f.o.-',0.35,True
Q901,scientifique,relation publique,l.a.-b.a.-f.o.-',0.3,True
Q98544732,collectionneur scientifique,fonctionnaire,t.a.-k.a.-f.o.-',0.29,True
Q2145981,restaurateur,médiateur,m.a.-s.a.-f.o.-',0.32,True
Q2145981,restaurateur,médiateur,m.a.-s.a.-f.o.-',0.32,True
Q1198887,directeur musical ou directrice musicale,musicien,f.a.-b.a.-f.o.-',0.6,False
Q644687,illustrateur ou illustratrice,médiateur,m.a.-s.a.-f.o.-',0.21,True
Q2207288,métier manuel,manager,l.a.-s.a.-f.o.-',0.28,True
Q3249551,processus,procureur,b.a.-n.a.-f.o.-',0.48,False
Q12368980,nature photographer,cartographe,l.a.-t.a.-f.o.-',0.66,False
Q15980158,auteur ou autrice de non-fiction,auteur,b.a.-b.a.-f.o.-',0.72,False
Q5322166,designer,agent de,d.a.-l.a.-f.o.-',0.18,True
Q1294787,artisan,archiviste,t.a.-l.a.-f.o.-',0.12,True
Q15981151,musicien ou musicienne de jazz,musicien,f.a.-b.a.-f.o.-',0.96,False
Q584301,bassiste,activiste,b.a.-k.a.-f.o.-',0.33,True
Q15981151,musicien ou musicienne de jazz,musicien,f.a.-b.a.-f.o.-',0.96,False
Q118865,clarinettiste,activiste,b.a.-k.a.-f.o.-',0.33,True
Q15981151,musicien ou musicienne de jazz,musicien,f.a.-b.a.-f.o.-',0.96,False
Q12800682,saxophoniste,activiste,b.a.-k.a.-f.o.-',0.37,True
Q36834,compositeur ou compositrice,comptable,b.a.-t.a.-f.o.-',0.45,False
Q48375857,journaliste de jeu vidéo,journaliste,n.a.-b.a.-f.o.-',0.95,False
Q6430706,critique,relation publique,l.a.-b.a.-f.o.-',0.33,True
Q2462658,manager,manager,l.a.-s.a.-f.o.-',1.0,False
Q462390,maître ou maîtresse de conférences,agent de,d.a.-l.a.-f.o.-',0.18,True
Q15296811,dessinateur ou dessinatrice,médiateur,m.a.-s.a.-f.o.-',0.2,True
Q2419397,thérapeute,auteur,b.a.-b.a.-f.o.-',0.2,True
Q578109,producteur ou productrice de télévision,producteur,d.a.-b.a.-f.o.-',0.9,False
Q5131856,clerk,client,n.a.-d.a.-f.o.-',0.27,True
Q216541,chauffeur de maître,agent de,d.a.-l.a.-f.o.-',0.3,True
Q212238,fonctionnaire,fonctionnaire,t.a.-k.a.-f.o.-',1.0,False
Q1643743,höherer Dienst,mere,f.a.-m.a.-f.o.-',0.17,True
Q100773131,économie d’une région,écologiste,l.a.-f.a.-f.o.-',0.2,True
Q331432,pêcheur ou pêcheuse,ouvrier,m.a.-l.a.-f.o.-',0.2,True
Q37226,enseignant ou enseignante,enseignant,d.a.-f.a.-f.o.-',0.98,False
Q131524,entrepreneur ou entrepreneuse,entrepreneur,l.a.-d.a.-f.o.-',0.98,False
Q6606110,industriel,ouvrier,m.a.-l.a.-f.o.-',0.14,True
Q439103,archevêque émérite,archiviste,t.a.-l.a.-f.o.-',0.4,False
Q329439,graveur ou graveuse sur métal,cultivateur / éleveur,f.a.-f.a.-f.o.-',0.2,True
Q2462658,manager,manager,l.a.-s.a.-f.o.-',1.0,False
Q36180,écrivain ou écrivaine,écologiste,l.a.-f.a.-f.o.-',0.11,True
Q3075052,folkloriste,secouriste,f.a.-l.a.-f.o.-',0.49,False
Q65720209,hobbyist,activiste,b.a.-k.a.-f.o.-',0.17,True
Q19261760,profession agricole,bénévole,m.a.-n.a.-f.o.-',0.2,True
Q131512,agriculteur ou agricultrice,cultivateur / éleveur,f.a.-f.a.-f.o.-',0.27,True
Q1622272,professeur ou professeure d'université,investisseur,t.a.-d.a.-f.o.-',0.36,True
Q5428874,personnel académique,relation publique,l.a.-b.a.-f.o.-',0.31,True
Q777952,instructeur,inspecteur,d.a.-k.a.-f.o.-',0.45,False
Q3621491,archéologue,psychologue,s.a.-f.a.-f.o.-',0.5,False
Q1731155,orientaliste,journaliste,n.a.-b.a.-f.o.-',0.52,False
Q1028181,peintre,ancêtre,t.a.-m.a.-f.o.-',0.27,True
Q30185,maire,notaire,m.a.-t.a.-f.o.-',0.43,False
Q215627,personne,fonctionnaire,t.a.-k.a.-f.o.-',0.18,True
Q19829125,absence,acteurs sociaux,M:M:.a.-M:M:.a.-f.o.-',0.0,True
Q2462658,manager,manager,l.a.-s.a.-f.o.-',1.0,False
Q202648,arbitre sportif ou arbitre sportive,transporteur,b.a.-l.a.-f.o.-',0.35,True
Q41583,entraîneur sportif,entrepreneur,l.a.-d.a.-f.o.-',0.4,False
Q83460,général,bénévole,m.a.-n.a.-f.o.-',0.15,True
Q599151,haut fonctionnaire ou haute fonctionnaire,fonctionnaire,t.a.-k.a.-f.o.-',0.97,False
Q294414,fonction publique,relation publique,l.a.-b.a.-f.o.-',0.63,False
Q15980158,auteur ou autrice de non-fiction,auteur,b.a.-b.a.-f.o.-',0.72,False
Q12964993,ingénieur des transports,transporteur,b.a.-l.a.-f.o.-',0.84,False
Q13582652,ingénieur civil,inventeur,d.a.-d.a.-f.o.-',0.16,True
Q4830453,firme,infirmier / soignant,b.a.-f.a.-f.o.-',0.27,True
Q11327083,hands-on learning,lecteur,b.a.-s.a.-f.o.-',0.21,True
Q39631,médecin,médecin,n.a.-f.a.-f.o.-',1.0,False
Q55379489,médecin de premier recours,médecin,n.a.-f.a.-f.o.-',0.69,False
Q55645123,prestataire de soins,notaire,m.a.-t.a.-f.o.-',0.36,True
Q5276395,gamer,mere,f.a.-m.a.-f.o.-',0.29,True
Q7621877,stratège,traducteur,t.a.-s.a.-f.o.-',0.2,True
Q7188,gouvernement,mentor,s.a.-d.a.-f.o.-',0.31,True
Q43229,organisation,relation publique,l.a.-b.a.-f.o.-',0.46,False
Q140686,président ou présidente,précurseur,s.a.-n.a.-f.o.-',0.24,True
Q108289635,secretaries (general),secrétaire,k.a.-t.a.-f.o.-',0.4,False
Q57735705,personnalité liée au droit,journaliste,n.a.-b.a.-f.o.-',0.19,True
Q212238,fonctionnaire,fonctionnaire,t.a.-k.a.-f.o.-',1.0,False
Q19693316,intervenant d'urgence,enseignant,d.a.-f.a.-f.o.-',0.28,True
Q1391316,specialised journalism,journaliste,n.a.-b.a.-f.o.-',0.73,False
Q1262864,special interest journalism,journaliste,n.a.-b.a.-f.o.-',0.65,False
Q451553,visualisation,relation publique,l.a.-b.a.-f.o.-',0.38,True
Q15995642,chef religieux,relation publique,l.a.-b.a.-f.o.-',0.24,True
Q108614246,zoologiste des invertébrés,écologiste,l.a.-f.a.-f.o.-',0.67,False
Q2516866,éditeur ou éditrice,éditeur,t.a.-b.a.-f.o.-',0.93,False
Q1607826,éditeur ou éditrice,éditeur,t.a.-b.a.-f.o.-',0.93,False
Q27214348,inspecteur,inspecteur,d.a.-k.a.-f.o.-',1.0,False
Q4991371,soldat,avocat,n.a.-t.a.-f.o.-',0.16,True
Q2518689,guérisseur,investisseur,t.a.-d.a.-f.o.-',0.51,False
Q39631,médecin,médecin,n.a.-f.a.-f.o.-',1.0,False
Q382617,maire,notaire,m.a.-t.a.-f.o.-',0.43,False
Q26481809,dirigeant sportif,transporteur,b.a.-l.a.-f.o.-',0.36,True
Q15995642,chef religieux,relation publique,l.a.-b.a.-f.o.-',0.24,True
Q154549,charpentier,ouvrier,m.a.-l.a.-f.o.-',0.21,True
Q1414937,combattant,consultant,f.a.-s.a.-f.o.-',0.39,True
Q117804716,paramilitary,familier,m.a.-m.a.-f.o.-',0.41,False
Q1454940,soldat volontaire,notaire,m.a.-t.a.-f.o.-',0.44,False
Q1622272,professeur ou professeure d'université,investisseur,t.a.-d.a.-f.o.-',0.36,True
Q81752537,professorat,procureur,b.a.-n.a.-f.o.-',0.3,True
Q512345,avocat ou avocate en droit criminel,avocat,n.a.-t.a.-f.o.-',0.93,False
Q112684029,Services juridiques de l'État,juré,k.a.-n.a.-f.o.-',0.25,True
Q600751,procureur ou procureure,procureur,b.a.-n.a.-f.o.-',0.98,False
Q1800680,amateur actor,acteur,s.a.-b.a.-f.o.-',0.35,True
Q39631,médecin,médecin,n.a.-f.a.-f.o.-',1.0,False
Q48357783,data manager,manager,l.a.-s.a.-f.o.-',0.97,False
Q15113603,conseiller municipal,consultant,f.a.-s.a.-f.o.-',0.28,True
Q733786,moine ou moniale,témoin,d.a.-n.a.-f.o.-',0.32,True
Q779458,ascète,assureur,f.a.-t.a.-f.o.-',0.2,True
Q15113603,conseiller municipal,consultant,f.a.-s.a.-f.o.-',0.28,True
Q32391314,extraordinary professor,procureur,b.a.-n.a.-f.o.-',0.27,True
Q73536659,professeur,investisseur,t.a.-d.a.-f.o.-',0.39,True
Q16271064,herpétologiste,écologiste,l.a.-f.a.-f.o.-',0.79,False
Q1662561,paléontologue,psychologue,s.a.-f.a.-f.o.-',0.57,False
Q177220,chanteur ou chanteuse,inventeur,d.a.-d.a.-f.o.-',0.43,False
Q105652947,soul musician,musicien,f.a.-b.a.-f.o.-',0.74,False
Q2159907,criminel ou criminelle,ouvrier,m.a.-l.a.-f.o.-',0.13,True
Q901222,tuteur ou tutrice,auteur,b.a.-b.a.-f.o.-',0.59,False
Q974144,éducateur ou éducatrice,éditeur,t.a.-b.a.-f.o.-',0.24,True
Q50259293,patineur inline,entrepreneur,l.a.-d.a.-f.o.-',0.27,True
Q18536342,joueur professionnel ou joueuse professionnelle,joueur,m.a.-b.a.-f.o.-',0.75,False
Q1914636,activité,activiste,b.a.-k.a.-f.o.-',0.74,False
Q386724,œuvre,ouvrier,m.a.-l.a.-f.o.-',0.21,True
Q81096,ingénieur ou ingénieure,inventeur,d.a.-d.a.-f.o.-',0.19,True
Q121144378,Landessuperintendent,vendeur,k.a.-d.a.-f.o.-',0.28,True
Q33999,acteur ou actrice,acteur,s.a.-b.a.-f.o.-',0.91,False
Q715301,auteur ou autrice de bande dessinée,auteur,b.a.-b.a.-f.o.-',0.72,False
Q40348,avocat ou avocate,avocat,n.a.-t.a.-f.o.-',0.95,False
Q192350,ministère,père,n.a.-m.a.-f.o.-',0.47,False
Q2066131,athlète,hôte,f.a.-k.a.-f.o.-',0.23,True
Q18536342,joueur professionnel ou joueuse professionnelle,joueur,m.a.-b.a.-f.o.-',0.75,False
Q10272926,ingénieur en informatique,informaticien,s.a.-t.a.-f.o.-',0.69,False
Q48352,chef d'État,avocat,n.a.-t.a.-f.o.-',0.15,True
Q116,monarque,relation publique,l.a.-b.a.-f.o.-',0.27,True
Q15995642,chef religieux,relation publique,l.a.-b.a.-f.o.-',0.24,True
Q327055,travailleur ou travailleuse,travailleur social,f.a.-n.a.-f.o.-',0.8,False
Q1294787,artisan,archiviste,t.a.-l.a.-f.o.-',0.12,True
Q5716684,danseur ou danseuse,précurseur,s.a.-n.a.-f.o.-',0.19,True
Q2341443,fabricant d'instruments,mentor,s.a.-d.a.-f.o.-',0.28,True
Q2341443,fabricant d'instruments,mentor,s.a.-d.a.-f.o.-',0.28,True
Q2341443,fabricant d'instruments,mentor,s.a.-d.a.-f.o.-',0.28,True
Q2341443,fabricant d'instruments,mentor,s.a.-d.a.-f.o.-',0.28,True
Q2341443,fabricant d'instruments,mentor,s.a.-d.a.-f.o.-',0.28,True
Q2341443,fabricant d'instruments,mentor,s.a.-d.a.-f.o.-',0.28,True
Q2341443,fabricant d'instruments,mentor,s.a.-d.a.-f.o.-',0.28,True
Q2341443,fabricant d'instruments,mentor,s.a.-d.a.-f.o.-',0.28,True
Q2341443,fabricant d'instruments,mentor,s.a.-d.a.-f.o.-',0.28,True
Q2341443,fabricant d'instruments,mentor,s.a.-d.a.-f.o.-',0.28,True
Q2341443,fabricant d'instruments,mentor,s.a.-d.a.-f.o.-',0.28,True
Q212238,fonctionnaire,fonctionnaire,t.a.-k.a.-f.o.-',1.0,False
Q66060346,fabricant d'instruments d'optique,relation publique,l.a.-b.a.-f.o.-',0.26,True
Q131524,entrepreneur ou entrepreneuse,entrepreneur,l.a.-d.a.-f.o.-',0.98,False
Q43845,personnalité du monde des affaires,fonctionnaire,t.a.-k.a.-f.o.-',0.24,True
Q57306162,plucked necked box lute,auteur,b.a.-b.a.-f.o.-',0.26,True
Q113519195,"long, thin object",lecteur,b.a.-s.a.-f.o.-',0.18,True
Q215536,commerçant,comptable,b.a.-t.a.-f.o.-',0.25,True
Q7501153,commerçant,comptable,b.a.-t.a.-f.o.-',0.25,True
Q1294787,artisan,archiviste,t.a.-l.a.-f.o.-',0.12,True
Q212238,fonctionnaire,fonctionnaire,t.a.-k.a.-f.o.-',1.0,False
Q185351,juriste,secouriste,f.a.-l.a.-f.o.-',0.55,False
Q15980158,auteur ou autrice de non-fiction,auteur,b.a.-b.a.-f.o.-',0.72,False
Q36180,écrivain ou écrivaine,écologiste,l.a.-f.a.-f.o.-',0.11,True
Q211236,célébrité,guide spirituel,n.a.-n.a.-f.o.-',0.17,True
Q3621491,archéologue,psychologue,s.a.-f.a.-f.o.-',0.5,False
Q520549,géologue,psychologue,s.a.-f.a.-f.o.-',0.62,False
Q19509201,militant ou militante pour les droits LGBTI,consultant,f.a.-s.a.-f.o.-',0.22,True
Q186360,infirmière ou infirmier,infirmier / soignant,b.a.-f.a.-f.o.-',0.69,False
Q16532929,administrateur,médiateur,m.a.-s.a.-f.o.-',0.31,True
Q864503,biologiste,écologiste,l.a.-f.a.-f.o.-',0.79,False
Q82594,informaticien ou informaticienne,informaticien,s.a.-t.a.-f.o.-',0.99,False
Q177220,chanteur ou chanteuse,inventeur,d.a.-d.a.-f.o.-',0.43,False
Q15981151,musicien ou musicienne de jazz,musicien,f.a.-b.a.-f.o.-',0.96,False
Q27214348,inspecteur,inspecteur,d.a.-k.a.-f.o.-',1.0,False
Q196939,témoin,témoin,d.a.-n.a.-f.o.-',1.0,False
Q381160,expert,acteurs sociaux,M:M:.a.-M:M:.a.-f.o.-',0.0,True
Q765778,organiste,activiste,b.a.-k.a.-f.o.-',0.42,False
Q355493,musicien d'église,musicien,f.a.-b.a.-f.o.-',0.97,False
Q15981151,musicien ou musicienne de jazz,musicien,f.a.-b.a.-f.o.-',0.96,False
Q765778,organiste,activiste,b.a.-k.a.-f.o.-',0.42,False
Q4351403,percussionniste,activiste,b.a.-k.a.-f.o.-',0.31,True
Q8246794,blogueur ou blogueuse,psychologue,s.a.-f.a.-f.o.-',0.38,True
Q2045208,célébrité d'internet,inventeur,d.a.-d.a.-f.o.-',0.17,True
Q109459317,créateur ou créatrice de contenu,agent de,d.a.-l.a.-f.o.-',0.19,True
Q111263847,créateur ou créatrice numérique,relation publique,l.a.-b.a.-f.o.-',0.25,True
Q111651501,posteur ou posteuse,acteur,s.a.-b.a.-f.o.-',0.21,True
Q21169216,actrice,acteur,s.a.-b.a.-f.o.-',0.53,False
Q488111,acteur ou actrice pornographique,acteur,s.a.-b.a.-f.o.-',0.62,False
Q108289663,building finishers and related trades workers,relation publique,l.a.-b.a.-f.o.-',0.31,True
Q6817463,mental health counselor,mentor,s.a.-d.a.-f.o.-',0.53,False
Q160117,courtier,secouriste,f.a.-l.a.-f.o.-',0.25,True
Q155076,personne morale,bénévole,m.a.-n.a.-f.o.-',0.14,True
Q6636,homosexualité,politicien,s.a.-k.a.-f.o.-',0.15,True
Q115870510,identité LGBT+,guide spirituel,n.a.-n.a.-f.o.-',0.13,True
Q1558475,gynéphilie,familier,m.a.-m.a.-f.o.-',0.27,True
Q25447263,saphisme,philosophe,s.a.-s.a.-f.o.-',0.14,True
Q212238,fonctionnaire,fonctionnaire,t.a.-k.a.-f.o.-',1.0,False
Q599151,haut fonctionnaire ou haute fonctionnaire,fonctionnaire,t.a.-k.a.-f.o.-',0.97,False
Q1483709,propriétaire terrien,secrétaire,k.a.-t.a.-f.o.-',0.4,False
Q131512,agriculteur ou agricultrice,cultivateur / éleveur,f.a.-f.a.-f.o.-',0.27,True
Q26481809,dirigeant sportif,transporteur,b.a.-l.a.-f.o.-',0.36,True
Q294126,géomètre,ancêtre,t.a.-m.a.-f.o.-',0.36,True
Q4773904,anthropologue,psychologue,s.a.-f.a.-f.o.-',0.56,False
Q3400985,universitaire,publicitaire,b.a.-d.a.-f.o.-',0.56,False
Q579316,cuisine européenne,voisin,m.a.-k.a.-f.o.-',0.38,True
Q2066131,athlète,hôte,f.a.-k.a.-f.o.-',0.23,True
Q11124885,pratiquant d'arts martiaux,acteurs sociaux,M:M:.a.-M:M:.a.-f.o.-',0.29,True
Q1552832,budoka,acteurs sociaux,M:M:.a.-M:M:.a.-f.o.-',0.0,True
Q327055,travailleur ou travailleuse,travailleur social,f.a.-n.a.-f.o.-',0.8,False
Q1914017,travailleur ou travailleuse de la connaissance,travailleur social,f.a.-n.a.-f.o.-',0.75,False
Q3303330,calligraphe,cartographe,l.a.-t.a.-f.o.-',0.59,False
Q13582652,ingénieur civil,inventeur,d.a.-d.a.-f.o.-',0.16,True
Q66666685,universitaire,publicitaire,b.a.-d.a.-f.o.-',0.56,False
Q35749,parlement,mentor,s.a.-d.a.-f.o.-',0.26,True
Q20826540,érudit,éditeur,t.a.-b.a.-f.o.-',0.19,True
Q11063,astronome,assureur,f.a.-t.a.-f.o.-',0.24,True
Q593644,chimiste,archiviste,t.a.-l.a.-f.o.-',0.43,False
Q3243461,collectionneur ou collectionneuse,fonctionnaire,t.a.-k.a.-f.o.-',0.37,True
Q16060143,élu ou élue,cultivateur / éleveur,f.a.-f.a.-f.o.-',0.13,True
Q30461,président ou présidente,précurseur,s.a.-n.a.-f.o.-',0.24,True
Q2066131,athlète,hôte,f.a.-k.a.-f.o.-',0.23,True
Q4197743,joueur ou joueuse,joueur,m.a.-b.a.-f.o.-',0.95,False
Q18544928,joueur de billard,joueur,m.a.-b.a.-f.o.-',0.87,False
Q639669,musicien ou musicienne,musicien,f.a.-b.a.-f.o.-',0.98,False
Q177220,chanteur ou chanteuse,inventeur,d.a.-d.a.-f.o.-',0.43,False
Q66763670,musicien de country,musicien,f.a.-b.a.-f.o.-',0.87,False
Q11499147,militant ou militante politique,politicien,s.a.-k.a.-f.o.-',0.38,True
Q5352191,technicien ou technicienne,technicien,f.a.-d.a.-f.o.-',0.99,False
Q19829990,bibliste,journaliste,n.a.-b.a.-f.o.-',0.46,False
Q16533,juge,juré,k.a.-n.a.-f.o.-',0.33,True
Q11902879,lord-maire,notaire,m.a.-t.a.-f.o.-',0.48,False
Q3455803,réalisateur ou réalisatrice,journaliste,n.a.-b.a.-f.o.-',0.26,True
Q593644,chimiste,archiviste,t.a.-l.a.-f.o.-',0.43,False
Q16529590,scientifique de l'environnement,agent de,d.a.-l.a.-f.o.-',0.34,True
Q593644,chimiste,archiviste,t.a.-l.a.-f.o.-',0.43,False
Q5157338,scientifique numéricien,musicien,f.a.-b.a.-f.o.-',0.39,True
Q13416803,épidémiologiste,écologiste,l.a.-f.a.-f.o.-',0.76,False
Q211346,psychiatre,psychologue,s.a.-f.a.-f.o.-',0.46,False
Q2066131,athlète,hôte,f.a.-k.a.-f.o.-',0.23,True
Q978044,cadre dirigeant ou cadre dirigeante,enfant,d.a.-m.a.-f.o.-',0.13,True
Q21281706,administrateur académique,relation publique,l.a.-b.a.-f.o.-',0.26,True
Q12327806,pilote de moto-cross,agent de,d.a.-l.a.-f.o.-',0.37,True
Q17126809,sauveteur,acteur,s.a.-b.a.-f.o.-',0.43,False
Q36180,écrivain ou écrivaine,écologiste,l.a.-f.a.-f.o.-',0.11,True
Q201788,historien ou historienne,ouvrier,m.a.-l.a.-f.o.-',0.18,True
Q36180,écrivain ou écrivaine,écologiste,l.a.-f.a.-f.o.-',0.11,True
Q1294787,artisan,archiviste,t.a.-l.a.-f.o.-',0.12,True
Q5716684,danseur ou danseuse,précurseur,s.a.-n.a.-f.o.-',0.19,True
Q2066131,athlète,hôte,f.a.-k.a.-f.o.-',0.23,True
Q3501317,modéliste,journaliste,n.a.-b.a.-f.o.-',0.49,False
Q895526,organe,acteurs sociaux,M:M:.a.-M:M:.a.-f.o.-',0.0,True
Q938236,panel,partenaire,m.a.-d.a.-f.o.-',0.15,True
Q627436,domaine d'activité,activiste,b.a.-k.a.-f.o.-',0.62,False
Q138858,personne du monde du divertissement,investisseur,t.a.-d.a.-f.o.-',0.29,True
Q713200,artiste interprète,archiviste,t.a.-l.a.-f.o.-',0.33,True
Q104218554,chanteur de rock,inventeur,d.a.-d.a.-f.o.-',0.36,True
Q67200506,musicien de heavy metal,musicien,f.a.-b.a.-f.o.-',0.89,False
Q29017403,rockeur,procureur,b.a.-n.a.-f.o.-',0.29,True
Q1028181,peintre,ancêtre,t.a.-m.a.-f.o.-',0.27,True
Q201788,historien ou historienne,ouvrier,m.a.-l.a.-f.o.-',0.18,True
Q41583,entraîneur sportif,entrepreneur,l.a.-d.a.-f.o.-',0.4,False
Q66035178,travailleur du textile,travailleur social,f.a.-n.a.-f.o.-',0.79,False
Q15319501,chercheur ou chercheuse en sciences sociales,travailleur social,f.a.-n.a.-f.o.-',0.4,False
Q5322166,designer,agent de,d.a.-l.a.-f.o.-',0.18,True
Q185351,juriste,secouriste,f.a.-l.a.-f.o.-',0.55,False
Q1511216,courtisan,secouriste,f.a.-l.a.-f.o.-',0.26,True
Q15995642,chef religieux,relation publique,l.a.-b.a.-f.o.-',0.24,True
Q105275968,clerc musulman,musicien,f.a.-b.a.-f.o.-',0.3,True
Q185351,juriste,secouriste,f.a.-l.a.-f.o.-',0.55,False
Q28364495,business or financial occupation,relation publique,l.a.-b.a.-f.o.-',0.3,True
Q29017403,rockeur,procureur,b.a.-n.a.-f.o.-',0.29,True
Q855091,guitariste,secouriste,f.a.-l.a.-f.o.-',0.41,False
Q1162163,directeur ou directrice,lecteur,b.a.-s.a.-f.o.-',0.47,False
Q16532929,administrateur,médiateur,m.a.-s.a.-f.o.-',0.31,True
Q20778343,magistrat romain,écologiste,l.a.-f.a.-f.o.-',0.19,True
Q33999,acteur ou actrice,acteur,s.a.-b.a.-f.o.-',0.91,False
Q713200,artiste interprète,archiviste,t.a.-l.a.-f.o.-',0.33,True
Q47090899,professionnel des musées,musicien,f.a.-b.a.-f.o.-',0.23,True
Q10333969,muséologue,psychologue,s.a.-f.a.-f.o.-',0.55,False
Q3126128,généticien ou généticienne,politicien,s.a.-k.a.-f.o.-',0.53,False
Q2055046,physiologiste,écologiste,l.a.-f.a.-f.o.-',0.77,False
Q183945,producteur de disques,producteur,d.a.-b.a.-f.o.-',0.9,False
Q186360,infirmière ou infirmier,infirmier / soignant,b.a.-f.a.-f.o.-',0.69,False
Q2596417,bénéficiaire,bénévole,m.a.-n.a.-f.o.-',0.37,True
Q353673,mariée,manager,l.a.-s.a.-f.o.-',0.24,True
Q21512362,djihadiste,activiste,b.a.-k.a.-f.o.-',0.42,False
Q7725634,œuvre littéraire,notaire,m.a.-t.a.-f.o.-',0.39,True
Q212238,fonctionnaire,fonctionnaire,t.a.-k.a.-f.o.-',1.0,False
Q3243461,collectionneur ou collectionneuse,fonctionnaire,t.a.-k.a.-f.o.-',0.37,True
Q108289646,other personal services workers,journaliste,n.a.-b.a.-f.o.-',0.09,True
Q765633,aviation,relation publique,l.a.-b.a.-f.o.-',0.41,False
Q644628,sport aérien,transporteur,b.a.-l.a.-f.o.-',0.38,True
Q849424,capitaine de navire,publicitaire,b.a.-d.a.-f.o.-',0.29,True
Q128124,ingénieur du son,inventeur,d.a.-d.a.-f.o.-',0.16,True
Q1714828,chasseur ou chasseresse,investisseur,t.a.-d.a.-f.o.-',0.34,True
Q37226,enseignant ou enseignante,enseignant,d.a.-f.a.-f.o.-',0.98,False
Q67378332,rock guitarist,secouriste,f.a.-l.a.-f.o.-',0.2,True
Q67200506,musicien de heavy metal,musicien,f.a.-b.a.-f.o.-',0.89,False
Q62974259,batteur de rock,agent de,d.a.-l.a.-f.o.-',0.31,True
Q67200506,musicien de heavy metal,musicien,f.a.-b.a.-f.o.-',0.89,False
Q110042402,ancient Near Eastern scholar,client,n.a.-d.a.-f.o.-',0.35,True
Q30185,maire,notaire,m.a.-t.a.-f.o.-',0.43,False
Q5157565,professionnel de l'informatique,informaticien,s.a.-t.a.-f.o.-',0.54,False
Q169470,physicien ou physicienne,musicien,f.a.-b.a.-f.o.-',0.62,False
Q15978655,consultant ou consultante,consultant,f.a.-s.a.-f.o.-',0.98,False
Q22082749,pseudo-scientifique,relation publique,l.a.-b.a.-f.o.-',0.28,True
Q2306091,sociologue,psychologue,s.a.-f.a.-f.o.-',0.52,False
Q1641112,formation social,travailleur social,f.a.-n.a.-f.o.-',0.37,True
Q115641683,custodian,étudiant,d.a.-s.a.-f.o.-',0.33,True
Q22855,consommateur,réformateur,n.a.-k.a.-f.o.-',0.35,True
Q181600,patient,client,n.a.-d.a.-f.o.-',0.49,False
Q6817473,professionnel ou professionnelle de la santé mentale,mentor,s.a.-d.a.-f.o.-',0.24,True
Q69945363,conseiller,consultant,f.a.-s.a.-f.o.-',0.33,True
Q11974939,professionnel ou professionnelle de la santé,procureur,b.a.-n.a.-f.o.-',0.21,True
Q5322166,designer,agent de,d.a.-l.a.-f.o.-',0.18,True
Q3408848,prédicateur laïc,médiateur,m.a.-s.a.-f.o.-',0.33,True
Q432386,prédicateur,médiateur,m.a.-s.a.-f.o.-',0.33,True
Q1072363,directeur ou directrice,lecteur,b.a.-s.a.-f.o.-',0.47,False
Q2994387,conseiller ou conseillère,consultant,f.a.-s.a.-f.o.-',0.35,True
Q29182,évêque,relation publique,l.a.-b.a.-f.o.-',0.27,True
Q6857706,métier militaire,publicitaire,b.a.-d.a.-f.o.-',0.43,False
Q94939480,évêque luthérien,relation publique,l.a.-b.a.-f.o.-',0.2,True
Q15296811,dessinateur ou dessinatrice,médiateur,m.a.-s.a.-f.o.-',0.2,True
Q1294787,artisan,archiviste,t.a.-l.a.-f.o.-',0.12,True
Q116,monarque,relation publique,l.a.-b.a.-f.o.-',0.27,True
Q975783,propriété foncière,fonctionnaire,t.a.-k.a.-f.o.-',0.33,True
Q618123,objet géographique,cartographe,l.a.-t.a.-f.o.-',0.42,False
Q78775270,real assets,assureur,f.a.-t.a.-f.o.-',0.29,True
Q108285748,services and sales worker,ancêtre,t.a.-m.a.-f.o.-',0.16,True
Q183888,développeur ou développeuse,défendeur,l.a.-n.a.-f.o.-',0.24,True
Q15722501,ministre du Tourisme,secouriste,f.a.-l.a.-f.o.-',0.44,False
Q215536,commerçant,comptable,b.a.-t.a.-f.o.-',0.25,True
Q56061,entité territoriale administrative,guerrier,l.a.-l.a.-f.o.-',0.18,True
Q1524582,éleveur,cultivateur / éleveur,f.a.-f.a.-f.o.-',0.64,False
Q12059906,gardien de troupeau,agent de,d.a.-l.a.-f.o.-',0.34,True
Q29182,évêque,relation publique,l.a.-b.a.-f.o.-',0.27,True
Q3126128,généticien ou généticienne,politicien,s.a.-k.a.-f.o.-',0.53,False
Q4830453,firme,infirmier / soignant,b.a.-f.a.-f.o.-',0.27,True
Q362482,opération,relation publique,l.a.-b.a.-f.o.-',0.46,False
Q155076,personne morale,bénévole,m.a.-n.a.-f.o.-',0.14,True
Q216353,titre de civilité,agent de,d.a.-l.a.-f.o.-',0.26,True
Q182436,bibliothécaire,notaire,m.a.-t.a.-f.o.-',0.43,False
Q128124,ingénieur du son,inventeur,d.a.-d.a.-f.o.-',0.16,True
Q2994387,conseiller ou conseillère,consultant,f.a.-s.a.-f.o.-',0.35,True
Q41511527,taxologist,écologiste,l.a.-f.a.-f.o.-',0.68,False
Q15978655,consultant ou consultante,consultant,f.a.-s.a.-f.o.-',0.98,False
Q2066131,athlète,hôte,f.a.-k.a.-f.o.-',0.23,True
Q12376667,technologue,psychologue,s.a.-f.a.-f.o.-',0.46,False
Q11974939,professionnel ou professionnelle de la santé,procureur,b.a.-n.a.-f.o.-',0.21,True
Q1575252,Handwerkschirurg,archiviste,t.a.-l.a.-f.o.-',0.21,True
Q245068,humoriste,secouriste,f.a.-l.a.-f.o.-',0.52,False
Q4853732,auteur ou autrice de littérature pour la jeunesse,auteur,b.a.-b.a.-f.o.-',0.74,False
Q644687,illustrateur ou illustratrice,médiateur,m.a.-s.a.-f.o.-',0.21,True
Q294414,fonction publique,relation publique,l.a.-b.a.-f.o.-',0.63,False
Q81729632,musicien ou musicienne de musique classique,musicien,f.a.-b.a.-f.o.-',0.84,False
Q639669,musicien ou musicienne,musicien,f.a.-b.a.-f.o.-',0.98,False
Q7245049,principal,procureur,b.a.-n.a.-f.o.-',0.13,True
Q1058617,détective privé,activiste,b.a.-k.a.-f.o.-',0.25,True
Q2588761,travailleur qualifié ou travailleuse qualifiée,travailleur social,f.a.-n.a.-f.o.-',0.78,False
Q1240788,patron,partenaire,m.a.-d.a.-f.o.-',0.15,True
Q5183538,préfet romain,précurseur,s.a.-n.a.-f.o.-',0.22,True
Q3071477,fidèle,bénévole,m.a.-n.a.-f.o.-',0.2,True
Q1281618,sculpteur ou sculptrice,cultivateur / éleveur,f.a.-f.a.-f.o.-',0.25,True
Q3391743,artiste visuel ou artiste visuelle,archiviste,t.a.-l.a.-f.o.-',0.36,True
Q2865819,artiste lyrique,archiviste,t.a.-l.a.-f.o.-',0.26,True
Q3391743,artiste visuel ou artiste visuelle,archiviste,t.a.-l.a.-f.o.-',0.36,True
Q1327329,multi-instrumentiste,activiste,b.a.-k.a.-f.o.-',0.23,True
Q2465389,reed player,relation publique,l.a.-b.a.-f.o.-',0.13,True
Q30185,maire,notaire,m.a.-t.a.-f.o.-',0.43,False
Q1332286,forgerie,manager,l.a.-s.a.-f.o.-',0.13,True
Q1408286,processus de production,producteur,d.a.-b.a.-f.o.-',0.61,False
Q28813,fraude,agent de,d.a.-l.a.-f.o.-',0.17,True
Q2588761,travailleur qualifié ou travailleuse qualifiée,travailleur social,f.a.-n.a.-f.o.-',0.78,False
Q17291399,membre d'équipe de cinéma,agent de,d.a.-l.a.-f.o.-',0.29,True
Q28389,scénariste,secouriste,f.a.-l.a.-f.o.-',0.52,False
Q66686203,pareur,assureur,f.a.-t.a.-f.o.-',0.3,True
Q1639825,forgeron ou forgeronne,manager,l.a.-s.a.-f.o.-',0.13,True
Q2419397,thérapeute,auteur,b.a.-b.a.-f.o.-',0.2,True
Q108289390,other health professionals,procureur,b.a.-n.a.-f.o.-',0.25,True
Q831124,Beth din,diplomate,k.a.-s.a.-f.o.-',0.16,True
Q845929,prétendant au trône,aidant,m.a.-f.a.-f.o.-',0.34,True
Q1714828,chasseur ou chasseresse,investisseur,t.a.-d.a.-f.o.-',0.34,True
Q18882335,créateur de jeux vidéo,agent de,d.a.-l.a.-f.o.-',0.28,True
Q28745974,rang civil de l'Empire russe,agent de,d.a.-l.a.-f.o.-',0.25,True
Q599151,haut fonctionnaire ou haute fonctionnaire,fonctionnaire,t.a.-k.a.-f.o.-',0.97,False
Q4139091,Head of Administration,relation publique,l.a.-b.a.-f.o.-',0.39,True
Q2285706,chef de gouvernement,agent de,d.a.-l.a.-f.o.-',0.46,False
Q3247049,officier d'armes,officier,l.a.-k.a.-f.o.-',0.97,False
Q2518689,guérisseur,investisseur,t.a.-d.a.-f.o.-',0.51,False
Q10729326,pirate,diplomate,k.a.-s.a.-f.o.-',0.24,True
Q10669499,officier de marine,officier,l.a.-k.a.-f.o.-',0.91,False
Q11974939,professionnel ou professionnelle de la santé,procureur,b.a.-n.a.-f.o.-',0.21,True
Q59283400,travailleur de la santé,travailleur social,f.a.-n.a.-f.o.-',0.77,False
Q1622272,professeur ou professeure d'université,investisseur,t.a.-d.a.-f.o.-',0.36,True
Q5428874,personnel académique,relation publique,l.a.-b.a.-f.o.-',0.31,True
Q599151,haut fonctionnaire ou haute fonctionnaire,fonctionnaire,t.a.-k.a.-f.o.-',0.97,False
Q207320,paramilitaire,publicitaire,b.a.-d.a.-f.o.-',0.38,True
Q99220890,tobaksarbetare,père,n.a.-m.a.-f.o.-',0.24,True
Q3391743,artiste visuel ou artiste visuelle,archiviste,t.a.-l.a.-f.o.-',0.36,True
Q327055,travailleur ou travailleuse,travailleur social,f.a.-n.a.-f.o.-',0.8,False
Q1162163,directeur ou directrice,lecteur,b.a.-s.a.-f.o.-',0.47,False
Q15980804,professionnel des médias,médiateur,m.a.-s.a.-f.o.-',0.5,False
Q327055,travailleur ou travailleuse,travailleur social,f.a.-n.a.-f.o.-',0.8,False
Q28813,fraude,agent de,d.a.-l.a.-f.o.-',0.17,True
Q5449702,crime financier,policier,n.a.-l.a.-f.o.-',0.39,True
Q580750,conscription,consultant,f.a.-s.a.-f.o.-',0.35,True
Q1862087,prisonnier ou prisonnière,père,n.a.-m.a.-f.o.-',0.2,True
Q311396,gardien de prison,agent de,d.a.-l.a.-f.o.-',0.29,True
Q864503,biologiste,écologiste,l.a.-f.a.-f.o.-',0.79,False
Q327055,travailleur ou travailleuse,travailleur social,f.a.-n.a.-f.o.-',0.8,False
Q852998,partie prenante,partenaire,m.a.-d.a.-f.o.-',0.37,True
Q138858,personne du monde du divertissement,investisseur,t.a.-d.a.-f.o.-',0.29,True
Q1414443,cinéaste,activiste,b.a.-k.a.-f.o.-',0.2,True
Q437512,tisserand,investisseur,t.a.-d.a.-f.o.-',0.42,False
Q483501,artiste,archiviste,t.a.-l.a.-f.o.-',0.36,True
Q17291399,membre d'équipe de cinéma,agent de,d.a.-l.a.-f.o.-',0.29,True
Q4220920,métier du cinéma,médecin,n.a.-f.a.-f.o.-',0.21,True
Q268378,travail,travailleur social,f.a.-n.a.-f.o.-',0.59,False
Q186361,châtiment,mentor,s.a.-d.a.-f.o.-',0.35,True
Q1424047,offense against personal freedom,officier,l.a.-k.a.-f.o.-',0.21,True
Q192581,travail,travailleur social,f.a.-n.a.-f.o.-',0.59,False
Q3391743,artiste visuel ou artiste visuelle,archiviste,t.a.-l.a.-f.o.-',0.36,True
Q160117,courtier,secouriste,f.a.-l.a.-f.o.-',0.25,True
Q11997597,représentant,consultant,f.a.-s.a.-f.o.-',0.28,True
Q1517802,substitut,investisseur,t.a.-d.a.-f.o.-',0.13,True
Q108290434,commercial sales representatives,entrepreneur,l.a.-d.a.-f.o.-',0.26,True
Q7621877,stratège,traducteur,t.a.-s.a.-f.o.-',0.2,True
Q108290297,sales and marketing managers,manager,l.a.-s.a.-f.o.-',0.85,False
Q82594,informaticien ou informaticienne,informaticien,s.a.-t.a.-f.o.-',0.99,False
Q1162163,directeur ou directrice,lecteur,b.a.-s.a.-f.o.-',0.47,False
Q91143339,transportation worker,transporteur,b.a.-l.a.-f.o.-',0.7,False
Q1391083,travailleur qualifié,travailleur social,f.a.-n.a.-f.o.-',0.79,False
Q327029,mécanicien,technicien,f.a.-d.a.-f.o.-',0.56,False
Q37226,enseignant ou enseignante,enseignant,d.a.-f.a.-f.o.-',0.98,False
Q201788,historien ou historienne,ouvrier,m.a.-l.a.-f.o.-',0.18,True
Q10379007,théâtrologue,psychologue,s.a.-f.a.-f.o.-',0.62,False
Q1221126,Dienststellung,diplomate,k.a.-s.a.-f.o.-',0.12,True
Q112119463,chef ou cheffe de cabinet,agent de,d.a.-l.a.-f.o.-',0.35,True
Q47324169,staff officer,officier,l.a.-k.a.-f.o.-',0.74,False
Q16631188,fonction militaire,fonctionnaire,t.a.-k.a.-f.o.-',0.63,False
Q212238,fonctionnaire,fonctionnaire,t.a.-k.a.-f.o.-',1.0,False
Q49773,mouvement social,travailleur social,f.a.-n.a.-f.o.-',0.49,False
Q10547393,personnalité politique locale,politicien,s.a.-k.a.-f.o.-',0.49,False
Q2994387,conseiller ou conseillère,consultant,f.a.-s.a.-f.o.-',0.35,True
Q294414,fonction publique,relation publique,l.a.-b.a.-f.o.-',0.63,False
Q1483433,technicien ou technicienne de laboratoire,technicien,f.a.-d.a.-f.o.-',0.96,False
Q2399383,science technician,technicien,f.a.-d.a.-f.o.-',0.87,False
Q420,biologie,écologiste,l.a.-f.a.-f.o.-',0.48,False
Q11351,chimie organique,relation publique,l.a.-b.a.-f.o.-',0.33,True
Q47541952,producteur ou productrice artistique,producteur,d.a.-b.a.-f.o.-',0.89,False
Q49757,poète ou poétesse,policier,n.a.-l.a.-f.o.-',0.16,True
Q488205,auteur-compositeur-interprète ou autrice-compositrice-interprète,auteur,b.a.-b.a.-f.o.-',0.64,False
Q16157609,artiste autodidacte,activiste,b.a.-k.a.-f.o.-',0.28,True
Q16335296,profession historique,relation publique,l.a.-b.a.-f.o.-',0.38,True
Q1058617,détective privé,activiste,b.a.-k.a.-f.o.-',0.25,True
Q8125919,conseiller politique,politicien,s.a.-k.a.-f.o.-',0.44,False
Q989963,storytelling,allié,l.a.-m.a.-f.o.-',0.2,True
Q15976341,slaviste,activiste,b.a.-k.a.-f.o.-',0.51,False
Q3126128,généticien ou généticienne,politicien,s.a.-k.a.-f.o.-',0.53,False
Q15839136,biologiste cellulaire,écologiste,l.a.-f.a.-f.o.-',0.71,False
Q16404706,medical geneticist,politicien,s.a.-k.a.-f.o.-',0.18,True
Q105186,pharmacien,pharmacien,t.a.-f.a.-f.o.-',1.0,False
Q593644,chimiste,archiviste,t.a.-l.a.-f.o.-',0.43,False
Q82594,informaticien ou informaticienne,informaticien,s.a.-t.a.-f.o.-',0.99,False
Q2552072,histologiste,écologiste,l.a.-f.a.-f.o.-',0.77,False
Q3368718,pathologiste,écologiste,l.a.-f.a.-f.o.-',0.7,False
Q593644,chimiste,archiviste,t.a.-l.a.-f.o.-',0.43,False
Q38053159,géomorphologue,psychologue,s.a.-f.a.-f.o.-',0.7,False
Q4773904,anthropologue,psychologue,s.a.-f.a.-f.o.-',0.56,False
Q177220,chanteur ou chanteuse,inventeur,d.a.-d.a.-f.o.-',0.43,False
Q23037330,récitateur,spectateur,k.a.-b.a.-f.o.-',0.41,False
Q2919046,biochimiste,archiviste,t.a.-l.a.-f.o.-',0.43,False
Q3368718,pathologiste,écologiste,l.a.-f.a.-f.o.-',0.7,False
Q593644,chimiste,archiviste,t.a.-l.a.-f.o.-',0.43,False
Q6804564,mécanicien,technicien,f.a.-d.a.-f.o.-',0.56,False
Q593644,chimiste,archiviste,t.a.-l.a.-f.o.-',0.43,False
Q2374149,botaniste,activiste,b.a.-k.a.-f.o.-',0.33,True
Q169470,physicien ou physicienne,musicien,f.a.-b.a.-f.o.-',0.62,False
Q71133019,opticien,politicien,s.a.-k.a.-f.o.-',0.59,False
Q16745601,physicien quantique,musicien,f.a.-b.a.-f.o.-',0.5,False
Q3332438,médecin spécialiste,médecin,n.a.-f.a.-f.o.-',0.75,False
Q2055046,physiologiste,écologiste,l.a.-f.a.-f.o.-',0.77,False
Q26876987,joueur de billard carambole,joueur,m.a.-b.a.-f.o.-',0.75,False
Q2252262,rappeur ou rappeuse,cartographe,l.a.-t.a.-f.o.-',0.16,True
Q483501,artiste,archiviste,t.a.-l.a.-f.o.-',0.36,True
Q618779,distinction,fonctionnaire,t.a.-k.a.-f.o.-',0.4,False
Q483501,artiste,archiviste,t.a.-l.a.-f.o.-',0.36,True
Q117531692,résidence créative,réformateur,n.a.-k.a.-f.o.-',0.1,True
Q81096,ingénieur ou ingénieure,inventeur,d.a.-d.a.-f.o.-',0.19,True
Q388338,trésorier,ouvrier,m.a.-l.a.-f.o.-',0.46,False
Q4164871,fonction,fonctionnaire,t.a.-k.a.-f.o.-',0.67,False
Q1930187,journaliste,journaliste,n.a.-b.a.-f.o.-',1.0,False
Q59616954,freelance writer,éditeur,t.a.-b.a.-f.o.-',0.12,True
Q420,biologie,écologiste,l.a.-f.a.-f.o.-',0.48,False
Q2478141,aristocrate,secouriste,f.a.-l.a.-f.o.-',0.27,True
Q54128,domestique,relation publique,l.a.-b.a.-f.o.-',0.31,True
Q6469874,dame de compagnie,comptable,b.a.-t.a.-f.o.-',0.41,False
Q1511216,courtisan,secouriste,f.a.-l.a.-f.o.-',0.26,True
Q15296811,dessinateur ou dessinatrice,médiateur,m.a.-s.a.-f.o.-',0.2,True
Q644687,illustrateur ou illustratrice,médiateur,m.a.-s.a.-f.o.-',0.21,True
Q205375,inventeur,inventeur,d.a.-d.a.-f.o.-',1.0,False
Q355567,titre de noblesse,agent de,d.a.-l.a.-f.o.-',0.27,True
Q3482410,comportement de groupe,agent de,d.a.-l.a.-f.o.-',0.3,True
Q4686698,adversarial process,procureur,b.a.-n.a.-f.o.-',0.4,False
Q1914636,activité,activiste,b.a.-k.a.-f.o.-',0.74,False
Q202648,arbitre sportif ou arbitre sportive,transporteur,b.a.-l.a.-f.o.-',0.35,True
Q5728861,biologie aquatique,écologiste,l.a.-f.a.-f.o.-',0.33,True
Q1130698,hydrobiologie,écologiste,l.a.-f.a.-f.o.-',0.48,False
Q520549,géologue,psychologue,s.a.-f.a.-f.o.-',0.62,False
Q3332438,médecin spécialiste,médecin,n.a.-f.a.-f.o.-',0.75,False
Q39631,médecin,médecin,n.a.-f.a.-f.o.-',1.0,False
Q382887,élu au service public,publicitaire,b.a.-d.a.-f.o.-',0.55,False
Q28745974,rang civil de l'Empire russe,agent de,d.a.-l.a.-f.o.-',0.25,True
Q33231,photographe,cartographe,l.a.-t.a.-f.o.-',0.75,False
Q43229,organisation,relation publique,l.a.-b.a.-f.o.-',0.46,False
Q5588651,organe de gouvernance,agent de,d.a.-l.a.-f.o.-',0.3,True
Q11974939,professionnel ou professionnelle de la santé,procureur,b.a.-n.a.-f.o.-',0.21,True
Q6840857,professionnel médical,médiateur,m.a.-s.a.-f.o.-',0.36,True
Q55071047,auxiliaire de santé,notaire,m.a.-t.a.-f.o.-',0.29,True
Q16511993,reine,relation publique,l.a.-b.a.-f.o.-',0.16,True
Q16138124,后妃,acteurs sociaux,M:M:.a.-M:M:.a.-f.o.-',0.0,True
Q101976445,Eastern Orthodox deacon,agent de,d.a.-l.a.-f.o.-',0.13,True
Q91187063,moine orthodoxe,témoin,d.a.-n.a.-f.o.-',0.39,True
Q7016454,artiste des nouveaux médias,médiateur,m.a.-s.a.-f.o.-',0.44,False
Q627325,graphiste,cartographe,l.a.-t.a.-f.o.-',0.34,True
Q3126128,généticien ou généticienne,politicien,s.a.-k.a.-f.o.-',0.53,False
Q2374149,botaniste,activiste,b.a.-k.a.-f.o.-',0.33,True
Q1097498,dirigeant,enfant,d.a.-m.a.-f.o.-',0.22,True
Q106499608,literary reading,éditeur,t.a.-b.a.-f.o.-',0.16,True
Q1446621,récital,publicitaire,b.a.-d.a.-f.o.-',0.23,True
Q77152841,police civil employee,policier,n.a.-l.a.-f.o.-',0.57,False
Q122147617,wrestling referee,mere,f.a.-m.a.-f.o.-',0.2,True
Q309100,planification,relation publique,l.a.-b.a.-f.o.-',0.41,False
Q748250,prédiction,fonctionnaire,t.a.-k.a.-f.o.-',0.27,True
Q13474373,catcheur,avocat,n.a.-t.a.-f.o.-',0.16,True
Q2462658,manager,manager,l.a.-s.a.-f.o.-',1.0,False
Q4991371,soldat,avocat,n.a.-t.a.-f.o.-',0.16,True
Q483501,artiste,archiviste,t.a.-l.a.-f.o.-',0.36,True
Q1278335,instrumentiste,activiste,b.a.-k.a.-f.o.-',0.25,True
Q1622272,professeur ou professeure d'université,investisseur,t.a.-d.a.-f.o.-',0.36,True
Q29182003,professeur de mathématiques,investisseur,t.a.-d.a.-f.o.-',0.25,True
Q4164871,fonction,fonctionnaire,t.a.-k.a.-f.o.-',0.67,False
Q12737077,activité,activiste,b.a.-k.a.-f.o.-',0.74,False
Q108286983,métier de la finance,agent de,d.a.-l.a.-f.o.-',0.29,True
Q703534,salarié,allié,l.a.-m.a.-f.o.-',0.29,True
Q66715835,service industry worker,secrétaire,k.a.-t.a.-f.o.-',0.13,True
Q21281706,administrateur académique,relation publique,l.a.-b.a.-f.o.-',0.26,True
Q3400985,universitaire,publicitaire,b.a.-d.a.-f.o.-',0.56,False
Q1423891,ministre du culte,adulte,n.a.-s.a.-f.o.-',0.38,True
Q43229,organisation,relation publique,l.a.-b.a.-f.o.-',0.46,False
Q367293,convention,inventeur,d.a.-d.a.-f.o.-',0.34,True
Q42603,prêtre,ancêtre,t.a.-m.a.-f.o.-',0.52,False
Q1162163,directeur ou directrice,lecteur,b.a.-s.a.-f.o.-',0.47,False
Q2114175,provost,procureur,b.a.-n.a.-f.o.-',0.35,True
Q1056391,directeur ou directrice d'école,lecteur,b.a.-s.a.-f.o.-',0.4,False
Q108399377,university chief executive,archiviste,t.a.-l.a.-f.o.-',0.15,True
Q2462658,manager,manager,l.a.-s.a.-f.o.-',1.0,False
Q30093123,enquêteur,acteur,s.a.-b.a.-f.o.-',0.29,True
Q212238,fonctionnaire,fonctionnaire,t.a.-k.a.-f.o.-',1.0,False
Q13235160,producteur,producteur,d.a.-b.a.-f.o.-',1.0,False
Q21292974,directeur de production,producteur,d.a.-b.a.-f.o.-',0.68,False
Q2462658,manager,manager,l.a.-s.a.-f.o.-',1.0,False
Q1423891,ministre du culte,adulte,n.a.-s.a.-f.o.-',0.38,True
Q14467526,linguiste,activiste,b.a.-k.a.-f.o.-',0.37,True
Q212980,psychologue,psychologue,s.a.-f.a.-f.o.-',1.0,False
Q201788,historien ou historienne,ouvrier,m.a.-l.a.-f.o.-',0.18,True
Q212238,fonctionnaire,fonctionnaire,t.a.-k.a.-f.o.-',1.0,False
Q1052804,ornement extérieur de l'écu,agent de,d.a.-l.a.-f.o.-',0.42,False
Q1308239,acheteur,acteur,s.a.-b.a.-f.o.-',0.53,False
Q106039,chrétien ou chrétienne,musicien,f.a.-b.a.-f.o.-',0.19,True
Q22676587,régime monarchique,archiviste,t.a.-l.a.-f.o.-',0.34,True
Q16062369,oncologue,psychologue,s.a.-f.a.-f.o.-',0.53,False
Q2571535,crime politique,politicien,s.a.-k.a.-f.o.-',0.58,False
Q86923152,source de risque,agent de,d.a.-l.a.-f.o.-',0.27,True
Q19890758,militantisme politique,politicien,s.a.-k.a.-f.o.-',0.49,False
Q2095549,aviateur ou aviatrice,médiateur,m.a.-s.a.-f.o.-',0.45,False
Q91143339,transportation worker,transporteur,b.a.-l.a.-f.o.-',0.7,False
Q3286043,mannequin de charme,agent de,d.a.-l.a.-f.o.-',0.24,True
Q42603,prêtre,ancêtre,t.a.-m.a.-f.o.-',0.52,False
Q6386590,Levite,lecteur,b.a.-s.a.-f.o.-',0.16,True
Q2426135,sport de raquette,transporteur,b.a.-l.a.-f.o.-',0.34,True
Q212434,sport olympique,transporteur,b.a.-l.a.-f.o.-',0.32,True
Q108290649,fumigators and other pest and weed controllers,consultant,f.a.-s.a.-f.o.-',0.14,True
Q131524,entrepreneur ou entrepreneuse,entrepreneur,l.a.-d.a.-f.o.-',0.98,False
Q1818899,colon,écologiste,l.a.-f.a.-f.o.-',0.27,True
Q2095549,aviateur ou aviatrice,médiateur,m.a.-s.a.-f.o.-',0.45,False
Q1318390,opérateur radio,médiateur,m.a.-s.a.-f.o.-',0.36,True
Q118981632,officier de la marine marchande,officier,l.a.-k.a.-f.o.-',0.76,False
Q215536,commerçant,comptable,b.a.-t.a.-f.o.-',0.25,True
Q806798,banquier,banquier,d.a.-t.a.-f.o.-',1.0,False
Q7325,Juifs,juré,k.a.-n.a.-f.o.-',0.33,True
Q43845,personnalité du monde des affaires,fonctionnaire,t.a.-k.a.-f.o.-',0.24,True
Q58371759,registraire,notaire,m.a.-t.a.-f.o.-',0.32,True
Q93923328,Chinese medicine practitioner,fonctionnaire,t.a.-k.a.-f.o.-',0.18,True
Q39631,médecin,médecin,n.a.-f.a.-f.o.-',1.0,False
Q618532,propriétaire de bien,secrétaire,k.a.-t.a.-f.o.-',0.45,False
Q6731168,magistrate,écologiste,l.a.-f.a.-f.o.-',0.24,True
Q28056401,accusé,acteur,s.a.-b.a.-f.o.-',0.31,True
Q24571167,litigant,politicien,s.a.-k.a.-f.o.-',0.31,True
Q738142,commis,comptable,b.a.-t.a.-f.o.-',0.35,True
Q685433,vendeur ou vendeuse,vendeur,k.a.-d.a.-f.o.-',0.96,False
Q3315492,ministère ecclésiastique,relation publique,l.a.-b.a.-f.o.-',0.29,True
Q61905636,fonctionnaire de la cour,fonctionnaire,t.a.-k.a.-f.o.-',0.91,False
Q2994387,conseiller ou conseillère,consultant,f.a.-s.a.-f.o.-',0.35,True
Q7888586,ingénieur chimiste,archiviste,t.a.-l.a.-f.o.-',0.39,True
Q26848923,bioingénieur ou bioingénieure,témoin,d.a.-n.a.-f.o.-',0.19,True
Q2919046,biochimiste,archiviste,t.a.-l.a.-f.o.-',0.43,False
Q115668308,release,relation publique,l.a.-b.a.-f.o.-',0.28,True
Q13219447,journaliste sportif ou journaliste sportive,journaliste,n.a.-b.a.-f.o.-',0.89,False
Q1371925,speaker,spectateur,k.a.-b.a.-f.o.-',0.34,True
Q215536,commerçant,comptable,b.a.-t.a.-f.o.-',0.25,True
Q28389,scénariste,secouriste,f.a.-l.a.-f.o.-',0.52,False
Q11499012,créateur de programmes,producteur,d.a.-b.a.-f.o.-',0.25,True
Q777952,instructeur,inspecteur,d.a.-k.a.-f.o.-',0.45,False
Q13590141,animateur ou animatrice,réformateur,n.a.-k.a.-f.o.-',0.37,True
Q102250838,monastique,relation publique,l.a.-b.a.-f.o.-',0.35,True
Q4504549,religieux,relation publique,l.a.-b.a.-f.o.-',0.24,True
Q69944008,religious personnel,relation publique,l.a.-b.a.-f.o.-',0.21,True
Q2252262,rappeur ou rappeuse,cartographe,l.a.-t.a.-f.o.-',0.16,True
Q674426,conservateur ou conservatrice de musée,consultant,f.a.-s.a.-f.o.-',0.36,True
Q184872,loisir,voisin,m.a.-k.a.-f.o.-',0.45,False
Q41583,entraîneur sportif,entrepreneur,l.a.-d.a.-f.o.-',0.4,False
Q25339110,professeur titulaire,investisseur,t.a.-d.a.-f.o.-',0.32,True
Q14212,Premier ou Première ministre,père,n.a.-m.a.-f.o.-',0.22,True
Q7358,clown,client,n.a.-d.a.-f.o.-',0.27,True
Q10774753,performeur,réformateur,n.a.-k.a.-f.o.-',0.37,True
Q17307272,artiste de cirque,archiviste,t.a.-l.a.-f.o.-',0.25,True
Q24060765,organe d'un animal,ancêtre,t.a.-m.a.-f.o.-',0.17,True
Q112826975,entité anatomique particulière,partenaire,m.a.-d.a.-f.o.-',0.29,True
Q3355930,organe sensoriel,ouvrier,m.a.-l.a.-f.o.-',0.11,True
Q12859263,orateur ou oratrice,médiateur,m.a.-s.a.-f.o.-',0.36,True
Q483501,artiste,archiviste,t.a.-l.a.-f.o.-',0.36,True
Q3149505,improvisateur ou improvisatrice,producteur,d.a.-b.a.-f.o.-',0.22,True
Q108290289,cadres supérieurs de l’administration publique,relation publique,l.a.-b.a.-f.o.-',0.71,False
Q895526,organe,acteurs sociaux,M:M:.a.-M:M:.a.-f.o.-',0.0,True
Q294414,fonction publique,relation publique,l.a.-b.a.-f.o.-',0.63,False
Q41553020,conception,relation publique,l.a.-b.a.-f.o.-',0.29,True
Q28640,profession,procureur,b.a.-n.a.-f.o.-',0.24,True
Q2383393,candidature,aidant,m.a.-f.a.-f.o.-',0.12,True
Q57315384,necked bowl lutes played with a bow,auteur,b.a.-b.a.-f.o.-',0.31,True
Q202648,arbitre sportif ou arbitre sportive,transporteur,b.a.-l.a.-f.o.-',0.35,True
Q60723829,chanteur de pop,inventeur,d.a.-d.a.-f.o.-',0.36,True
Q105652965,schlager musician,musicien,f.a.-b.a.-f.o.-',0.65,False
Q42603,prêtre,ancêtre,t.a.-m.a.-f.o.-',0.52,False
Q255274,col blanc,ancêtre,t.a.-m.a.-f.o.-',0.14,True
Q108305377,general office clerks,officier,l.a.-k.a.-f.o.-',0.6,False
Q97234227,animal vocalization,relation publique,l.a.-b.a.-f.o.-',0.34,True
Q2914170,artiste de rue,archiviste,t.a.-l.a.-f.o.-',0.29,True
Q1028181,peintre,ancêtre,t.a.-m.a.-f.o.-',0.27,True
Q627325,graphiste,cartographe,l.a.-t.a.-f.o.-',0.34,True
Q3391743,artiste visuel ou artiste visuelle,archiviste,t.a.-l.a.-f.o.-',0.36,True
Q81096,ingénieur ou ingénieure,inventeur,d.a.-d.a.-f.o.-',0.19,True
Q19841349,Saiō,acteurs sociaux,M:M:.a.-M:M:.a.-f.o.-',0.0,True
Q250867,prêtre catholique,relation publique,l.a.-b.a.-f.o.-',0.32,True
Q11997597,représentant,consultant,f.a.-s.a.-f.o.-',0.28,True
Q121998,ambassadeur ou ambassadrice,vendeur,k.a.-d.a.-f.o.-',0.24,True
Q132050,gouverneur,entrepreneur,l.a.-d.a.-f.o.-',0.31,True
Q7063944,cheminot,notaire,m.a.-t.a.-f.o.-',0.26,True
Q39631,médecin,médecin,n.a.-f.a.-f.o.-',1.0,False
Q79382845,médecin interne,médecin,n.a.-f.a.-f.o.-',0.96,False
Q1251441,responsable,comptable,b.a.-t.a.-f.o.-',0.4,False
Q978044,cadre dirigeant ou cadre dirigeante,enfant,d.a.-m.a.-f.o.-',0.13,True
Q1339677,observateur sportif,transporteur,b.a.-l.a.-f.o.-',0.41,False
Q16314501,encyclopédiste,activiste,b.a.-k.a.-f.o.-',0.35,True
Q82955,personnalité politique,politicien,s.a.-k.a.-f.o.-',0.51,False
Q15978655,consultant ou consultante,consultant,f.a.-s.a.-f.o.-',0.98,False
Q40348,avocat ou avocate,avocat,n.a.-t.a.-f.o.-',0.95,False
Q1426058,communication institutionnelle,relation publique,l.a.-b.a.-f.o.-',0.32,True
Q599151,haut fonctionnaire ou haute fonctionnaire,fonctionnaire,t.a.-k.a.-f.o.-',0.97,False
Q2611907,sergent d'arme,agent de,d.a.-l.a.-f.o.-',0.51,False
Q2061186,ordre religieux,relation publique,l.a.-b.a.-f.o.-',0.23,True
Q8242,littérature,politicien,s.a.-k.a.-f.o.-',0.14,True
Q181001,érotisme,investisseur,t.a.-d.a.-f.o.-',0.19,True
Q702269,professionnel ou professionnelle,procureur,b.a.-n.a.-f.o.-',0.22,True
Q4830453,firme,infirmier / soignant,b.a.-f.a.-f.o.-',0.27,True
Q29352392,maître spirituel,guide spirituel,n.a.-n.a.-f.o.-',0.77,False
Q113250479,Sufi Scholar,psychologue,s.a.-f.a.-f.o.-',0.32,True
Q6060450,parachutiste,activiste,b.a.-k.a.-f.o.-',0.29,True
Q47064,militaire,publicitaire,b.a.-d.a.-f.o.-',0.47,False
Q15958754,diffuseur,précurseur,s.a.-n.a.-f.o.-',0.32,True
Q104099828,vendeur,vendeur,k.a.-d.a.-f.o.-',1.0,False
Q108289648,shop salespersons,consultant,f.a.-s.a.-f.o.-',0.15,True
Q75617,petite bourgeoisie,voisin,m.a.-k.a.-f.o.-',0.34,True
Q13219447,journaliste sportif ou journaliste sportive,journaliste,n.a.-b.a.-f.o.-',0.89,False
Q29182,évêque,relation publique,l.a.-b.a.-f.o.-',0.27,True
Q611644,évêque catholique,relation publique,l.a.-b.a.-f.o.-',0.4,False
Q1044528,vicaire général,notaire,m.a.-t.a.-f.o.-',0.38,True
Q948657,évêque titulaire,notaire,m.a.-t.a.-f.o.-',0.33,True
Q189819,rituel,guide spirituel,n.a.-n.a.-f.o.-',0.58,False
Q2627975,cérémonie,témoin,d.a.-n.a.-f.o.-',0.26,True
Q628455,rite,éditeur,t.a.-b.a.-f.o.-',0.17,True
Q11063,astronome,assureur,f.a.-t.a.-f.o.-',0.24,True
Q169470,physicien ou physicienne,musicien,f.a.-b.a.-f.o.-',0.62,False
Q849697,doctorat,mentor,s.a.-d.a.-f.o.-',0.19,True
Q482980,auteur ou autrice,auteur,b.a.-b.a.-f.o.-',0.92,False
Q36834,compositeur ou compositrice,comptable,b.a.-t.a.-f.o.-',0.45,False
Q483501,artiste,archiviste,t.a.-l.a.-f.o.-',0.36,True
Q10477002,reine mère,père,n.a.-m.a.-f.o.-',0.44,False
Q1294787,artisan,archiviste,t.a.-l.a.-f.o.-',0.12,True
Q3391743,artiste visuel ou artiste visuelle,archiviste,t.a.-l.a.-f.o.-',0.36,True
Q2419397,thérapeute,auteur,b.a.-b.a.-f.o.-',0.2,True
Q483501,artiste,archiviste,t.a.-l.a.-f.o.-',0.36,True
Q1875737,communication verbale,relation publique,l.a.-b.a.-f.o.-',0.34,True
Q11398090,création,relation publique,l.a.-b.a.-f.o.-',0.43,False
Q119822304,human communication,relation publique,l.a.-b.a.-f.o.-',0.36,True
Q65757353,transformation,informaticien,s.a.-t.a.-f.o.-',0.37,True
Q185351,juriste,secouriste,f.a.-l.a.-f.o.-',0.55,False
Q14284,solliciteur,éditeur,t.a.-b.a.-f.o.-',0.37,True
Q13002315,personnage légendaire,fonctionnaire,t.a.-k.a.-f.o.-',0.29,True
Q2624172,sage,agent de,d.a.-l.a.-f.o.-',0.25,True
Q49757,poète ou poétesse,policier,n.a.-l.a.-f.o.-',0.16,True
Q84048852,être humain féminin,ancêtre,t.a.-m.a.-f.o.-',0.44,False
Q7566,parent,partenaire,m.a.-d.a.-f.o.-',0.25,True
Q1104153,chanoine,témoin,d.a.-n.a.-f.o.-',0.26,True
Q7566,parent,partenaire,m.a.-d.a.-f.o.-',0.25,True
Q84048850,humain masculin,voisin,m.a.-k.a.-f.o.-',0.17,True
Q5,être humain,ancêtre,t.a.-m.a.-f.o.-',0.52,False
Q1516282,juvénile,juré,k.a.-n.a.-f.o.-',0.25,True
Q27277581,pseudo-loi,psychologue,s.a.-f.a.-f.o.-',0.14,True
Q384593,policier ou policière,policier,n.a.-l.a.-f.o.-',0.93,False
Q24716636,bénévole,bénévole,m.a.-n.a.-f.o.-',1.0,False
Q107526461,associate editor,acteurs sociaux,M:M:.a.-M:M:.a.-f.o.-',0.22,True
Q2986228,commentateur sportif,spectateur,k.a.-b.a.-f.o.-',0.36,True
Q50995749,personnalité liée au sport,transporteur,b.a.-l.a.-f.o.-',0.29,True
Q2059704,réalisateur ou réalisatrice de télévision,journaliste,n.a.-b.a.-f.o.-',0.22,True
Q9352089,espion ou espionne,fonctionnaire,t.a.-k.a.-f.o.-',0.19,True
Q185351,juriste,secouriste,f.a.-l.a.-f.o.-',0.55,False
Q108290759,garden and horticultural labourers,cultivateur / éleveur,f.a.-f.a.-f.o.-',0.14,True
Q451967,action humaine,activiste,b.a.-k.a.-f.o.-',0.32,True
Q4284762,flux de matériaux,acteurs sociaux,M:M:.a.-M:M:.a.-f.o.-',0.34,True
Q8187769,activité économique,activiste,b.a.-k.a.-f.o.-',0.54,False
Q1930187,journaliste,journaliste,n.a.-b.a.-f.o.-',1.0,False
Q15686806,sénateur ou sénatrice,médiateur,m.a.-s.a.-f.o.-',0.36,True
Q17279032,charge élective,lecteur,b.a.-s.a.-f.o.-',0.26,True
Q106088317,state legislator of the United States,législateur,t.a.-n.a.-f.o.-',0.38,True
Q28819924,position politique,politicien,s.a.-k.a.-f.o.-',0.52,False
Q83307,ministre,ancêtre,t.a.-m.a.-f.o.-',0.33,True
Q685433,vendeur ou vendeuse,vendeur,k.a.-d.a.-f.o.-',0.96,False
Q24229398,agent,agent de,d.a.-l.a.-f.o.-',0.89,False
Q28389,scénariste,secouriste,f.a.-l.a.-f.o.-',0.52,False
Q41583,entraîneur sportif,entrepreneur,l.a.-d.a.-f.o.-',0.4,False
Q8563456,entraîneur physique,entrepreneur,l.a.-d.a.-f.o.-',0.41,False
Q15978655,consultant ou consultante,consultant,f.a.-s.a.-f.o.-',0.98,False
Q1270844,papal gentleman,agent de,d.a.-l.a.-f.o.-',0.3,True
Q11499147,militant ou militante politique,politicien,s.a.-k.a.-f.o.-',0.38,True
Q762121,entraîneur personnel,entrepreneur,l.a.-d.a.-f.o.-',0.48,False
Q41583,entraîneur sportif,entrepreneur,l.a.-d.a.-f.o.-',0.4,False
Q2066131,athlète,hôte,f.a.-k.a.-f.o.-',0.23,True
Q1955150,fabricant d'instruments de musique,musicien,f.a.-b.a.-f.o.-',0.32,True
Q704948,doublure corps,publicitaire,b.a.-d.a.-f.o.-',0.14,True
Q16611574,réformateur social,réformateur,n.a.-k.a.-f.o.-',0.79,False
Q15995642,chef religieux,relation publique,l.a.-b.a.-f.o.-',0.24,True
Q11499147,militant ou militante politique,politicien,s.a.-k.a.-f.o.-',0.38,True
Q8191099,affiliate,médiateur,m.a.-s.a.-f.o.-',0.24,True
Q16678266,supporter,transporteur,b.a.-l.a.-f.o.-',0.44,False
Q118288910,national syndicalist,syndiqué,k.a.-l.a.-f.o.-',0.42,False
Q120115224,anti-communiste,activiste,b.a.-k.a.-f.o.-',0.32,True
Q106399618,nationaliste,journaliste,n.a.-b.a.-f.o.-',0.57,False
Q11388835,membre de parti politique,politicien,s.a.-k.a.-f.o.-',0.46,False
Q66889825,surintendant,aidant,m.a.-f.a.-f.o.-',0.38,True
Q978044,cadre dirigeant ou cadre dirigeante,enfant,d.a.-m.a.-f.o.-',0.13,True
Q48352,chef d'État,avocat,n.a.-t.a.-f.o.-',0.15,True
Q52769526,curé,juré,k.a.-n.a.-f.o.-',0.46,False
Q1075651,claviériste,secouriste,f.a.-l.a.-f.o.-',0.48,False
Q639669,musicien ou musicienne,musicien,f.a.-b.a.-f.o.-',0.98,False
Q66060370,tax officer,officier,l.a.-k.a.-f.o.-',0.74,False
Q1930187,journaliste,journaliste,n.a.-b.a.-f.o.-',1.0,False
Q5157565,professionnel de l'informatique,informaticien,s.a.-t.a.-f.o.-',0.54,False
Q599151,haut fonctionnaire ou haute fonctionnaire,fonctionnaire,t.a.-k.a.-f.o.-',0.97,False
Q2101540,political appointee,politicien,s.a.-k.a.-f.o.-',0.73,False
Q4164871,fonction,fonctionnaire,t.a.-k.a.-f.o.-',0.67,False
Q15978655,consultant ou consultante,consultant,f.a.-s.a.-f.o.-',0.98,False
Q215793,maître de chapelle,agent de,d.a.-l.a.-f.o.-',0.27,True
Q153936,milice,familier,m.a.-m.a.-f.o.-',0.35,True
Q5716684,danseur ou danseuse,précurseur,s.a.-n.a.-f.o.-',0.19,True
Q2066131,athlète,hôte,f.a.-k.a.-f.o.-',0.23,True
Q416718,vagabond,fondateur,t.a.-t.a.-f.o.-',0.24,True
Q49757,poète ou poétesse,policier,n.a.-l.a.-f.o.-',0.16,True
Q16335296,profession historique,relation publique,l.a.-b.a.-f.o.-',0.38,True
Q43845,personnalité du monde des affaires,fonctionnaire,t.a.-k.a.-f.o.-',0.24,True
Q182436,bibliothécaire,notaire,m.a.-t.a.-f.o.-',0.43,False
Q37226,enseignant ou enseignante,enseignant,d.a.-f.a.-f.o.-',0.98,False
Q54912758,processus de groupe,procureur,b.a.-n.a.-f.o.-',0.4,False
Q2994387,conseiller ou conseillère,consultant,f.a.-s.a.-f.o.-',0.35,True
Q864503,biologiste,écologiste,l.a.-f.a.-f.o.-',0.79,False
Q16060693,conservationniste,consultant,f.a.-s.a.-f.o.-',0.26,True
Q593644,chimiste,archiviste,t.a.-l.a.-f.o.-',0.43,False
Q21329070,scientifique des matériaux,acteurs sociaux,M:M:.a.-M:M:.a.-f.o.-',0.26,True
Q5070767,chancelier,familier,m.a.-m.a.-f.o.-',0.43,False
Q16138124,后妃,acteurs sociaux,M:M:.a.-M:M:.a.-f.o.-',0.0,True
Q100387742,impératrice,acteurs sociaux,M:M:.a.-M:M:.a.-f.o.-',0.0,True
Q17149090,organisation armée,relation publique,l.a.-b.a.-f.o.-',0.41,False
Q8473,armée,archiviste,t.a.-l.a.-f.o.-',0.15,True
Q2659904,organisation gouvernementale,relation publique,l.a.-b.a.-f.o.-',0.37,True
Q15253558,militant ou militante,consultant,f.a.-s.a.-f.o.-',0.24,True
Q485178,analyste,journaliste,n.a.-b.a.-f.o.-',0.24,True
Q112598603,data professional,procureur,b.a.-n.a.-f.o.-',0.22,True
Q942569,analyste,journaliste,n.a.-b.a.-f.o.-',0.24,True
Q3332438,médecin spécialiste,médecin,n.a.-f.a.-f.o.-',0.75,False
Q81096,ingénieur ou ingénieure,inventeur,d.a.-d.a.-f.o.-',0.19,True
Q758780,jardinier,ouvrier,m.a.-l.a.-f.o.-',0.3,True
Q117422360,drama genre,agent de,d.a.-l.a.-f.o.-',0.17,True
Q45971958,genre des arts de la scène,agent de,d.a.-l.a.-f.o.-',0.43,False
Q974144,éducateur ou éducatrice,éditeur,t.a.-b.a.-f.o.-',0.24,True
Q557880,investisseur,investisseur,t.a.-d.a.-f.o.-',1.0,False
Q169470,physicien ou physicienne,musicien,f.a.-b.a.-f.o.-',0.62,False
Q4750824,anagārika,manager,l.a.-s.a.-f.o.-',0.36,True
Q185351,juriste,secouriste,f.a.-l.a.-f.o.-',0.55,False
Q17573152,croyant ou croyante,enfant,d.a.-m.a.-f.o.-',0.24,True
Q381160,expert,acteurs sociaux,M:M:.a.-M:M:.a.-f.o.-',0.0,True
Q12737077,activité,activiste,b.a.-k.a.-f.o.-',0.74,False
Q192581,travail,travailleur social,f.a.-n.a.-f.o.-',0.59,False
Q3455803,réalisateur ou réalisatrice,journaliste,n.a.-b.a.-f.o.-',0.26,True
Q17291399,membre d'équipe de cinéma,agent de,d.a.-l.a.-f.o.-',0.29,True
Q4531850,endocrinologue,psychologue,s.a.-f.a.-f.o.-',0.58,False
Q2079079,médecin nucléaire,médecin,n.a.-f.a.-f.o.-',0.91,False
Q381160,expert,acteurs sociaux,M:M:.a.-M:M:.a.-f.o.-',0.0,True
Q483501,artiste,archiviste,t.a.-l.a.-f.o.-',0.36,True
Q674426,conservateur ou conservatrice de musée,consultant,f.a.-s.a.-f.o.-',0.36,True
Q2066131,athlète,hôte,f.a.-k.a.-f.o.-',0.23,True
Q18536342,joueur professionnel ou joueuse professionnelle,joueur,m.a.-b.a.-f.o.-',0.75,False
Q3630257,géologie dynamique,écologiste,l.a.-f.a.-f.o.-',0.32,True
Q177220,chanteur ou chanteuse,inventeur,d.a.-d.a.-f.o.-',0.43,False
Q39631,médecin,médecin,n.a.-f.a.-f.o.-',1.0,False
Q7821620,maréchal de camp,agent de,d.a.-l.a.-f.o.-',0.29,True
Q202648,arbitre sportif ou arbitre sportive,transporteur,b.a.-l.a.-f.o.-',0.35,True
Q108290289,cadres supérieurs de l’administration publique,relation publique,l.a.-b.a.-f.o.-',0.71,False
Q4164871,fonction,fonctionnaire,t.a.-k.a.-f.o.-',0.67,False
Q185196,sage-femme,agent de,d.a.-l.a.-f.o.-',0.25,True
Q177220,chanteur ou chanteuse,inventeur,d.a.-d.a.-f.o.-',0.43,False
Q25393460,diacre catholique,relation publique,l.a.-b.a.-f.o.-',0.36,True
Q774306,chirurgien ou chirurgienne,musicien,f.a.-b.a.-f.o.-',0.19,True
Q43229,organisation,relation publique,l.a.-b.a.-f.o.-',0.46,False
Q3778211,personnalité juridique,juré,k.a.-n.a.-f.o.-',0.23,True
Q3332438,médecin spécialiste,médecin,n.a.-f.a.-f.o.-',0.75,False
Q6337803,neurobiologiste,écologiste,l.a.-f.a.-f.o.-',0.74,False
Q1162163,directeur ou directrice,lecteur,b.a.-s.a.-f.o.-',0.47,False
Q64827934,triumvir,traducteur,t.a.-s.a.-f.o.-',0.2,True
Q1861571,magistrat monétaire,secrétaire,k.a.-t.a.-f.o.-',0.48,False
Q83307,ministre,ancêtre,t.a.-m.a.-f.o.-',0.33,True
Q629944,arbitrageur,traducteur,t.a.-s.a.-f.o.-',0.17,True
Q11190,médecine,médecin,n.a.-f.a.-f.o.-',0.92,False
Q113129019,sciences cliniques,client,n.a.-d.a.-f.o.-',0.36,True
Q6881511,entreprise,entrepreneur,l.a.-d.a.-f.o.-',0.67,False
Q13235160,producteur,producteur,d.a.-b.a.-f.o.-',1.0,False
Q178598,libertarianisme,étudiant,d.a.-s.a.-f.o.-',0.23,True
Q685433,vendeur ou vendeuse,vendeur,k.a.-d.a.-f.o.-',0.96,False
Q37226,enseignant ou enseignante,enseignant,d.a.-f.a.-f.o.-',0.98,False
Q202648,arbitre sportif ou arbitre sportive,transporteur,b.a.-l.a.-f.o.-',0.35,True
Q1251441,responsable,comptable,b.a.-t.a.-f.o.-',0.4,False
Q1713,citation,relation publique,l.a.-b.a.-f.o.-',0.35,True
Q199657,lecture,lecteur,b.a.-s.a.-f.o.-',0.64,False
Q15627169,syndicaliste,syndiqué,k.a.-l.a.-f.o.-',0.46,False
Q19356884,représentant permanent,consultant,f.a.-s.a.-f.o.-',0.25,True
Q121998,ambassadeur ou ambassadrice,vendeur,k.a.-d.a.-f.o.-',0.24,True
Q81096,ingénieur ou ingénieure,inventeur,d.a.-d.a.-f.o.-',0.19,True
Q593644,chimiste,archiviste,t.a.-l.a.-f.o.-',0.43,False
Q108289381,engineering professionals (excluding electrotechnology),technicien,f.a.-d.a.-f.o.-',0.3,True
Q95074,personnage de fiction,fonctionnaire,t.a.-k.a.-f.o.-',0.35,True
Q10669499,officier de marine,officier,l.a.-k.a.-f.o.-',0.91,False
Q108114975,aviateur de la marine,médiateur,m.a.-s.a.-f.o.-',0.44,False
Q1028181,peintre,ancêtre,t.a.-m.a.-f.o.-',0.27,True
Q1281618,sculpteur ou sculptrice,cultivateur / éleveur,f.a.-f.a.-f.o.-',0.25,True
Q160402,perception,relation publique,l.a.-b.a.-f.o.-',0.37,True
Q29604895,qualité de superhumain,agent de,d.a.-l.a.-f.o.-',0.33,True
Q106249934,psychic ability,psychologue,s.a.-f.a.-f.o.-',0.48,False
Q483501,artiste,archiviste,t.a.-l.a.-f.o.-',0.36,True
Q94297215,percussion instrument maker,mentor,s.a.-d.a.-f.o.-',0.21,True
Q380075,défenseur,défendeur,l.a.-n.a.-f.o.-',0.55,False
Q185351,juriste,secouriste,f.a.-l.a.-f.o.-',0.55,False
Q4504549,religieux,relation publique,l.a.-b.a.-f.o.-',0.24,True
Q1365552,sacristain,secouriste,f.a.-l.a.-f.o.-',0.26,True
Q944537,sciences de l'esprit,agent de,d.a.-l.a.-f.o.-',0.33,True
Q8434,éducation,relation publique,l.a.-b.a.-f.o.-',0.4,False
Q706364,directeur ou directrice artistique,lecteur,b.a.-s.a.-f.o.-',0.37,True
Q21560152,responsable d'effets spéciaux,acteurs sociaux,M:M:.a.-M:M:.a.-f.o.-',0.38,True
Q2675537,professeur ou professeure de musique,investisseur,t.a.-d.a.-f.o.-',0.3,True
Q177220,chanteur ou chanteuse,inventeur,d.a.-d.a.-f.o.-',0.43,False
Q520549,géologue,psychologue,s.a.-f.a.-f.o.-',0.62,False
Q733786,moine ou moniale,témoin,d.a.-n.a.-f.o.-',0.32,True
Q1250916,guerrier,guerrier,l.a.-l.a.-f.o.-',1.0,False
Q61790670,italianiste,journaliste,n.a.-b.a.-f.o.-',0.34,True
Q36180,écrivain ou écrivaine,écologiste,l.a.-f.a.-f.o.-',0.11,True
Q1607826,éditeur ou éditrice,éditeur,t.a.-b.a.-f.o.-',0.93,False
Q2500638,créateur ou créatrice,médiateur,m.a.-s.a.-f.o.-',0.25,True
Q11499147,militant ou militante politique,politicien,s.a.-k.a.-f.o.-',0.38,True
Q8359428,militant social,travailleur social,f.a.-n.a.-f.o.-',0.44,False
Q2643890,vocaliste,journaliste,n.a.-b.a.-f.o.-',0.5,False
Q163740,organisation à but non lucratif,relation publique,l.a.-b.a.-f.o.-',0.42,False
Q864503,biologiste,écologiste,l.a.-f.a.-f.o.-',0.79,False
Q37226,enseignant ou enseignante,enseignant,d.a.-f.a.-f.o.-',0.98,False
Q36180,écrivain ou écrivaine,écologiste,l.a.-f.a.-f.o.-',0.11,True
Q93937321,animal attendant,aidant,m.a.-f.a.-f.o.-',0.4,False
Q17573152,croyant ou croyante,enfant,d.a.-m.a.-f.o.-',0.24,True
Q12328016,mystique,relation publique,l.a.-b.a.-f.o.-',0.35,True
Q483501,artiste,archiviste,t.a.-l.a.-f.o.-',0.36,True
Q329439,graveur ou graveuse sur métal,cultivateur / éleveur,f.a.-f.a.-f.o.-',0.2,True
Q7063944,cheminot,notaire,m.a.-t.a.-f.o.-',0.26,True
Q930402,witch doctor,mentor,s.a.-d.a.-f.o.-',0.46,False
Q4990963,discipline de cirque,agent de,d.a.-l.a.-f.o.-',0.26,True
Q182436,bibliothécaire,notaire,m.a.-t.a.-f.o.-',0.43,False
Q5716684,danseur ou danseuse,précurseur,s.a.-n.a.-f.o.-',0.19,True
Q974144,éducateur ou éducatrice,éditeur,t.a.-b.a.-f.o.-',0.24,True
Q2490358,chorégraphe,cartographe,l.a.-t.a.-f.o.-',0.6,False
Q1162163,directeur ou directrice,lecteur,b.a.-s.a.-f.o.-',0.47,False
Q10370560,sertanista,secouriste,f.a.-l.a.-f.o.-',0.19,True
Q17769800,marchand d'esclave,archiviste,t.a.-l.a.-f.o.-',0.31,True
Q639669,musicien ou musicienne,musicien,f.a.-b.a.-f.o.-',0.98,False
Q158852,chef ou cheffe d'orchestre,ancêtre,t.a.-m.a.-f.o.-',0.24,True
Q1198887,directeur musical ou directrice musicale,musicien,f.a.-b.a.-f.o.-',0.6,False
Q255274,col blanc,ancêtre,t.a.-m.a.-f.o.-',0.14,True
Q31179608,employé de bureau,agent de,d.a.-l.a.-f.o.-',0.36,True
Q2043282,gestion d'entreprise,entrepreneur,l.a.-d.a.-f.o.-',0.46,False
Q43845,personnalité du monde des affaires,fonctionnaire,t.a.-k.a.-f.o.-',0.24,True
Q215536,commerçant,comptable,b.a.-t.a.-f.o.-',0.25,True
Q806717,employé de banque,banquier,d.a.-t.a.-f.o.-',0.52,False
Q108289637,"tellers, money collectors and related clerks",relation publique,l.a.-b.a.-f.o.-',0.29,True
Q255274,col blanc,ancêtre,t.a.-m.a.-f.o.-',0.14,True
Q70901436,clergé bouddhiste,activiste,b.a.-k.a.-f.o.-',0.37,True
Q97352502,nígū,acteurs sociaux,M:M:.a.-M:M:.a.-f.o.-',0.0,True
Q157195,serveur,cultivateur / éleveur,f.a.-f.a.-f.o.-',0.31,True
Q108289643,waiters and bartenders,partenaire,m.a.-d.a.-f.o.-',0.3,True
Q4964182,philosophe,philosophe,s.a.-s.a.-f.o.-',1.0,False
Q5,être humain,ancêtre,t.a.-m.a.-f.o.-',0.52,False
Q7160407,Pair,partenaire,m.a.-d.a.-f.o.-',0.26,True
Q83230308,hereditary office,officier,l.a.-k.a.-f.o.-',0.62,False
Q40348,avocat ou avocate,avocat,n.a.-t.a.-f.o.-',0.95,False
Q367293,convention,inventeur,d.a.-d.a.-f.o.-',0.34,True
Q8162,linguistique,relation publique,l.a.-b.a.-f.o.-',0.31,True
Q53178539,travail en atelier,travailleur social,f.a.-n.a.-f.o.-',0.5,False
Q2376292,specialist degree,spectateur,k.a.-b.a.-f.o.-',0.3,True
Q327333,agence publique,relation publique,l.a.-b.a.-f.o.-',0.61,False
Q212238,fonctionnaire,fonctionnaire,t.a.-k.a.-f.o.-',1.0,False
Q1191714,col bleu,comptable,b.a.-t.a.-f.o.-',0.19,True
Q108290768,building construction labourers,consultant,f.a.-s.a.-f.o.-',0.28,True
Q1294787,artisan,archiviste,t.a.-l.a.-f.o.-',0.12,True
Q811122,travailleur de la construction,travailleur social,f.a.-n.a.-f.o.-',0.63,False
Q811122,travailleur de la construction,travailleur social,f.a.-n.a.-f.o.-',0.63,False
Q2462658,manager,manager,l.a.-s.a.-f.o.-',1.0,False
Q758780,jardinier,ouvrier,m.a.-l.a.-f.o.-',0.3,True
Q3140857,horticulteur,cultivateur / éleveur,f.a.-f.a.-f.o.-',0.26,True
Q169336,mélange,médiateur,m.a.-s.a.-f.o.-',0.22,True
Q214609,matériau,manager,l.a.-s.a.-f.o.-',0.15,True
Q4991371,soldat,avocat,n.a.-t.a.-f.o.-',0.16,True
Q4830453,firme,infirmier / soignant,b.a.-f.a.-f.o.-',0.27,True
Q82955,personnalité politique,politicien,s.a.-k.a.-f.o.-',0.51,False
Q2994387,conseiller ou conseillère,consultant,f.a.-s.a.-f.o.-',0.35,True
Q15978655,consultant ou consultante,consultant,f.a.-s.a.-f.o.-',0.98,False
Q838566,forgeron ou forgeronne,manager,l.a.-s.a.-f.o.-',0.13,True
Q2306091,sociologue,psychologue,s.a.-f.a.-f.o.-',0.52,False
Q14915751,prostitué ou prostituée,procureur,b.a.-n.a.-f.o.-',0.25,True
Q467,femme,acteurs sociaux,M:M:.a.-M:M:.a.-f.o.-',0.0,True
Q1914636,activité,activiste,b.a.-k.a.-f.o.-',0.74,False
Q212238,fonctionnaire,fonctionnaire,t.a.-k.a.-f.o.-',1.0,False
Q639669,musicien ou musicienne,musicien,f.a.-b.a.-f.o.-',0.98,False
Q80083,lettres,lecteur,b.a.-s.a.-f.o.-',0.22,True
Q34749,sciences sociales,travailleur social,f.a.-n.a.-f.o.-',0.47,False
Q901402,géographe,cartographe,l.a.-t.a.-f.o.-',0.7,False
Q4359236,cadre d'entreprise,entrepreneur,l.a.-d.a.-f.o.-',0.56,False
Q37226,enseignant ou enseignante,enseignant,d.a.-f.a.-f.o.-',0.98,False
Q12059906,gardien de troupeau,agent de,d.a.-l.a.-f.o.-',0.34,True
Q1259917,violoniste,écologiste,l.a.-f.a.-f.o.-',0.42,False
Q81729632,musicien ou musicienne de musique classique,musicien,f.a.-b.a.-f.o.-',0.84,False
Q639669,musicien ou musicienne,musicien,f.a.-b.a.-f.o.-',0.98,False
Q544972,tromboniste,activiste,b.a.-k.a.-f.o.-',0.38,True
Q81729632,musicien ou musicienne de musique classique,musicien,f.a.-b.a.-f.o.-',0.84,False
Q2072081,personne de couleur,agent de,d.a.-l.a.-f.o.-',0.25,True
Q1622272,professeur ou professeure d'université,investisseur,t.a.-d.a.-f.o.-',0.36,True
Q2675537,professeur ou professeure de musique,investisseur,t.a.-d.a.-f.o.-',0.3,True
Q16145150,professeur ou professeure de musique,investisseur,t.a.-d.a.-f.o.-',0.3,True
Q201788,historien ou historienne,ouvrier,m.a.-l.a.-f.o.-',0.18,True
Q6386271,expert médiatique,médiateur,m.a.-s.a.-f.o.-',0.64,False
Q214917,dramaturge,amant/e,b.a.-m.a.-f.o.-',0.18,True
Q451967,action humaine,activiste,b.a.-k.a.-f.o.-',0.32,True
Q3286043,mannequin de charme,agent de,d.a.-l.a.-f.o.-',0.24,True
Q131512,agriculteur ou agricultrice,cultivateur / éleveur,f.a.-f.a.-f.o.-',0.27,True
Q9149093,alpiniste,activiste,b.a.-k.a.-f.o.-',0.37,True
Q14290559,guide,guide spirituel,n.a.-n.a.-f.o.-',0.57,False
Q33394058,travailleur manuel,travailleur social,f.a.-n.a.-f.o.-',0.74,False
Q131524,entrepreneur ou entrepreneuse,entrepreneur,l.a.-d.a.-f.o.-',0.98,False
Q5422651,professionnel de la vue,agent de,d.a.-l.a.-f.o.-',0.24,True
Q2031939,orthoprothésiste,activiste,b.a.-k.a.-f.o.-',0.34,True
Q36180,écrivain ou écrivaine,écologiste,l.a.-f.a.-f.o.-',0.11,True
Q16889133,classe,client,n.a.-d.a.-f.o.-',0.16,True
Q735,art,archiviste,t.a.-l.a.-f.o.-',0.15,True
Q482980,auteur ou autrice,auteur,b.a.-b.a.-f.o.-',0.92,False
Q36180,écrivain ou écrivaine,écologiste,l.a.-f.a.-f.o.-',0.11,True
Q111263847,créateur ou créatrice numérique,relation publique,l.a.-b.a.-f.o.-',0.25,True
Q111651501,posteur ou posteuse,acteur,s.a.-b.a.-f.o.-',0.21,True
Q838948,œuvre d’art,partenaire,m.a.-d.a.-f.o.-',0.18,True
Q1318295,récit,réformateur,n.a.-k.a.-f.o.-',0.13,True
Q8242,littérature,politicien,s.a.-k.a.-f.o.-',0.14,True
Q5157565,professionnel de l'informatique,informaticien,s.a.-t.a.-f.o.-',0.54,False
Q942569,analyste,journaliste,n.a.-b.a.-f.o.-',0.24,True
Q7725634,œuvre littéraire,notaire,m.a.-t.a.-f.o.-',0.39,True
Q3328821,récit,réformateur,n.a.-k.a.-f.o.-',0.13,True
Q580939,véhicule utilitaire,publicitaire,b.a.-d.a.-f.o.-',0.47,False
Q42889,véhicule,bénévole,m.a.-n.a.-f.o.-',0.14,True
Q107280686,humanitarian activity,activiste,b.a.-k.a.-f.o.-',0.66,False
Q110516696,member of the parliament of Sweden,mentor,s.a.-d.a.-f.o.-',0.24,True
Q138858,personne du monde du divertissement,investisseur,t.a.-d.a.-f.o.-',0.29,True
Q3578589,écologiste,écologiste,l.a.-f.a.-f.o.-',1.0,False
Q15253558,militant ou militante,consultant,f.a.-s.a.-f.o.-',0.24,True
Q101067779,environmental defender,défendeur,l.a.-n.a.-f.o.-',0.37,True
Q19398863,vocational driver,avocat,n.a.-t.a.-f.o.-',0.4,False
Q37226,enseignant ou enseignante,enseignant,d.a.-f.a.-f.o.-',0.98,False
Q974144,éducateur ou éducatrice,éditeur,t.a.-b.a.-f.o.-',0.24,True
Q108284914,teaching professionals,procureur,b.a.-n.a.-f.o.-',0.22,True
Q4991371,soldat,avocat,n.a.-t.a.-f.o.-',0.16,True
Q47064,militaire,publicitaire,b.a.-d.a.-f.o.-',0.47,False
Q83460,général,bénévole,m.a.-n.a.-f.o.-',0.15,True
Q67528681,soldat romain,avocat,n.a.-t.a.-f.o.-',0.12,True
Q702269,professionnel ou professionnelle,procureur,b.a.-n.a.-f.o.-',0.22,True
Q4504549,religieux,relation publique,l.a.-b.a.-f.o.-',0.24,True
Q733786,moine ou moniale,témoin,d.a.-n.a.-f.o.-',0.32,True
Q1776501,supérieur,acteur,s.a.-b.a.-f.o.-',0.18,True
Q1638918,ordinaire,partenaire,m.a.-d.a.-f.o.-',0.5,False
Q191808,religieuse,relation publique,l.a.-b.a.-f.o.-',0.28,True
Q15980804,professionnel des médias,médiateur,m.a.-s.a.-f.o.-',0.5,False
Q1240788,patron,partenaire,m.a.-d.a.-f.o.-',0.15,True
Q15980804,professionnel des médias,médiateur,m.a.-s.a.-f.o.-',0.5,False
Q42603,prêtre,ancêtre,t.a.-m.a.-f.o.-',0.52,False
Q1423891,ministre du culte,adulte,n.a.-s.a.-f.o.-',0.38,True
Q3332438,médecin spécialiste,médecin,n.a.-f.a.-f.o.-',0.75,False
Q2462658,manager,manager,l.a.-s.a.-f.o.-',1.0,False
Q2251595,protection,fonctionnaire,t.a.-k.a.-f.o.-',0.27,True
Q381243,effets spéciaux,acteurs sociaux,M:M:.a.-M:M:.a.-f.o.-',0.52,False
Q627436,domaine d'activité,activiste,b.a.-k.a.-f.o.-',0.62,False
Q11397,mécanique classique,relation publique,l.a.-b.a.-f.o.-',0.36,True
Q108290289,cadres supérieurs de l’administration publique,relation publique,l.a.-b.a.-f.o.-',0.71,False
Q4164871,fonction,fonctionnaire,t.a.-k.a.-f.o.-',0.67,False
Q1294787,artisan,archiviste,t.a.-l.a.-f.o.-',0.12,True
Q1734300,carrossier,cartographe,l.a.-t.a.-f.o.-',0.26,True
Q15319501,chercheur ou chercheuse en sciences sociales,travailleur social,f.a.-n.a.-f.o.-',0.4,False
Q1231865,pédagogue,psychologue,s.a.-f.a.-f.o.-',0.44,False
Q54128,domestique,relation publique,l.a.-b.a.-f.o.-',0.31,True
Q54128,domestique,relation publique,l.a.-b.a.-f.o.-',0.31,True
Q3621491,archéologue,psychologue,s.a.-f.a.-f.o.-',0.5,False
Q864503,biologiste,écologiste,l.a.-f.a.-f.o.-',0.79,False
Q5352191,technicien ou technicienne,technicien,f.a.-d.a.-f.o.-',0.99,False
Q1162163,directeur ou directrice,lecteur,b.a.-s.a.-f.o.-',0.47,False
Q337979,sport de puissance,transporteur,b.a.-l.a.-f.o.-',0.32,True
Q2755547,sport individuel,transporteur,b.a.-l.a.-f.o.-',0.33,True
Q55738923,trompette à coulisse,investisseur,t.a.-d.a.-f.o.-',0.2,True
Q7748,droit,acteurs sociaux,M:M:.a.-M:M:.a.-f.o.-',0.0,True
Q17628570,representación,entrepreneur,l.a.-d.a.-f.o.-',0.41,False
Q1517802,substitut,investisseur,t.a.-d.a.-f.o.-',0.13,True
Q8458,droits de l'homme,agent de,d.a.-l.a.-f.o.-',0.46,False
Q15253558,militant ou militante,consultant,f.a.-s.a.-f.o.-',0.24,True
Q13590141,animateur ou animatrice,réformateur,n.a.-k.a.-f.o.-',0.37,True
Q23835475,assistant,consultant,f.a.-s.a.-f.o.-',0.32,True
Q361593,fonctionnaire de police,fonctionnaire,t.a.-k.a.-f.o.-',0.87,False
Q5352191,technicien ou technicienne,technicien,f.a.-d.a.-f.o.-',0.99,False
Q1294787,artisan,archiviste,t.a.-l.a.-f.o.-',0.12,True
Q122657929,radio writer,éditeur,t.a.-b.a.-f.o.-',0.15,True
Q214917,dramaturge,amant/e,b.a.-m.a.-f.o.-',0.18,True
Q1278335,instrumentiste,activiste,b.a.-k.a.-f.o.-',0.25,True
Q20850090,harmoniciste,activiste,b.a.-k.a.-f.o.-',0.26,True
Q1294787,artisan,archiviste,t.a.-l.a.-f.o.-',0.12,True
Q82955,personnalité politique,politicien,s.a.-k.a.-f.o.-',0.51,False
Q88190406,party official,officier,l.a.-k.a.-f.o.-',0.57,False
Q4164871,fonction,fonctionnaire,t.a.-k.a.-f.o.-',0.67,False
Q30903,soprano,philosophe,s.a.-s.a.-f.o.-',0.12,True
Q7406919,service,secrétaire,k.a.-t.a.-f.o.-',0.19,True
Q25351891,business service,voisin,m.a.-k.a.-f.o.-',0.15,True
Q2424752,produit,producteur,d.a.-b.a.-f.o.-',0.66,False
Q815823,modèle d'entreprise,entrepreneur,l.a.-d.a.-f.o.-',0.58,False
Q849424,capitaine de navire,publicitaire,b.a.-d.a.-f.o.-',0.29,True
Q1162163,directeur ou directrice,lecteur,b.a.-s.a.-f.o.-',0.47,False
Q2824523,administrateur ou administratrice de société,travailleur social,f.a.-n.a.-f.o.-',0.24,True
Q1719325,prisoner of a Nazi concentration camp,relation publique,l.a.-b.a.-f.o.-',0.3,True
Q81096,ingénieur ou ingénieure,inventeur,d.a.-d.a.-f.o.-',0.19,True
Q5322166,designer,agent de,d.a.-l.a.-f.o.-',0.18,True
Q327321,maçon,manager,l.a.-s.a.-f.o.-',0.17,True
Q488111,acteur ou actrice pornographique,acteur,s.a.-b.a.-f.o.-',0.62,False
Q852857,travailleur ou travailleuse du sexe,travailleur social,f.a.-n.a.-f.o.-',0.8,False
Q108181013,cycling coach,client,n.a.-d.a.-f.o.-',0.2,True
Q1162163,directeur ou directrice,lecteur,b.a.-s.a.-f.o.-',0.47,False
Q15980591,monteur d'acier,inventeur,d.a.-d.a.-f.o.-',0.33,True
Q192581,travail,travailleur social,f.a.-n.a.-f.o.-',0.59,False
Q937946,solide géométrique,relation publique,l.a.-b.a.-f.o.-',0.28,True
Q193657,ensemble convexe,enseignant,d.a.-f.a.-f.o.-',0.34,True
Q3776995,hyperball,allié,l.a.-m.a.-f.o.-',0.29,True
Q131512,agriculteur ou agricultrice,cultivateur / éleveur,f.a.-f.a.-f.o.-',0.27,True
Q5060555,ouvrier agricole,ouvrier,m.a.-l.a.-f.o.-',0.88,False
Q19261760,profession agricole,bénévole,m.a.-n.a.-f.o.-',0.2,True
Q248577,président de la République,relation publique,l.a.-b.a.-f.o.-',0.52,False
Q116730140,chef d'État de la Roumanie,agent de,d.a.-l.a.-f.o.-',0.3,True
Q1063,évolution,relation publique,l.a.-b.a.-f.o.-',0.3,True
Q7206,paléoanthropologie,écologiste,l.a.-f.a.-f.o.-',0.4,False
Q484744,érotisme anal,manager,l.a.-s.a.-f.o.-',0.11,True
Q28389,scénariste,secouriste,f.a.-l.a.-f.o.-',0.52,False
Q901402,géographe,cartographe,l.a.-t.a.-f.o.-',0.7,False
Q34749,sciences sociales,travailleur social,f.a.-n.a.-f.o.-',0.47,False
Q2127330,transport company,transporteur,b.a.-l.a.-f.o.-',0.75,False
Q628858,lieu de travail,travailleur social,f.a.-n.a.-f.o.-',0.53,False
Q1468664,Prestataire logistique,écologiste,l.a.-f.a.-f.o.-',0.34,True
Q12737077,activité,activiste,b.a.-k.a.-f.o.-',0.74,False
Q639669,musicien ou musicienne,musicien,f.a.-b.a.-f.o.-',0.98,False
Q215627,personne,fonctionnaire,t.a.-k.a.-f.o.-',0.18,True
Q131512,agriculteur ou agricultrice,cultivateur / éleveur,f.a.-f.a.-f.o.-',0.27,True
Q19340487,prêtre orthodoxe,ancêtre,t.a.-m.a.-f.o.-',0.48,False
Q91187063,moine orthodoxe,témoin,d.a.-n.a.-f.o.-',0.39,True
Q1638918,ordinaire,partenaire,m.a.-d.a.-f.o.-',0.5,False
Q6503343,agent de la force publique,agent de,d.a.-l.a.-f.o.-',0.63,False
Q30093123,enquêteur,acteur,s.a.-b.a.-f.o.-',0.29,True
Q2576499,nutritionniste,fonctionnaire,t.a.-k.a.-f.o.-',0.3,True
Q11974939,professionnel ou professionnelle de la santé,procureur,b.a.-n.a.-f.o.-',0.21,True
Q60332470,anthropogéographe,cartographe,l.a.-t.a.-f.o.-',0.67,False
Q2306091,sociologue,psychologue,s.a.-f.a.-f.o.-',0.52,False
Q59913751,théoricien ou théoricienne de l'urbanisme,musicien,f.a.-b.a.-f.o.-',0.45,False
Q131062,urbaniste,activiste,b.a.-k.a.-f.o.-',0.37,True
Q81096,ingénieur ou ingénieure,inventeur,d.a.-d.a.-f.o.-',0.19,True
Q901,scientifique,relation publique,l.a.-b.a.-f.o.-',0.3,True
Q18931911,théoricien ou théoricienne,musicien,f.a.-b.a.-f.o.-',0.51,False
Q212980,psychologue,psychologue,s.a.-f.a.-f.o.-',1.0,False
Q1424605,opérateur de marché,agent de,d.a.-l.a.-f.o.-',0.25,True
Q65720209,hobbyist,activiste,b.a.-k.a.-f.o.-',0.17,True
Q7406919,service,secrétaire,k.a.-t.a.-f.o.-',0.19,True
Q6423395,diffusion des connaissances,fonctionnaire,t.a.-k.a.-f.o.-',0.29,True
Q2305441,processus social,travailleur social,f.a.-n.a.-f.o.-',0.47,False
Q1572123,ingénieur système,inventeur,d.a.-d.a.-f.o.-',0.18,True
Q1622272,professeur ou professeure d'université,investisseur,t.a.-d.a.-f.o.-',0.36,True
Q108818575,architecture teacher,archiviste,t.a.-l.a.-f.o.-',0.49,False
Q5,être humain,ancêtre,t.a.-m.a.-f.o.-',0.52,False
Q2516866,éditeur ou éditrice,éditeur,t.a.-b.a.-f.o.-',0.93,False
Q12360214,bassiste,activiste,b.a.-k.a.-f.o.-',0.33,True
Q67200506,musicien de heavy metal,musicien,f.a.-b.a.-f.o.-',0.89,False
Q50851,marché noir,archiviste,t.a.-l.a.-f.o.-',0.28,True
Q864503,biologiste,écologiste,l.a.-f.a.-f.o.-',0.79,False
Q901,scientifique,relation publique,l.a.-b.a.-f.o.-',0.3,True
Q864503,biologiste,écologiste,l.a.-f.a.-f.o.-',0.79,False
Q593644,chimiste,archiviste,t.a.-l.a.-f.o.-',0.43,False
Q864503,biologiste,écologiste,l.a.-f.a.-f.o.-',0.79,False
Q5157565,professionnel de l'informatique,informaticien,s.a.-t.a.-f.o.-',0.54,False
Q1391344,spécialiste,journaliste,n.a.-b.a.-f.o.-',0.5,False
Q58455065,textile industrial,travailleur social,f.a.-n.a.-f.o.-',0.2,True
Q18611810,designer textile,agent de,d.a.-l.a.-f.o.-',0.13,True
Q82955,personnalité politique,politicien,s.a.-k.a.-f.o.-',0.51,False
Q618536,candidate ou candidat,fondateur,t.a.-t.a.-f.o.-',0.18,True
Q853725,rapport social,travailleur social,f.a.-n.a.-f.o.-',0.51,False
Q15319501,chercheur ou chercheuse en sciences sociales,travailleur social,f.a.-n.a.-f.o.-',0.4,False
Q2730732,cavalier,familier,m.a.-m.a.-f.o.-',0.36,True
Q485178,analyste,journaliste,n.a.-b.a.-f.o.-',0.24,True
Q17149090,organisation armée,relation publique,l.a.-b.a.-f.o.-',0.41,False
Q108290349,early childhood educator,mentor,s.a.-d.a.-f.o.-',0.3,True
Q81096,ingénieur ou ingénieure,inventeur,d.a.-d.a.-f.o.-',0.19,True
Q327055,travailleur ou travailleuse,travailleur social,f.a.-n.a.-f.o.-',0.8,False
Q483501,artiste,archiviste,t.a.-l.a.-f.o.-',0.36,True
Q33394058,travailleur manuel,travailleur social,f.a.-n.a.-f.o.-',0.74,False
Q272826,guerre électronique,guerrier,l.a.-l.a.-f.o.-',0.44,False
Q911036,guerre de l'information,informaticien,s.a.-t.a.-f.o.-',0.5,False
Q45199,marin,manager,l.a.-s.a.-f.o.-',0.18,True
Q110996085,vessel captain,investisseur,t.a.-d.a.-f.o.-',0.14,True
Q2961975,chef ou cheffe d'entreprise,entrepreneur,l.a.-d.a.-f.o.-',0.57,False
Q856887,agent de sécurité,agent de,d.a.-l.a.-f.o.-',0.86,False
Q131512,agriculteur ou agricultrice,cultivateur / éleveur,f.a.-f.a.-f.o.-',0.27,True
Q838566,forgeron ou forgeronne,manager,l.a.-s.a.-f.o.-',0.13,True
Q2588761,travailleur qualifié ou travailleuse qualifiée,travailleur social,f.a.-n.a.-f.o.-',0.78,False
Q66715835,service industry worker,secrétaire,k.a.-t.a.-f.o.-',0.13,True
Q1476215,défenseur des droits de l'Homme,défendeur,l.a.-n.a.-f.o.-',0.47,False
Q29182,évêque,relation publique,l.a.-b.a.-f.o.-',0.27,True
Q611644,évêque catholique,relation publique,l.a.-b.a.-f.o.-',0.4,False
Q1044528,vicaire général,notaire,m.a.-t.a.-f.o.-',0.38,True
Q948657,évêque titulaire,notaire,m.a.-t.a.-f.o.-',0.33,True
Q114371470,coadjuteur,auteur,b.a.-b.a.-f.o.-',0.6,False
Q75178,évêque auxiliaire,notaire,m.a.-t.a.-f.o.-',0.29,True
Q854399,district authority,auteur,b.a.-b.a.-f.o.-',0.39,True
Q4164871,fonction,fonctionnaire,t.a.-k.a.-f.o.-',0.67,False
Q30185,maire,notaire,m.a.-t.a.-f.o.-',0.43,False
Q70901436,clergé bouddhiste,activiste,b.a.-k.a.-f.o.-',0.37,True
Q987168,mendicant,mentor,s.a.-d.a.-f.o.-',0.3,True
Q191808,religieuse,relation publique,l.a.-b.a.-f.o.-',0.28,True
Q97352502,nígū,acteurs sociaux,M:M:.a.-M:M:.a.-f.o.-',0.0,True
Q733786,moine ou moniale,témoin,d.a.-n.a.-f.o.-',0.32,True
Q70901436,clergé bouddhiste,activiste,b.a.-k.a.-f.o.-',0.37,True
Q987168,mendicant,mentor,s.a.-d.a.-f.o.-',0.3,True
Q115246813,plucked instrument player,mentor,s.a.-d.a.-f.o.-',0.26,True
Q16744668,physico-chimiste,archiviste,t.a.-l.a.-f.o.-',0.36,True
Q18931911,théoricien ou théoricienne,musicien,f.a.-b.a.-f.o.-',0.51,False
Q168658,poupée,pourvoyeur,k.a.-f.a.-f.o.-',0.33,True
Q179700,statue,spectateur,k.a.-b.a.-f.o.-',0.13,True
Q54128,domestique,relation publique,l.a.-b.a.-f.o.-',0.31,True
Q13472752,valet,acteurs sociaux,M:M:.a.-M:M:.a.-f.o.-',0.0,True
Q1424605,opérateur de marché,agent de,d.a.-l.a.-f.o.-',0.25,True
Q41583,entraîneur sportif,entrepreneur,l.a.-d.a.-f.o.-',0.4,False
Q108341141,security guards and security agencies,agent de,d.a.-l.a.-f.o.-',0.29,True
Q639669,musicien ou musicienne,musicien,f.a.-b.a.-f.o.-',0.98,False
Q483501,artiste,archiviste,t.a.-l.a.-f.o.-',0.36,True
Q1495660,critique gastronomique,relation publique,l.a.-b.a.-f.o.-',0.36,True
Q486983,rang académique,relation publique,l.a.-b.a.-f.o.-',0.33,True
Q639669,musicien ou musicienne,musicien,f.a.-b.a.-f.o.-',0.98,False
Q202648,arbitre sportif ou arbitre sportive,transporteur,b.a.-l.a.-f.o.-',0.35,True
Q38088701,officiel d'un match de football,officier,l.a.-k.a.-f.o.-',0.71,False
Q116763437,person associated with football,acteurs sociaux,M:M:.a.-M:M:.a.-f.o.-',0.25,True
Q350268,plastic artwork,archiviste,t.a.-l.a.-f.o.-',0.11,True
Q8205328,objet artificiel physique,officier,l.a.-k.a.-f.o.-',0.29,True
Q220659,artéfact archéologique,archiviste,t.a.-l.a.-f.o.-',0.31,True
Q15253558,militant ou militante,consultant,f.a.-s.a.-f.o.-',0.24,True
Q876864,conseiller ou conseillère de rédaction,consultant,f.a.-s.a.-f.o.-',0.3,True
Q2066131,athlète,hôte,f.a.-k.a.-f.o.-',0.23,True
Q7019111,travailleur social,travailleur social,f.a.-n.a.-f.o.-',1.0,False
Q2920921,management,manager,l.a.-s.a.-f.o.-',0.71,False
Q5283295,administration,relation publique,l.a.-b.a.-f.o.-',0.41,False
Q113104235,specialist studies in education,relation publique,l.a.-b.a.-f.o.-',0.25,True
Q11639,danse,aidant,m.a.-f.a.-f.o.-',0.16,True
Q12101591,industrie extractive,activiste,b.a.-k.a.-f.o.-',0.45,False
Q4318084,industrie pétrolière et gazière,père,n.a.-m.a.-f.o.-',0.47,False
Q2478141,aristocrate,secouriste,f.a.-l.a.-f.o.-',0.27,True
Q467,femme,acteurs sociaux,M:M:.a.-M:M:.a.-f.o.-',0.0,True
Q5482740,programmeur ou programmeuse,procureur,b.a.-n.a.-f.o.-',0.25,True
Q58287519,développeur de jeux vidéo,agent de,d.a.-l.a.-f.o.-',0.34,True
Q15980158,auteur ou autrice de non-fiction,auteur,b.a.-b.a.-f.o.-',0.72,False
Q901,scientifique,relation publique,l.a.-b.a.-f.o.-',0.3,True
Q134783,stratigraphie,cartographe,l.a.-t.a.-f.o.-',0.38,True
Q7205,paléontologie,écologiste,l.a.-f.a.-f.o.-',0.41,False
Q17136179,scientifique interdisciplinaire,partenaire,m.a.-d.a.-f.o.-',0.29,True
Q864503,biologiste,écologiste,l.a.-f.a.-f.o.-',0.79,False
Q47311934,fleet,acteurs sociaux,M:M:.a.-M:M:.a.-f.o.-',0.0,True
Q4610556,mannequin,manager,l.a.-s.a.-f.o.-',0.32,True
Q15982595,vedette,vendeur,k.a.-d.a.-f.o.-',0.22,True
Q41583,entraîneur sportif,entrepreneur,l.a.-d.a.-f.o.-',0.4,False
Q3243461,collectionneur ou collectionneuse,fonctionnaire,t.a.-k.a.-f.o.-',0.37,True
Q41583,entraîneur sportif,entrepreneur,l.a.-d.a.-f.o.-',0.4,False
Q2159907,criminel ou criminelle,ouvrier,m.a.-l.a.-f.o.-',0.13,True
Q1862087,prisonnier ou prisonnière,père,n.a.-m.a.-f.o.-',0.2,True
Q18536342,joueur professionnel ou joueuse professionnelle,joueur,m.a.-b.a.-f.o.-',0.75,False
Q2047357,fiduciaire,notaire,m.a.-t.a.-f.o.-',0.4,False
Q131512,agriculteur ou agricultrice,cultivateur / éleveur,f.a.-f.a.-f.o.-',0.27,True
Q3150593,Industrie de l'alcool,agent de,d.a.-l.a.-f.o.-',0.38,True
Q106039,chrétien ou chrétienne,musicien,f.a.-b.a.-f.o.-',0.19,True
Q384593,policier ou policière,policier,n.a.-l.a.-f.o.-',0.93,False
Q21281706,administrateur académique,relation publique,l.a.-b.a.-f.o.-',0.26,True
Q4164871,fonction,fonctionnaire,t.a.-k.a.-f.o.-',0.67,False
Q2462658,manager,manager,l.a.-s.a.-f.o.-',1.0,False
Q1191714,col bleu,comptable,b.a.-t.a.-f.o.-',0.19,True
Q2727213,vol,voisin,m.a.-k.a.-f.o.-',0.18,True
Q25141651,médecin chercheur,médecin,n.a.-f.a.-f.o.-',0.96,False
Q3126128,généticien ou généticienne,politicien,s.a.-k.a.-f.o.-',0.53,False
Q577017,Ban,banquier,d.a.-t.a.-f.o.-',0.39,True
Q2133309,décorateur d'intérieur,médiateur,m.a.-s.a.-f.o.-',0.31,True
Q73536659,professeur,investisseur,t.a.-d.a.-f.o.-',0.39,True
Q5,être humain,ancêtre,t.a.-m.a.-f.o.-',0.52,False
Q294414,fonction publique,relation publique,l.a.-b.a.-f.o.-',0.63,False
Q1607826,éditeur ou éditrice,éditeur,t.a.-b.a.-f.o.-',0.93,False
Q1930187,journaliste,journaliste,n.a.-b.a.-f.o.-',1.0,False
Q3077353,formateur,réformateur,n.a.-k.a.-f.o.-',0.75,False
Q37226,enseignant ou enseignante,enseignant,d.a.-f.a.-f.o.-',0.98,False
Q708492,conseiller municipal,consultant,f.a.-s.a.-f.o.-',0.28,True
Q43683884,transport clerk,transporteur,b.a.-l.a.-f.o.-',0.84,False
Q23835475,assistant,consultant,f.a.-s.a.-f.o.-',0.32,True
Q16533,juge,juré,k.a.-n.a.-f.o.-',0.33,True
Q13406554,compétition sportive,comptable,b.a.-t.a.-f.o.-',0.27,True
Q349,sport,transporteur,b.a.-l.a.-f.o.-',0.44,False
Q2312410,discipline sportive,transporteur,b.a.-l.a.-f.o.-',0.37,True
Q811122,travailleur de la construction,travailleur social,f.a.-n.a.-f.o.-',0.63,False
Q3198719,arable farming,comptable,b.a.-t.a.-f.o.-',0.38,True
Q10843872,procédé,procureur,b.a.-n.a.-f.o.-',0.53,False
Q117048972,farming practice,activiste,b.a.-k.a.-f.o.-',0.22,True
Q12909644,idéologie politique,politicien,s.a.-k.a.-f.o.-',0.5,False
Q2504617,romaniste,activiste,b.a.-k.a.-f.o.-',0.34,True
Q1743122,historien ou historienne de l'Église,agent de,d.a.-l.a.-f.o.-',0.18,True
Q937283,pionnier,fonctionnaire,t.a.-k.a.-f.o.-',0.24,True
Q1251441,responsable,comptable,b.a.-t.a.-f.o.-',0.4,False
Q16037036,paléobiologiste,écologiste,l.a.-f.a.-f.o.-',0.76,False
Q350979,zoologiste,écologiste,l.a.-f.a.-f.o.-',0.79,False
Q105186,pharmacien,pharmacien,t.a.-f.a.-f.o.-',1.0,False
Q15985128,historien ou historienne de la médecine,médecin,n.a.-f.a.-f.o.-',0.62,False
Q41583,entraîneur sportif,entrepreneur,l.a.-d.a.-f.o.-',0.4,False
Q12794619,propriétaire de biens,secrétaire,k.a.-t.a.-f.o.-',0.46,False
Q212980,psychologue,psychologue,s.a.-f.a.-f.o.-',1.0,False
Q2114605,pharmacologue,pharmacien,t.a.-f.a.-f.o.-',0.56,False
Q99193996,behavioral scientist,client,n.a.-d.a.-f.o.-',0.24,True
Q16744668,physico-chimiste,archiviste,t.a.-l.a.-f.o.-',0.36,True
Q11499147,militant ou militante politique,politicien,s.a.-k.a.-f.o.-',0.38,True
Q7140620,partisan,partenaire,m.a.-d.a.-f.o.-',0.46,False
Q8564242,followership,fondateur,t.a.-t.a.-f.o.-',0.22,True
Q11388835,membre de parti politique,politicien,s.a.-k.a.-f.o.-',0.46,False
Q8191099,affiliate,médiateur,m.a.-s.a.-f.o.-',0.24,True
Q106399618,nationaliste,journaliste,n.a.-b.a.-f.o.-',0.57,False
Q120115224,anti-communiste,activiste,b.a.-k.a.-f.o.-',0.32,True
Q120324952,anti-capitalist,journaliste,n.a.-b.a.-f.o.-',0.38,True
Q104080080,extrémiste de droite,activiste,b.a.-k.a.-f.o.-',0.3,True
Q14467526,linguiste,activiste,b.a.-k.a.-f.o.-',0.37,True
Q33386280,libraire,notaire,m.a.-t.a.-f.o.-',0.48,False
Q19361455,sémitologue,psychologue,s.a.-f.a.-f.o.-',0.59,False
Q4964182,philosophe,philosophe,s.a.-s.a.-f.o.-',1.0,False
Q19829980,scientifique des religions,relation publique,l.a.-b.a.-f.o.-',0.39,True
Q1231865,pédagogue,psychologue,s.a.-f.a.-f.o.-',0.44,False
Q189290,officier,officier,l.a.-k.a.-f.o.-',1.0,False
Q561904,réserviste,activiste,b.a.-k.a.-f.o.-',0.51,False
Q55737401,théologien chrétien,écologiste,l.a.-f.a.-f.o.-',0.31,True
Q188094,économiste,écologiste,l.a.-f.a.-f.o.-',0.48,False
Q1328323,fonctionnaire,fonctionnaire,t.a.-k.a.-f.o.-',1.0,False
Q15980158,auteur ou autrice de non-fiction,auteur,b.a.-b.a.-f.o.-',0.72,False
Q4164507,critique d'art,relation publique,l.a.-b.a.-f.o.-',0.31,True
Q13381863,escrimeur,acteur,s.a.-b.a.-f.o.-',0.28,True
Q114414171,para-athlete,partenaire,m.a.-d.a.-f.o.-',0.33,True
Q2309784,cycliste,journaliste,n.a.-b.a.-f.o.-',0.46,False
Q2462658,manager,manager,l.a.-s.a.-f.o.-',1.0,False
Q777952,instructeur,inspecteur,d.a.-k.a.-f.o.-',0.45,False
Q7140620,partisan,partenaire,m.a.-d.a.-f.o.-',0.46,False
Q15253558,militant ou militante,consultant,f.a.-s.a.-f.o.-',0.24,True
Q29933786,exploitant,consultant,f.a.-s.a.-f.o.-',0.35,True
Q212980,psychologue,psychologue,s.a.-f.a.-f.o.-',1.0,False
Q19829980,scientifique des religions,relation publique,l.a.-b.a.-f.o.-',0.39,True
Q15319501,chercheur ou chercheuse en sciences sociales,travailleur social,f.a.-n.a.-f.o.-',0.4,False
Q15976341,slaviste,activiste,b.a.-k.a.-f.o.-',0.51,False
Q2504617,romaniste,activiste,b.a.-k.a.-f.o.-',0.34,True
Q1414443,cinéaste,activiste,b.a.-k.a.-f.o.-',0.2,True
Q1235146,réalisateur ou réalisatrice de documentaire,notaire,m.a.-t.a.-f.o.-',0.26,True
Q1734493,plucked string instrument maker,mentor,s.a.-d.a.-f.o.-',0.24,True
Q18931911,théoricien ou théoricienne,musicien,f.a.-b.a.-f.o.-',0.51,False
Q4479442,fondateur,fondateur,t.a.-t.a.-f.o.-',1.0,False
Q15253558,militant ou militante,consultant,f.a.-s.a.-f.o.-',0.24,True
Q2066131,athlète,hôte,f.a.-k.a.-f.o.-',0.23,True
Q40348,avocat ou avocate,avocat,n.a.-t.a.-f.o.-',0.95,False
Q2462658,manager,manager,l.a.-s.a.-f.o.-',1.0,False
Q1930187,journaliste,journaliste,n.a.-b.a.-f.o.-',1.0,False
Q4479442,fondateur,fondateur,t.a.-t.a.-f.o.-',1.0,False
Q20965770,pratiquant de sports d'hiver,transporteur,b.a.-l.a.-f.o.-',0.3,True
Q639669,musicien ou musicienne,musicien,f.a.-b.a.-f.o.-',0.98,False
Q202883,vétérinaire,partenaire,m.a.-d.a.-f.o.-',0.5,False
Q3368718,pathologiste,écologiste,l.a.-f.a.-f.o.-',0.7,False
Q4479442,fondateur,fondateur,t.a.-t.a.-f.o.-',1.0,False
Q131524,entrepreneur ou entrepreneuse,entrepreneur,l.a.-d.a.-f.o.-',0.98,False
Q482980,auteur ou autrice,auteur,b.a.-b.a.-f.o.-',0.92,False
Q1231865,pédagogue,psychologue,s.a.-f.a.-f.o.-',0.44,False
Q1930187,journaliste,journaliste,n.a.-b.a.-f.o.-',1.0,False
Q41583,entraîneur sportif,entrepreneur,l.a.-d.a.-f.o.-',0.4,False
Q1231865,pédagogue,psychologue,s.a.-f.a.-f.o.-',0.44,False
Q1925963,artiste graphique,cartographe,l.a.-t.a.-f.o.-',0.29,True
Q627325,graphiste,cartographe,l.a.-t.a.-f.o.-',0.34,True
Q201788,historien ou historienne,ouvrier,m.a.-l.a.-f.o.-',0.18,True
Q1625427,fabricant d'instrument à vent,client,n.a.-d.a.-f.o.-',0.27,True
Q8125919,conseiller politique,politicien,s.a.-k.a.-f.o.-',0.44,False
Q294414,fonction publique,relation publique,l.a.-b.a.-f.o.-',0.63,False
Q115761018,fonctionnaire municipal,fonctionnaire,t.a.-k.a.-f.o.-',0.94,False
Q599151,haut fonctionnaire ou haute fonctionnaire,fonctionnaire,t.a.-k.a.-f.o.-',0.97,False
Q738142,commis,comptable,b.a.-t.a.-f.o.-',0.35,True
Q61905636,fonctionnaire de la cour,fonctionnaire,t.a.-k.a.-f.o.-',0.91,False
Q14467526,linguiste,activiste,b.a.-k.a.-f.o.-',0.37,True
Q94296450,fabricant d'instrument à clavier,client,n.a.-d.a.-f.o.-',0.28,True
Q1639825,forgeron ou forgeronne,manager,l.a.-s.a.-f.o.-',0.13,True
Q838566,forgeron ou forgeronne,manager,l.a.-s.a.-f.o.-',0.13,True
Q16742175,spéléologue,psychologue,s.a.-f.a.-f.o.-',0.6,False
Q864503,biologiste,écologiste,l.a.-f.a.-f.o.-',0.79,False
Q1097498,dirigeant,enfant,d.a.-m.a.-f.o.-',0.22,True
Q6949213,roi légendaire,notaire,m.a.-t.a.-f.o.-',0.29,True
Q188094,économiste,écologiste,l.a.-f.a.-f.o.-',0.48,False
Q13002315,personnage légendaire,fonctionnaire,t.a.-k.a.-f.o.-',0.29,True
Q4271324,personnage mythologique,psychologue,s.a.-f.a.-f.o.-',0.26,True
Q1250916,guerrier,guerrier,l.a.-l.a.-f.o.-',1.0,False
Q154549,charpentier,ouvrier,m.a.-l.a.-f.o.-',0.21,True
Q1340643,maître d’œuvre,ancêtre,t.a.-m.a.-f.o.-',0.28,True
Q16744668,physico-chimiste,archiviste,t.a.-l.a.-f.o.-',0.36,True
Q43668003,chimiste analytique,archiviste,t.a.-l.a.-f.o.-',0.25,True
Q81096,ingénieur ou ingénieure,inventeur,d.a.-d.a.-f.o.-',0.19,True
Q15978655,consultant ou consultante,consultant,f.a.-s.a.-f.o.-',0.98,False
Q16023725,activités d’édition,activiste,b.a.-k.a.-f.o.-',0.54,False
Q29585658,édition de livres,éditeur,t.a.-b.a.-f.o.-',0.41,False
Q36180,écrivain ou écrivaine,écologiste,l.a.-f.a.-f.o.-',0.11,True
Q2138822,clerc régulier,familier,m.a.-m.a.-f.o.-',0.39,True
Q2566598,religieux catholique,relation publique,l.a.-b.a.-f.o.-',0.46,False
Q1104153,chanoine,témoin,d.a.-n.a.-f.o.-',0.26,True
Q1237385,chanoine,témoin,d.a.-n.a.-f.o.-',0.26,True
Q2334804,livraison,relation publique,l.a.-b.a.-f.o.-',0.16,True
Q201788,historien ou historienne,ouvrier,m.a.-l.a.-f.o.-',0.18,True
Q2101540,political appointee,politicien,s.a.-k.a.-f.o.-',0.73,False
Q14467526,linguiste,activiste,b.a.-k.a.-f.o.-',0.37,True
Q61465891,seal cutter,secrétaire,k.a.-t.a.-f.o.-',0.1,True
Q483501,artiste,archiviste,t.a.-l.a.-f.o.-',0.36,True
Q93403587,grape grower,cartographe,l.a.-t.a.-f.o.-',0.3,True
Q104590991,personnalité liée au vin,journaliste,n.a.-b.a.-f.o.-',0.19,True
Q15320003,travailleur migrant,travailleur social,f.a.-n.a.-f.o.-',0.77,False
Q35798,pouvoir exécutif,pourvoyeur,k.a.-f.a.-f.o.-',0.22,True
Q43229,organisation,relation publique,l.a.-b.a.-f.o.-',0.46,False
Q4445088,perpétrateur ou perpétratrice,médiateur,m.a.-s.a.-f.o.-',0.27,True
Q107711,pompier ou pompière,père,n.a.-m.a.-f.o.-',0.23,True
Q96075193,invigilator,mentor,s.a.-d.a.-f.o.-',0.32,True
Q212238,fonctionnaire,fonctionnaire,t.a.-k.a.-f.o.-',1.0,False
Q1278335,instrumentiste,activiste,b.a.-k.a.-f.o.-',0.25,True
Q18171345,député,défendeur,l.a.-n.a.-f.o.-',0.22,True
Q49757,poète ou poétesse,policier,n.a.-l.a.-f.o.-',0.16,True
Q3247049,officier d'armes,officier,l.a.-k.a.-f.o.-',0.97,False
Q1622925,court appointment,mentor,s.a.-d.a.-f.o.-',0.23,True
Q2159907,criminel ou criminelle,ouvrier,m.a.-l.a.-f.o.-',0.13,True
Q1650915,chercheur ou chercheuse,archiviste,t.a.-l.a.-f.o.-',0.17,True
Q20826540,érudit,éditeur,t.a.-b.a.-f.o.-',0.19,True
Q855091,guitariste,secouriste,f.a.-l.a.-f.o.-',0.41,False
Q974144,éducateur ou éducatrice,éditeur,t.a.-b.a.-f.o.-',0.24,True
Q177220,chanteur ou chanteuse,inventeur,d.a.-d.a.-f.o.-',0.43,False
Q42303786,musicien de blues,musicien,f.a.-b.a.-f.o.-',0.93,False
Q11424604,géoscientifique,relation publique,l.a.-b.a.-f.o.-',0.3,True
Q11124885,pratiquant d'arts martiaux,acteurs sociaux,M:M:.a.-M:M:.a.-f.o.-',0.29,True
Q40348,avocat ou avocate,avocat,n.a.-t.a.-f.o.-',0.95,False
Q185351,juriste,secouriste,f.a.-l.a.-f.o.-',0.55,False
Q61717628,labour scientist,client,n.a.-d.a.-f.o.-',0.24,True
Q16012028,juriste,secouriste,f.a.-l.a.-f.o.-',0.55,False
Q18121791,éclaireur,assureur,f.a.-t.a.-f.o.-',0.3,True
Q215536,commerçant,comptable,b.a.-t.a.-f.o.-',0.25,True
Q2478141,aristocrate,secouriste,f.a.-l.a.-f.o.-',0.27,True
Q11740939,collaboration under the Japanese occupation during World War II,relation publique,l.a.-b.a.-f.o.-',0.43,False
Q486839,parlementaire,notaire,m.a.-t.a.-f.o.-',0.44,False
Q41583,entraîneur sportif,entrepreneur,l.a.-d.a.-f.o.-',0.4,False
Q10843402,nageur ou nageuse,manager,l.a.-s.a.-f.o.-',0.38,True
Q114414171,para-athlete,partenaire,m.a.-d.a.-f.o.-',0.33,True
Q15296811,dessinateur ou dessinatrice,médiateur,m.a.-s.a.-f.o.-',0.2,True
Q1459574,compendium,comptable,b.a.-t.a.-f.o.-',0.43,False
Q922203,code juridique,juré,k.a.-n.a.-f.o.-',0.27,True
Q1528838,abridgement,mentor,s.a.-d.a.-f.o.-',0.35,True
Q202648,arbitre sportif ou arbitre sportive,transporteur,b.a.-l.a.-f.o.-',0.35,True
Q1930187,journaliste,journaliste,n.a.-b.a.-f.o.-',1.0,False
Q455595,amateur,réformateur,n.a.-k.a.-f.o.-',0.4,False
Q1930187,journaliste,journaliste,n.a.-b.a.-f.o.-',1.0,False
Q2366336,seigneur,enseignant,d.a.-f.a.-f.o.-',0.37,True
Q1409420,feudataire,notaire,m.a.-t.a.-f.o.-',0.57,False
Q420,biologie,écologiste,l.a.-f.a.-f.o.-',0.48,False
Q352388,conducteur,traducteur,t.a.-s.a.-f.o.-',0.54,False
Q96619693,Travailleur de plateformes,travailleur social,f.a.-n.a.-f.o.-',0.72,False
Q38072107,littérature fictionnelle,fonctionnaire,t.a.-k.a.-f.o.-',0.43,False
Q169470,physicien ou physicienne,musicien,f.a.-b.a.-f.o.-',0.62,False
Q885444,forgeron de lames,agent de,d.a.-l.a.-f.o.-',0.3,True
Q2329,chimie,archiviste,t.a.-l.a.-f.o.-',0.15,True
Q1637030,science alimentaire,notaire,m.a.-t.a.-f.o.-',0.43,False
Q864503,biologiste,écologiste,l.a.-f.a.-f.o.-',0.79,False
Q170790,mathématicien ou mathématicienne,informaticien,s.a.-t.a.-f.o.-',0.62,False
Q131524,entrepreneur ou entrepreneuse,entrepreneur,l.a.-d.a.-f.o.-',0.98,False
Q43845,personnalité du monde des affaires,fonctionnaire,t.a.-k.a.-f.o.-',0.24,True
Q97722084,moine chrétien oriental,témoin,d.a.-n.a.-f.o.-',0.24,True
Q97378570,chrétien orthodoxe,musicien,f.a.-b.a.-f.o.-',0.21,True
Q1318390,opérateur radio,médiateur,m.a.-s.a.-f.o.-',0.36,True
Q774306,chirurgien ou chirurgienne,musicien,f.a.-b.a.-f.o.-',0.19,True
Q1470093,bariatrie,médiateur,m.a.-s.a.-f.o.-',0.14,True
Q140686,président ou présidente,précurseur,s.a.-n.a.-f.o.-',0.24,True
Q15978610,doctorat professionnel,procureur,b.a.-n.a.-f.o.-',0.19,True
Q2066131,athlète,hôte,f.a.-k.a.-f.o.-',0.23,True
Q1365155,cavalier,familier,m.a.-m.a.-f.o.-',0.36,True
Q163727,licence,policier,n.a.-l.a.-f.o.-',0.23,True
Q191421,lama,amant/e,b.a.-m.a.-f.o.-',0.24,True
Q28146366,religieuse chrétienne,relation publique,l.a.-b.a.-f.o.-',0.22,True
Q1104153,chanoine,témoin,d.a.-n.a.-f.o.-',0.26,True
Q467,femme,acteurs sociaux,M:M:.a.-M:M:.a.-f.o.-',0.0,True
Q131062,urbaniste,activiste,b.a.-k.a.-f.o.-',0.37,True
Q59913751,théoricien ou théoricienne de l'urbanisme,musicien,f.a.-b.a.-f.o.-',0.45,False
Q25616474,musicien d'un instrument de la famille des bois,musicien,f.a.-b.a.-f.o.-',0.63,False
Q2066131,athlète,hôte,f.a.-k.a.-f.o.-',0.23,True
Q29645880,ambassadeur d'un pays,vendeur,k.a.-d.a.-f.o.-',0.34,True
Q1231865,pédagogue,psychologue,s.a.-f.a.-f.o.-',0.44,False
Q1419997,responsable événementiel,comptable,b.a.-t.a.-f.o.-',0.34,True
Q15253558,militant ou militante,consultant,f.a.-s.a.-f.o.-',0.24,True
Q8008,sciences de la Terre,agent de,d.a.-l.a.-f.o.-',0.29,True
Q499134,copiste,activiste,b.a.-k.a.-f.o.-',0.38,True
Q16402902,maroquinier,banquier,d.a.-t.a.-f.o.-',0.3,True
Q58487031,dactylographe,cartographe,l.a.-t.a.-f.o.-',0.67,False
Q108289636,opérateur sur clavier,médiateur,m.a.-s.a.-f.o.-',0.29,True
Q208762,chapelain,voisin,m.a.-k.a.-f.o.-',0.14,True
Q1657500,aumônier,ouvrier,m.a.-l.a.-f.o.-',0.23,True
Q212948,partisan,partenaire,m.a.-d.a.-f.o.-',0.46,False
Q1397808,résistant ou résistante,consultant,f.a.-s.a.-f.o.-',0.31,True
Q546113,politique publique,relation publique,l.a.-b.a.-f.o.-',0.58,False
Q110590221,environmental regulation by humans,relation publique,l.a.-b.a.-f.o.-',0.45,False
Q3778211,personnalité juridique,juré,k.a.-n.a.-f.o.-',0.23,True
Q4164871,fonction,fonctionnaire,t.a.-k.a.-f.o.-',0.67,False
Q1256173,spin doctor,mentor,s.a.-d.a.-f.o.-',0.31,True
Q15632482,épistémologue,psychologue,s.a.-f.a.-f.o.-',0.52,False
Q13235160,producteur,producteur,d.a.-b.a.-f.o.-',1.0,False
Q3249024,gouverneur,entrepreneur,l.a.-d.a.-f.o.-',0.31,True
Q54967928,freight handler,enseignant,d.a.-f.a.-f.o.-',0.13,True
Q28503751,speaker,spectateur,k.a.-b.a.-f.o.-',0.34,True
Q16657634,locuteur,auteur,b.a.-b.a.-f.o.-',0.6,False
Q12615130,advanced practice nurse,précurseur,s.a.-n.a.-f.o.-',0.25,True
Q177826,clergé,client,n.a.-d.a.-f.o.-',0.27,True
Q337060,objet,acteurs sociaux,M:M:.a.-M:M:.a.-f.o.-',0.0,True
Q2668072,collection,fonctionnaire,t.a.-k.a.-f.o.-',0.25,True
Q4991371,soldat,avocat,n.a.-t.a.-f.o.-',0.16,True
Q27349,dentiste,activiste,b.a.-k.a.-f.o.-',0.32,True
Q131512,agriculteur ou agricultrice,cultivateur / éleveur,f.a.-f.a.-f.o.-',0.27,True
Q18121791,éclaireur,assureur,f.a.-t.a.-f.o.-',0.3,True
Q9149093,alpiniste,activiste,b.a.-k.a.-f.o.-',0.37,True
Q2478141,aristocrate,secouriste,f.a.-l.a.-f.o.-',0.27,True
Q715222,dame de compagnie,comptable,b.a.-t.a.-f.o.-',0.41,False
Q6501447,administration locale,relation publique,l.a.-b.a.-f.o.-',0.38,True
Q212980,psychologue,psychologue,s.a.-f.a.-f.o.-',1.0,False
Q4197743,joueur ou joueuse,joueur,m.a.-b.a.-f.o.-',0.95,False
Q202648,arbitre sportif ou arbitre sportive,transporteur,b.a.-l.a.-f.o.-',0.35,True
Q755070,narrateur,médiateur,m.a.-s.a.-f.o.-',0.41,False
Q20433655,host,acteurs sociaux,M:M:.a.-M:M:.a.-f.o.-',0.0,True
Q2588761,travailleur qualifié ou travailleuse qualifiée,travailleur social,f.a.-n.a.-f.o.-',0.78,False
Q98785806,health officer,officier,l.a.-k.a.-f.o.-',0.74,False
Q4445088,perpétrateur ou perpétratrice,médiateur,m.a.-s.a.-f.o.-',0.27,True
Q2159907,criminel ou criminelle,ouvrier,m.a.-l.a.-f.o.-',0.13,True
Q4504549,religieux,relation publique,l.a.-b.a.-f.o.-',0.24,True
Q133485,rabbin,voisin,m.a.-k.a.-f.o.-',0.22,True
Q901,scientifique,relation publique,l.a.-b.a.-f.o.-',0.3,True
Q8253,fiction,fonctionnaire,t.a.-k.a.-f.o.-',0.31,True
Q4164871,fonction,fonctionnaire,t.a.-k.a.-f.o.-',0.67,False
Q245068,humoriste,secouriste,f.a.-l.a.-f.o.-',0.52,False
Q6430706,critique,relation publique,l.a.-b.a.-f.o.-',0.33,True
Q131512,agriculteur ou agricultrice,cultivateur / éleveur,f.a.-f.a.-f.o.-',0.27,True
Q876864,conseiller ou conseillère de rédaction,consultant,f.a.-s.a.-f.o.-',0.3,True
Q4991371,soldat,avocat,n.a.-t.a.-f.o.-',0.16,True
Q1622272,professeur ou professeure d'université,investisseur,t.a.-d.a.-f.o.-',0.36,True
Q5428874,personnel académique,relation publique,l.a.-b.a.-f.o.-',0.31,True
Q4991371,soldat,avocat,n.a.-t.a.-f.o.-',0.16,True
Q47064,militaire,publicitaire,b.a.-d.a.-f.o.-',0.47,False
Q1454940,soldat volontaire,notaire,m.a.-t.a.-f.o.-',0.44,False
Q1629605,légionnaire,fonctionnaire,t.a.-k.a.-f.o.-',0.57,False
Q450307,troupe d'élite,éditeur,t.a.-b.a.-f.o.-',0.15,True
Q4991371,soldat,avocat,n.a.-t.a.-f.o.-',0.16,True
Q47064,militaire,publicitaire,b.a.-d.a.-f.o.-',0.47,False
Q1454940,soldat volontaire,notaire,m.a.-t.a.-f.o.-',0.44,False
Q1629605,légionnaire,fonctionnaire,t.a.-k.a.-f.o.-',0.57,False
Q450307,troupe d'élite,éditeur,t.a.-b.a.-f.o.-',0.15,True
Q102040941,évêque protestant,consultant,f.a.-s.a.-f.o.-',0.27,True
Q104049627,western bishop,investisseur,t.a.-d.a.-f.o.-',0.15,True
Q105200498,Anglican clergyman,client,n.a.-d.a.-f.o.-',0.14,True
Q1629605,légionnaire,fonctionnaire,t.a.-k.a.-f.o.-',0.57,False
Q524778,commissaire,notaire,m.a.-t.a.-f.o.-',0.33,True
Q392651,agent de renseignement,agent de,d.a.-l.a.-f.o.-',0.71,False
Q16533,juge,juré,k.a.-n.a.-f.o.-',0.33,True
Q60860785,urząd grodzki,producteur,d.a.-b.a.-f.o.-',0.23,True
Q16533,juge,juré,k.a.-n.a.-f.o.-',0.33,True
Q9367329,urząd ziemski,acteurs sociaux,M:M:.a.-M:M:.a.-f.o.-',0.0,True
Q16334295,groupe d'humains,inspecteur,d.a.-k.a.-f.o.-',0.23,True
Q12716225,contre-révolutionnaire,fonctionnaire,t.a.-k.a.-f.o.-',0.61,False
Q639669,musicien ou musicienne,musicien,f.a.-b.a.-f.o.-',0.98,False
Q713200,artiste interprète,archiviste,t.a.-l.a.-f.o.-',0.33,True
Q29448653,accompagnateur musical,musicien,f.a.-b.a.-f.o.-',0.52,False
Q5352191,technicien ou technicienne,technicien,f.a.-d.a.-f.o.-',0.99,False
Q483501,artiste,archiviste,t.a.-l.a.-f.o.-',0.36,True
Q5322166,designer,agent de,d.a.-l.a.-f.o.-',0.18,True
Q3391743,artiste visuel ou artiste visuelle,archiviste,t.a.-l.a.-f.o.-',0.36,True
Q55187,coiffeur ou coiffeuse,comptable,b.a.-t.a.-f.o.-',0.15,True
Q2702296,producteur de jeux vidéo,producteur,d.a.-b.a.-f.o.-',0.92,False
Q774306,chirurgien ou chirurgienne,musicien,f.a.-b.a.-f.o.-',0.19,True
Q3055126,entomologiste,écologiste,l.a.-f.a.-f.o.-',0.69,False
Q16023925,conteur ou conteuse,inventeur,d.a.-d.a.-f.o.-',0.33,True
Q49757,poète ou poétesse,policier,n.a.-l.a.-f.o.-',0.16,True
Q333634,traducteur ou traductrice,traducteur,t.a.-s.a.-f.o.-',0.96,False
Q13235160,producteur,producteur,d.a.-b.a.-f.o.-',1.0,False
Q6881511,entreprise,entrepreneur,l.a.-d.a.-f.o.-',0.67,False
Q8148,industrie,ouvrier,m.a.-l.a.-f.o.-',0.18,True
Q54128,domestique,relation publique,l.a.-b.a.-f.o.-',0.31,True
Q11900058,explorateur ou exploratrice,médiateur,m.a.-s.a.-f.o.-',0.25,True
Q155076,personne morale,bénévole,m.a.-n.a.-f.o.-',0.14,True
Q16054409,Anteilseigner,enseignant,d.a.-f.a.-f.o.-',0.44,False
Q117321337,football player,allié,l.a.-m.a.-f.o.-',0.19,True
Q18536342,joueur professionnel ou joueuse professionnelle,joueur,m.a.-b.a.-f.o.-',0.75,False
Q116763437,person associated with football,acteurs sociaux,M:M:.a.-M:M:.a.-f.o.-',0.25,True
Q380962,coopération,relation publique,l.a.-b.a.-f.o.-',0.44,False
Q12859263,orateur ou oratrice,médiateur,m.a.-s.a.-f.o.-',0.36,True
Q774306,chirurgien ou chirurgienne,musicien,f.a.-b.a.-f.o.-',0.19,True
Q783906,neurologue,psychologue,s.a.-f.a.-f.o.-',0.57,False
Q131524,entrepreneur ou entrepreneuse,entrepreneur,l.a.-d.a.-f.o.-',0.98,False
Q12737077,activité,activiste,b.a.-k.a.-f.o.-',0.74,False
Q327055,travailleur ou travailleuse,travailleur social,f.a.-n.a.-f.o.-',0.8,False
Q20965770,pratiquant de sports d'hiver,transporteur,b.a.-l.a.-f.o.-',0.3,True
Q391009,ordre religieux catholique,relation publique,l.a.-b.a.-f.o.-',0.45,False
Q1234713,théologien ou théologienne,écologiste,l.a.-f.a.-f.o.-',0.44,False
Q170161,corporation,relation publique,l.a.-b.a.-f.o.-',0.42,False
Q5060555,ouvrier agricole,ouvrier,m.a.-l.a.-f.o.-',0.88,False
Q178197,mercenaire,partenaire,m.a.-d.a.-f.o.-',0.54,False
Q5179297,agent secret,agent de,d.a.-l.a.-f.o.-',0.72,False
Q121594,professeur,investisseur,t.a.-d.a.-f.o.-',0.39,True
Q19324694,visiting docent,client,n.a.-d.a.-f.o.-',0.24,True
Q108289400,software and applications developers and analysts,relation publique,l.a.-b.a.-f.o.-',0.18,True
Q4801269,directeur ou directrice artistique,lecteur,b.a.-s.a.-f.o.-',0.37,True
Q1776724,manager de théâtre,manager,l.a.-s.a.-f.o.-',0.88,False
Q2961975,chef ou cheffe d'entreprise,entrepreneur,l.a.-d.a.-f.o.-',0.57,False
Q47541952,producteur ou productrice artistique,producteur,d.a.-b.a.-f.o.-',0.89,False
Q1706722,enseignant-chercheur ou enseignante-chercheuse,enseignant,d.a.-f.a.-f.o.-',0.93,False
Q85863506,researcher,archiviste,t.a.-l.a.-f.o.-',0.29,True
Q15980804,professionnel des médias,médiateur,m.a.-s.a.-f.o.-',0.5,False
Q13590141,animateur ou animatrice,réformateur,n.a.-k.a.-f.o.-',0.37,True
Q1190554,occurrence,entrepreneur,l.a.-d.a.-f.o.-',0.14,True
Q685744,fin du rapport de travail,travailleur social,f.a.-n.a.-f.o.-',0.48,False
Q49757,poète ou poétesse,policier,n.a.-l.a.-f.o.-',0.16,True
Q15980804,professionnel des médias,médiateur,m.a.-s.a.-f.o.-',0.5,False
Q13590141,animateur ou animatrice,réformateur,n.a.-k.a.-f.o.-',0.37,True
Q211236,célébrité,guide spirituel,n.a.-n.a.-f.o.-',0.17,True
Q44508716,personnalité de l'audiovisuel,agent de,d.a.-l.a.-f.o.-',0.2,True
Q94498772,program host,cartographe,l.a.-t.a.-f.o.-',0.24,True
Q33999,acteur ou actrice,acteur,s.a.-b.a.-f.o.-',0.91,False
Q2045208,célébrité d'internet,inventeur,d.a.-d.a.-f.o.-',0.17,True
Q4110598,vlogueur ou vlogueuse,psychologue,s.a.-f.a.-f.o.-',0.38,True
Q15980804,professionnel des médias,médiateur,m.a.-s.a.-f.o.-',0.5,False
Q138858,personne du monde du divertissement,investisseur,t.a.-d.a.-f.o.-',0.29,True
Q109459317,créateur ou créatrice de contenu,agent de,d.a.-l.a.-f.o.-',0.19,True
Q33999,acteur ou actrice,acteur,s.a.-b.a.-f.o.-',0.91,False
Q611644,évêque catholique,relation publique,l.a.-b.a.-f.o.-',0.4,False
Q11892507,scénariste de bande dessinée,secouriste,f.a.-l.a.-f.o.-',0.3,True
Q83307,ministre,ancêtre,t.a.-m.a.-f.o.-',0.33,True
Q18554850,maladie du système tégumentaire,notaire,m.a.-t.a.-f.o.-',0.44,False
Q54943763,maladies de la peau et du tissu conjonctif,fonctionnaire,t.a.-k.a.-f.o.-',0.25,True
Q12136,maladie,manager,l.a.-s.a.-f.o.-',0.24,True
Q1278335,instrumentiste,activiste,b.a.-k.a.-f.o.-',0.25,True
Q93879636,comte de Nassau,agent de,d.a.-l.a.-f.o.-',0.29,True
Q12737077,activité,activiste,b.a.-k.a.-f.o.-',0.74,False
Q105434600,haute fonctionnaire,fonctionnaire,t.a.-k.a.-f.o.-',0.95,False
Q4504549,religieux,relation publique,l.a.-b.a.-f.o.-',0.24,True
Q42603,prêtre,ancêtre,t.a.-m.a.-f.o.-',0.52,False
Q1638918,ordinaire,partenaire,m.a.-d.a.-f.o.-',0.5,False
Q830337,prieur,procureur,b.a.-n.a.-f.o.-',0.2,True
Q831474,prêtre chrétien,ancêtre,t.a.-m.a.-f.o.-',0.43,False
Q352507,pasteur,acteur,s.a.-b.a.-f.o.-',0.3,True
Q15627169,syndicaliste,syndiqué,k.a.-l.a.-f.o.-',0.46,False
Q108305380,pokladníci a prodavači vstupenek a jízdenek,producteur,d.a.-b.a.-f.o.-',0.37,True
Q15980158,auteur ou autrice de non-fiction,auteur,b.a.-b.a.-f.o.-',0.72,False
Q488205,auteur-compositeur-interprète ou autrice-compositrice-interprète,auteur,b.a.-b.a.-f.o.-',0.64,False
Q93918935,educational personnel,relation publique,l.a.-b.a.-f.o.-',0.25,True
Q26481809,dirigeant sportif,transporteur,b.a.-l.a.-f.o.-',0.36,True
Q1930187,journaliste,journaliste,n.a.-b.a.-f.o.-',1.0,False
Q98084799,photographe professionnel,cartographe,l.a.-t.a.-f.o.-',0.65,False
Q93879636,comte de Nassau,agent de,d.a.-l.a.-f.o.-',0.29,True
Q5716684,danseur ou danseuse,précurseur,s.a.-n.a.-f.o.-',0.19,True
Q12609698,yūjo,acteurs sociaux,M:M:.a.-M:M:.a.-f.o.-',0.0,True
Q1097498,dirigeant,enfant,d.a.-m.a.-f.o.-',0.22,True
Q95918149,intellectual property activist,activiste,b.a.-k.a.-f.o.-',0.72,False
Q95918126,open content activist,activiste,b.a.-k.a.-f.o.-',0.74,False
Q93879636,comte de Nassau,agent de,d.a.-l.a.-f.o.-',0.29,True
Q216353,titre de civilité,agent de,d.a.-l.a.-f.o.-',0.26,True
Q59938438,peintre d'histoire,ancêtre,t.a.-m.a.-f.o.-',0.24,True
Q2526886,gouvernement de l'Église,agent de,d.a.-l.a.-f.o.-',0.43,False
Q1021386,militant des droits civiques,consultant,f.a.-s.a.-f.o.-',0.23,True
Q1476215,défenseur des droits de l'Homme,défendeur,l.a.-n.a.-f.o.-',0.47,False
Q96036530,health activist,activiste,b.a.-k.a.-f.o.-',0.9,False
Q15253558,militant ou militante,consultant,f.a.-s.a.-f.o.-',0.24,True
Q215627,personne,fonctionnaire,t.a.-k.a.-f.o.-',0.18,True
Q58635633,métier des médias,médiateur,m.a.-s.a.-f.o.-',0.6,False
Q2462658,manager,manager,l.a.-s.a.-f.o.-',1.0,False
Q901,scientifique,relation publique,l.a.-b.a.-f.o.-',0.3,True
Q2055046,physiologiste,écologiste,l.a.-f.a.-f.o.-',0.77,False
Q15839134,écologue,écologiste,l.a.-f.a.-f.o.-',0.53,False
Q2462658,manager,manager,l.a.-s.a.-f.o.-',1.0,False
Q108289372,hotel and restaurant managers,manager,l.a.-s.a.-f.o.-',0.75,False
Q24265174,historien ou historienne de la philosophie,philosophe,s.a.-s.a.-f.o.-',0.67,False
Q60233168,historien du politique,politicien,s.a.-k.a.-f.o.-',0.6,False
Q18930007,philosophe politique,philosophe,s.a.-s.a.-f.o.-',0.78,False
Q160117,courtier,secouriste,f.a.-l.a.-f.o.-',0.25,True
Q16827718,confesseur,investisseur,t.a.-d.a.-f.o.-',0.38,True
Q250867,prêtre catholique,relation publique,l.a.-b.a.-f.o.-',0.32,True
Q1278335,instrumentiste,activiste,b.a.-k.a.-f.o.-',0.25,True
Q110040366,spécialiste d'une littérature donnée,journaliste,n.a.-b.a.-f.o.-',0.45,False
Q16308157,américaniste,activiste,b.a.-k.a.-f.o.-',0.37,True
Q11363389,scholar of Chinese literature,psychologue,s.a.-f.a.-f.o.-',0.19,True
Q110040366,spécialiste d'une littérature donnée,journaliste,n.a.-b.a.-f.o.-',0.45,False
Q2505739,hispaniste,activiste,b.a.-k.a.-f.o.-',0.42,False
Q110040366,spécialiste d'une littérature donnée,journaliste,n.a.-b.a.-f.o.-',0.45,False
Q61790670,italianiste,journaliste,n.a.-b.a.-f.o.-',0.34,True
Q864503,biologiste,écologiste,l.a.-f.a.-f.o.-',0.79,False
Q42603,prêtre,ancêtre,t.a.-m.a.-f.o.-',0.52,False
Q152002,pasteur,acteur,s.a.-b.a.-f.o.-',0.3,True
Q104050289,prêtre occidental,ancêtre,t.a.-m.a.-f.o.-',0.43,False
Q955464,curé,juré,k.a.-n.a.-f.o.-',0.46,False
Q352507,pasteur,acteur,s.a.-b.a.-f.o.-',0.3,True
Q864503,biologiste,écologiste,l.a.-f.a.-f.o.-',0.79,False
Q23081349,assureur,assureur,f.a.-t.a.-f.o.-',1.0,False
Q336181,émission de variétés,agent de,d.a.-l.a.-f.o.-',0.3,True
Q4164871,fonction,fonctionnaire,t.a.-k.a.-f.o.-',0.67,False
Q10949665,auditeur,éditeur,t.a.-b.a.-f.o.-',0.67,False
Q188094,économiste,écologiste,l.a.-f.a.-f.o.-',0.48,False
Q17955,critique,relation publique,l.a.-b.a.-f.o.-',0.33,True
Q12737077,activité,activiste,b.a.-k.a.-f.o.-',0.74,False
Q115246813,plucked instrument player,mentor,s.a.-d.a.-f.o.-',0.26,True
Q2658935,concours de beauté,agent de,d.a.-l.a.-f.o.-',0.21,True
Q182436,bibliothécaire,notaire,m.a.-t.a.-f.o.-',0.43,False
Q188094,économiste,écologiste,l.a.-f.a.-f.o.-',0.48,False
Q81096,ingénieur ou ingénieure,inventeur,d.a.-d.a.-f.o.-',0.19,True
Q11286391,scholar of British literature,psychologue,s.a.-f.a.-f.o.-',0.17,True
Q3127709,harpiste,activiste,b.a.-k.a.-f.o.-',0.37,True
Q15981151,musicien ou musicienne de jazz,musicien,f.a.-b.a.-f.o.-',0.96,False
Q1955150,fabricant d'instruments de musique,musicien,f.a.-b.a.-f.o.-',0.32,True
Q96657971,euskaltzain,voisin,m.a.-k.a.-f.o.-',0.22,True
Q20920693,chef,acteurs sociaux,M:M:.a.-M:M:.a.-f.o.-',0.0,True
Q25713832,dirigeant ou dirigeante,enfant,d.a.-m.a.-f.o.-',0.15,True
Q10501288,entrepreneur,entrepreneur,l.a.-d.a.-f.o.-',1.0,False
Q2462658,manager,manager,l.a.-s.a.-f.o.-',1.0,False
Q12794619,propriétaire de biens,secrétaire,k.a.-t.a.-f.o.-',0.46,False
Q15958642,écrivain ou écrivaine politique,politicien,s.a.-k.a.-f.o.-',0.43,False
Q1238570,politologue,psychologue,s.a.-f.a.-f.o.-',0.46,False
Q219477,missionnaire,fonctionnaire,t.a.-k.a.-f.o.-',0.66,False
Q1758037,président d'assemblée parlementaire,notaire,m.a.-t.a.-f.o.-',0.33,True
Q1162163,directeur ou directrice,lecteur,b.a.-s.a.-f.o.-',0.47,False
Q111886339,sociologue de l'art,psychologue,s.a.-f.a.-f.o.-',0.47,False
Q14915627,musicologue,musicien,f.a.-b.a.-f.o.-',0.45,False
Q3400985,universitaire,publicitaire,b.a.-d.a.-f.o.-',0.56,False
Q188094,économiste,écologiste,l.a.-f.a.-f.o.-',0.48,False
Q188094,économiste,écologiste,l.a.-f.a.-f.o.-',0.48,False
Q212980,psychologue,psychologue,s.a.-f.a.-f.o.-',1.0,False
Q680928,garde,agent de,d.a.-l.a.-f.o.-',0.25,True
Q104998289,animal scientist,client,n.a.-d.a.-f.o.-',0.22,True
Q19968805,fileur,travailleur social,f.a.-n.a.-f.o.-',0.3,True
Q97008812,interaction scientist,fonctionnaire,t.a.-k.a.-f.o.-',0.23,True
Q33999,acteur ou actrice,acteur,s.a.-b.a.-f.o.-',0.91,False
Q7569,enfant,enfant,d.a.-m.a.-f.o.-',1.0,False
Q582878,icône populaire,notaire,m.a.-t.a.-f.o.-',0.44,False
Q3427922,restaurateur ou restauratrice,médiateur,m.a.-s.a.-f.o.-',0.2,True
Q2732142,statisticien ou statisticienne,politicien,s.a.-k.a.-f.o.-',0.44,False
Q170790,mathématicien ou mathématicienne,informaticien,s.a.-t.a.-f.o.-',0.62,False
Q1281618,sculpteur ou sculptrice,cultivateur / éleveur,f.a.-f.a.-f.o.-',0.25,True
Q327055,travailleur ou travailleuse,travailleur social,f.a.-n.a.-f.o.-',0.8,False
Q177220,chanteur ou chanteuse,inventeur,d.a.-d.a.-f.o.-',0.43,False
Q2180295,facteur ou factrice,acteur,s.a.-b.a.-f.o.-',0.63,False
Q177220,chanteur ou chanteuse,inventeur,d.a.-d.a.-f.o.-',0.43,False
Q327055,travailleur ou travailleuse,travailleur social,f.a.-n.a.-f.o.-',0.8,False
Q152002,pasteur,acteur,s.a.-b.a.-f.o.-',0.3,True
Q191808,religieuse,relation publique,l.a.-b.a.-f.o.-',0.28,True
Q6606110,industriel,ouvrier,m.a.-l.a.-f.o.-',0.14,True
Q43845,personnalité du monde des affaires,fonctionnaire,t.a.-k.a.-f.o.-',0.24,True
Q81096,ingénieur ou ingénieure,inventeur,d.a.-d.a.-f.o.-',0.19,True
Q108284914,teaching professionals,procureur,b.a.-n.a.-f.o.-',0.22,True
Q93918935,educational personnel,relation publique,l.a.-b.a.-f.o.-',0.25,True
Q19729565,corniste,activiste,b.a.-k.a.-f.o.-',0.38,True
Q4164871,fonction,fonctionnaire,t.a.-k.a.-f.o.-',0.67,False
Q25829748,cuivriste,secouriste,f.a.-l.a.-f.o.-',0.45,False
Q152002,pasteur,acteur,s.a.-b.a.-f.o.-',0.3,True
Q16947675,gymnaste,activiste,b.a.-k.a.-f.o.-',0.29,True
Q133485,rabbin,voisin,m.a.-k.a.-f.o.-',0.22,True
Q1278335,instrumentiste,activiste,b.a.-k.a.-f.o.-',0.25,True
Q1294787,artisan,archiviste,t.a.-l.a.-f.o.-',0.12,True
Q483501,artiste,archiviste,t.a.-l.a.-f.o.-',0.36,True
Q122931352,braider,aidant,m.a.-f.a.-f.o.-',0.17,True
Q3332438,médecin spécialiste,médecin,n.a.-f.a.-f.o.-',0.75,False
Q27349,dentiste,activiste,b.a.-k.a.-f.o.-',0.32,True
Q7019111,travailleur social,travailleur social,f.a.-n.a.-f.o.-',1.0,False
Q15253558,militant ou militante,consultant,f.a.-s.a.-f.o.-',0.24,True
Q34074720,féministe,activiste,b.a.-k.a.-f.o.-',0.42,False
Q12335817,travailleur forestier,travailleur social,f.a.-n.a.-f.o.-',0.74,False
Q82955,personnalité politique,politicien,s.a.-k.a.-f.o.-',0.51,False
Q380342,manufacture,manager,l.a.-s.a.-f.o.-',0.31,True
Q83405,usine,voisin,m.a.-k.a.-f.o.-',0.18,True
Q83435620,manufacture,manager,l.a.-s.a.-f.o.-',0.31,True
Q2368444,Kollel,guide spirituel,n.a.-n.a.-f.o.-',0.12,True
Q2109894,moine chrétien ou moniale chrétienne,témoin,d.a.-n.a.-f.o.-',0.22,True
Q118108768,Eastern Christian,secouriste,f.a.-l.a.-f.o.-',0.29,True
Q2109894,moine chrétien ou moniale chrétienne,témoin,d.a.-n.a.-f.o.-',0.22,True
Q118108884,Chrétien occidental,musicien,f.a.-b.a.-f.o.-',0.18,True
Q97722084,moine chrétien oriental,témoin,d.a.-n.a.-f.o.-',0.24,True
Q117942801,Eastern Catholic,policier,n.a.-l.a.-f.o.-',0.27,True
Q117940921,Catholic monk,policier,n.a.-l.a.-f.o.-',0.28,True
Q97722086,moine chrétien occidental,témoin,d.a.-n.a.-f.o.-',0.27,True
Q7361618,Roman Catholic,policier,n.a.-l.a.-f.o.-',0.24,True
Q117940921,Catholic monk,policier,n.a.-l.a.-f.o.-',0.28,True
Q733786,moine ou moniale,témoin,d.a.-n.a.-f.o.-',0.32,True
Q97722086,moine chrétien occidental,témoin,d.a.-n.a.-f.o.-',0.27,True
Q1294787,artisan,archiviste,t.a.-l.a.-f.o.-',0.12,True
Q131512,agriculteur ou agricultrice,cultivateur / éleveur,f.a.-f.a.-f.o.-',0.27,True
Q838811,paysan,partenaire,m.a.-d.a.-f.o.-',0.21,True
Q19261760,profession agricole,bénévole,m.a.-n.a.-f.o.-',0.2,True
Q5060555,ouvrier agricole,ouvrier,m.a.-l.a.-f.o.-',0.88,False
Q43845,personnalité du monde des affaires,fonctionnaire,t.a.-k.a.-f.o.-',0.24,True
Q3406860,nomenclature des professions et catégories socioprofessionnelles en France,procureur,b.a.-n.a.-f.o.-',0.17,True
Q28790169,chômeur,acteur,s.a.-b.a.-f.o.-',0.28,True
Q327055,travailleur ou travailleuse,travailleur social,f.a.-n.a.-f.o.-',0.8,False
Q702269,professionnel ou professionnelle,procureur,b.a.-n.a.-f.o.-',0.22,True
Q4610556,mannequin,manager,l.a.-s.a.-f.o.-',0.32,True
Q37226,enseignant ou enseignante,enseignant,d.a.-f.a.-f.o.-',0.98,False
Q11124885,pratiquant d'arts martiaux,acteurs sociaux,M:M:.a.-M:M:.a.-f.o.-',0.29,True
Q81096,ingénieur ou ingénieure,inventeur,d.a.-d.a.-f.o.-',0.19,True
Q392651,agent de renseignement,agent de,d.a.-l.a.-f.o.-',0.71,False
Q703534,salarié,allié,l.a.-m.a.-f.o.-',0.29,True
Q33231,photographe,cartographe,l.a.-t.a.-f.o.-',0.75,False
Q98084799,photographe professionnel,cartographe,l.a.-t.a.-f.o.-',0.65,False
Q1418263,Finnskogen,agent de,d.a.-l.a.-f.o.-',0.17,True
Q47064,militaire,publicitaire,b.a.-d.a.-f.o.-',0.47,False
Q1028181,peintre,ancêtre,t.a.-m.a.-f.o.-',0.27,True
Q54855620,transcriber,transporteur,b.a.-l.a.-f.o.-',0.53,False
Q37226,enseignant ou enseignante,enseignant,d.a.-f.a.-f.o.-',0.98,False
Q13582652,ingénieur civil,inventeur,d.a.-d.a.-f.o.-',0.16,True
Q42973,architecte,archiviste,t.a.-l.a.-f.o.-',0.53,False
Q2341443,fabricant d'instruments,mentor,s.a.-d.a.-f.o.-',0.28,True
Q5422651,professionnel de la vue,agent de,d.a.-l.a.-f.o.-',0.24,True
Q43668003,chimiste analytique,archiviste,t.a.-l.a.-f.o.-',0.25,True
Q6147194,teinturier,ouvrier,m.a.-l.a.-f.o.-',0.41,False
Q15839134,écologue,écologiste,l.a.-f.a.-f.o.-',0.53,False
Q21244999,scientifique de la forêt,agent de,d.a.-l.a.-f.o.-',0.25,True
Q1053745,officier supérieur,officier,l.a.-k.a.-f.o.-',0.96,False
Q212980,psychologue,psychologue,s.a.-f.a.-f.o.-',1.0,False
Q2986228,commentateur sportif,spectateur,k.a.-b.a.-f.o.-',0.36,True
Q10349745,pilote automobile,auteur,b.a.-b.a.-f.o.-',0.4,False
Q1028181,peintre,ancêtre,t.a.-m.a.-f.o.-',0.27,True
Q59922524,court artist,secouriste,f.a.-l.a.-f.o.-',0.26,True
Q639669,musicien ou musicienne,musicien,f.a.-b.a.-f.o.-',0.98,False
Q177220,chanteur ou chanteuse,inventeur,d.a.-d.a.-f.o.-',0.43,False
Q98523719,reggae musician,musicien,f.a.-b.a.-f.o.-',0.74,False
Q3243461,collectionneur ou collectionneuse,fonctionnaire,t.a.-k.a.-f.o.-',0.37,True
Q57497572,railway occupations,relation publique,l.a.-b.a.-f.o.-',0.31,True
Q3391743,artiste visuel ou artiste visuelle,archiviste,t.a.-l.a.-f.o.-',0.36,True
Q8441,homme,acteurs sociaux,M:M:.a.-M:M:.a.-f.o.-',0.0,True
Q5784340,consort,consultant,f.a.-s.a.-f.o.-',0.45,False
Q1234713,théologien ou théologienne,écologiste,l.a.-f.a.-f.o.-',0.44,False
Q41583,entraîneur sportif,entrepreneur,l.a.-d.a.-f.o.-',0.4,False
Q10379007,théâtrologue,psychologue,s.a.-f.a.-f.o.-',0.62,False
Q11286391,scholar of British literature,psychologue,s.a.-f.a.-f.o.-',0.17,True
Q30185,maire,notaire,m.a.-t.a.-f.o.-',0.43,False
Q2919046,biochimiste,archiviste,t.a.-l.a.-f.o.-',0.43,False
Q56512863,participant,partenaire,m.a.-d.a.-f.o.-',0.39,True
Q65720209,hobbyist,activiste,b.a.-k.a.-f.o.-',0.17,True
Q128124,ingénieur du son,inventeur,d.a.-d.a.-f.o.-',0.16,True
Q733786,moine ou moniale,témoin,d.a.-n.a.-f.o.-',0.32,True
Q7970798,moine guerrier,guerrier,l.a.-l.a.-f.o.-',0.93,False
Q18536342,joueur professionnel ou joueuse professionnelle,joueur,m.a.-b.a.-f.o.-',0.75,False
Q2066131,athlète,hôte,f.a.-k.a.-f.o.-',0.23,True
Q193391,diplomate,diplomate,k.a.-s.a.-f.o.-',1.0,False
Q42973,architecte,archiviste,t.a.-l.a.-f.o.-',0.53,False
Q76771889,maître,ancêtre,t.a.-m.a.-f.o.-',0.3,True
Q811122,travailleur de la construction,travailleur social,f.a.-n.a.-f.o.-',0.63,False
Q41583,entraîneur sportif,entrepreneur,l.a.-d.a.-f.o.-',0.4,False
Q108290427,environmental and occupational health inspectors and associates,inspecteur,d.a.-k.a.-f.o.-',0.46,False
Q212980,psychologue,psychologue,s.a.-f.a.-f.o.-',1.0,False
Q93212322,school support services,transporteur,b.a.-l.a.-f.o.-',0.26,True
Q323336,agent commercial ou agente commerciale,agent de,d.a.-l.a.-f.o.-',0.62,False
Q55737401,théologien chrétien,écologiste,l.a.-f.a.-f.o.-',0.31,True
Q55737401,théologien chrétien,écologiste,l.a.-f.a.-f.o.-',0.31,True
Q177220,chanteur ou chanteuse,inventeur,d.a.-d.a.-f.o.-',0.43,False
Q177220,chanteur ou chanteuse,inventeur,d.a.-d.a.-f.o.-',0.43,False
Q177220,chanteur ou chanteuse,inventeur,d.a.-d.a.-f.o.-',0.43,False
Q24841721,chanteur classique,inventeur,d.a.-d.a.-f.o.-',0.3,True
Q177220,chanteur ou chanteuse,inventeur,d.a.-d.a.-f.o.-',0.43,False
Q177220,chanteur ou chanteuse,inventeur,d.a.-d.a.-f.o.-',0.43,False
Q24841721,chanteur classique,inventeur,d.a.-d.a.-f.o.-',0.3,True
Q159394,accusé,acteur,s.a.-b.a.-f.o.-',0.31,True
Q57735705,personnalité liée au droit,journaliste,n.a.-b.a.-f.o.-',0.19,True
Q155076,personne morale,bénévole,m.a.-n.a.-f.o.-',0.14,True
Q531290,l'accusé,acteurs sociaux,M:M:.a.-M:M:.a.-f.o.-',0.0,True
Q1862087,prisonnier ou prisonnière,père,n.a.-m.a.-f.o.-',0.2,True
Q33999,acteur ou actrice,acteur,s.a.-b.a.-f.o.-',0.91,False
Q1125062,rebelle,bénévole,m.a.-n.a.-f.o.-',0.11,True
Q15319501,chercheur ou chercheuse en sciences sociales,travailleur social,f.a.-n.a.-f.o.-',0.4,False
Q22809315,agrochimiste,archiviste,t.a.-l.a.-f.o.-',0.36,True
Q59309634,service des bibliothèques,relation publique,l.a.-b.a.-f.o.-',0.15,True
Q1650915,chercheur ou chercheuse,archiviste,t.a.-l.a.-f.o.-',0.17,True
Q169470,physicien ou physicienne,musicien,f.a.-b.a.-f.o.-',0.62,False
Q1734662,cartographe,cartographe,l.a.-t.a.-f.o.-',1.0,False
Q30185,maire,notaire,m.a.-t.a.-f.o.-',0.43,False
Q37226,enseignant ou enseignante,enseignant,d.a.-f.a.-f.o.-',0.98,False
Q15977927,professeur d'art,investisseur,t.a.-d.a.-f.o.-',0.37,True
Q723682,doyen,citoyen,k.a.-k.a.-f.o.-',0.56,False
Q1278335,instrumentiste,activiste,b.a.-k.a.-f.o.-',0.25,True
Q52630241,membre du groupe,mere,f.a.-m.a.-f.o.-',0.4,False
Q20107384,gérontologue,psychologue,s.a.-f.a.-f.o.-',0.59,False
Q81096,ingénieur ou ingénieure,inventeur,d.a.-d.a.-f.o.-',0.19,True
Q18245166,étudiant de troisième cycle,étudiant,d.a.-s.a.-f.o.-',0.85,False
Q11997597,représentant,consultant,f.a.-s.a.-f.o.-',0.28,True
Q4122737,Vogt,voisin,m.a.-k.a.-f.o.-',0.26,True
Q1341429,sauvetage,agent de,d.a.-l.a.-f.o.-',0.25,True
Q2094191,résistance dans l'Europe occupée par les nazis,partenaire,m.a.-d.a.-f.o.-',0.2,True
Q1762621,fournisseur,investisseur,t.a.-d.a.-f.o.-',0.48,False
Q974144,éducateur ou éducatrice,éditeur,t.a.-b.a.-f.o.-',0.24,True
Q2251335,instituteur ou institutrice,inspecteur,d.a.-k.a.-f.o.-',0.31,True
Q1278335,instrumentiste,activiste,b.a.-k.a.-f.o.-',0.25,True
Q2675537,professeur ou professeure de musique,investisseur,t.a.-d.a.-f.o.-',0.3,True
Q15839134,écologue,écologiste,l.a.-f.a.-f.o.-',0.53,False
Q3055126,entomologiste,écologiste,l.a.-f.a.-f.o.-',0.69,False
Q12307965,débatteur,acteur,s.a.-b.a.-f.o.-',0.33,True
Q974144,éducateur ou éducatrice,éditeur,t.a.-b.a.-f.o.-',0.24,True
Q1622272,professeur ou professeure d'université,investisseur,t.a.-d.a.-f.o.-',0.36,True
Q11499147,militant ou militante politique,politicien,s.a.-k.a.-f.o.-',0.38,True
Q95074,personnage de fiction,fonctionnaire,t.a.-k.a.-f.o.-',0.35,True
Q366773,caractère,père,n.a.-m.a.-f.o.-',0.33,True
Q215536,commerçant,comptable,b.a.-t.a.-f.o.-',0.25,True
Q644687,illustrateur ou illustratrice,médiateur,m.a.-s.a.-f.o.-',0.21,True
Q1028181,peintre,ancêtre,t.a.-m.a.-f.o.-',0.27,True
Q1825525,limner,ouvrier,m.a.-l.a.-f.o.-',0.17,True
Q28947943,peintre miniaturiste,secouriste,f.a.-l.a.-f.o.-',0.5,False
Q47494964,miniaturiste,secouriste,f.a.-l.a.-f.o.-',0.6,False
Q3303330,calligraphe,cartographe,l.a.-t.a.-f.o.-',0.59,False
Q201788,historien ou historienne,ouvrier,m.a.-l.a.-f.o.-',0.18,True
Q483501,artiste,archiviste,t.a.-l.a.-f.o.-',0.36,True
Q185351,juriste,secouriste,f.a.-l.a.-f.o.-',0.55,False
Q703534,salarié,allié,l.a.-m.a.-f.o.-',0.29,True
Q11603279,managerial staff,manager,l.a.-s.a.-f.o.-',0.84,False
